source1_entity_id	matched_entity_ids
S1-776299151	
S1-233570041	
S1-94917225	
S1-567938319	
S1-825899593	
S1-345065061	
S1-841369932	
S1-120535540	
S1-55720372	
S1-631001105	
S1-862867534	
S1-582967654	
S1-563523144	
S1-714931320	
S1-704655499	
S1-4276658	
S1-727861003	
S1-340104214	
S1-113355384	
S1-530158085	
S1-648949574	
S1-824470704	
S1-276821021	
S1-151784863	
S1-366779321	
S1-262714224	
S1-342309446	
S1-932115515	
S1-19128971	
S1-31557258	
S1-479457701	
S1-74740850	
S1-408305670	
S1-882995212	
S1-972267133	
S1-369775293	
S1-667018086	
S1-630149482	
S1-382827322	
S1-799238234	
S1-52286779	
S1-302385699	
S1-416031927	
S1-430153805	
S1-349794037	
S1-720970754	
S1-111038003	
S1-65999310	
S1-218662473	
S1-615549439	
S1-844066886	
S1-502448973	
S1-497141446	
S1-168556121	
S1-939180007	
S1-242756193	
S1-961288261	
S1-534466589	
S1-154086112	
S1-908633472	
S1-693911472	
S1-182662551	
S1-879618621	
S1-508312618	
S1-393591623	
S1-581827962	
S1-723629507	
S1-702542338	
S1-466003838	
S1-725682597	
S1-203476421	
S1-557584817	
S1-719058249	
S1-205598370	
S1-120476813	
S1-581155468	
S1-103994671	
S1-325604850	
S1-763039837	
S1-553627105	
S1-886127426	
S1-694782984	
S1-574824462	
S1-480426264	
S1-684085880	
S1-798172343	
S1-75891086	
S1-204119446	
S1-925823732	
S1-716396701	
S1-33144710	
S1-66053238	
S1-214590648	
S1-547583239	
S1-175352413	
S1-612438794	
S1-689383146	
S1-481950733	
S1-67805672	
S1-579980151	
S1-767852513	
S1-292860707	
S1-706093702	
S1-761372132	
S1-256674489	
S1-656822300	
S1-591566040	
S1-575307183	
S1-422024014	
S1-204364524	
S1-456825650	
S1-755796754	
S1-155451926	
S1-84370103	
S1-89132216	
S1-743510626	
S1-271625519	
S1-43934124	
S1-122215635	
S1-366408257	
S1-935979336	
S1-543623233	
S1-727875636	
S1-185162960	
S1-161198268	
S1-789003647	
S1-784269394	
S1-74576372	
S1-413107795	
S1-849199513	
S1-463273528	
S1-737226917	
S1-967618837	
S1-449915089	
S1-512780315	
S1-872417483	
S1-986607375	
S1-535478144	
S1-185136182	
S1-782437385	
S1-872171138	
S1-439887466	
S1-696569933	
S1-204692574	
S1-148268988	
S1-742570523	
S1-466944894	
S1-177829521	
S1-652282961	
S1-713280353	
S1-650114702	
S1-585855219	
S1-39228181	
S1-305947957	
S1-683251838	
S1-599001504	
S1-41815655	
S1-214082914	
S1-192290772	
S1-6381151	
S1-425254647	
S1-414997999	
S1-207752391	
S1-39293848	
S1-520400771	
S1-109644308	
S1-697802487	
S1-728621623	
S1-994563549	
S1-996714627	
S1-208883989	
S1-89188733	
S1-865697578	
S1-997648241	
S1-661784622	
S1-727511487	
S1-168213698	
S1-769607100	
S1-480773982	
S1-527079363	
S1-263491585	
S1-998510657	
S1-568382070	
S1-348714082	
S1-58172530	
S1-234335115	
S1-274774580	
S1-678187555	
S1-291174120	
S1-713557640	
S1-110598994	
S1-199800589	
S1-602774319	
S1-210801637	
S1-237840103	
S1-399041562	
S1-522011418	
S1-164492941	
S1-966136027	
S1-837791465	
S1-615696491	
S1-868201264	
S1-941704722	
S1-101730751	
S1-521214871	
S1-571791593	
S1-752074299	
S1-397409288	
S1-320253887	
S1-935126534	
S1-744740161	
S1-305463588	
S1-990079283	
S1-967581499	
S1-101731745	
S1-211933885	
S1-732432592	
S1-855972982	
S1-130232308	
S1-820483731	
S1-686933200	
S1-98663317	
S1-66991768	
S1-334426390	
S1-192300691	
S1-302768168	
S1-551761337	
S1-240736006	
S1-594324621	
S1-714829730	
S1-529269607	
S1-360829167	
S1-883758503	
S1-606844318	
S1-528827404	
S1-517181767	
S1-554769911	
S1-429889578	
S1-656236824	
S1-763493454	
S1-629288945	
S1-351936856	
S1-768964506	
S1-173118270	
S1-489420165	
S1-265977538	
S1-596806417	
S1-218503244	
S1-358651214	
S1-537720897	
S1-200663026	
S1-379427811	
S1-432553432	
S1-898298217	
S1-898233604	
S1-706291061	
S1-882644726	
S1-348909232	
S1-833005138	
S1-356940571	
S1-704219624	
S1-720534292	
S1-109449543	
S1-861422873	
S1-954571166	
S1-211969310	
S1-700955908	
S1-21697025	
S1-602996917	
S1-315451067	
S1-759501259	
S1-886170448	
S1-122828212	
S1-345431066	
S1-562454894	
S1-628846740	
S1-580520638	
S1-531135325	
S1-938693076	
S1-228544377	
S1-857775949	
S1-766974954	
S1-642197111	
S1-361568580	
S1-855110023	
S1-811485254	
S1-754960525	
S1-528541908	
S1-581386061	
S1-225607953	
S1-564146502	
S1-581290379	
S1-944623227	
S1-741833517	
S1-612025282	
S1-964302204	
S1-634443595	
S1-82751406	
S1-107486951	
S1-794082069	
S1-301346887	
S1-798249065	
S1-442199686	
S1-164406935	
S1-410531471	
S1-539678370	
S1-13853671	
S1-342587743	
S1-41912194	
S1-331267588	
S1-631549248	
S1-762133015	
S1-164449806	
S1-988598557	
S1-71872047	
S1-991984918	
S1-232121181	
S1-920191851	
S1-400674519	
S1-808077678	
S1-963117867	
S1-95833373	
S1-135918884	
S1-329480988	
S1-495349172	
S1-418074275	
S1-339142270	
S1-6024804	
S1-884007166	
S1-998855529	
S1-932542489	
S1-176198465	
S1-480523262	
S1-615111948	
S1-59297773	
S1-846770088	S3-142184311
S1-576110529	S3-399445832
S1-190329121	S3-762258196
S1-342290388	S2-676589862
S1-449057567	S2-252970427
S1-348754935	S2-511674510
S1-550382252	S3-871215382
S1-827751814	S3-657910845
S1-46266262	S2-424560831
S1-151597363	S2-980706529
S1-100190437	S2-725882042
S1-62828500	S2-459507205
S1-642225527	S2-65175825
S1-423709435	S3-136099
S1-138234361	S3-923552116
S1-217496278	S3-33611043
S1-245687898	S3-161044206
S1-5430494	S2-757449791
S1-279035369	S2-428967373
S1-548587095	S3-434465619
S1-759991790	S3-588223655
S1-533166316	S3-432259574
S1-607727064	S2-842151550
S1-147978094	S2-985331567
S1-140288082	S2-30880528
S1-454783119	S3-404711828
S1-832345195	S2-703470584
S1-856971071	S2-36218255
S1-109826896	S3-62108881
S1-537346310	S2-74725080
S1-810954708	S2-96662618
S1-360260630	S2-491948230
S1-635837370	S2-932869159
S1-871138751	S3-89396643
S1-107091418	S3-404050741
S1-61530910	S3-442654576
S1-698924626	S3-609714707
S1-501902170	S3-486315013
S1-250091254	S3-992267548
S1-242996878	S3-131020335
S1-114372095	S2-257356181
S1-959628602	S3-958269496
S1-260644882	S3-895073968
S1-896642235	S2-217473999
S1-93302038	S3-411823569
S1-592082557	S3-516561834
S1-991274072	S2-258434033
S1-727323671	S3-948462598
S1-58932436	S2-730167977
S1-287366557	S2-971629558
S1-171386774	S3-227687484
S1-184342021	S2-157960335
S1-880641010	S3-860693747
S1-919306447	S2-598722052
S1-693803813	S3-622173500
S1-892662940	S2-148147689
S1-455567352	S3-510473458
S1-974375659	S2-406123698
S1-354264607	S2-818031836
S1-309745386	S2-905719867
S1-708034524	S3-399470196
S1-586488258	S2-870256922
S1-735932236	S2-400127838
S1-307316623	S3-455876988
S1-559772551	S3-496265476
S1-10839313	S3-420008813
S1-260175383	S2-194016800
S1-550441590	S2-187537983
S1-912411882	S3-281813014
S1-213731140	S3-514162255
S1-864141617	S3-607722240
S1-955281755	S2-993038839
S1-701159849	S2-62235188
S1-113955017	S2-673047374
S1-117346143	S2-844555797
S1-140794673	S3-303872728
S1-330562430	S3-507134373
S1-736991301	S3-566763548
S1-338580819	S3-882461134
S1-155362470	S3-524314690
S1-526867958	S2-664263891
S1-279745948	S2-947679704
S1-361709347	S3-274307509
S1-127325855	S3-969923748
S1-232986111	S3-301995037
S1-137262515	S2-142591292
S1-809015744	S2-616214181
S1-40075475	S2-58621639
S1-127142681	S2-749025905
S1-173858761	S3-731605611
S1-26681171	S2-473827202
S1-227897711	S3-867171237
S1-458543844	S3-689909259
S1-858944579	S2-128099654
S1-207454031	S3-784573849
S1-604795319	S2-516596958
S1-343129196	S3-202788569
S1-757059834	S2-113687324
S1-178096389	S3-856371822
S1-880948089	S2-637567932
S1-358540284	S3-629235220
S1-789089808	S3-803329430
S1-958543863	S2-886947928
S1-231764347	S2-542810761
S1-404532988	S3-864211546
S1-704568102	S2-747592884
S1-479895602	S3-998402726
S1-445418955	S3-839265254
S1-722690975	S2-214277809
S1-338517599	S3-475833936
S1-234978149	S3-108125182
S1-124234939	S2-168735668
S1-414468815	S2-904102390
S1-905712879	S3-111282870
S1-346584773	S2-889688066
S1-599737115	S2-497723342
S1-927398266	S2-527196200
S1-47656486	S3-74365719
S1-173165284	S2-186260243
S1-226589229	S2-221217871
S1-804845725	S3-909250701
S1-17283682	S3-821493971
S1-586955947	S3-950303837
S1-867843928	S2-215247684
S1-854338281	S2-18479061
S1-152658447	S2-242890838
S1-933639996	S3-927192270
S1-408738636	S2-901130845
S1-99122331	S2-891155175
S1-945448059	S2-356846500
S1-195346377	S3-755029139
S1-657145861	S2-341050799
S1-396946405	S3-510034362
S1-102173055	S3-405708251
S1-990269608	S3-718253890
S1-955237566	S3-144398008
S1-139557802	S3-842361837
S1-843685317	S2-652539616
S1-674944290	S2-809693742
S1-977077332	S3-348809817
S1-317622045	S3-793664730
S1-801048905	S2-901949727
S1-521591461	S3-407453307
S1-647311390	S2-207960834
S1-265820361	S3-369429971
S1-3543876	S3-571571114
S1-595425293	S3-509823375
S1-711407408	S3-580536646
S1-203837989	S2-627157533
S1-960129650	S3-806528499
S1-476363271	S2-814955811
S1-519044336	S3-473607186
S1-806283677	S2-543308857
S1-332868482	S2-398691973
S1-942360922	S2-458286884
S1-795058018	S2-775316840
S1-258287082	S3-304692201
S1-773702678	S3-329499603
S1-612669186	S3-298771003
S1-26599482	S2-451776393
S1-174293492	S2-330168642
S1-27516763	S2-320677864
S1-630281768	S3-770856145
S1-307594222	S3-566238203
S1-924190876	S3-961117758
S1-37562422	S2-458438310
S1-523186896	S2-585761278
S1-263219641	S2-325378873
S1-647248800	S3-89857889
S1-803906781	S2-358566293
S1-922052386	S2-592920214
S1-709470635	S3-564198848
S1-614750210	S2-253969181
S1-232315859	S3-329692729
S1-322937284	S2-553798439
S1-974123078	S3-855750136
S1-349878987	S3-638538472
S1-340426497	S2-768779758
S1-747479812	S2-831126658
S1-205134101	S3-482392795
S1-76610811	S3-562924722
S1-148980503	S2-660225681
S1-924446965	S2-405076486
S1-115461370	S2-896713085
S1-639014456	S2-210145869
S1-914221418	S3-8123903
S1-629137627	S3-255757769
S1-265356628	S2-348837722
S1-4762631	S3-780045455
S1-744449489	S3-682610776
S1-466902840	S2-193497861
S1-314121177	S2-935453938
S1-863987643	S2-535790728
S1-160752631	S3-650176274
S1-324962457	S3-33224113
S1-757067090	S2-296610855
S1-693523003	S2-987519909
S1-56861946	S3-852619000
S1-857604211	S3-350285487
S1-383267509	S3-139945508
S1-440482764	S2-254210529
S1-742431231	S2-61985477
S1-749672495	S2-948267514
S1-71172999	S2-756984082
S1-674470991	S3-280622233
S1-685432011	S3-141440776
S1-239610921	S3-594676498
S1-490616596	S2-640312903
S1-187327100	S3-512648389
S1-543228383	S2-171822766
S1-336715068	S3-543380618
S1-625308728	S2-450305021
S1-751810733	S3-315586069
S1-176251157	S2-177581
S1-322981233	S3-101934477
S1-251132351	S3-784961232
S1-874538175	S2-538291051
S1-383934846	S3-706365231
S1-130999771	S2-587343308
S1-811851774	S3-821429152
S1-756228411	S2-457645129
S1-326626722	S2-927342266
S1-726606862	S2-628389864
S1-488208639	S3-192096723
S1-983456397	S3-380886375
S1-300576213	S3-359555718
S1-905098870	S3-532911858
S1-544878197	S3-161915383
S1-592222983	S2-327468486
S1-44248074	S3-7959320
S1-130989946	S3-474178097
S1-919899901	S2-104812416
S1-121555843	S2-551274750
S1-861499657	S2-662886849
S1-640607451	S2-112464818
S1-281664624	S2-57748070
S1-368472907	S2-139832513
S1-843267488	S3-73930697
S1-65492593	S2-766882940
S1-109621305	S3-273134830
S1-322999004	S3-118625849
S1-46391216	S2-744165216
S1-554330389	S2-349869698
S1-938446171	S3-378344081
S1-246020940	S2-946338344
S1-782369885	S3-423247888
S1-690055194	S2-220004622
S1-779382554	S2-346818927
S1-375743920	S3-818752930
S1-139022734	S3-66496469
S1-726761977	S2-613133150
S1-243792531	S2-668069118
S1-9104686	S3-291818448
S1-151867959	S2-326402060
S1-248285652	S3-582972597
S1-785940189	S3-594958056
S1-305095828	S2-978200643
S1-731194282	S3-616890679
S1-10741407	S3-351525297
S1-866408151	S2-588837292
S1-517432719	S2-110813341
S1-167703900	S3-845437624
S1-246002326	S3-737028295
S1-75356862	S3-282418198
S1-298824105	S3-369607391
S1-980450265	S3-474109156
S1-957594875	S2-213645262
S1-999912713	S2-400898131
S1-329256112	S3-793198341
S1-777388538	S3-691905070
S1-642326995	S3-423037390
S1-711666084	S3-581831291
S1-368206827	S2-550985933
S1-2611227	S3-768230892
S1-924760267	S2-576391687
S1-862051577	S3-215444329
S1-19576507	S2-662989202
S1-464070441	S3-342437768
S1-645256955	S2-14758847
S1-452907010	S3-163741592
S1-337325254	S3-431307422
S1-834636373	S3-826793033
S1-725404469	S3-712106777
S1-878742904	S2-790337866
S1-488533088	S3-39535494
S1-877468327	S2-577539436
S1-977728298	S2-117258849
S1-82101328	S3-536643077
S1-269669009	S3-322553031
S1-361829286	S3-23421796
S1-105109621	S3-550236851
S1-712204257	S2-11616967
S1-249586632	S3-538097898
S1-527666080	S3-397495096
S1-36963907	S3-260585582
S1-257305751	S3-211453827
S1-76724459	S3-428500470
S1-806562317	S2-516861429
S1-494765006	S3-809759779
S1-458690810	S3-548057700
S1-361322787	S3-823400905
S1-747833721	S3-535946369
S1-547244798	S3-431715329
S1-37482472	S2-750429335
S1-187457085	S3-988445334
S1-2571740	S3-398265819
S1-687344952	S3-553028790
S1-413820330	S3-167439429
S1-212912265	S3-60138526
S1-485402949	S2-612277886
S1-403773665	S3-425491369
S1-426195274	S3-683573792
S1-336234841	S3-89750812
S1-866032385	S2-931780163
S1-183876418	S2-125284006
S1-3059666	S3-846382768
S1-445333768	S3-263462158
S1-635687692	S3-462052901
S1-643374289	S2-1587607
S1-814906557	S3-172654425
S1-70151958	S2-484783860
S1-412735587	S3-163866758
S1-879924798	S3-758773094
S1-750520895	S3-602848333
S1-609687368	S2-352291262,S2-488270199,S2-499879582,S2-670678821,S3-784355174
S1-271545327	S2-677405628,S3-749033082,S3-476151297,S3-809591165,S3-802999012
S1-380697287	S2-201570107,S3-846463148
S1-166678143	S2-432801221,S3-862437415
S1-485823484	S2-926112453,S2-433214442,S3-441552379,S3-143597819,S3-797777230,S3-571276797
S1-860868195	S2-84079237,S2-451130335,S3-331691010,S3-481728858
S1-602053199	S2-258534989,S3-475687753,S3-809372627,S3-212993330
S1-442334045	S2-376634355,S2-670950135,S2-729962029,S2-227221575,S3-707245973,S3-897664952
S1-258944461	S2-720276378,S3-709035103,S3-106354831
S1-379630166	S2-948918075,S2-662578874,S2-459893246,S2-848122944,S3-345799629,S3-20462706,S3-857984457,S3-945507479
S1-396918511	S2-373671234,S2-735587606,S3-985059983
S1-790985841	S2-709993629,S2-490760147,S3-380771680,S3-506587830,S3-354508141
S1-641556771	S2-385524261,S3-917817069,S3-364775206
S1-166183358	S2-983682824,S2-921792940,S3-198174045
S1-146588603	S2-455178682,S2-829333483,S3-699926035
S1-921095097	S2-75701132,S3-500057091
S1-212333919	S2-665565475,S2-172820240,S3-540130161,S3-434629226
S1-560405024	S2-178154528,S2-842795169,S3-724071946
S1-137988847	S2-85970258,S2-615021138,S3-689831850
S1-660452207	S2-640582667,S3-737048318,S3-153245820,S3-363833988,S3-216617786
S1-320189669	S2-189164331,S3-563460210,S3-595299533
S1-952357233	S2-992739802,S3-939626192
S1-474365263	S2-504073702,S2-699762784,S3-203253636
S1-405490894	S2-212797099,S2-575601597,S3-87141335,S3-922307759,S3-248036058,S3-630266062
S1-394259794	S2-55881730,S2-159067023,S3-512872228
S1-523062505	S2-29242672,S2-193382194,S3-316735014,S3-685493002
S1-520718117	S2-859364115,S2-458294382,S2-362144086,S3-976623904,S3-539516448
S1-429014321	S2-84258036,S3-439333960,S3-451602981,S3-937834425
S1-314497249	S2-445934306,S3-783387600,S3-768219281
S1-554828233	S2-742749753,S2-967709629,S2-176498905,S3-126155961,S3-726346082,S3-976475261
S1-178099675	S2-242750385,S3-353693010,S3-517786951,S3-786931134
S1-939542566	S2-562989356,S2-135575552,S3-802087877
S1-471438897	S2-222299906,S3-25597362
S1-534236281	S2-986157044,S2-127800581,S3-782315157
S1-643415654	S2-499758249,S2-344993389
S1-709806053	S2-63040938,S2-912348491,S2-12869964,S3-6213710,S3-651417869,S3-959715111
S1-844369965	S2-408794873,S2-359203181,S2-391721685,S3-579109305,S3-10268558
S1-976098979	S2-149910265,S3-493166028,S3-474499058,S3-840804585
S1-495655362	S2-857875284,S3-984699502,S3-243393942,S3-711335627
S1-763049285	S2-702809829,S3-116273445
S1-245600254	S2-90125430,S3-103397974,S3-166918424,S3-399790291,S3-11884623
S1-898592123	S2-772158408,S3-892898806,S3-280007079,S3-875290206
S1-153522645	S2-528223801,S2-561605815
S1-561182178	S2-358969419,S3-33092483,S3-927512361,S3-748150996
S1-926834750	S2-77577352,S2-335038193,S2-762216370,S3-210244000,S3-174219592,S3-678486578
S1-400443543	S2-37953920,S2-587806502,S2-553461335,S2-846068596
S1-973848498	S2-198193438,S3-651028025,S3-524810269,S3-747874220
S1-790587310	S2-482268413,S2-37334192,S2-147166225,S2-39548983,S3-927156510
S1-227787077	S2-6213493,S2-138078707,S2-219442798,S2-784750814,S3-413693334
S1-737745399	S2-928895533,S2-543938235,S3-135944370,S3-846783895
S1-37958006	S2-13827335,S2-572267746,S3-117214319
S1-470406326	S2-726446802,S2-795990176,S3-104281843,S3-614482247,S3-637595012
S1-88048595	S2-595125596,S3-876945258,S3-161900537,S3-48383024
S1-849063600	S3-242148290,S3-930157821
S1-317296018	S2-741676861,S3-910191749,S3-245255415
S1-912197806	S2-572137970,S3-3895579,S3-982284161,S3-748594462
S1-763075455	S2-723690345,S2-10370531,S2-549284846,S2-910936130,S2-631742470,S3-521128202
S1-631074123	S2-124211183,S3-174586795
S1-550552702	S2-177959520,S2-781293367,S2-47579351,S3-217706576
S1-70705661	S2-857903273,S2-876494725,S3-206153376,S3-703514269,S3-770444963
S1-798616988	S2-14747064,S3-190228797
S1-107939413	S2-502831114,S2-439497265,S3-994326469
S1-64010417	S2-140970442,S2-576400706,S2-511267525,S3-726216500,S3-547330706
S1-421587688	S2-764150386,S2-735767255,S3-369349402,S3-397976341
S1-348579747	S2-152996795,S3-625819653,S3-549487750
S1-584718471	S2-194489503,S2-297376127,S2-594656961,S3-563023747
S1-156947496	S2-376923886,S2-933571299,S3-622032535
S1-422195154	S2-537278602,S3-817287481,S3-633751932
S1-216795471	S2-69369725,S2-937332199,S2-943507546,S3-394245884
S1-356122184	S2-442277028,S2-988265130
S1-369714892	S2-737999990,S3-835280163
S1-392795451	S2-819557812,S2-833629581,S2-373964107,S3-550916215,S3-542011942
S1-241071953	S2-293168875,S2-35714775,S3-115047322,S3-307448505,S3-527780751
S1-413676306	S2-379618907,S2-633257191,S2-177357466,S2-578503278,S3-343522347
S1-292721418	S2-38406148,S2-954365618
S1-7534062	S2-16794990,S3-481581885,S3-171526859
S1-419818547	S2-715957310,S2-306356730,S3-612338230
S1-711402252	S2-59862664,S2-660637575,S3-318359881,S3-116399221
S1-124011937	S2-284614432,S2-535730981,S2-195540197,S3-600650944
S1-293928483	S2-760161830,S2-26840010,S3-693888289
S1-31285798	S2-30350682,S2-329282852,S3-865478899,S3-759581492,S3-796100797,S3-224887424
S1-198697054	S2-305221632,S3-859521094
S1-352403296	S2-93052227,S2-288829772,S2-443055962,S2-19945615
S1-918074686	S2-438998626,S2-296071114,S2-934285685,S3-947303830,S3-653768647
S1-615447066	S2-743573507,S2-970952200,S3-325427304,S3-101093930
S1-326718496	S2-221428626,S2-586902211
S1-765743973	S2-576778101,S3-379883437,S3-348104311,S3-520372960,S3-754755383
S1-894202569	S2-499136654,S3-809990460
S1-421692850	S2-368611704,S2-280640380,S2-589283813,S2-860664307,S3-627288778
S1-810252813	S2-58340534,S2-311196605,S2-455377656,S3-941390624,S3-544952401
S1-875053780	S2-158927865,S3-701532837,S3-494910465
S1-452544008	S2-393999027,S2-594173763,S3-1293694,S3-252770338
S1-473018112	S2-808176145,S2-699049404,S3-558631835,S3-756466320,S3-445165963
S1-105879062	S2-878706760,S2-995533676,S3-959118325
S1-408234022	S2-611086011,S2-135229458,S2-567042558,S3-878633126
S1-882379259	S2-420402766,S2-840605551,S3-30080974
S1-414902854	S2-774329297,S2-659468695,S2-800012467,S3-242542625,S3-752705946
S1-822456858	S2-17041951,S2-786214979,S2-384721965,S2-975172197,S3-29624774,S3-884772855,S3-208904615
S1-340113044	S2-778954911,S2-844399532,S2-503173809,S3-419113862
S1-282627836	S2-98801227,S2-505102256,S3-33992120,S3-341508176
S1-690049126	S2-286232012,S2-717172046,S2-550307696,S3-759804086
S1-303127969	S2-286597891,S2-752747541,S2-891516287
S1-76291922	S2-102125780,S2-824305177,S2-784472664
S1-782298229	S2-839316054,S2-319644212,S2-962652418,S3-700965772,S3-51655807
S1-316156729	S2-736004879,S2-964419540,S3-99099504,S3-88469203
S1-533872491	S2-633992299,S2-70250732,S2-129444100,S3-531620775
S1-746455859	S2-646306038,S2-739915444,S2-381000444,S2-605582269,S3-323119195,S3-446334410,S3-930805902
S1-894787314	S2-900909922,S3-70610669,S3-403598007
S1-215052947	S2-849188716,S3-922088152,S3-556018969
S1-893709740	S2-521484524,S2-272154241,S3-197447289
S1-648973499	S2-89464848,S2-782123040,S3-147383911,S3-20275276
S1-822540280	S2-347543787,S2-332001979,S3-706022863,S3-438281992,S3-48941307
S1-212245832	S2-410887492,S3-864046103,S3-504873289
S1-476352610	S2-461171480,S2-349877693,S2-402694392,S2-683375197,S2-297553000,S3-782417955,S3-501106077
S1-305723363	S2-745900084,S2-967899757,S2-248853355,S3-807863760
S1-320320041	S2-179036548,S2-592780538,S3-351203982
S1-780228915	S2-477278693,S2-116998448,S3-535147782,S3-676644932
S1-546909315	S2-68957238,S3-376679311,S3-763259683,S3-718157209
S1-374781525	S2-495252486,S2-540946407
S1-972550778	S2-899337105,S3-532179981,S3-599113555
S1-51132642	S2-52868199,S3-713183875,S3-439629355,S3-785923289,S3-605120733
S1-628452314	S2-334537431,S3-626023085,S3-282398631
S1-962020047	S2-50820078,S3-859875198
S1-618597800	S2-706113770,S2-616726692,S3-111550620,S3-305491833,S3-654034553
S1-450773974	S2-830647750,S2-4912964,S2-577152774,S3-980747839
S1-818897754	S2-747382401,S2-778413771,S2-814041824,S3-347762836,S3-894251554
S1-607631235	S2-309426939,S3-855253658,S3-50136119
S1-784134778	S2-238423059,S2-135068493,S2-524724828,S3-618977235,S3-321669253
S1-70491865	S2-238136812,S2-945990087,S2-510403046,S3-409254338,S3-653502371,S3-35179732
S1-158502131	S2-402407921,S2-536444827,S3-216588456,S3-96856990
S1-363706766	S2-508600794,S2-655089208,S3-166946151,S3-791548646,S3-79833422
S1-472111367	S2-498921154,S3-687961900
S1-128449783	S2-308979918,S3-476327852,S3-395575696
S1-821705188	S2-818039274,S2-271005301,S2-770393282,S3-146733255
S1-848368061	S2-563283432,S2-892630624,S2-178964988,S3-259092223,S3-17213383
S1-528737960	S3-965802963,S3-766272001
S1-566789143	S2-369229638,S3-577269035
S1-729536631	S2-436242654,S3-992851520,S3-643204021,S3-465564903
S1-923617846	S2-451448834,S3-742748871,S3-723339639
S1-325089081	S2-586956226,S2-752424508,S3-362853974,S3-578769891
S1-507489323	S2-274065929,S3-664204590,S3-999678683
S1-58793279	S2-20588419,S2-594396264,S3-732606445
S1-402542998	S2-375218358,S2-360389576,S2-760810801,S2-985352313,S2-567231035,S3-443953174,S3-783237509
S1-983377027	S2-353216301,S3-540040771
S1-365269973	S2-464954778,S3-5251968
S1-67302129	S2-5443729,S2-164458492,S2-601030337,S3-20322956,S3-872928883
S1-696170210	S2-90340066,S2-816704849,S3-952024191,S3-77543309
S1-401411425	S2-736287246,S2-995346243,S2-636332325,S3-912690526,S3-888482953
S1-177114494	S2-427792599,S3-720830995,S3-332045774
S1-967404560	S2-492757697,S2-765166841,S3-607809313,S3-183829026,S3-487859222
S1-576369592	S2-524772379,S3-536332450,S3-353984266
S1-747887373	S2-835897561,S3-96794391,S3-552305413,S3-536956009
S1-374410302	S2-218359530,S2-570500714,S3-815586412
S1-757122833	S2-764791065,S2-249577218,S2-711265596,S3-818333916,S3-262743451
S1-812267462	S2-675888909,S2-785468875,S2-463228629,S3-441631902,S3-93040934,S3-978860206
S1-38406851	S2-256862138,S3-798632929,S3-295060425,S3-817941775
S1-185366405	S2-685275780,S2-976384068,S2-438817803,S2-234644025,S2-25357642,S3-198208351,S3-942533416,S3-142495463
S1-264294661	S2-419030216,S3-320653517,S3-158893691,S3-169785821,S3-578540418,S3-454318879
S1-845041572	S2-136706422,S2-141174504,S3-555502796
S1-424724183	S2-240566459,S3-669641077,S3-411025974,S3-500083167
S1-567623488	S3-130952624,S3-281496758
S1-35380256	S2-583074833,S2-768851113,S3-316019343,S3-299002418,S3-901261083
S1-404264831	S2-191187567,S2-856983109,S3-403322326,S3-706683898,S3-831328295
S1-621502725	S2-417642519,S3-49237633,S3-631270940
S1-948799659	S2-477057727,S3-388525484
S1-2298408	S2-267596293,S3-330997316,S3-505418142
S1-740756249	S2-355895460,S2-983427977,S3-64613217,S3-999171885
S1-421758173	S2-868501428,S2-166327033,S2-844442339,S3-428188060,S3-612477551
S1-220799240	S2-391450055,S2-490252900,S2-4664264,S3-574892747
S1-54624388	S2-356016763,S3-307643070
S1-792639574	S2-103319120,S3-216805317
S1-531406987	S2-175079139,S3-79374793,S3-627564478
S1-211832335	S2-834655327,S3-627970000
S1-886848185	S2-906041395,S2-85543354,S3-601530527,S3-180127350
S1-621250926	S2-459374587,S3-868859788,S3-108172828
S1-674733995	S2-152370234,S2-698849542,S3-353860152,S3-17464236,S3-313332318
S1-141674435	S3-734980908,S3-399832782,S3-804261588,S3-866808208
S1-668829855	S2-534805714,S2-354653808,S2-828522741,S3-182546512,S3-656399639
S1-458312102	S2-698136785,S3-212045442
S1-239296169	S2-176415569,S3-508396372
S1-276864093	S2-872547593,S2-638491249,S2-634275179,S3-58729937,S3-734822583
S1-43769808	S2-691117827,S2-331592730,S2-401140160,S3-462086661,S3-744360839,S3-95071110,S3-578597683,S3-66953948
S1-344162563	S2-632719412,S3-617513034
S1-747302363	S2-776381731,S3-851458140,S3-55492543
S1-440836551	S2-280938343,S2-284281829,S3-172503812
S1-62436864	S2-957108618,S2-706309435,S2-28635088,S3-526199284
S1-269194802	S2-509511256,S2-680619244,S3-725503457,S3-114942205
S1-827327270	S2-73265284,S3-585911824,S3-178293758,S3-281328744,S3-186229907
S1-603702253	S2-371936111,S2-741374865,S3-203640821
S1-523091867	S2-501092504,S3-406592936,S3-610064173
S1-603556445	S2-239852303,S2-751935687
S1-368575822	S2-45069156,S3-171966258
S1-163089570	S2-432426999,S2-711296403
S1-582983933	S2-528525261,S2-668155539,S2-871435320,S3-534864516,S3-411178550,S3-709987020
S1-529806079	S2-445582748,S3-143530256
S1-111367071	S2-256792572,S3-481733987,S3-74657399
S1-405682551	S2-190866799,S2-961553568,S3-533283956
S1-218622743	S2-913103827,S2-15272860,S3-345477726,S3-759758449
S1-383299172	S2-850031019,S2-910958591,S3-264872053,S3-814309113
S1-794058369	S2-857237027,S2-215765890,S2-910773189,S3-464112291
S1-300541083	S2-749267286,S2-763178100,S3-445626286,S3-325300302,S3-689227031,S3-673503215
S1-361413983	S2-580056807,S3-856927938
S1-131918607	S2-963816644,S2-647082913,S3-905611766,S3-982821001
S1-72977678	S2-494878911,S2-767292125,S3-512750669,S3-719490469
S1-652267835	S2-186625189,S3-860056946,S3-860100649,S3-601623299,S3-911283928,S3-575376363
S1-195926564	S2-10028862,S3-176240582,S3-905821736,S3-716424934
S1-843731092	S2-792083614,S2-624222764,S3-33549271
S1-289477455	S2-123110307,S3-312078872
S1-429496492	S2-220815289,S2-121365773,S2-320879114,S3-804810001,S3-25747376
S1-698639356	S2-826878448,S3-223036915,S3-14653518
S1-476699162	S2-769719597,S2-104946215,S2-627977796,S3-535434636
S1-271184386	S2-318304837,S2-293383196,S2-567983192,S3-986046013
S1-634360386	S2-745109349,S3-491262483,S3-845796318,S3-898119509
S1-90436825	S2-248522262,S2-115074270,S3-678892435
S1-388103913	S2-853488857,S3-283232472
S1-131154087	S2-217058003,S2-986352247,S3-504300214,S3-534774459,S3-106064114
S1-193921123	S2-31452250,S2-726546861,S3-600547920,S3-349515297
S1-181789538	S2-508309665,S2-463804170
S1-601593369	S2-748144487,S2-803347449,S3-158926265,S3-89808662
S1-442744323	S2-184877339,S2-578335282,S3-151507988
S1-587643969	S2-17201381,S3-146009055,S3-98224158
S1-532014972	S2-906290426,S3-23337591
S1-970932982	S3-28062632,S3-504626703
S1-145143621	S2-143815133,S2-34630828,S2-256800043,S3-400694263
S1-45222658	S2-183231410,S2-285174018,S3-795166505,S3-961134008,S3-745051721,S3-545546792
S1-479353631	S2-687533842,S2-228258077,S3-252229007
S1-523091030	S2-116742124,S2-605134369,S2-154862649,S2-46244747,S3-82905610
S1-430558896	S3-177357243,S3-700479282
S1-498152809	S2-393027707,S2-296242823,S2-836835285,S3-502367196,S3-312919765,S3-356004732,S3-260422372,S3-452098987
S1-844278142	S2-282715039,S2-583983874,S3-147499376
S1-514876429	S3-217184751,S3-342712649,S3-698540532,S3-915042437
S1-456056300	S3-970922518,S3-993451625,S3-841633968
S1-192421327	S3-740295475,S3-98750542,S3-724775923
S1-6055646	S2-864895892,S2-58095463,S3-560042475
S1-627995827	S2-623442356,S3-744737646,S3-145554400
S1-92763904	S2-913242409,S2-673153832
S1-164605200	S2-856958244,S2-802613423,S2-578614410,S3-754200830,S3-172270230
S1-436969491	S2-359124848,S2-900111396,S2-718631195,S2-576263392,S2-455777597,S3-547673276,S3-321820492
S1-860296211	S2-730120417,S2-417024081,S3-110093788,S3-332257702
S1-165202750	S2-749320560,S2-209814441,S3-826627240,S3-421499950,S3-610095689
S1-500001685	S2-294534199,S2-785210526,S2-480752095,S2-141737401,S2-191378381,S3-567012296
S1-251958963	S2-628610586,S2-482967099,S3-932702233
S1-535698891	S2-187412037,S2-693507607,S2-821130162,S3-796560551,S3-822610464
S1-400365662	S2-767308891,S3-397794049,S3-52788911,S3-683036883
S1-536342253	S2-834672761,S3-45344159,S3-371474652,S3-894541875
S1-244233911	S2-895401874,S2-173374310,S2-274875002,S2-527287257,S3-33634516,S3-79816025,S3-533669578
S1-123867934	S3-618913395,S3-37102371,S3-510931398
S1-100563455	S2-207294721,S3-815546020
S1-263775544	S2-644811250,S3-114768830
S1-638630004	S2-157197696,S3-9745391,S3-90827817
S1-731621265	S2-970368644,S2-849947221,S2-446085612,S3-141214173,S3-233257928
S1-846751495	S2-506425163,S2-493370645,S3-736854605
S1-449904825	S2-212618208,S2-941105196,S3-259580210
S1-646859656	S2-135002075,S3-258079067
S1-346118412	S3-750159966,S3-240412990
S1-653293958	S2-802225571,S3-875619820,S3-821391515
S1-121322695	S2-620805221,S2-262340274,S3-761022291,S3-648886864,S3-514679617,S3-962887126
S1-433676415	S2-120421943,S2-707639252,S2-696523138
S1-568250541	S2-519032138,S2-16770736,S3-885855354,S3-455833753
S1-349930116	S2-936514769,S2-995488549,S3-178498004,S3-742934378
S1-459084536	S2-348489892,S2-541875464,S3-854713769,S3-136334728
S1-621188665	S2-79070912,S2-673677667,S2-762625011,S3-42212081,S3-144988963,S3-32561446,S3-75444184
S1-213432908	S2-807163588,S3-206831232
S1-441101671	S2-104691132,S2-439441734,S3-775348419
S1-993190452	S2-577360103,S3-690097616,S3-212458832,S3-261184471
S1-692565518	S2-71463147,S3-706741693,S3-810476927,S3-910772558
S1-21184506	S2-726655779,S2-191987825,S3-353823308,S3-200325858
S1-930813457	S3-672105032,S3-322142835
S1-794886359	S2-352251336,S2-725800430,S2-643410004
S1-873297860	S2-280581183,S2-433178603,S2-518408235
S1-334331207	S2-859302656,S3-302784199
S1-464034385	S2-713235069,S2-619090069,S3-68862600
S1-42794477	S2-955157439,S2-739992118,S3-419075711,S3-57368594
S1-380902588	S2-879139414,S2-676506227,S2-921118012,S2-783023743,S3-957733424
S1-177703983	S2-546403620,S2-565726152,S3-229259719,S3-229464165
S1-178155006	S2-301266465,S2-506649572,S2-487813565,S2-703185157,S3-175477018,S3-757790959,S3-977091610
S1-318044743	S2-310363803,S3-395379019
S1-822830414	S2-82511780,S2-141129089,S3-919767223,S3-136510756,S3-846103293,S3-935691914
S1-285238710	S2-523687125,S3-45398876,S3-860325594,S3-895999715
S1-145056957	S2-352148260,S2-656866534,S3-27712642,S3-408789523
S1-228416484	S2-917715516,S3-472097198,S3-987704711
S1-277550689	S2-740481649,S2-292143627,S2-416708321,S3-726894156,S3-641477845
S1-351201750	S2-441384904,S3-607252718
S1-643906011	S2-735375390,S3-952593677
S1-241211381	S2-401330958,S2-71133535,S3-838814940
S1-495745737	S2-599695607,S3-405717293
S1-438656476	S2-219984230,S2-413058783,S2-904019240,S3-844794895,S3-5193320
S1-383421554	S2-814998846,S2-812920767,S3-943468748
S1-129096369	S2-530979094,S3-305070480,S3-990739682,S3-364471141
S1-233944347	S2-925358814,S2-490885856,S2-500315050,S3-661425743,S3-472255071
S1-822594579	S2-681639390,S3-403447179,S3-973920650,S3-632830637,S3-667522838
S1-232657019	S2-555172032,S2-104272808,S2-455968411,S3-767307005,S3-150713255,S3-117632479
S1-530116049	S2-707274116,S2-542056483,S2-382002698,S3-876932616,S3-515948989
S1-959874234	S2-324140025,S2-182298329,S3-547684485
S1-197465477	S2-978746065,S2-26080537,S3-328161130,S3-581223097,S3-490132889
S1-434010695	S2-641561361,S3-808211987,S3-289608489,S3-146040558,S3-984404339
S1-603558791	S2-112176986,S3-574610656,S3-436525605
S1-957565448	S3-938478603,S3-833107015
S1-205195085	S3-467468554,S3-870378904
S1-722481097	S2-436234141,S2-353160973,S2-36534122,S2-406643739,S2-118756529,S3-760940162
S1-884523254	S2-827937342,S2-480423819,S2-720723643,S3-788480646,S3-402735035
S1-7094272	S2-37737800,S2-604803840,S2-178580207,S2-500853915,S3-455319938,S3-317071126
S1-598870414	S2-494299034,S2-15341399,S2-777686337,S3-819377242,S3-113328718,S3-279642743
S1-148346365	S2-701095381,S3-46354952
S1-388039333	S2-869091034,S3-877567039
S1-439326052	S2-653287190,S3-804517441
S1-753788263	S2-556618211,S3-474786839,S3-339363654,S3-415850953,S3-67083060,S3-919689360,S3-771146941
S1-582550646	S2-2906417,S3-513215204
S1-505740362	S2-498470968,S2-905923097,S3-749256191,S3-954351035
S1-827028769	S2-650227677,S2-110613462,S3-545690572
S1-896629300	S2-954519601,S2-108808601,S3-305768605
S1-858112592	S2-755742361,S3-525751309,S3-653746323
S1-319865863	S2-174967419,S2-699638507,S2-211944528,S3-448565048,S3-815125014
S1-941627730	S2-366447212,S2-387662107,S3-515349235,S3-498569666
S1-161781322	S2-700529926,S2-573063041,S3-783915997
S1-901335348	S2-410678747,S3-274047216
S1-884931221	S2-368050976,S2-831149129,S3-684070018
S1-177596409	S3-740950597,S3-581910607,S3-142931908
S1-214591538	S2-554370364,S2-948202123,S2-313895160,S2-96754761,S2-523042133,S3-218262903
S1-596788942	S2-682772253,S2-499880061,S3-169488702,S3-170211388
S1-643638790	S2-239642642,S2-536314432,S2-131114165,S3-826494307,S3-431393573,S3-778983423
S1-707068835	S2-447993549,S3-558772383,S3-531022137,S3-878585549
S1-63592710	S2-689906744,S2-837040005,S2-363163343,S2-986826944,S3-161755170
S1-891864698	S3-646893967,S3-44915310,S3-469116360
S1-40467733	S2-613369619,S2-141468113,S2-899868498,S2-236426982,S2-85146169,S3-434852426
S1-973191579	S2-874293962,S2-831303943,S2-490718562,S3-244483059
S1-199763283	S2-86100024,S3-279678070
S1-763462487	S3-567504118,S3-667973105
S1-76287977	S2-111654111,S3-485819590
S1-750149363	S2-854300650,S2-668261423,S3-616985392,S3-428936247,S3-488644187,S3-617401102
S1-381391943	S2-692073719,S2-499258809,S2-20689172,S2-995073449,S3-185758355
S1-435922268	S2-887346056,S2-977214524,S3-11751380,S3-842919008
S1-252757780	S2-311749009,S3-202515545,S3-278180816
S1-994276536	S2-955344278,S2-154679656,S3-706682876,S3-836138843
S1-247027723	S2-598822337,S3-956030941
S1-531073937	S2-412992160,S2-616258298,S2-143081125,S3-369465722
S1-522451646	S2-886399106,S3-927747915
S1-221182423	S2-202867652,S2-752163101,S3-437965029,S3-385591713
S1-881402695	S2-462254019,S2-719448970,S2-45341460,S2-758170522,S3-55313670
S1-935013003	S2-701432812,S3-4343944
S1-278759069	S2-705449847,S3-183830514
S1-949303841	S2-229470575,S2-743462437,S2-976469376,S2-371526590,S3-963920458
S1-183530844	S2-265150809,S2-795249541,S2-647497283,S3-434198230,S3-662779341,S3-161662450
S1-120762554	S2-86005699,S3-65486120,S3-600041890
S1-506122837	S2-424252836,S2-537811862,S2-457308368,S2-587095232,S3-781746091,S3-937762148,S3-349927684,S3-435534587
S1-205972190	S2-765294131,S2-82291698,S3-310870912
S1-629368895	S2-723206924,S2-839382848,S2-141279809,S3-904975045,S3-633752135,S3-832779351,S3-247420969
S1-641379671	S2-812130598,S2-205270933,S3-810450030,S3-773289257
S1-867597970	S2-266463935,S2-826710544,S3-80702454,S3-520387452
S1-317446242	S2-481496511,S3-634170221,S3-567623350
S1-442903295	S2-384971209,S2-94059697,S2-952345055,S2-468941710,S2-539970677,S3-748765454
S1-198117440	S2-81691936,S3-493770979,S3-313494039
S1-195094594	S2-946196111,S2-56445975,S3-754087391
S1-193294226	S2-297459438,S3-107888613,S3-647989346,S3-443220629
S1-962946707	S3-893335049,S3-680934991
S1-270749665	S2-780156476,S2-457068940,S3-79585861,S3-213717848
S1-876958859	S3-514900504,S3-775399257,S3-13607467
S1-170793588	S2-187068276,S3-572300199,S3-148451209,S3-827843598
S1-762911823	S2-775942181,S2-747016041,S3-191911040
S1-349567975	S2-393541231,S3-325043277
S1-935834381	S2-131801919,S2-142923393,S3-986146770,S3-432559676,S3-279674297
S1-583466756	S2-238758340,S3-815994292,S3-890680105
S1-242535926	S2-725927515,S2-237509600,S3-863542202
S1-563610137	S2-36262405,S2-352109719,S3-909694757,S3-500735478,S3-723871815
S1-602837956	S2-158798591,S3-924073964
S1-230764010	S2-834173077,S2-664774619,S2-605179941,S3-631031326
S1-686981866	S2-837280945,S3-408308041
S1-856710919	S2-736892528,S2-114767056,S3-445220739
S1-587474265	S2-988205920,S2-906086096,S3-479642642
S1-876922338	S2-56152520,S2-383269888,S2-719458136,S3-312137723,S3-499226880
S1-874903994	S2-79544469,S3-964134364,S3-195249220,S3-498836429
S1-238512971	S2-218100268,S2-443729927,S3-675272899,S3-124281417
S1-744857364	S2-543784118,S2-284974505,S3-927139677
S1-118085110	S2-207983282,S2-354533367,S3-799507794,S3-992880530
S1-163628597	S2-54514556,S2-697940186,S2-475549133,S2-939892393,S3-281716974,S3-747835629,S3-300216201
S1-619971703	S2-761311407,S2-636755278,S3-787801048,S3-254198298
S1-320922557	S2-901759211,S3-340587974,S3-889055353,S3-604392624
S1-58554936	S2-550717034,S2-248181725,S3-629690456,S3-85358803,S3-706388181
S1-517585922	S2-142019049,S2-77484140,S3-301480428
S1-595107450	S2-587496000,S3-728140560
S1-118093637	S2-267026891,S2-171080766,S2-4336024,S2-876131227,S3-314662113,S3-305899671,S3-308152043
S1-172642050	S2-416269518,S3-401961993
S1-138347693	S2-115716333,S3-274449523,S3-427220016
S1-116449230	S2-771466165,S2-623271529,S2-161813101,S3-395871584
S1-400835923	S2-489218914,S2-712309975,S3-705929968,S3-458796855
S1-457818266	S2-912293911,S3-509077930,S3-150564792,S3-40968818
S1-215922039	S2-309262250,S3-349363309,S3-168552991,S3-658239218,S3-687350937,S3-90835580
S1-365443194	S2-659484609,S2-448887826,S3-630114380,S3-915689146
S1-320335975	S2-280439124,S3-883350364,S3-420074039,S3-486981377
S1-226423565	S2-854370300,S2-341747654,S3-764898457
S1-693344071	S2-271189897,S2-426305112
S1-456824245	S2-475488956,S3-236373560
S1-858957419	S2-415891063,S2-845812137,S3-248848894,S3-730400872
S1-435913052	S2-666485186,S2-737916242,S2-838897763,S2-762750631,S3-274512256
S1-469042516	S2-567930952,S3-645885449
S1-318044137	S2-616188916,S2-516535833,S2-921951272,S3-829104691
S1-415762683	S2-190623461,S2-252813637,S2-709514615,S2-574184215,S3-901660761
S1-911877353	S2-374561815,S2-180283370,S2-768240556,S2-562491632,S3-213131701,S3-57090803,S3-482921550,S3-372916159,S3-767759100
S1-198534396	S2-724355988,S3-320521972
S1-499241943	S2-276023364,S3-606919539,S3-218040880,S3-806056187
S1-197591399	S2-682018662,S2-934616028,S2-596419827,S3-248820879,S3-862323322,S3-19612428
S1-864103815	S2-792236474,S2-966608071,S3-345405697,S3-949989488
S1-604648981	S2-548542522,S3-505830138
S1-778188735	S2-19991978,S3-89601373,S3-712642896,S3-98570214,S3-537152266
S1-553732913	S2-614340185,S2-523221636,S2-101198650,S3-464750402,S3-931917810
S1-814660713	S2-634004531,S2-899508314,S3-837366828,S3-387604687,S3-965691656,S3-411165883,S3-862366198
S1-130676605	S2-139505177,S2-646390098,S3-889579034,S3-358997753
S1-851410391	S2-59379413,S2-645322992,S3-415563564,S3-748876721,S3-81282177
S1-538971129	S2-703308218,S3-907962263
S1-312715341	S2-737622923,S3-234343091,S3-953468541,S3-526947141,S3-803928652,S3-80081575,S3-538104188
S1-848571842	S2-504385701,S3-520932477
S1-161256946	S2-63925607,S2-183491159,S3-595388452,S3-919466347,S3-423961260,S3-662162104,S3-376040684
S1-276029089	S2-961123282,S2-336052167,S2-976676842,S3-665524287
S1-925497701	S2-257863464,S3-440016911
S1-198774237	S2-126747349,S3-589399147,S3-104869344
S1-643529323	S2-495090630,S2-891705698,S3-213721262
S1-930092541	S2-492419949,S2-340747121,S2-868740137,S3-68825327,S3-355705134
S1-837810106	S2-609484738,S2-794478987,S3-48932750
S1-139294046	S2-627544540,S2-47466231,S3-644975871,S3-701272597,S3-974552965,S3-710342370,S3-210642299
S1-443976470	S2-401543885,S2-984153369,S3-844685377
S1-957131535	S2-670882711,S3-683991695,S3-591016173,S3-21612200
S1-608086717	S2-696379098,S3-3913540
S1-796638053	S2-391777676,S3-903062375
S1-15328923	S2-406153780,S2-147824245,S2-265263686,S3-336197459,S3-138494635,S3-866256447,S3-187219309
S1-333934418	S2-491428475,S3-658044360,S3-503556693
S1-174513084	S3-167133380,S3-517125010,S3-549680364
S1-13374513	S2-863012276,S3-230555930,S3-20239361,S3-714011784
S1-644609995	S2-17850509,S2-763676643,S2-420930961,S3-643701704,S3-354453683,S3-247592023
S1-217358738	S2-537656454,S2-454475578,S3-650354195,S3-584463850,S3-737253393
S1-464517844	S2-10600681,S3-330227641
S1-457691188	S2-382315782,S3-414341830
S1-137811535	S2-770430096,S3-936909042,S3-495008385,S3-68226608,S3-634869093
S1-346169830	S3-204892918,S3-315675709
S1-322301267	S2-175044223,S3-653196299,S3-399471307
S1-326238448	S2-175515042,S2-463285201,S3-16507640,S3-394587850,S3-107828305,S3-222815295
S1-115562069	S3-121429691,S3-551944601,S3-39854806,S3-637992216
S1-62143833	S2-750546426,S3-375243516,S3-290690582
S1-113693208	S2-988711607,S3-793080263
S1-395077610	S2-742969676,S2-167128399,S3-455020095,S3-142188346
S1-717678227	S2-601486069,S3-19030021,S3-984362614
S1-809078562	S2-752904192,S2-235782198,S2-632045323,S2-747549523,S3-746215390,S3-740489406
S1-579538045	S2-105727763,S3-727094831
S1-164332521	S2-958075352,S2-813279273,S3-342391855
S1-664219193	S2-262808523,S3-486839293,S3-860627227
S1-114344031	S2-506419317,S3-356845588
S1-485855797	S2-185352111,S2-524788888,S2-296281073,S3-230927560
S1-788093774	S2-547700821,S3-728390792,S3-813525983,S3-387967135,S3-2570089
S1-394814661	S2-613649295,S3-278217359
S1-126773205	S2-854659727,S2-196892972,S3-159528613
S1-80595248	S3-773428196,S3-301799542
S1-915723902	S2-652319988,S2-144273396,S2-346451512,S3-293286929,S3-203439499
S1-941474440	S3-466427235,S3-944025910
S1-655265896	S2-8938192,S3-41179187
S1-190408386	S2-889364822,S3-124953249,S3-672634132
S1-495369573	S2-542807958,S3-380927143,S3-955763846
S1-263530198	S2-766378068,S2-971486845,S3-479186494
S1-823575402	S2-267322670,S2-168660074,S2-31646573,S3-114236297
S1-263072820	S2-729514289,S2-339730786,S3-134665759,S3-158779293,S3-95142749
S1-752849509	S2-125620760,S2-521022994,S3-966908425,S3-994187012,S3-76967817
S1-219864187	S2-125693616,S3-664344283,S3-261766086
S1-694137400	S3-630583828,S3-238757398,S3-3277497
S1-477598614	S2-447719765,S2-752615335,S2-453807816,S3-634385410
S1-890136110	S3-939828741,S3-538968181
S1-173973687	S2-610401213,S2-557841760,S3-586187859,S3-412385932
S1-273820674	S2-746242355,S3-483150057
S1-847484210	S2-854155694,S3-732436257,S3-726189980
S1-279112196	S2-358177273,S2-891195459,S2-728964015,S3-260830518,S3-551525367
S1-967508173	S2-43162379,S2-129357353,S2-844278037,S3-566326603
S1-421344877	S2-413115489,S2-772177712,S3-943121325
S1-339166558	S2-499647553,S2-395170510,S3-903421664,S3-662895193,S3-846416955,S3-996685254
S1-191282572	S2-525587747,S2-787522471,S3-222994936
S1-997247598	S2-313880817,S2-547094764,S2-255711279,S2-304774145,S3-316035752,S3-146838439,S3-285940011
S1-497045736	S2-681783147,S3-989702850,S3-732918844
S1-858414220	S2-282047679,S2-643095756,S2-961560685,S2-710568840,S3-71374791
S1-756259289	S3-60002317,S3-829460497
S1-325482457	S2-71973869,S3-335398191,S3-527639233,S3-515272605
S1-836588349	S2-722573528,S3-725490333,S3-813672694,S3-734285260
S1-31805323	S2-486041314,S3-694142317
S1-87387990	S2-427435565,S2-761208864,S3-437058130
S1-901510566	S2-3626108,S3-386487966,S3-392956506,S3-789723356,S3-201782708
S1-685086762	S2-226716602,S2-215534737,S3-193076140,S3-825756599,S3-809327379
S1-85528902	S3-321649189,S3-234194905
S1-184993660	S2-523182307,S2-10411735,S3-262541403,S3-520107036,S3-370551090
S1-671124888	S2-210186164,S3-792088089,S3-386618872,S3-187596268
S1-368022661	S2-326625047,S2-386301839,S3-645055989,S3-217278963,S3-581827727
S1-767329231	S2-89419868,S3-532322278
S1-504429664	S2-653852724,S3-33971615,S3-601696589
S1-201584515	S2-515378310,S2-270025036,S3-590394595,S3-157485385,S3-668782269
S1-326674643	S2-165218573,S2-705670292,S3-324353990,S3-285508684
S1-468950230	S2-22053721,S2-719615999,S2-469401613,S3-418886135,S3-742891493
S1-67454606	S2-133417245,S2-450327332,S2-181437218,S2-25112645,S3-28029495
S1-658279159	S2-463636631,S3-860735962,S3-232903483,S3-403207432
S1-329911013	S2-609634714,S3-134890485,S3-876864772
S1-295224181	S2-96777134,S3-850583976,S3-45560793
S1-910103250	S2-875409552,S2-69723569,S3-238015261
S1-393629323	S2-135935705,S2-769810562,S2-364386521,S3-924234514
S1-873051947	S2-966982518,S3-311089292,S3-347188136
S1-412756118	S2-954955768,S2-414305747,S2-400631974,S3-69994285,S3-429617123
S1-959124205	S2-742207038,S3-950175620,S3-479779677
S1-821673144	S2-383701848,S3-838301329,S3-820786942
S1-316600282	S2-570140440,S3-839858168
S1-443180463	S2-495409665,S2-635487041,S3-908538949,S3-727028498,S3-880975589
S1-681570138	S2-676991697,S2-385304577,S2-85504171,S3-799651818
S1-464925453	S2-322337275,S2-629032266,S3-617786276,S3-932362435,S3-868723919,S3-71198295
S1-886512108	S2-888195210,S2-760234815,S2-93660451,S2-868856506,S3-35546461
S1-692306104	S2-485937157,S3-11070112,S3-394662822,S3-693514405
S1-131261618	S3-637883933,S3-124714572,S3-810978319
S1-390964832	S2-262167055,S3-209004988,S3-330600736,S3-291661848
S1-762002165	S2-597078728,S3-674059942,S3-297866666
S1-219661160	S2-462640417,S3-452692199
S1-693737090	S2-551555586,S2-754262669,S3-562838182,S3-878517347,S3-533051210
S1-810393726	S3-660229353,S3-876204898
S1-433827161	S2-138998097,S3-214724815
S1-692673575	S2-650818879,S2-944730007,S3-669948329
S1-986952607	S2-62379908,S2-241415947
S1-419522577	S2-48466310,S2-403672124,S3-549610229,S3-103047484,S3-95916796
S1-561125813	S2-710315536,S2-913953651,S2-363418467,S2-519954653,S3-861806611
S1-657088618	S2-92724410,S2-569466581,S3-548126794,S3-841721522
S1-331294437	S2-832489469,S2-568038584,S3-590917387,S3-861041715,S3-915223532
S1-164948625	S2-436674574,S2-915480688
S1-990899207	S2-441612290,S2-528741381,S3-283101968,S3-347538772
S1-735275619	S2-669593278,S2-841364590,S3-595048243,S3-372160046,S3-253346417,S3-49386478
S1-730962556	S2-926350482,S3-221457703,S3-690162801
S1-9680106	S2-523334641,S2-512375887,S2-697758873,S3-343493617
S1-579892539	S2-595569791,S2-856645210,S3-182008033,S3-828119777
S1-281174454	S2-351674983,S2-397267588,S3-445753764
S1-12704643	S2-355637616,S2-243247077,S2-634130002,S2-155960329,S3-663819215,S3-136528659,S3-321128865
S1-628549682	S3-73097014,S3-809189660,S3-85298546
S1-700529150	S3-383992821,S3-468817028
S1-548573192	S2-219418395,S2-860568052,S3-481647934,S3-105308287
S1-522994332	S2-597059782,S2-852278943,S2-935383318,S2-369672552,S3-833555200,S3-22516804,S3-819014629
S1-846380917	S2-697565077,S3-915238756,S3-840709826,S3-446002036,S3-976762759,S3-37689058
S1-589365248	S2-187078121,S3-420663908,S3-272844838,S3-872521181,S3-596840872
S1-462280818	S2-254543318,S3-200330658,S3-15123914
S1-49339380	S2-835493837,S3-175231894
S1-644088691	S2-97289211,S2-333254733,S2-482503071,S3-728381434,S3-363702516
S1-208293060	S2-433278668,S2-46554036,S2-921614262,S3-775853206,S3-326491363,S3-501279305
S1-893373490	S2-291271388,S3-985090657
S1-849206369	S2-967257657,S3-21439211,S3-699784434
S1-487724885	S2-280083513,S3-487614852,S3-399728697,S3-832729246
S1-136491284	S2-530656456,S3-312245564
S1-358103076	S2-626990961,S2-948062383,S2-330240068
S1-57828400	S2-606758595,S2-102076542,S2-613014467,S2-416374556,S2-987086567,S3-571706026
S1-641847966	S2-422463687,S3-754559501
S1-333232242	S2-119579217,S3-619983942,S3-609428877
S1-896895186	S2-974228347,S3-953127958,S3-448725345,S3-549476225
S1-996125409	S2-379036261,S3-849963697,S3-980195878
S1-99893982	S2-795554497,S3-402334882,S3-725450848
S1-8094913	S2-147872532,S2-148009890,S2-719554897,S3-995789028
S1-767825346	S2-350452298,S2-874636821,S3-165385627,S3-875670786,S3-905146609,S3-905804333
S1-813720358	S2-147691058,S2-953811527,S2-607356430
S1-657574516	S2-45858721,S3-415458891,S3-155374538,S3-996891928
S1-854413191	S2-87760345,S2-138177137,S2-480869566,S3-843358152
S1-496635641	S3-358725216,S3-593393059,S3-882598109
S1-544436816	S2-628786557,S3-326991655
S1-178837150	S3-867692789,S3-831792206
S1-393183859	S2-778150002,S2-974975075,S2-9289688,S2-35199686,S2-732927590,S3-846463024,S3-722699651
S1-591399851	S2-515349599,S2-376244580,S3-171416073
S1-458072350	S3-839591176,S3-837379722
S1-728249529	S2-227707506,S2-512306251,S3-658205342,S3-672478599,S3-53216092
S1-102306319	S2-11323172,S2-158798146,S3-357670747,S3-280182846
S1-442878697	S2-756418121,S3-475212296,S3-37344136,S3-645803203
S1-962198786	S2-102861396,S3-384772478,S3-284191193
S1-854081707	S3-847359748,S3-617795380
S1-861082905	S2-957577852,S2-62343236,S2-297384186,S2-424117792
S1-849033320	S2-129114318,S2-354040385,S3-57392147,S3-317367393,S3-831543209,S3-468937713
S1-476831488	S2-275669313,S3-182056927,S3-171060615
S1-100319345	S2-982457942,S2-462007503,S3-414236434
S1-352679948	S2-72731391,S2-684791644,S2-761277252,S3-315840675
S1-52933312	S2-376669448,S3-996865176,S3-786641643
S1-641597196	S2-845315224,S3-2063443,S3-689893276,S3-620819531
S1-785859796	S2-891841693,S2-398837909,S3-457899557,S3-313992085,S3-759119800
S1-407839966	S2-142239122,S3-228064465,S3-569629933
S1-494675623	S2-251142844,S2-948965044,S2-874324409,S2-230864523,S3-106335598,S3-222481970,S3-686646784
S1-439673261	S2-283961441,S2-265407186,S2-321696895,S3-839278515
S1-519194586	S2-975175359,S2-404500781,S2-789339295,S3-316452360
S1-256653195	S3-628566154,S3-807713260
S1-4694392	S2-270541,S3-220950636
S1-308583718	S2-719356565,S2-586263975,S2-848021682,S3-194541170
S1-722389830	S2-633510686,S3-472961087,S3-242323378
S1-640791773	S2-436175930,S2-429641201,S2-702659496,S3-579613446
S1-47557504	S2-963348965,S2-586632050,S2-112024934,S2-880023443,S2-22025173,S3-422904308,S3-548084979,S3-954554317,S3-864525200,S3-881022970
S1-788012947	S2-734510039,S3-733031689,S3-47640371
S1-950316687	S2-458400528,S3-18007333,S3-726556433
S1-148111960	S2-545504768,S2-305295504,S3-152021794,S3-13263659
S1-786776464	S2-399434828,S2-678135452,S3-348772808,S3-819325569
S1-521452037	S2-360362989,S2-983806207,S2-901246215,S3-355296995
S1-704268011	S2-879594589,S2-248473114,S3-612110118
S1-241334354	S2-420326782,S3-960326656
S1-552701482	S2-443196542,S2-54285906,S3-644872499,S3-160701510
S1-544181079	S2-607362393,S3-85803838,S3-613126653
S1-740773940	S2-584015419,S2-202026068,S2-876334878,S3-920946783
S1-627971832	S2-239852760,S3-96356355,S3-291281958
S1-656878587	S2-349175215,S3-106696420
S1-37262160	S2-334462805,S2-456722264,S2-422032172,S3-448911638,S3-100453740
S1-238598249	S2-626307884,S3-857466320
S1-227544050	S3-486686518,S3-60366256
S1-78108718	S2-38849374,S3-723563772,S3-517967917,S3-392526945
S1-46956728	S2-320145066,S3-947767567
S1-10900199	S2-663388347,S2-55440888,S3-169052565
S1-224622957	S3-419179849,S3-498734321
S1-660331597	S2-447642181,S3-274062113
S1-147529504	S2-163195210,S3-32461538
S1-889617975	S2-422446205,S2-28076292,S3-931616357
S1-720123886	S2-282057919,S2-480899414,S3-829371367,S3-216579795,S3-247514978
S1-774724916	S2-367412746,S2-806740380,S3-668963750,S3-907097968
S1-88663523	S2-220728152,S2-311370468,S2-5565424,S3-15495423
S1-203493690	S2-407604462,S2-218332404,S2-758640099,S2-309667809,S3-286298425
S1-17130012	S2-855354064,S2-282808795,S3-867167163,S3-24715876
S1-905291239	S2-498479339,S2-414689452,S3-788856054,S3-657249063
S1-778063317	S2-302221308,S2-227518826,S2-199588771,S3-887997140,S3-198191404
S1-960834624	S2-156992862,S2-45191283,S3-346091687,S3-325445306,S3-59807067,S3-282636923
S1-946192981	S2-860319762,S2-906774843,S2-877984923,S2-959716587,S3-183901004,S3-851114728
S1-868375880	S2-467603976,S3-644455273,S3-379008591
S1-330943684	S2-251852961,S3-498710550
S1-841161519	S2-65062949,S3-318361744,S3-772141718
S1-489697032	S2-347439658,S2-170228576
S1-555624075	S3-183342074,S3-334505018
S1-620535527	S2-984389570,S2-84953020,S3-632786552,S3-928677766,S3-929783185,S3-347466259
S1-957834542	S2-231024806,S3-606804339,S3-88777288,S3-362427373,S3-547138821
S1-788093057	S2-263732226,S2-515933112,S3-997756608
S1-729846182	S2-777696025,S3-481380730,S3-694672853,S3-980407001,S3-396157271
S1-361304284	S2-553990454,S3-190204856,S3-531500527,S3-970408180,S3-881381491
S1-960156638	S2-175469087,S2-378974762,S3-359526411
S1-396516635	S2-518921823,S2-140981102,S3-309891854
S1-481252905	S2-136648605,S3-649513342,S3-599093817
S1-619578727	S2-673622890,S3-799899842,S3-508550995,S3-770094074
S1-793060497	S2-922509613,S3-221086490,S3-156492223,S3-178755767,S3-267365382,S3-957712848
S1-731985849	S2-358267359,S3-166179280,S3-200952511
S1-581934716	S2-805880917,S3-709913180,S3-705442156
S1-389430902	S2-253885798,S2-730235085
S1-509721557	S2-320152890,S2-858917700,S2-289195670,S2-818539674,S3-49275093
S1-367562646	S2-635437486,S2-294606559,S2-81521968,S3-371495685,S3-711015165,S3-99044262
S1-449322745	S2-699939146,S2-506132820,S2-624851588,S3-363482592,S3-933527169,S3-203861066
S1-15958526	S2-737751685,S2-955429148,S2-654543469,S3-223806818
S1-758533042	S2-758219545,S2-754392364,S3-228972411,S3-719547796
S1-209891461	S2-188223798,S2-814642668,S2-169769100,S2-556234908,S3-345446019,S3-428508450
S1-804765702	S2-413447563,S2-132968864
S1-486673807	S2-818081008,S2-767413207,S3-265681551
S1-197412656	S2-996596240,S3-231586060
S1-963796262	S2-904572884,S2-655069209,S2-898979399,S3-93707113,S3-315787484
S1-405926825	S2-62518002,S2-115940111,S3-729954231
S1-936411141	S2-424963128,S2-286710230,S3-576914305,S3-285476100,S3-335074207,S3-261726864
S1-191917138	S2-671882514,S3-286591832,S3-85413422,S3-922888826
S1-397426745	S2-662570504,S2-87006545,S3-213865277,S3-252702190
S1-997144379	S3-417873838,S3-716862876,S3-195681616
S1-973996296	S3-681589318,S3-493267547,S3-175575937
S1-25861361	S2-144534445,S2-978213771,S2-160160231,S3-81158417
S1-879528497	S2-581879662,S2-440958602,S3-433632139
S1-114005598	S2-449359970,S2-479133353,S3-967316580
S1-344838788	S2-126072773,S3-128811171
S1-89879526	S2-287089912,S3-65373489,S3-763989297,S3-813817624
S1-596893739	S2-801135070,S2-466142546,S2-436957532,S3-649165500
S1-240879275	S2-450324888,S2-842975107,S2-771296368,S2-313977688
S1-811291119	S2-447688831,S3-545880472,S3-686355852,S3-663169900
S1-418474385	S2-269841406,S3-883611125,S3-612121169,S3-63949468
S1-811577629	S2-100788565,S2-75971801,S3-10945556,S3-526241771,S3-81714516,S3-217557879
S1-489142503	S2-275365870,S2-129376172,S2-51486507,S3-537912856
S1-56571301	S2-553983253,S2-228324888,S2-976675146,S3-543632781
S1-370583205	S2-214029976,S3-831939010,S3-862245081,S3-326604669,S3-83600006
S1-682253157	S2-753399212,S2-480582412,S3-220680228
S1-147767410	S2-977577038,S2-812636251,S2-99114482,S3-346914348,S3-93828926,S3-978117788,S3-987640338
S1-284751271	S2-793739758,S2-147609269,S2-720297282,S3-112138509,S3-68440031
S1-399768436	S2-155023390,S2-335890938,S3-575663810,S3-928603862
S1-690703332	S2-932192525,S3-313625803,S3-424364098,S3-119761448
S1-344502610	S2-198144249,S2-300178128,S2-966045551,S3-333134700,S3-818871048
S1-347624633	S2-202188003,S3-945919386
S1-869569516	S3-563224295,S3-98709165
S1-416966863	S2-682898216,S2-432553623,S2-159933217,S3-886657889,S3-794591672
S1-278555782	S2-62834615,S3-431055964
S1-161214098	S2-857012506,S2-987475355,S2-789931937,S2-421361941,S2-488068637,S3-434223270,S3-102870667
S1-60620403	S2-254283180,S2-262482482,S2-722842389,S2-989164101,S3-754333844,S3-238132808
S1-218092558	S2-861537000,S3-751300931,S3-12259529
S1-734496233	S2-449118674,S2-884753466,S2-178986701,S2-531261974,S3-161738085,S3-739980799,S3-753838409
S1-355765974	S2-921063157,S2-81706807,S3-585933563,S3-505871773
S1-949463283	S2-463908030,S2-508257696,S2-876465087,S3-71620353,S3-349853328,S3-201308116
S1-262171494	S2-850562905,S3-783844083,S3-148494166
S1-63203729	S2-71776465,S2-653053486,S2-547713489,S2-446132491
S1-42597933	S2-372605652,S2-309095253,S3-858059975,S3-131614005,S3-706869648,S3-542833568
S1-423828326	S2-75580050,S3-38255311
S1-999089406	S2-672653481,S2-722915921,S3-243952626,S3-840190034
S1-779711247	S2-542460557,S3-80427839,S3-723581157
S1-767266241	S2-422160848,S2-960749114,S3-517881879,S3-840443463,S3-426078087,S3-717283695
S1-109982375	S2-273520667,S3-970613902,S3-744707716
S1-398323040	S2-414179632,S3-546583992,S3-747613708,S3-298852233,S3-238865827
S1-379279722	S2-871829538,S2-926535765,S2-633256438,S3-893484375,S3-29334135,S3-887312790
S1-956270618	S2-361011160,S2-937973899,S2-119556336,S3-553366257,S3-444877145
S1-582024366	S2-617246148,S3-369953089,S3-565070127
S1-530986268	S2-421115291,S2-294047913,S2-393896627,S3-766664108,S3-793585678
S1-953944873	S2-105292701,S2-206838437
S1-808083532	S2-589667509,S2-281636840,S3-477978448,S3-278378306,S3-375171440
S1-944317106	S2-580034025,S3-663400626,S3-503789528
S1-254066818	S2-729774940,S2-589789987,S3-981365597,S3-154980046
S1-76602231	S2-14926621,S2-859592527,S3-822671211
S1-707265173	S2-913864973,S2-554746924,S2-567765965,S3-776901377,S3-556938163,S3-915493268
S1-31168349	S2-783654119,S2-847765758,S2-944765581,S3-926074410,S3-40698169
S1-1411476	S2-174753208,S2-476669945,S3-402379842,S3-794475640,S3-768950884
S1-298525732	S2-520144441,S2-740453276,S3-753532770,S3-357945155
S1-815677920	S2-777356756,S3-535847342,S3-17231670
S1-142892760	S2-555059560,S2-163039276,S3-101135135,S3-690101969
S1-79170617	S2-709165247,S2-64664137,S2-897964315,S2-336909563,S3-213281669,S3-235127271
S1-601608494	S2-415069811,S3-979468443,S3-718519248,S3-917173169
S1-399800549	S2-734653450,S2-102289455,S2-828015037,S3-819459696
S1-511378447	S2-824929952,S3-125952564,S3-510215495
S1-345773661	S2-922536324,S2-752028559,S2-42321249,S3-541637578
S1-311487942	S3-444596860,S3-733493923,S3-755122836,S3-539180471
S1-126190377	S2-358695545,S2-771536102,S2-370279943,S3-390222171,S3-251218866
S1-592313932	S2-184652545,S3-4869811
S1-460056376	S2-36709212,S3-363401082,S3-33816442
S1-128605991	S2-234069212,S2-555126176,S3-936730242,S3-658927459
S1-336933702	S2-67312008,S3-666521665
S1-451159577	S2-819732673,S3-184810890,S3-302235489,S3-4917326,S3-363865914
S1-52821762	S2-280490509,S3-775902173,S3-782879588
S1-486522208	S2-430842550,S2-299385165,S3-943798317,S3-781829401,S3-972422538
S1-527592960	S2-70548268,S2-829968798,S3-916676534
S1-307565971	S2-784773853,S2-418924764,S2-492247491,S2-130895499,S3-627115767
S1-499770772	S2-501736711,S2-349557065
S1-740383519	S2-385305736,S3-1438357,S3-897778113
S1-992675514	S2-633196840,S2-246690338,S2-682570325,S3-821795448
S1-146893377	S2-538103635,S3-576108561
S1-432914735	S2-715857676,S3-545490844,S3-233025079,S3-900822785
S1-662199662	S2-394397349,S2-320693050,S2-855497188,S3-576327454,S3-83920346,S3-72526917,S3-512372387
S1-262666410	S2-574434637,S2-858428367,S2-369358058,S3-187946798,S3-901059358
S1-17971865	S2-682639521,S2-22675284,S3-802846980,S3-129070711,S3-87710301,S3-161707319,S3-832849128
S1-56182208	S2-216372125,S3-79616217,S3-579836503,S3-540126554
S1-907117179	S2-430371607,S2-542090640,S3-719796868,S3-835769510
S1-611399782	S2-619577438,S2-540098424,S3-766662921
S1-755413117	S2-380614977,S2-775313143,S2-281235735,S3-494561238,S3-721400061,S3-191981729
S1-890941002	S2-760077596,S2-52165879,S2-533938367,S3-982351343,S3-601246230,S3-906412957,S3-430903331
S1-479900167	S2-607673020,S2-715125484,S3-475071173,S3-881281825
S1-627176299	S2-721143568,S3-113238195
S1-839319208	S2-7915945,S3-691955148
S1-165047520	S2-533471558,S2-439985486,S2-160102040,S3-198292252,S3-318489543
S1-282330093	S2-604028394,S3-268324872
S1-428876205	S2-417426107,S3-247229185,S3-154329858
S1-74366880	S2-882319771,S2-127416139,S2-272981323,S3-274861222
S1-164301749	S2-631232278,S3-755914681,S3-471056656
S1-9751707	S2-506699058,S2-861086946,S3-247912809,S3-616298255
S1-92359197	S2-348281750,S3-737130471,S3-569048957
S1-562502248	S2-560785746,S2-514461851,S3-767968984
S1-408216068	S2-227213978,S2-525475285,S2-175776506,S2-946474644,S3-657718793
S1-617709428	S2-120170616,S2-586985153,S2-612406259,S2-118072384,S2-848782886,S3-815199398
S1-907404825	S2-672245562,S2-868146037,S3-770253942,S3-348168797,S3-114775590,S3-792899190
S1-524719087	S2-679866907,S2-869955271,S3-860525745
S1-758477844	S2-804716009,S3-883320900,S3-484685378
S1-153896235	S2-700070283,S3-241312246,S3-849009449,S3-243803422
S1-183815830	S2-564290603,S3-296677001,S3-403606276,S3-810743627
S1-888055665	S3-141855844,S3-766948683
S1-111595533	S2-334951887,S2-133144467,S2-218861407,S3-104280997
S1-580389860	S2-953430054,S2-374289403,S3-516053505,S3-277363837
S1-379449555	S2-662388985,S3-864211136
S1-133738180	S2-590272573,S2-703781251
S1-789990650	S2-469139852,S3-381998315,S3-20669504,S3-493337830
S1-191083702	S3-772029845,S3-360174987,S3-305303563
S1-58867744	S2-990667182,S3-79311077,S3-103886036
S1-352666783	S2-396777947,S3-268460684
S1-413054135	S2-401029000,S3-470634623,S3-113590229,S3-307927763,S3-471285097
S1-374178436	S2-201140902,S2-927275499,S2-493885817,S3-330771959,S3-810323432,S3-635272353
S1-796761532	S2-607735730,S2-777944274,S2-822916329,S2-554187419,S3-371431274,S3-899530203
S1-92145671	S2-728718877,S2-271106482,S2-796241216,S3-769492398,S3-933325035
S1-660217374	S2-852656998,S3-735574785,S3-96513747,S3-174049931
S1-889776734	S3-364694640,S3-6787282
S1-731187970	S2-47728852,S2-177596059,S3-576557562,S3-32591298
S1-928413980	S2-414252715,S2-611032349,S3-794362608,S3-787694979,S3-614164387
S1-639803837	S2-429714589,S2-66067235,S2-885043621,S3-599226345,S3-524475544,S3-630274593,S3-856621797
S1-265470592	S2-673646485,S2-993286206,S3-640092156,S3-521753743,S3-363591663
S1-565762132	S2-165595827,S2-142468959,S2-32940360,S3-738921951,S3-131764048
S1-297938500	S2-114993563,S3-74216036,S3-702826508
S1-935657404	S2-48569496,S2-277405557
S1-453853807	S2-356320762,S3-760886368
S1-771744735	S2-535728139,S3-540976961
S1-662151026	S2-395681925,S2-404086275,S3-289042956,S3-599777884
S1-308179806	S2-557520558,S3-637035004,S3-616309347
S1-389127415	S2-754009977,S2-778157277,S3-661667034,S3-501392803,S3-821807886
S1-504285791	S2-456726628,S2-165779864,S3-615358752
S1-341985769	S2-866317039,S3-978732944,S3-998553028,S3-624583034,S3-861035991,S3-476740209
S1-239188462	S2-826245,S3-462599317,S3-363331791
S1-879309667	S2-544073210,S2-293055356,S3-884101578
S1-126697828	S2-729474131,S2-929504485,S2-317079398,S3-10071636
S1-952594343	S2-874605564,S3-258791873,S3-37495797
S1-204234943	S2-284007154,S3-652543631
S1-371207379	S2-268047663,S2-162764105,S2-320621652,S3-58243285,S3-340969300
S1-472966031	S2-631799971,S3-523634727,S3-574030795
S1-169203100	S2-629963463,S2-474683319,S3-196933839
S1-930465124	S2-10181700,S2-704851474,S3-658935799
S1-794569330	S2-319133989,S2-666427247,S3-956971257,S3-315411909
S1-495703266	S2-710850499,S2-721114911,S2-232588925,S2-30037414,S3-584513161,S3-167284892,S3-401284143
S1-680338556	S2-711090251,S2-928359288,S3-834771936,S3-650682579
S1-838840792	S2-608034218,S3-118627526
S1-447196589	S2-661616328,S3-305971665
S1-159865956	S2-616342187,S2-61455867,S2-300684836,S3-787664450,S3-511144811,S3-592201895
S1-308472751	S2-365424044,S2-262638243,S3-159735214,S3-593150642
S1-228046116	S2-123292800,S3-133472930
S1-808297735	S2-181302269,S2-60383169,S3-466588839,S3-653758484,S3-6348232
S1-655691367	S2-939964948,S2-242238004,S2-570967826,S2-766002204,S3-367539540
S1-152145058	S2-470053989,S3-928280183,S3-776746667,S3-260341711
S1-261659626	S2-68729147,S2-931223717,S3-986423891
S1-641879601	S2-544090879,S2-690984687,S3-302696937
S1-860243548	S2-820882752,S3-661641605,S3-974734431
S1-901446114	S2-171211553,S2-990886571,S3-800206572,S3-105884703
S1-328873928	S2-57358603,S2-54271050,S3-274519308,S3-501806025
S1-393216516	S2-721890778,S2-635457758,S3-118147943,S3-942426298
S1-164095705	S2-778641668,S3-26996812,S3-900968947
S1-828674521	S2-239337469,S2-511245658,S3-77121883,S3-614820394,S3-577618149,S3-336766222
S1-706227367	S2-53836275,S3-656117706
S1-24120897	S2-978108804,S2-810619001,S2-522799146,S3-611999951
S1-433327547	S2-999584335,S3-921350767,S3-877636315,S3-896073866
S1-424538610	S2-148709024,S2-285982579,S3-347866075,S3-487256812,S3-654609933,S3-674056647
S1-897333749	S2-587658505,S2-889083336,S3-299106921,S3-126536256,S3-76306102
S1-822774322	S2-985023475,S2-493221998,S3-907368175,S3-355058009,S3-502378104,S3-497539053,S3-889962080
S1-615978996	S2-212156336,S3-734390488,S3-946998394
S1-629603513	S2-395586189,S2-536692308,S2-989090293,S2-846241546,S2-441754781,S3-532788025,S3-787700011
S1-357627607	S2-718437945,S2-178922772
S1-531517422	S2-67889550,S3-319143426,S3-10806912
S1-790748733	S2-858811944,S2-85933840,S3-227572866
S1-538297892	S2-903176922,S2-588815383,S2-520229355
S1-205856527	S2-122051417,S2-880668463,S3-113075979
S1-348898062	S2-908914524,S3-90796867,S3-172817048,S3-308330133,S3-754987122
S1-59843535	S2-181511699,S2-313876073,S3-438480599,S3-981451060
S1-125918980	S2-682372426,S2-929121725,S2-905508099,S3-900615233,S3-497435483,S3-169437440
S1-124451027	S2-291872547,S2-937355006,S2-703805950,S3-670083145,S3-853453500,S3-881115904,S3-665392923
S1-364354147	S2-981211764,S2-162995796,S3-394028943,S3-274863094,S3-186697350
S1-305086522	S2-290814602,S2-696523916,S2-580571598,S3-773293988,S3-38359923,S3-999623179
S1-674150717	S2-283830246,S3-838151615,S3-881114699,S3-59805203
S1-306226524	S2-807074959,S3-729372305,S3-562224394,S3-631386440
S1-118793979	S2-698034599,S2-553312743,S3-15162888,S3-275691371,S3-836176066,S3-406284085
S1-934823894	S2-446727947,S2-830201645,S3-765831988,S3-653935390,S3-935100853,S3-86151002
S1-463840477	S2-300616718,S2-19905283,S3-868274835,S3-588877887,S3-954702358
S1-72879017	S2-959491804,S3-830277368,S3-495391448
S1-113945478	S3-773487285,S3-378010765,S3-655290226
S1-957423321	S2-129141072,S2-612871474,S3-390106597,S3-103862584
S1-65196120	S2-961560639,S3-967924453,S3-474779966
S1-197430605	S2-971513985,S3-793030691,S3-299461211
S1-722633438	S2-500440541,S2-308948363,S3-993931201
S1-663249221	S2-226852350,S2-178513858,S3-827996902
S1-479366037	S2-996925535,S3-645973053,S3-341839007
S1-7309459	S2-233353287,S2-788013713
S1-617865931	S2-480402981,S2-661150930,S2-411328549,S2-816091684,S3-612990705
S1-973215147	S2-669210192,S2-877189308,S2-767573813,S3-997498415,S3-354770468
S1-192752806	S2-559015217,S3-989611923,S3-573571471
S1-131828410	S3-97742349,S3-606508513
S1-292716796	S2-940872153,S3-148350770,S3-867094555
S1-110827421	S2-573189450,S2-846881023,S3-166204587
S1-529975811	S2-946849927,S2-219285091,S3-468458746,S3-240411918
S1-732060138	S2-912498908,S2-578997888,S3-381577587
S1-348454668	S2-162887215,S3-561747049
S1-29697891	S3-39641112,S3-211099286
S1-683200094	S2-916630755,S2-960583701,S2-411570967,S3-124766203,S3-605272927
S1-546087741	S2-535416824,S2-275239710,S2-830502095,S3-384048810,S3-413455021
S1-17160722	S2-86235428,S3-780601589,S3-344028135
S1-165362462	S2-752999161,S2-119709338,S3-214548354
S1-455162494	S2-788512616,S2-32180958,S3-179230622,S3-846620822,S3-307957681
S1-44572887	S2-585246569,S2-234678083,S2-900027308,S3-746393163,S3-642188455
S1-142217706	S2-420885721,S2-117933509,S3-551435653
S1-942523664	S2-29996621,S3-452477074,S3-932755873
S1-619092203	S2-184076873,S3-245417164,S3-780337056
S1-649333178	S2-992307972,S3-729889156
S1-916174702	S2-385655582,S2-461499446,S3-486851211
S1-516135455	S2-632151324,S3-935295769,S3-978000414
S1-793202517	S2-647093291,S2-393409827,S3-614932923
S1-288538559	S2-107242747,S2-114197605,S3-511013036
S1-974977896	S2-48028280,S3-933045518,S3-426761374
S1-737325393	S2-137866667,S2-203086451,S3-76158400
S1-119062929	S2-670228547,S2-102897653,S2-917486695,S2-384081461,S3-738178096,S3-732916275
S1-66731437	S2-489116149,S3-313115775
S1-108031418	S2-942329450,S2-682146146,S3-272955153,S3-409246407,S3-48798912
S1-951238683	S2-635222985,S2-839929186,S2-233327642,S3-251570106,S3-120106098
S1-487149565	S2-981232511,S2-857744526,S3-574418524
S1-909032362	S2-123715468,S2-99746325,S2-191286589,S3-6271016,S3-232780172
S1-162968029	S2-336492302,S3-584370268,S3-869508983
S1-47732790	S2-215834007,S2-481695037,S2-58167356,S3-157509400,S3-590058738,S3-636671574,S3-344738185,S3-83674179
S1-391826299	S2-682670041,S2-110521921,S3-419687624
S1-144809268	S2-655882464,S3-686832112,S3-132616176
S1-339545713	S2-716023168,S2-352769655,S2-305286904,S3-551787934,S3-826161913
S1-579487892	S2-446591852,S2-510303672,S2-230524375,S2-772945852,S3-79658309,S3-186123598,S3-304835872
S1-463553228	S2-757781440,S2-3487367,S2-628553837,S2-20323166,S3-599561169,S3-476735244,S3-306576025
S1-519564018	S2-553078251,S3-729495424
S1-991234190	S2-508396439,S2-675970623,S3-805915050,S3-804514942
S1-728785404	S2-885374,S2-854709205,S3-698756541,S3-425821396
S1-627161569	S2-956000828,S2-290310219,S3-104291590,S3-187583252,S3-382034739,S3-709575688
S1-713278893	S2-42984592,S2-988098715,S3-461085747,S3-254606206
S1-557166318	S2-895430968,S2-566401348,S3-991141595
S1-185945074	S3-81482109,S3-425337748
S1-501676975	S2-5661322,S2-648847616,S3-207982322
S1-643172392	S2-264051584,S2-956496335,S2-147304715,S2-152416197
S1-893087596	S2-706103450,S2-117348328,S2-963101281,S3-217927331,S3-164176528,S3-15279288
S1-43101639	S2-631940641,S3-473674870,S3-592842861
S1-8782849	S2-503717196,S2-195634518,S2-968991743,S3-993962171
S1-31413455	S2-628418061,S2-636893000,S2-925224754,S2-112699567,S3-614542639
S1-795267698	S2-889042586,S2-617630761,S3-86398427
S1-718681671	S2-181044258,S3-37267122,S3-873023823
S1-412489767	S2-58540657,S3-632488105,S3-325933777,S3-804621251,S3-722291507
S1-864660863	S2-53300687,S2-775636706,S3-790878821,S3-375956601
S1-396457374	S2-952923313,S2-49374987,S2-563865057
S1-893743714	S2-319064420,S2-167035737,S3-826199938,S3-494687615
S1-895011353	S2-867565075,S3-337585861,S3-260471894,S3-614129473,S3-505982751
S1-645101343	S2-973531702,S2-202380537,S2-51770839,S3-423151343,S3-963509314,S3-902167087,S3-929194853
S1-117091387	S2-591513783,S3-175292009
S1-461674142	S2-897237587,S3-414897078
S1-774691241	S2-383336557,S2-69416132,S2-349555546,S3-407801056,S3-542902365
S1-392137959	S2-997493983,S2-612418054,S3-890561619,S3-289728607,S3-557539636
S1-256186466	S2-798767462,S2-315873824,S3-285098930,S3-86835894
S1-78024619	S2-902000327,S2-75250200,S2-57491007
S1-817486686	S2-321152968,S2-488883363,S3-95795519
S1-948543060	S2-295020944,S3-688609062,S3-879856294
S1-521815420	S2-779917219,S3-31396240,S3-463072525,S3-900478664,S3-88931001
S1-797161599	S2-808809468,S3-467042519
S1-782973508	S2-736689094,S2-200731003,S3-724451995,S3-774770340,S3-715897374
S1-253185385	S2-29401215,S2-462146759,S2-164736675,S3-839049651,S3-206070716,S3-440100930
S1-22570096	S2-34515617,S3-38669111,S3-500003901,S3-905670866
S1-150413967	S2-595296397,S2-919168284,S3-628296365,S3-880908430
S1-287919781	S2-131081378,S2-929830424,S3-869313890,S3-833562263
S1-581700641	S2-314956446,S2-715540071,S2-985948600,S3-985707480
S1-274354647	S2-187651058,S3-24681148,S3-660771524,S3-675714068
S1-2461713	S2-929175762,S3-87606786,S3-745651726
S1-537050160	S2-987451995,S3-957796052,S3-114552623
S1-112639493	S2-326435873,S2-914911968,S3-633360021,S3-357739552,S3-607201695
S1-613889823	S2-863964512,S3-979787037,S3-202868230
S1-197072090	S2-358909400,S3-88767329,S3-540384779
S1-987095717	S2-289359325,S3-390523045
S1-139616096	S2-88477299,S2-680815904,S2-464094010,S3-163062244,S3-957314756,S3-204412054,S3-874490443
S1-977928103	S2-77620945,S2-419659116,S3-33313305,S3-512007976,S3-542144195
S1-129376043	S2-520568550,S3-464213053,S3-118177271
S1-368474444	S2-974991372,S2-792250942,S2-809502460,S2-992924400,S3-235899068,S3-828194766,S3-563528887
S1-469847195	S2-452489335,S2-974614221,S3-41233350,S3-750832645,S3-311229218
S1-362043472	S2-955795915,S2-847224353,S2-845041436
S1-824801827	S2-833860030,S2-963850082,S2-541557954,S2-822592947,S3-103768153,S3-653055939
S1-284761097	S2-46345728,S2-133382054,S2-770011387,S2-93920795,S2-110817216,S3-439167914,S3-649896362
S1-783348092	S2-860015527,S3-710690729,S3-617402885
S1-311981439	S2-148967681,S2-461143209,S3-622387811,S3-426885686
S1-303698300	S2-956946875,S2-214426218,S2-203364674,S3-944888915,S3-76848488
S1-776616881	S2-932024197,S2-455178146,S3-412451264,S3-145327698
S1-653860266	S2-799829126,S2-2943603,S2-775993328
S1-233133897	S2-455112756,S2-829792576,S3-981639934
S1-394595518	S2-292184165,S2-629111746,S3-568951854
S1-339870949	S2-678150224,S2-727793449,S2-426065974,S3-556384830
S1-738112563	S2-498736595,S3-712870573
S1-221929602	S2-489717051,S2-501246001,S3-19236066
S1-279600891	S2-554481432,S2-847650580,S3-378463040,S3-505951221
S1-556316386	S2-991407913,S2-797055293,S3-127351364,S3-888707685,S3-450929203,S3-998009687,S3-879743636,S3-418872914
S1-167618403	S2-602192370,S2-56391170,S3-770114738,S3-488495663,S3-948219197
S1-647871391	S2-856753369,S2-922809228,S3-694992684,S3-257946693,S3-54112811
S1-838833711	S2-413636179,S3-412668581,S3-244788605
S1-111606206	S2-278115937,S2-538840417,S3-117595987,S3-35725933
S1-921233531	S2-874837521,S3-318848539
S1-764924413	S2-642847513,S3-838238371
S1-828810316	S2-538067893,S2-364976693,S2-852428938,S3-796407623
S1-477763582	S2-166992405,S3-225801474,S3-255723884,S3-414505918,S3-714752811
S1-838578489	S3-674232670,S3-810410773,S3-356212793
S1-844019613	S2-89492328,S3-565371291,S3-671223066,S3-14580252,S3-228686625
S1-394467548	S2-833492257,S2-293662689,S3-965637749,S3-847542810
S1-890273003	S3-788762406,S3-424497188
S1-862309228	S2-593442789,S3-811028602,S3-753909868,S3-253584823
S1-613760194	S2-7497726,S2-178980458,S3-803233170,S3-361933992,S3-964777440
S1-422685311	S2-885265345,S2-353149606,S3-216965311
S1-279777863	S2-676578318,S2-178353598
S1-168326726	S3-160514781,S3-846064185
S1-123068861	S2-634692741,S3-551015612,S3-832079773,S3-595998620,S3-314054939,S3-134435823
S1-761638653	S2-590784101,S3-200814663,S3-481701478,S3-883941106,S3-181703191
S1-321942123	S3-783549114,S3-189186038
S1-255760580	S2-560853502,S2-929404952,S3-919514265,S3-298023376
S1-35040570	S2-584013605,S2-493565162,S3-470089158
S1-272989023	S2-333551420,S3-375364152,S3-172410464,S3-970902896,S3-431943436
S1-375335666	S2-469846416,S2-261438716,S2-819911910,S3-12914426
S1-53108862	S2-632112314,S2-981373955,S3-284367623,S3-262179117
S1-792736390	S2-336261357,S3-267381488,S3-888452708,S3-761018449,S3-561504336
S1-379023806	S2-682391119,S3-297091210
S1-47393232	S2-105297853,S2-192235489,S2-771448688,S3-683451953,S3-45992544
S1-770854898	S2-435392173,S2-639953190,S3-783699528
S1-406313873	S2-777320323,S2-854680932,S3-876257031
S1-574910429	S2-459101633,S2-824522189,S3-75654227,S3-567339384
S1-522270203	S2-37565337,S2-204971908,S3-155825406
S1-825026578	S2-367712332,S2-295215229,S3-948443896,S3-314337311
S1-692949132	S2-185270739,S3-510149098
S1-160573622	S2-925586242,S2-388023315,S2-472538210,S3-344406412
S1-27946683	S2-559624152,S3-426233409,S3-894140260,S3-908534422,S3-712872968
S1-882950625	S2-371329045,S2-366736747,S3-423819990,S3-248765198
S1-364420025	S2-210692351,S2-439941591
S1-808846139	S2-84041267,S3-597549736
S1-371226058	S2-196307740,S2-583658537,S2-644526890,S2-368953155,S3-684979982
S1-539030409	S2-337850363,S3-866460240,S3-361697244,S3-582818126,S3-29275435
S1-305592254	S2-959097474,S3-694139273,S3-714532449,S3-506995277
S1-595849762	S2-840897460,S3-343754487
S1-72388751	S2-443852953,S2-889057830,S2-840533153,S3-541208097
S1-122930101	S2-450118476,S2-237278094,S3-486895474,S3-555180868
S1-622418328	S2-983671558,S2-533188249,S3-504603621
S1-3425137	S2-496381467,S2-431253198,S3-723216733
S1-554720203	S2-877649705,S3-802774922,S3-721294393
S1-378067930	S2-9491709,S3-77929316,S3-42750896,S3-39631996
S1-606025319	S2-653884201,S3-449615629
S1-590724689	S2-308303073,S2-951249524,S3-584522414,S3-853716488,S3-553794962
S1-931707433	S2-386494121,S3-398708439,S3-639984400
S1-461615840	S2-530468774,S2-907917079,S3-504262596,S3-815131738
S1-39163390	S2-478754352,S3-376427320
S1-945665459	S2-630575436,S2-871677007,S3-557914166
S1-156025185	S2-629743778,S3-730122364,S3-281269904,S3-164104117
S1-258036814	S2-98115549,S2-868515341,S2-574376915,S3-590411108
S1-710866864	S2-776350798,S2-609180951,S3-2998250
S1-237583778	S2-761234643,S2-641762103,S2-408761747
S1-672560560	S2-692433823,S2-517869546,S3-222556299,S3-827453993
S1-899898619	S2-231495915,S3-609785134,S3-200363368
S1-953204775	S2-572157573,S2-844871256,S3-728217968,S3-912640367,S3-989234147,S3-755691816
S1-28459545	S2-30122611,S2-931805132,S3-641862291,S3-327368270
S1-913701661	S2-124718540,S2-744045411,S2-745450086,S3-678317175,S3-741570444
S1-171365934	S2-137139865,S2-840422776,S3-616174382
S1-14633037	S2-313500546,S2-714663891,S2-596119213,S3-678797180
S1-886419238	S2-510458135,S2-876882417,S2-854277204,S3-138390724
S1-254494523	S2-15866888,S3-891093034
S1-996902431	S2-109966491,S2-294361933,S2-506577004,S3-503308978,S3-180018709,S3-361244810
S1-539343227	S2-508468018,S2-74374279,S3-613571036,S3-554510364,S3-745750113,S3-116817609
S1-556067999	S2-200712344,S3-255577849
S1-613974813	S2-339910878,S3-622404707,S3-789338355
S1-772155442	S2-191859606,S2-700072415,S2-968270038,S3-792953650
S1-860484226	S2-243652633,S2-713730780,S2-136778469,S2-75329951
S1-104978097	S2-189276674,S2-216363683,S3-368934761
S1-390459373	S2-689959186,S2-390600484,S3-629168372,S3-136322629
S1-270601210	S2-247692036,S3-305932965,S3-65976283
S1-962184094	S2-571558355,S2-199275389,S3-20884741
S1-437297915	S2-130230178,S3-149306152
S1-873837225	S2-839454541,S2-395819215,S3-524738586,S3-273173885
S1-156656487	S2-931393433,S3-122099057,S3-791797236,S3-600492224
S1-216402693	S2-987945258,S2-78189687,S3-181446725,S3-965268214,S3-985920717,S3-691196224
S1-328087791	S2-783592738,S2-582248885,S3-633637435,S3-249153568,S3-916579225,S3-124954871
S1-475400585	S2-723416337,S3-556259417,S3-92119383
S1-686384950	S2-401431197,S3-231596088,S3-635911007
S1-911533175	S2-332707258,S2-263103725,S3-172294470,S3-703137837,S3-907007867
S1-112201092	S2-713900567,S3-325045808
S1-131170984	S2-821746445,S3-446374744,S3-946677
S1-192445913	S2-203928652,S3-703573274,S3-673183317,S3-769492116
S1-169656563	S3-760519925,S3-132529908,S3-127304841,S3-659468373
S1-321790434	S2-711861830,S2-808077387,S2-921512635,S2-458467409,S2-966091135,S3-29624659,S3-134265971
S1-305422230	S2-910970626,S2-810073211,S3-162770045
S1-97372897	S2-514272587,S2-53560651,S2-217258609,S2-219065873
S1-719020985	S2-207450168,S2-27616741,S2-589752976,S3-92597591,S3-910276524,S3-378416864
S1-13186883	S2-255463859,S2-680758329,S3-769932000
S1-224369022	S2-253277146,S3-165485692,S3-329178615
S1-74521615	S2-236581573,S2-936686155,S2-995051904,S3-196016020
S1-786546441	S2-25683806,S2-873889401,S3-876619786,S3-737457461,S3-818444901
S1-194509986	S2-967427913,S2-795091013,S3-746332350,S3-153467823,S3-830464038
S1-232544880	S2-350979891,S3-270024597,S3-336523813
S1-49394374	S2-724810977,S3-326177300,S3-880081847
S1-36777010	S2-849545103,S3-642595248,S3-669026729
S1-59138409	S2-383457432,S3-535465465,S3-525374727,S3-576467020,S3-36456254
S1-312499190	S2-742920592,S2-711176802,S3-82203750
S1-905713752	S2-157015683,S2-873967285,S3-859961746
S1-1091645	S2-565983408,S3-700641267
S1-588491326	S3-405775849,S3-462171776
S1-55734080	S2-385014262,S2-890293253,S3-119147505,S3-721837764
S1-894352166	S2-387605349,S2-190811941,S2-692011192,S3-192246535,S3-773041235
S1-811957774	S2-647548338,S2-725832752,S2-899427995,S2-79430973,S3-52506922,S3-997771927
S1-630084104	S2-353189689,S2-911024154,S3-205949256,S3-752811426
S1-29604621	S2-90448542,S3-202792401
S1-611121070	S2-108393785,S3-146166304,S3-535613378,S3-46895887
S1-802518247	S2-955415750,S2-392527980,S3-600097218,S3-499202860,S3-165563377
S1-364294530	S2-817948269,S2-753147591,S2-142193396,S3-915004847
S1-484732723	S2-206041711,S2-224563468,S3-123086209,S3-683888016
S1-438686567	S2-491515862,S2-298897899,S3-748231313,S3-359697249
S1-933999948	S2-444314543,S3-398858570,S3-312095373,S3-402445205
S1-725234324	S2-511062423,S2-539960627,S3-329888115,S3-471957820,S3-569542866,S3-452631001
S1-123187112	S2-479151616,S3-597395089,S3-573798774
S1-594184562	S2-219552241,S2-126540192,S3-922077586
S1-534466252	S2-963773240,S3-310075463,S3-194500186
S1-406201870	S2-575573937,S3-663200092,S3-981293123,S3-879191344,S3-959406227
S1-284004917	S2-923866152,S2-240323578,S2-315670879,S2-346634950,S3-480378326,S3-504657805,S3-868931033
S1-14328426	S2-158132330,S2-926865279,S3-895853340,S3-303852734,S3-371473154,S3-651538041
S1-909449645	S2-144880253,S3-86746089,S3-576171917,S3-523722673
S1-557609120	S2-864547803,S2-885204444,S3-500385263,S3-38192839
S1-42405143	S2-398593579,S2-577449780,S2-302880412,S3-926960569
S1-758348201	S2-514120017,S3-177007093,S3-799143378
S1-903956615	S2-355248191,S3-562521387
S1-493106333	S2-911653351,S2-426244340,S3-544427804
S1-329809907	S2-565515873,S2-841979449,S2-831859711,S3-211393485,S3-770418856,S3-304961362
S1-971159610	S2-396987191,S3-58371539,S3-339123047
S1-658131103	S2-43402366,S3-907035373,S3-128598740
S1-955883377	S3-13432167,S3-539623316,S3-891039570
S1-606215271	S2-935753423,S2-638727491,S2-448248542,S2-273705017,S2-811164676,S3-400760537,S3-293749577
S1-565551957	S2-982839186,S3-329039646
S1-694119023	S2-386807871,S3-736971642,S3-21847582
S1-956786250	S2-201027734,S2-575497064,S2-810110278,S2-962482847
S1-623476676	S2-297557586,S2-117214285,S2-674183947,S3-631752146
S1-721398524	S2-255627480,S2-878774585,S2-317663474,S2-315305052,S2-556985078,S3-261922717
S1-129212407	S2-402965284,S3-259266829,S3-621023887
S1-662810449	S2-897682761,S3-744704361,S3-672229333,S3-626123566
S1-649632287	S2-871116075,S3-103608244,S3-936100658
S1-942919147	S2-776251602,S3-308430002,S3-553059413
S1-10267594	S2-967082916,S3-673755091,S3-959907979
S1-364683147	S2-737226798,S2-801024538,S2-362073945,S2-649274004,S2-261976683,S3-516102899
S1-923427954	S2-94833516,S2-831854306,S2-228032292,S3-414714897
S1-541459061	S2-789162126,S3-941409019
S1-801799077	S2-49946713,S3-360404191,S3-764185879
S1-913530766	S2-727284017,S2-87598830,S2-687859641,S3-765626818,S3-873116641
S1-912957517	S2-65043159,S2-511246549,S3-14779040,S3-398936971,S3-544156333
S1-347380937	S2-439587963,S3-56259973
S1-603035764	S2-41993589,S2-538338661,S3-910800837,S3-609106944,S3-109894423
S1-66230141	S3-529964119,S3-787627995
S1-896786799	S2-651219638,S3-622276686,S3-388481013,S3-321793451
S1-401709098	S2-340830471,S2-283961319,S3-762622399,S3-876946342
S1-652996705	S2-547057936,S2-86924877,S3-903828534
S1-9785521	S2-389258039,S2-726975909
S1-692110255	S2-232858459,S3-287454993,S3-159654317,S3-666613802
S1-32973745	S2-238758624,S3-599580481
S1-838127234	S2-81844414,S3-885679002,S3-232621044
S1-512610393	S2-532416200,S3-813158418,S3-361030476
S1-296287279	S2-970547804,S2-996608347,S2-479875030,S3-451849913,S3-787254522
S1-697277278	S2-442799538,S3-327197529,S3-633453404
S1-932261889	S2-864406444,S3-875944090
S1-873301936	S2-98657411,S2-336202376,S2-667043291,S2-611109670,S3-112462861,S3-270723805
S1-113623471	S2-997144024,S2-842848394,S3-40273278
S1-57227563	S2-673266504,S2-96746083,S2-572132577,S2-386991000,S3-914331818,S3-806678928,S3-706324582,S3-306335343
S1-656227649	S2-24641344,S2-106122672,S3-478179526
S1-494327499	S2-847458650,S3-445432611,S3-840684167
S1-41682886	S2-453378214,S2-487922718,S3-987391104
S1-527065421	S2-258694060,S2-170864267,S3-242052070,S3-327555802,S3-20200681
S1-234635369	S2-475821378,S2-253451861,S3-305207216
S1-166082575	S2-660319225,S3-665576904,S3-930617540,S3-10257338
S1-17333869	S2-75453869,S3-844940880,S3-617513722
S1-69614368	S2-680791535,S3-514364049,S3-404175654,S3-347898117,S3-598877622
S1-894830000	S2-840273513,S2-830122051,S2-99079641,S3-744938668
S1-798487586	S3-438428221,S3-34972640,S3-17992327,S3-347390914
S1-282905620	S2-629117813,S3-468420343,S3-683135849
S1-548662278	S2-69050045,S2-714569000,S2-996510759,S2-735758126,S3-553059041,S3-940579329,S3-161484509
S1-891841081	S2-842494688,S2-191338243,S2-572974466,S2-134481415,S3-90542433
S1-452067504	S2-874728883,S3-324339581,S3-590526752
S1-689718468	S2-389172253,S2-735632751,S2-665520399,S3-65654277,S3-446635069
S1-442575024	S3-968235587,S3-894386023
S1-74531857	S2-494110454,S3-862921979,S3-748151801,S3-60565229
S1-444558126	S2-336749020,S3-938696379,S3-146609205
S1-689551213	S2-725263345,S2-613423961,S3-878060997,S3-572145034,S3-962446473,S3-112543899
S1-451451047	S3-508677755,S3-336843936,S3-938043461
S1-913271867	S2-640892209,S2-764287977,S3-872746501
S1-236230715	S2-947065864,S3-829947229
S1-545437901	S2-146270127,S2-804217533,S2-722638575,S3-789552183
S1-557314963	S2-417613266,S2-759103902,S2-855834009,S2-718237847,S3-129443471
S1-216718509	S2-133067225,S2-429008976,S3-335908756
S1-736178577	S2-394546699,S2-440142093,S3-147280262,S3-223435425
S1-655244596	S2-141754708,S3-568587441,S3-103273825
S1-828888949	S2-192014365,S2-38362413,S3-71939176,S3-646439723,S3-325976339,S3-813672792
S1-729049221	S2-301712709,S3-355097226,S3-109668333
S1-510491039	S2-897056157,S2-253475460,S3-488403403
S1-531573372	S2-297629617,S3-104766078
S1-749859656	S2-581567301,S3-152833845,S3-784105671,S3-842761351
S1-694620958	S2-375505540,S2-366701749,S3-695318147,S3-137443760
S1-553666393	S2-173342347,S2-247118339,S3-264146192,S3-457006635,S3-454973083,S3-551847599
S1-325216385	S2-936707693,S2-438063616,S2-942194623,S3-433230441
S1-411477862	S2-118837426,S3-132972953,S3-765694454
S1-675973523	S2-597017806,S3-947515893,S3-157200702
S1-886319563	S2-219675738,S2-797684608,S2-224321919,S2-992396670,S2-837642992
S1-721523850	S2-295041881,S2-758764752,S2-704562293,S3-974543720
S1-987243716	S2-118755262,S2-574995139,S3-711979777,S3-639796319,S3-951903097
S1-290500590	S2-330550920,S3-909429063,S3-411465294
S1-921333988	S2-164645862,S2-164074264,S2-369566328,S2-273459903,S3-990814410,S3-315308131,S3-891201934
S1-537393820	S2-599346586,S3-397925300
S1-153425243	S2-364104485,S3-394726466,S3-238825482,S3-87234444
S1-892442479	S2-764201360,S3-695501283,S3-255297600,S3-246329189
S1-111042108	S2-433493809,S2-976054300,S2-731598162,S3-289030846,S3-120993337,S3-765369200
S1-457288328	S2-66716771,S2-193769974,S3-763044708,S3-737507825,S3-129758448
S1-197126578	S2-560408172,S2-972158353,S3-62311165
S1-688398923	S2-978527921,S2-933793586,S3-208963699,S3-223669314,S3-790220476,S3-843972325,S3-191514366
S1-779209664	S2-946420599,S2-362016480,S2-194122299,S3-521155452,S3-629915565,S3-496933015,S3-156802316
S1-416445462	S2-129169284,S2-401241115,S2-314162955,S3-546484468,S3-435413473,S3-214446482,S3-302564510
S1-997073925	S2-343870546,S2-946564109,S3-187383467,S3-31474085,S3-861390427
S1-101697410	S2-487563804,S2-125075752,S2-162941481
S1-206670063	S2-111427679,S3-616237912,S3-18102596,S3-687287387
S1-969941262	S2-779407674,S2-816644219,S3-345428425,S3-940402642
S1-553623172	S2-861859361,S3-754283805
S1-295774850	S2-819807141,S2-87895746,S3-249697318,S3-533403417,S3-462626235
S1-8991469	S2-822021456,S3-60015462
S1-201396123	S2-696871146,S2-761943761,S2-7455332,S3-567152777
S1-720696957	S2-266426475,S3-969128627
S1-486720639	S2-984666822,S2-863654779,S3-817860223,S3-285319878
S1-356706315	S2-472924230,S2-30117094,S3-615846335,S3-541066973,S3-450421525
S1-629746612	S2-65863339,S2-371068912,S3-535273029
S1-682280359	S2-943427690,S3-216526220,S3-778699459,S3-112353356
S1-681062862	S2-370260477,S3-534885524,S3-915898701
S1-267314750	S2-240191730,S2-748745835,S2-720394688,S2-597101932,S3-713146403,S3-158804623
S1-846452289	S2-361308137,S3-212366625,S3-273558793,S3-434410072,S3-193990799
S1-414394930	S2-328656556,S2-568285192,S3-100529839,S3-666684736,S3-77406180
S1-70826407	S2-43333042,S2-539440536,S3-394948668,S3-225514290
S1-686756227	S2-267674615,S2-318718639,S3-776784253,S3-846940807,S3-926195525,S3-496906088
S1-624626193	S2-349186792,S2-332323171,S2-830833886,S3-908631003,S3-943422315,S3-294672037,S3-492642815
S1-407364507	S2-75496650,S3-264003168
S1-494471528	S2-36296537,S2-785636034,S3-117130240
S1-27915613	S2-251634250,S2-821731432,S3-962334272,S3-733780312
S1-171646683	S3-129175434,S3-211832050
S1-964156979	S2-262340520,S3-292475082,S3-756255660,S3-398368746
S1-642674879	S2-476220098,S2-128668425,S2-716372484,S2-960641732,S3-90699574
S1-638118067	S2-62757840,S3-32562621,S3-115630923,S3-59458956,S3-117361991
S1-387609399	S2-121954343,S3-693162462
S1-72824163	S2-505969572,S3-975801423
S1-390370514	S2-423628516,S3-636346079
S1-673311609	S2-319557425,S3-286332196,S3-745900887
S1-963766744	S2-719632453,S2-179360980,S3-545232204,S3-213338334,S3-591271061
S1-184366439	S3-27223222,S3-760757694,S3-392257674
S1-560898321	S2-437482043,S3-414232127
S1-448880184	S2-372782507,S2-801167136,S3-222059426,S3-307667653
S1-174081424	S2-853529013,S2-6543025,S3-889890005
S1-594234019	S2-843562446,S2-655695048,S2-206316243,S2-188490096,S3-41103185,S3-632409913,S3-916132612,S3-124070108
S1-412555957	S2-885990871,S3-621213218,S3-495132162
S1-866223201	S2-880497933,S2-29055394,S3-437929975
S1-960803374	S2-154323873,S3-516235139,S3-624295791
S1-575235061	S2-153164178,S2-18041097,S3-520574222,S3-318354354,S3-872711084
S1-477342022	S2-832823133,S2-206191486,S3-516319009,S3-815494827,S3-745918614
S1-983421692	S2-334367675,S2-544415477,S3-295675982
S1-316945607	S2-271535819,S3-373598900
S1-698265084	S2-768144072,S2-599428395,S3-347863197
S1-91593991	S2-797501176,S2-576726216,S3-838104184,S3-376780741,S3-910210075,S3-298185071,S3-371178260
S1-122138608	S2-835204981,S2-194835195,S2-692293169,S2-416912469,S3-336162699,S3-276896311
S1-716952061	S2-589974577,S2-297451874,S3-379227110,S3-27030425,S3-308504933
S1-408676833	S2-161570596,S2-245159785,S3-231695076,S3-473866178
S1-733153268	S2-52977630,S2-742766635,S2-847531164,S2-533963496,S2-35166437,S3-727443862,S3-834478001
S1-652085206	S2-306150745,S2-763172203
S1-294638968	S2-143415486,S2-150784120,S2-557867493,S3-498312180
S1-658714311	S3-784814535,S3-165413467
S1-781459179	S3-387369700,S3-453973473
S1-91496105	S2-389431293,S2-845910002,S2-453642831,S2-438199054,S3-533978166,S3-98085387
S1-53240653	S2-306938461,S2-987444706,S2-805541037
S1-349926126	S2-104365725,S3-152505410,S3-723915363
S1-742315235	S2-519159441,S3-718902351
S1-467346231	S2-621652667,S3-684484252,S3-944995726,S3-578587605,S3-650266883
S1-947118894	S2-356412837,S2-950658968,S3-16534682
S1-753688293	S2-212283519,S3-69286608
S1-73350036	S2-468228776,S3-589564358
S1-973651524	S2-635853481,S2-491043846,S2-801058336,S2-823253826,S3-526442258,S3-668053603
S1-241392220	S2-820033214,S3-257587757
S1-347517225	S2-190309940,S2-8513377,S3-93876903
S1-12569307	S2-681125245,S2-513048339,S3-881512629,S3-930058613,S3-692922015
S1-132707681	S2-935887408,S2-632725961,S2-168110280,S2-650566540,S2-533703194,S3-232044523,S3-429415375,S3-491574587,S3-505221371
S1-425858280	S2-42148264,S2-725713795,S3-478241504,S3-756654478,S3-380722344,S3-454466025,S3-849207178
S1-268849529	S2-321377772,S2-321293361,S2-838432,S3-965489868,S3-931175292,S3-134440118
S1-817432885	S2-119274773,S2-330659459,S2-401225621,S3-149101722
S1-136343040	S2-938935819,S3-76312183
S1-894367125	S2-336576624,S3-353840960,S3-585928698
S1-767672229	S2-899518726,S2-984027306,S3-852329170,S3-861989713,S3-514209533
S1-982193203	S3-151765909,S3-491196792
S1-9433462	S2-797156415,S3-139061266,S3-38180877
S1-624297669	S2-331157790,S3-820503084
S1-683884569	S2-120868402,S2-886598206
S1-472294878	S2-350506690,S2-180705841
S1-217255273	S2-210484033,S2-192959314,S3-306572412,S3-905973102
S1-41795310	S2-10574067,S2-434096179,S3-420975029,S3-7120882
S1-858689597	S2-294860819,S3-37439290,S3-638842374
S1-851088040	S2-511798311,S2-901180050,S2-293776331,S3-574784398
S1-187565055	S2-22499003,S3-97530487,S3-651541109,S3-95429126
S1-13384259	S2-491324122,S3-936348063
S1-398419397	S2-440500951,S2-728809170,S3-43467269,S3-271975273
S1-32924535	S2-110633101,S3-687162989
S1-181727462	S2-191592339,S3-133815705,S3-265532408
S1-206626988	S2-187746227,S2-299378764,S3-790457875,S3-270764774,S3-763763332
S1-985543380	S2-575860201,S2-919444046,S3-840752814,S3-515965045,S3-669683080
S1-514131168	S2-887337702,S2-79897363,S3-472016201,S3-338085327
S1-690155830	S2-151779981,S2-439825971,S2-825454204,S2-704615758,S2-603105968,S3-817953797,S3-799837662
S1-955574689	S2-402953034,S2-886907104,S3-535566395
S1-377305767	S2-976741728,S3-34701813
S1-280097776	S2-605280191,S2-34134120,S3-968657447,S3-219248617,S3-902189441,S3-363817379,S3-13965233,S3-608294217
S1-381732404	S2-440824857,S2-508071652,S3-533106606
S1-730324569	S2-819254886,S3-153881327,S3-557986643
S1-634302008	S2-900034413,S3-509047565
S1-211715476	S3-232305147,S3-898190733
S1-986596965	S2-525567516,S3-663526231
S1-500219717	S2-120695713,S3-728977518,S3-330191933
S1-636345709	S2-383683441,S3-263021767,S3-615048553,S3-477087262
S1-360542671	S2-809352219,S3-439827853,S3-239058600,S3-794257876
S1-91509184	S2-772531894,S3-854564243
S1-613136881	S2-329950550,S2-466035740,S2-763829817,S3-980079159
S1-279907427	S2-582823992,S2-32900327,S3-47210849,S3-530856336,S3-256740326
S1-226591669	S2-967881873,S2-152117205,S2-158142971,S3-413150959,S3-214896830
S1-899831263	S2-459817316,S3-396886437
S1-5504182	S2-873806057,S2-361487466,S3-657503346,S3-317113083,S3-204971532
S1-596502181	S2-29363736,S2-380253422,S3-939145010,S3-208398762
S1-365052607	S2-772465727,S3-218861238,S3-630846266
S1-866632018	S3-886932908,S3-551541915,S3-232462524,S3-826989351
S1-10317317	S2-979653623,S2-851860885,S2-805460850,S3-976786680
S1-637734699	S2-2925989,S3-83363709,S3-744978321
S1-408649885	S2-960774671,S2-122815676,S2-973156829,S3-850421338,S3-937477674
S1-922631318	S2-902178028,S2-403419412,S2-204190886,S3-100762957,S3-265000117
S1-826216608	S2-105291200,S3-813215986,S3-54355562
S1-706031325	S2-527964076,S3-980157940
S1-495973705	S2-951713485,S2-393163611,S2-40463906,S3-418181516
S1-481870565	S2-519896342,S3-272851939,S3-752379920,S3-24036300
S1-541248634	S2-386424557,S2-339661862,S2-306905047,S3-614941724,S3-45313462,S3-116798789
S1-189660720	S2-585041619,S3-588714263
S1-44191182	S2-204392971,S3-542514290
S1-781896606	S2-607612370,S3-145310825,S3-681313988,S3-311177833
S1-522751500	S2-336808381,S3-401567560,S3-118203253
S1-698463133	S2-390260096,S2-715829537,S3-209259558,S3-334174314,S3-646406619,S3-980811536,S3-508624557
S1-789532022	S2-520218706,S2-425879876,S3-816674914,S3-493166264
S1-389947276	S2-177604225,S3-749883903,S3-467647596
S1-146617452	S2-344901792,S2-250877411,S2-198259953,S3-814018522,S3-191727247
S1-765657897	S3-874360059,S3-700531987,S3-195974783
S1-302497195	S2-987917111,S2-296289032,S3-436280839,S3-671630173
S1-110270762	S2-485613454,S3-758891699,S3-295291091
S1-8192462	S2-136818340,S3-254844480,S3-70982410,S3-448987862
S1-703029092	S2-464194404,S3-734999922
S1-801845303	S2-999593116,S3-254164975,S3-54942902
S1-304369186	S2-380984575,S3-924472328,S3-179205256
S1-498761108	S2-440390307,S2-454001603,S2-489926501,S3-106141799
S1-376952124	S2-135435835,S2-55080095,S3-613324596,S3-253160495,S3-613908313
S1-610819339	S2-715101248,S3-683039691,S3-114888103,S3-533269815,S3-175012497,S3-838085003
S1-664314328	S2-437671238,S2-456046637,S3-908348887
S1-84181190	S2-181485565,S3-297576935,S3-688949653,S3-859657342,S3-986299703
S1-649462014	S2-76259690,S2-457049940,S3-286299668,S3-305596779
S1-231710807	S2-307091689,S2-864516535,S2-230278675,S3-624519125,S3-23260239,S3-104773205,S3-589497623
S1-368112409	S2-531764733,S3-742368328,S3-549132232
S1-476363779	S2-889852767,S2-391186670,S2-728827434,S3-393590029
S1-801528336	S2-645590293,S2-959258343,S3-579225482,S3-627260572
S1-705517331	S2-930363276,S2-183474397,S3-288651473,S3-357819816
S1-569081993	S2-72070207,S3-771155519
S1-891589509	S2-638155497,S2-340983293,S3-29063471,S3-515539964
S1-369007732	S2-859116388,S3-836531958,S3-822664769,S3-59898168,S3-368599719
S1-319234794	S2-636499731,S2-613319493,S3-705261809,S3-74654311
S1-457808243	S2-871870699,S2-662267936,S3-70805022,S3-938320582
S1-412604364	S2-54359367,S2-307694995,S3-601459985
S1-774174831	S2-69560139,S3-986339875
S1-215547460	S2-463452000,S2-161834521,S3-838927961,S3-324610955,S3-643330193
S1-533091964	S2-170369218,S2-138810317,S3-569256381
S1-34726247	S2-487960732,S3-978312609,S3-455481355
S1-228993509	S3-59891973,S3-592383107
S1-751975963	S2-975800842,S3-194708185,S3-289040298,S3-866786385,S3-907790439
S1-30781698	S2-475465105,S2-492079706,S3-505355586,S3-982635309,S3-189973528
S1-18930402	S3-58715158,S3-587502461,S3-817258570
S1-154521017	S2-909521591,S2-453696183,S2-898106587,S2-984274181,S3-275345543,S3-647457835,S3-315953921
S1-345284199	S2-40817664,S3-614986723
S1-495849267	S2-739307386,S3-606821940,S3-175787219
S1-700580679	S2-499332510,S2-979155176,S2-282074363,S2-109992971,S2-332171627,S3-447398650
S1-176932120	S2-894457466,S2-724734158,S3-377410471
S1-919747472	S2-780174689,S2-426013601
S1-621277579	S2-371148816,S3-964880106,S3-758528674,S3-275816981,S3-320561825,S3-210767976
S1-56379844	S2-462682603,S2-469645778,S3-961356248
S1-696486170	S2-56756838,S3-507327263,S3-131403859
S1-384613260	S2-587950018,S3-456659068,S3-611071810
S1-844125191	S2-666761283,S3-703628796,S3-253111256
S1-708162293	S2-365719099,S3-636255182,S3-349540528,S3-375783713,S3-866796935
S1-145079373	S2-952842038,S3-20244146
S1-257711767	S2-956339691,S2-469394525,S2-703361819,S2-397649097,S3-493889867
S1-469454654	S2-577459479,S2-691239550,S2-611080688,S3-344254775
S1-881975925	S2-185408559,S2-209402576,S2-805018324,S2-941543358,S2-780336214,S3-932738744,S3-667471243,S3-213504036,S3-86323003
S1-283748305	S2-573474632,S2-535159231,S2-50567733,S2-31383505,S2-246036073,S3-975985268,S3-296166606
S1-999640449	S2-437218312,S3-878847015,S3-728528122,S3-969205741
S1-569812275	S2-993782908,S2-335939980,S3-982452113,S3-52535920,S3-254596390
S1-459102297	S2-289048467,S2-864633607,S3-227419296,S3-813223113
S1-720293364	S2-123248235,S2-892615172,S2-193254021,S3-628938456
S1-349172834	S2-138294554,S3-635821701,S3-725830431
S1-826187905	S2-773254781,S2-356520349,S2-68548928,S3-225780129,S3-69805092,S3-32779732,S3-438633986,S3-524557369
S1-525339617	S2-57711187,S2-431431618,S3-201715496
S1-848856665	S2-119888892,S3-165013923
S1-120692894	S2-969476673,S2-148447011,S3-710391615
S1-591651071	S2-611850612,S2-544447658,S2-824447805,S3-508405516
S1-606067014	S2-674743294,S3-683378475,S3-777301938,S3-556244021,S3-525111591
S1-353229508	S2-522153076,S3-608944558,S3-882192012
S1-703017850	S2-758566132,S3-628292525,S3-195426267
S1-155203680	S2-473248186,S2-741847572,S3-819625618,S3-414636781,S3-486016860
S1-635581844	S2-77492938,S2-940705667,S2-73414329,S3-40498539,S3-954056734
S1-800019063	S2-90123690,S3-433788110,S3-810883936
S1-44641303	S2-911265289,S3-942367712
S1-161393703	S2-546427892,S2-609845435,S2-844642922,S2-614071168,S3-442549483,S3-529325686,S3-333847316,S3-671568308
S1-704871	S2-420160556,S2-191224095,S2-868763682,S2-806160046,S3-386633503
S1-103282113	S3-407838611,S3-12050706,S3-872481489
S1-797247386	S2-494728006,S3-225668278,S3-463058849,S3-765639927,S3-711805333
S1-570104985	S2-23259066,S3-46709272,S3-262396571
S1-359872342	S2-446608521,S2-439383796,S3-435235960,S3-60658400
S1-173579575	S2-108322997,S3-435350203,S3-636659925
S1-112653302	S2-864780343,S2-787712558
S1-119465109	S2-541529746,S2-210740855,S2-42001558,S3-571017539,S3-596002175,S3-315923202
S1-688019480	S2-146607506,S2-328948681,S2-213815847,S2-441983128,S3-558905022,S3-537163030
S1-718638503	S2-527892610,S3-981793628,S3-271319151
S1-266980540	S2-690359555,S3-324892583
S1-266993916	S2-998013622,S3-601154951
S1-302359892	S2-114892558,S3-929596903,S3-41697828,S3-884521960
S1-797444123	S2-507979072,S2-875578700,S3-355417724,S3-369967351,S3-160779309
S1-301627893	S2-326220905,S2-921649423,S3-189202363
S1-514617414	S2-107455960,S2-543111845,S3-671709451
S1-257121108	S2-850260834,S3-816273881,S3-261229240
S1-275011493	S2-229296441,S2-594993491,S3-146915414,S3-117167601
S1-695092768	S2-544752155,S2-681944532,S2-723523124,S2-742470277,S3-159956657
S1-998866918	S2-538378202,S3-692808098
S1-954865249	S2-899794514,S2-275784593,S3-337665235,S3-909534765
S1-773538367	S2-66411923,S3-773166185
S1-906861085	S2-653751654,S2-851095627,S3-331178302,S3-116271995,S3-56144907
S1-527267233	S2-974241427,S3-570827328
S1-536316509	S2-324028007,S2-624177186,S2-441787701,S3-636881101
S1-105584288	S2-739419170,S3-903531312,S3-266506075
S1-612190338	S2-143935142,S2-903850709,S2-676395903
S1-964204485	S2-609544385,S2-4384078,S3-625353245,S3-508610031,S3-110398181,S3-345195339,S3-696371428
S1-439244087	S2-432815287,S2-912006300,S3-135968721
S1-748867572	S2-150090208,S2-573190638,S2-631220695,S3-726962279,S3-179178329
S1-116464882	S2-79949439,S2-843113323
S1-496586864	S2-656380507,S2-606714857,S2-773418430,S2-79113561,S2-141043298,S3-93147015
S1-481476603	S2-359748266,S2-201507396,S3-688254573,S3-299065633,S3-882400038
S1-291242586	S2-287973850,S2-408690889
S1-529499592	S2-13371991,S3-537524978
S1-962089277	S2-2712731,S3-192428729
S1-570315625	S2-706009445,S2-972319980,S2-864083458,S2-751560711,S3-853669277,S3-238838797
S1-340274155	S2-603218826,S2-780022670,S3-166059111,S3-211679691,S3-666513637
S1-904573698	S2-881217928,S3-170600959,S3-925261286,S3-727083791
S1-159915089	S2-555288167,S2-567705759,S2-375536185,S3-283581616
S1-804400462	S2-135614873,S2-705064579,S3-72577970,S3-891867452,S3-139721177,S3-826447458
S1-204150759	S2-838322419,S3-425566196
S1-97442156	S2-573632897,S2-887461600,S3-307680027
S1-229635574	S2-22625752,S2-258370429,S2-472819049,S2-305571314
S1-405538054	S2-129160228,S2-916636312,S3-748123612,S3-443685091
S1-236233096	S2-424832780,S2-594022887,S3-312071611,S3-471391239,S3-854054512
S1-973674182	S2-800888462,S2-817678506,S2-7057907,S3-593142009
S1-846810803	S2-117424101,S2-459611751,S3-81791925,S3-48043508,S3-902593244
S1-500881647	S3-890949552,S3-847117456
S1-638278427	S2-184742178,S2-770643662,S3-854244588,S3-86988286
S1-43558349	S2-625382042,S2-725701049,S3-306252250,S3-329976439,S3-932425919,S3-476175670
S1-785209894	S2-746662858,S2-703568004,S3-806967482,S3-861132496
S1-178648	S2-132067916,S3-376394554
S1-204636612	S2-778932097,S3-306181895,S3-526861025
S1-982100586	S2-556849734,S3-350943759,S3-352494566,S3-518606437,S3-700512045,S3-432641902
S1-702132467	S2-213497805,S3-373978933
S1-84502776	S2-491091609,S2-810532807,S3-999531806,S3-823269302,S3-56271032
S1-298660501	S2-27119386,S3-191453552
S1-938674143	S2-742680325,S2-882979925,S3-513194087,S3-262019915
S1-909487481	S2-314170552,S3-783881581
S1-500245191	S2-754362645,S2-468116394,S3-429762274
S1-223740513	S2-681329466,S2-389836608,S2-487796708,S2-781139447,S3-992026981,S3-784679903,S3-910097028,S3-12951318,S3-759860687
S1-573258268	S2-738655564,S3-43782046,S3-711028320
S1-609876883	S2-139476543,S2-62988943,S3-428127690
S1-873307672	S2-704416516,S3-35168770
S1-902986286	S2-652177229,S2-971492374,S2-323712595,S2-564403218,S3-264272810,S3-316313958
S1-102091101	S2-367031852,S2-593416147,S2-75825559,S3-93557488,S3-680169822
S1-863153912	S2-50500212,S3-132283701,S3-796218992
S1-645653586	S2-775222426,S3-513232499,S3-731530655,S3-126300494
S1-206017073	S2-610579648,S2-278856325,S2-591866273,S3-286511342
S1-822419740	S2-814811149,S2-946103461,S3-480682616,S3-618163875,S3-504587373,S3-836936186
S1-488391685	S2-87398163,S2-828176447,S2-318713741,S3-595810662,S3-737771515,S3-912828546
S1-167517898	S2-189822665,S2-285567813,S3-869157840
S1-346651539	S2-527008373,S3-511633550,S3-321140790,S3-455937667
S1-148411503	S3-334271081,S3-93045569
S1-197764114	S2-806214343,S2-529734975,S2-848437857,S2-590757045,S3-234608930
S1-164408524	S2-401823897,S2-860195171,S2-631481358,S2-164678591,S3-108208058
S1-774234283	S2-444557726,S2-855087592,S3-632824856
S1-474309173	S2-138431218,S2-497576210,S2-856908896,S2-284470981,S3-995506466
S1-176797928	S2-322726324,S3-997305578
S1-118945540	S2-341218715,S3-733471693
S1-442592635	S3-380829605,S3-820079685
S1-757605417	S2-879074169,S2-545695605,S3-673511953,S3-166077395,S3-894354212
S1-161210477	S2-146267934,S2-835327871,S3-796372371,S3-713589752
S1-879968622	S2-810451455,S2-218136223,S3-119458293
S1-8034372	S2-291103275,S3-43066534,S3-966509078
S1-275874098	S2-589333091,S2-773303811,S3-458754,S3-359212117
S1-157325173	S2-253283551,S2-546203936,S3-947045349
S1-232145085	S2-277995537,S3-211566081
S1-1165275	S2-731570846,S2-48454097,S3-406814373,S3-210168060
S1-660981610	S2-818475948,S2-859481901,S2-864880729,S2-459822915,S3-489858824
S1-821843581	S2-763844014,S2-591706423,S2-989239611,S3-716172210,S3-715156107
S1-699197415	S2-10216405,S2-800149317,S2-874059572,S3-740472510
S1-748302576	S2-615033468,S2-459891692
S1-112499490	S2-434040216,S2-392842555
S1-856412054	S2-663179759,S2-558963228,S2-73968015,S3-472924679,S3-959620541,S3-695225764,S3-480161421
S1-672490012	S2-440329156,S3-355042242
S1-874385641	S2-855394991,S2-893261905,S3-756451741,S3-782054442
S1-654976359	S2-788449312,S3-17599358
S1-615677652	S2-783643718,S2-68410987,S3-9480297
S1-618670663	S2-29159157,S2-178129629,S2-806097029,S3-59283623,S3-932929290,S3-162350635
S1-101517957	S2-286522177,S2-503544367,S3-278229182,S3-279929481
S1-557696715	S2-825468128,S2-87260377,S2-65281683,S3-969348254,S3-253269753,S3-90431528
S1-798133204	S2-497754146,S2-392045698,S2-595759733,S2-910780016,S3-614049572,S3-496246374,S3-752046607
S1-842924813	S2-279094464,S3-807076009,S3-959277871
S1-941915589	S2-419280081,S3-602382850
S1-334962472	S2-459594203,S3-645694632
S1-480112567	S2-618637016,S3-851429057
S1-148340610	S2-153809476,S2-556591877,S3-587891083,S3-842240892
S1-664563611	S2-511462087,S2-902874310,S3-145851122,S3-592614356,S3-206817568,S3-404558423
S1-985154847	S2-954056510,S3-192108486
S1-129562034	S2-817877566,S3-674465778
S1-281278815	S2-800405651,S2-425947886,S3-318844035
S1-763743580	S2-450829271,S2-304996037,S2-45757169,S2-267012080,S3-83680161,S3-174224853,S3-954456146
S1-74716352	S2-765406956,S3-642333956
S1-124734024	S2-444051841,S3-292419154
S1-736551766	S2-35177511,S2-505674671,S3-219303966,S3-578038508
S1-780108414	S2-843806100,S3-979894895,S3-537531897
S1-821752008	S2-923614179,S2-618167844,S3-319304484
S1-922815126	S2-3447689,S2-973724108,S3-209109555,S3-199520108
S1-458576376	S2-925984,S3-803027286,S3-315833465,S3-576563820,S3-775225691
S1-533626648	S2-603001704,S3-707962718
S1-866588555	S2-807998608,S2-942650500,S2-727314204,S2-384014145,S2-595480876,S3-566453289,S3-710449716,S3-111792094,S3-211152204,S3-75175282
S1-594421286	S2-71141407,S3-67633476,S3-651445077,S3-999819814
S1-309831227	S3-64021872,S3-929954838
S1-240965415	S2-46800430,S3-230965713,S3-824969710,S3-464994725,S3-175614369
S1-287899069	S2-95864451,S3-394850053,S3-706989873
S1-865858862	S2-745463556,S2-666608925,S3-742264586,S3-522239557,S3-71407480,S3-960044071
S1-751558368	S2-86413019,S3-670647551,S3-924775103,S3-626325032,S3-604877780
S1-566345148	S2-224260377,S2-337858880,S3-181845255,S3-529456910
S1-261052276	S2-313465902,S2-353493312,S2-299469408,S3-47149916
S1-693761564	S2-692579233,S3-242856327,S3-470632929
S1-286101444	S2-478435478,S2-79917819,S2-982780815,S3-800957565
S1-732625514	S2-578514204,S2-665270523,S3-458539363,S3-517631954,S3-354629091
S1-31951970	S2-565661049,S2-651572597,S3-410545229
S1-226625920	S2-464742461,S2-245380067,S3-299904647
S1-644578914	S2-314176741,S3-902528324,S3-119324753
S1-208976230	S2-491923110,S3-952164145,S3-225949551
S1-421584794	S2-737319675,S3-893866678,S3-394652674
S1-901584216	S2-716996256,S2-695405002,S2-789060440,S3-605367650,S3-33973220,S3-482171428
S1-296316093	S2-740488137,S3-226279188,S3-994176444
S1-734244261	S2-688986540,S2-960268782,S2-299758255
S1-651252701	S2-863607463,S2-374521882,S3-739051827
S1-978465750	S2-985490983,S2-265565770,S2-986230933,S3-839106831
S1-300757769	S2-899045816,S2-827600737,S3-864357872,S3-286592569
S1-820754305	S2-760452067,S2-736806078,S2-101962615,S3-308554863,S3-991237168
S1-779888899	S3-472191691,S3-484632241,S3-827920897
S1-568987203	S2-333945289,S2-906185943,S3-82141734,S3-598640604
S1-779132714	S2-707351178,S3-929252001
S1-261794151	S2-601307432,S2-70533574,S2-79677167,S3-950096398
S1-470514561	S2-593260460,S2-438110243,S2-259674113,S3-307664706,S3-552095584
S1-138393234	S2-780790683,S3-40968426
S1-328937297	S2-943326814,S2-458368962,S3-705666117,S3-824091821,S3-351967191
S1-57823161	S2-473650609,S2-78297962,S3-109111983
S1-528515735	S2-100094502,S3-658007650
S1-783150481	S2-899938465,S2-475549379,S2-460299662,S3-401703291
S1-759896417	S2-455502165,S3-798222211,S3-830502298,S3-721593978,S3-392433743
S1-494973857	S2-321886928,S3-775505207,S3-7396356
S1-612119155	S2-907593832,S3-929306836,S3-602067515
S1-934562087	S2-380681409,S2-541127666,S3-590583033,S3-549751995
S1-993773290	S2-957800577,S2-394751739,S2-950757228,S2-594217907,S3-258465453,S3-108081978,S3-453624472,S3-31675093
S1-261832575	S2-806805510,S2-452550001,S2-711289444,S2-645380054,S3-368680110,S3-393437563
S1-873570994	S2-554035215,S3-230182370,S3-332865840
S1-92578335	S2-533468492,S2-546260623,S3-663523646,S3-316510865,S3-184790628
S1-365299224	S2-175380874,S2-352615859,S2-841966633,S3-932155454
S1-607537298	S2-827629079,S2-496223308,S3-980389775
S1-147603340	S2-582336210,S2-197483125,S3-574572347,S3-629631034
S1-828583105	S2-881668068,S2-579233646,S2-469914775,S3-39594111
S1-714970936	S2-34621136,S3-405240115
S1-494210636	S2-24034094,S2-920627193,S3-193752657
S1-866446514	S2-704112052,S3-491085247,S3-411520816
S1-663564280	S2-12214411,S3-818390542
S1-296898665	S2-204963666,S3-597677197
S1-76738019	S2-125987118,S3-633228783,S3-131930673
S1-692096873	S2-397660740,S2-92420273,S3-234079848,S3-383146873,S3-807637690
S1-450162563	S2-560772312,S2-788452819,S2-479921887,S3-804908120,S3-706403211
S1-415540515	S2-733269090,S2-157910290,S3-386994450
S1-428567312	S2-304441808,S2-989609738,S2-606054220,S3-716104805,S3-679370758
S1-513102803	S2-320005996,S3-862486575,S3-541197549
S1-176109756	S2-571655776,S3-910422411
S1-192730312	S2-664646604,S2-579896582,S2-753656818,S3-347263225
S1-308813056	S2-470879616,S2-190930930,S3-952487182
S1-931837446	S3-382463366,S3-74705257,S3-9869791
S1-581729783	S2-603736654,S3-523338293,S3-824886197
S1-921012105	S2-514055062,S2-438908348,S3-754061152,S3-230622060
S1-169551970	S3-985890812,S3-754161998
S1-730307892	S2-823452724,S3-525891837,S3-218158320,S3-626560292
S1-583100399	S2-116624527,S2-205121409,S2-792479698,S3-214108183,S3-357320180,S3-751897836
S1-223278959	S2-124473411,S2-796411276,S3-934173242
S1-313048001	S2-689975975,S2-218574596,S3-35117251
S1-135624348	S2-386451786,S3-846537360
S1-130390139	S3-745911772,S3-493297976,S3-464321643
S1-515261501	S2-208964751,S2-97812511,S3-168866351,S3-453002079
S1-100142910	S2-912120904,S2-149580413,S3-833595708,S3-486315298
S1-375209496	S2-232080169,S2-627387281,S3-61089935,S3-468460606
S1-516727295	S2-569677546,S3-378678845,S3-684280313
S1-746459792	S2-1556534,S3-262702037
S1-114522194	S2-704136869,S2-806069817,S2-980914382,S3-680372962,S3-58428624
S1-801234674	S2-751305023,S2-988539833,S2-947985237,S3-601968837
S1-399398957	S2-678679511,S2-946647451,S2-345589507,S2-895807137,S3-233621237
S1-508245095	S2-725181687,S3-625529739
S1-353737687	S2-258282730,S2-981875999,S3-186895376,S3-914071843,S3-669445243,S3-965831826,S3-40210631
S1-878721935	S2-579006825,S2-357852073
S1-714554324	S2-245269119,S2-50581814,S2-898288556,S2-409645433,S2-813397750,S3-69304132
S1-255904943	S2-546992368,S3-624193339
S1-32014481	S2-228099288,S3-280784473
S1-366375530	S2-97510255,S3-62604209,S3-421544358,S3-259758911
S1-580336215	S3-342998414,S3-589852082
S1-755680504	S2-727118937,S2-213922819,S3-777557491
S1-763372827	S2-454779485,S2-588645969,S2-33046165,S2-914604040,S2-863222876,S3-380884596,S3-141258827,S3-848434372,S3-843071706
S1-647911802	S2-511362758,S2-949065579
S1-61746594	S2-239177270,S2-726847692,S3-105768812,S3-770930160,S3-202090768,S3-576330541,S3-191052845
S1-970556164	S2-312302890,S3-878085850,S3-585393185
S1-198397233	S2-726874183,S2-324799275,S3-36566227,S3-371924449
S1-116652221	S2-264083775,S2-963232312,S3-703124805,S3-175685225
S1-174352949	S2-808234983,S2-959199900,S2-99542710,S3-432600526
S1-915446690	S2-213101586,S2-353554345,S3-573989284,S3-181601505
S1-920756296	S2-933250815,S2-348056823,S2-255968079,S3-696126732,S3-252508087
S1-696004468	S2-13298732,S3-342949569
S1-609734194	S2-9440505,S3-867504561,S3-114394704
S1-865421286	S2-355035164,S2-521198423,S2-358421132,S2-213252847,S3-669805208,S3-389235840,S3-990897785,S3-845305090,S3-466664803
S1-40970775	S2-428797931,S2-475618120,S3-835146943,S3-254710494
S1-818097779	S3-913537621,S3-326057241
S1-390672369	S2-10114433,S2-419302309,S2-285868924,S3-401708382,S3-608218531
S1-179229238	S2-637297239,S3-39494066
S1-759723936	S2-211364433,S3-87070712,S3-227388333,S3-718924927
S1-936253041	S2-39067195,S3-264400088,S3-228163903,S3-358789164
S1-75352794	S2-141483896,S3-617237967,S3-20661805
S1-185764500	S2-162562633,S2-436678777,S2-844136136,S3-190047006
S1-784061849	S2-922818323,S3-374130851
S1-820485526	S2-846343843,S2-42076970,S2-31723242,S3-91951995,S3-532525681,S3-809578209
S1-464878013	S2-695674640,S3-390273966
S1-351742266	S2-743504952,S2-644248100,S3-397223530
S1-230661686	S2-883416730,S2-687724454,S3-665066700,S3-301104334
S1-502891081	S2-772869327,S2-467702088,S3-286808824,S3-357114245,S3-850563723,S3-768020726
S1-658499925	S2-6750763,S2-499224660,S3-978607467,S3-207225865
S1-912329291	S2-498730059,S2-418807162,S3-13770176
S1-853049793	S2-566045450,S2-503263526,S3-291722898,S3-265954804,S3-256984510,S3-404422075
S1-222618678	S2-176565696,S2-437507119,S2-156803077,S3-882968587,S3-705262271,S3-41151584,S3-164244053
S1-25496671	S3-723544500,S3-79364789
S1-328457144	S2-467041007,S3-630068495,S3-931909927
S1-535299905	S2-379944058,S3-812469525,S3-225184504,S3-266723302
S1-866946030	S2-982832010,S2-487224413,S2-226941659,S3-654713194
S1-377184379	S2-467915130,S2-336537680
S1-481277894	S2-286869222,S3-238142733,S3-22920409,S3-590487249,S3-490195589
S1-780452963	S2-337073652,S2-952056283,S2-817251871,S3-218516499,S3-331186464,S3-266145361
S1-201383080	S3-897850055,S3-315162452
S1-335932341	S2-67692770,S3-487828900,S3-406025772
S1-899864829	S2-145103782,S2-811837191
S1-643528494	S2-384343931,S3-447385026
S1-499942377	S2-221173251,S2-915779231,S3-620397191,S3-245891814,S3-714803280
S1-523314575	S2-503239673,S2-772510495,S3-966294755
S1-503324578	S2-566113475,S2-197757296,S3-816152530,S3-257547868,S3-810367534
S1-402092878	S2-765210575,S2-722833496,S2-78871880,S3-298805575
S1-223449144	S2-808365522,S2-486912859
S1-563634760	S2-326885519,S3-830751604,S3-933163124
S1-110001673	S2-320651609,S2-67258327,S2-580086761,S3-923363513,S3-185814697,S3-193477201
S1-399343839	S3-218354543,S3-646240111,S3-204824491,S3-524365970
S1-122939420	S2-490233619,S2-927180210,S2-894898746,S3-546386084,S3-154634202,S3-820391878
S1-20327522	S2-732428643,S3-413264041,S3-649758999,S3-104448525,S3-852349866
S1-280614261	S2-514496510,S2-167910471,S2-530659160,S2-744937107,S3-813821589,S3-470281164
S1-434327293	S2-415226444,S2-705144202,S3-372319910,S3-735154498,S3-45413591
S1-739616504	S2-562422640,S3-231616236
S1-317523591	S2-575700977,S2-275176531,S2-991748958,S3-607977872
S1-827764099	S2-746375076,S2-939993306,S2-871704404,S2-166878445
S1-959344702	S2-739521234,S2-397523550,S3-675928854
S1-168673728	S2-348139971,S2-102763298,S3-294796281,S3-381419270
S1-409354122	S2-961076309,S2-518865834,S3-273928088,S3-799973009
S1-746856579	S2-815473251,S2-590057246,S3-629591505,S3-399964584
S1-525429309	S2-937766706,S3-126906356
S1-372552482	S2-917151051,S3-994557544,S3-69697481
S1-320717359	S2-205098222,S2-488998047,S2-382477526,S3-35019110,S3-629263687
S1-585055390	S2-472102808,S3-877062045,S3-447868737
S1-579893060	S2-456308855,S3-953913156,S3-574085535
S1-395517736	S2-399146459,S2-713466879,S3-473963914
S1-160655727	S2-270114678,S2-467804262,S2-571903700,S3-590488497,S3-915217651,S3-99175698
S1-722288325	S2-472547386,S3-943966850,S3-638419152
S1-244182322	S2-453540456,S2-65772515,S3-55986775
S1-263271702	S2-862984068,S3-707185317
S1-308577226	S2-881237438,S3-223779802
S1-441329473	S2-879623571,S2-704505721,S3-24384099
S1-211311427	S2-594287816,S2-380474456,S3-294952560
S1-289857331	S2-954579398,S3-93664826
S1-424899409	S2-910789199,S3-702538085,S3-226813257
S1-42421240	S2-944340535,S2-941343023,S2-362056650,S3-165561189,S3-955518282,S3-409120785
S1-716817406	S2-56126346,S2-747377444,S3-504383991
S1-982721459	S2-227476457,S2-349159301,S3-892075506,S3-960861361
S1-916276074	S2-658671593,S3-349560014,S3-832348936
S1-413626821	S2-280360280,S3-120101587,S3-501167607
S1-511179543	S2-133669154,S2-30349749,S2-429492535,S3-180240389,S3-914871380,S3-788384647
S1-303325985	S2-147457352,S2-30956196,S3-204280491,S3-415122730
S1-452711794	S2-678293778,S2-624478313,S3-212952554,S3-317884935
S1-832676161	S2-129992795,S2-127733508,S3-861597579,S3-606892054,S3-843290878,S3-76867120
S1-324591537	S2-274005206,S3-164441886,S3-959771402
S1-999947635	S2-425857458,S2-239257253,S3-746414882,S3-599480352,S3-420685466
S1-544810306	S2-520756024,S2-240338478,S2-107745024,S3-903819247
S1-725291199	S2-586941823,S2-501032792,S2-691076413,S3-632958730
S1-77610264	S2-633534339,S3-109343886
S1-380578602	S2-702673076,S2-940636244,S3-94851906,S3-794286723,S3-792542947,S3-434715457
S1-99150835	S2-318913524,S2-908708208,S3-856884140
S1-765477557	S2-841284710,S2-76657750,S3-14656719
S1-920311986	S2-234889666,S2-367560556,S3-247614394,S3-581811102
S1-669922898	S2-856631621,S3-611356919
S1-347753629	S2-900671088,S2-574830169,S2-11302812,S3-443711871,S3-544091313
S1-447874228	S2-606560876,S2-386954877,S2-832123852,S3-838170710,S3-253598761
S1-283429117	S2-998811063,S2-741376263,S2-847544465,S3-7969895
S1-674830961	S2-59812610,S2-974071685,S3-363502417,S3-228604158
S1-199745925	S2-854619634,S3-807122082
S1-979253329	S3-63328033,S3-570361874,S3-381040807,S3-152378881
S1-151244892	S2-219739800,S2-103760258,S2-965464624,S3-720872616,S3-282730738,S3-484295068,S3-52220643
S1-713894505	S2-634667330,S2-1478011,S3-863147177
S1-820646949	S2-29806757,S3-993370999
S1-976352024	S2-191338224,S3-598685359
S1-226729228	S2-56529396,S3-97602193
S1-205155720	S2-245375913,S3-708447420,S3-98669305,S3-188695302
S1-904460082	S3-2913696,S3-732512385,S3-477694158
S1-369533506	S2-381579838,S3-592760107
S1-442254819	S2-239883155,S2-536473178,S3-557817868,S3-364657940
S1-801089140	S2-430018925,S2-865426850,S3-806873993
S1-405595466	S2-647924085,S3-20082697,S3-335533241,S3-710772748,S3-352807288
S1-30580031	S2-772168729,S3-437809023
S1-262784900	S2-525062627,S3-507692627
S1-73223096	S2-980193708,S2-883755452,S3-519646230,S3-870728388
S1-701401531	S2-787237052,S2-218843122,S2-68347814
S1-169255246	S2-254656392,S2-874049046,S2-107307768,S3-846777942,S3-504582236
S1-588945248	S2-692438076,S2-628723140,S3-537313363,S3-801912977
S1-197210577	S2-290185713,S2-911699163,S2-942599996,S2-101639944,S3-21843964
S1-249283642	S2-369854891,S3-418075079,S3-109067899,S3-869547386
S1-392624710	S2-998668252,S2-292108160,S2-460012902,S3-970472670,S3-454568401,S3-373947633
S1-54263482	S2-546603061,S2-284312306,S3-214171994,S3-369594791
S1-536598707	S2-552535402,S2-641195031,S3-878868076
S1-263144747	S2-66450917,S3-133935773
S1-880858825	S2-330671213,S2-328802825,S2-979211829,S3-701916012,S3-375250150
S1-361100518	S3-762977532,S3-542476470
S1-851207556	S2-482090418,S3-967911047,S3-686070613
S1-875152958	S2-626653940,S2-294223529,S3-810573110,S3-763010955
S1-5986518	S2-676585294,S2-19950249,S2-168482526,S3-364705706,S3-763411646
S1-195921920	S2-361653040,S2-614734698,S2-921365931,S3-4844714
S1-695562524	S2-927781530,S2-761922285,S2-248074557,S2-555836218,S2-163289220,S3-690434124,S3-289199271
S1-506731404	S2-994962647,S2-728039504,S2-316735515,S3-594046608,S3-755243278,S3-897266244,S3-398323220
S1-51347080	S2-201370716,S2-991298836,S2-245325603,S3-473165351,S3-247416681,S3-472875986
S1-545849644	S2-655098847,S3-350028983,S3-330418786,S3-710969708,S3-365590663
S1-233091103	S2-56992154,S3-426595653,S3-952424068,S3-777521731
S1-393850673	S2-762525558,S3-210951342
S1-752289837	S2-68033522,S3-217766784,S3-427133541,S3-934609775,S3-541394927
S1-778252516	S2-684507827,S2-637859745,S2-122659148,S3-211634414,S3-230471190,S3-110239909
S1-183091448	S3-737306960,S3-781563633
S1-975216975	S2-893020976,S2-50637387,S3-885090575
S1-606343531	S2-986747734,S3-83984165
S1-596265179	S2-929967402,S3-479005908,S3-571657951
S1-26981153	S2-135606074,S3-224521028,S3-234140949,S3-183407421
S1-164991625	S2-655251182,S2-397656982,S3-132536967
S1-205072396	S2-805647195,S2-925495133,S3-836924171
S1-979649303	S2-584782704,S2-654916309,S3-999514067,S3-680163583
S1-904259220	S2-571998631,S2-87208463,S3-252855123,S3-172389768
S1-14627843	S2-895603636,S3-122873878,S3-7238580,S3-682768577
S1-567858861	S2-207342618,S3-863295256,S3-336151286
S1-291236916	S2-772122092,S2-433286482,S3-495703900,S3-808353289
S1-716504035	S2-978412903,S2-771767804,S3-690818545
S1-371669719	S2-693723382,S2-414596831,S2-694240140,S3-510728815,S3-274508137,S3-993924970,S3-765753508
S1-929213048	S2-681597426,S3-370381586
S1-53298814	S2-762698882,S2-399016830,S2-58647214,S3-36171145
S1-56784184	S2-260375712,S2-97987034,S3-503420075
S1-119040794	S2-307642623,S3-103338762,S3-35291960
S1-379931487	S2-322756977,S2-861861976,S3-827013282
S1-812460495	S2-841793497,S2-464352720,S3-315302915,S3-617477083,S3-646861631,S3-357486780
S1-294507294	S2-704003834,S2-308599227,S2-677009963,S3-998634281
S1-100405118	S2-784364937,S2-542066303
S1-2827249	S2-210626870,S3-97640619,S3-175589313
S1-422374110	S2-8902916,S2-779642030,S3-860471778,S3-949016210
S1-49316621	S3-709969277,S3-90244739
S1-611449158	S2-62122944,S3-371038343,S3-858287822,S3-698616467,S3-182840837,S3-479649885,S3-580065581
S1-207313966	S2-874605545,S2-520154586,S3-932124521,S3-729965336,S3-432198277
S1-530579518	S2-649102482,S3-982873049,S3-639595521,S3-111585449
S1-134340520	S2-489031096,S3-104657379
S1-529797025	S2-487829024,S3-198717440,S3-459189220
S1-863441943	S2-124156200,S3-263735940,S3-459020189
S1-660876754	S2-475533453,S2-894318623,S3-581681029,S3-500682531,S3-89242221,S3-713126876,S3-666793850
S1-226652077	S2-693679218,S2-973742936,S3-775198563,S3-357198138,S3-692772163
S1-84498572	S2-117593666,S3-927359380
S1-870796649	S2-957513447,S2-783368061,S2-129466996,S3-573297332,S3-845245161,S3-654419791,S3-149053267
S1-278908726	S2-812394498,S2-601102635,S2-512155035,S3-644740093
S1-732448769	S2-711867803,S3-458909577,S3-445812733,S3-843624493,S3-341732014
S1-628977626	S2-934100130,S2-138561799,S2-786153364,S2-883781994,S3-434520617
S1-129935670	S2-370073350,S2-135198320,S3-419419019
S1-353053241	S2-179050795,S2-897301723,S3-934295523,S3-810651260
S1-833794127	S2-575642415,S3-73451578,S3-812181405
S1-124698024	S2-849910331,S2-106053385,S2-463528199,S2-55588413,S3-374668113,S3-367052269,S3-626996314
S1-634653424	S2-971075090,S2-56913385,S3-638694888
S1-852165366	S2-671380982,S2-192787282,S3-869794061
S1-196946885	S2-6534690,S2-846872348,S3-349914327
S1-825209472	S2-893837824,S3-747770147,S3-412550729,S3-898947741
S1-233834504	S2-208806463,S2-552884788
S1-816789578	S2-165745244,S2-816648126,S3-274602034
S1-789201500	S2-813232350,S2-77120401,S2-369966043,S3-772108078,S3-676050959
S1-134273657	S2-456071542,S2-77822927,S3-753051434,S3-409578962,S3-821796369
S1-873620240	S3-892533951,S3-703698943
S1-414286380	S2-288883352,S2-301953515,S3-170030342
S1-456571393	S2-211260156,S2-914020398,S3-975767301,S3-574887147
S1-126717985	S2-820579166,S2-404303681,S3-654209911,S3-963032525,S3-977015741
S1-962013472	S2-928853829,S2-608497451,S3-861593480
S1-685806421	S2-762134984,S2-402944680,S2-790184208,S2-446951415,S3-82965847
S1-421563199	S2-469644885,S3-627664312,S3-573375145
S1-149225160	S2-40285234,S2-163859750,S3-817832740,S3-416676154,S3-586348590,S3-677952634
S1-47177054	S2-101071823,S2-951953355,S2-675896366,S3-263720678,S3-273408868,S3-402653265
S1-581901297	S2-490293828,S3-482191763,S3-854145956,S3-372571974
S1-989660797	S2-758758668,S3-868771372,S3-360377681
S1-702796758	S2-593739792,S2-666243704,S3-453098996,S3-635363273
S1-171164804	S2-574062959,S3-512233131,S3-252992324,S3-486985382,S3-559189801
S1-25003290	S2-623808535,S3-108261455
S1-132924212	S2-456129184,S2-352983711,S2-239329001,S3-933363497
S1-375922946	S2-817388948,S2-285639065,S3-142197156
S1-798648917	S2-231952636,S2-767795324,S2-558980109,S2-855273262,S3-197955030,S3-554956558
S1-599381099	S2-930208037,S3-845433968,S3-780482295,S3-771117293,S3-24245254
S1-798997869	S2-372118752,S2-488094973,S2-241986514,S3-786194582
S1-124355507	S2-115817164,S2-89300508,S2-244539596,S3-651376464,S3-480889218
S1-237084960	S2-24448407,S2-804384503,S3-131955302,S3-409543517
S1-438410828	S2-872235408,S2-121124225,S2-400055669,S3-692262214,S3-313410637
S1-27105890	S2-637135815,S3-159703944
S1-649857324	S2-216646090,S2-519898091,S3-487789213,S3-49377686
S1-559702089	S2-330996205,S3-820520707
S1-935082683	S2-331992322,S3-227249436,S3-798304680,S3-460228336
S1-816840070	S2-558048307,S2-555203016,S3-852741230,S3-311954327,S3-106248166,S3-322250538
S1-766922106	S2-901667594,S2-247403695
S1-500673729	S2-302777498,S3-689563696,S3-286491244
S1-623980154	S2-584716837,S2-660367458,S3-482148230,S3-932860565
S1-842072771	S2-406117533,S3-254961175
S1-65215713	S2-342237135,S2-14928539,S3-428672033,S3-952591063,S3-363509779
S1-129505936	S2-909544370,S3-593189407
S1-76109382	S2-704144900,S2-458268450,S2-819562042,S3-19429292,S3-226978819,S3-382427572
S1-673288121	S2-326092984,S2-475775904,S3-735840057,S3-674969396
S1-130660279	S2-33229760,S3-510321918
S1-711905896	S2-863400792,S3-125516415,S3-342845764,S3-530105005
S1-367565480	S2-579882990,S3-36613561
S1-675451229	S2-280167524,S3-711368888,S3-16600648
S1-945556416	S3-902093153,S3-821312184,S3-44206761
S1-555706559	S2-209396127,S3-616789739,S3-104287761
S1-980359501	S2-895549619,S2-461711460,S2-876735993,S2-704707163,S3-542942032
S1-842744785	S2-473432638,S3-872662095
S1-733760690	S2-148094911,S3-475430326,S3-879336994
S1-231358653	S2-158367826,S3-422299467,S3-633041328,S3-889709726
S1-813957725	S2-899592732,S2-791500072,S2-215122322
S1-315709243	S2-432726149,S3-78851463,S3-718222802,S3-789361045
S1-787472042	S2-36688556,S3-612910183,S3-305504604
S1-200655767	S2-731429059,S2-362809656,S2-983815703,S3-216126928,S3-796836190,S3-671437
S1-534361688	S2-329001459,S2-678085336,S3-369063253,S3-258912352
S1-360927808	S2-473863097,S2-324352570,S2-475787768,S3-492141052,S3-402758065,S3-860399698
S1-824239016	S2-105983447,S2-428503068,S3-599921350,S3-373846510,S3-566453140
S1-292262999	S2-860937990,S2-944402382,S2-345265779,S3-274291613,S3-136712744
S1-109152545	S2-277714342,S3-629951449,S3-802563105,S3-274780752
S1-414371672	S2-179734249,S3-2855894,S3-368178832
S1-872254369	S2-793788471,S3-685450278,S3-76531120
S1-120028521	S2-809438098,S3-250760951,S3-407267052
S1-614591954	S2-928530723,S2-813927242,S3-702366846,S3-12511131,S3-535365777
S1-407502380	S2-657720294,S3-289711518,S3-799681559,S3-286529768,S3-763489705
S1-555515028	S2-932744895,S2-188957956,S2-172927488,S3-664999189
S1-641829782	S2-919300009,S3-394960193,S3-814746404
S1-495945260	S2-719523180,S2-362503644,S3-140040528,S3-343818604
S1-525307621	S2-37221116,S3-561690057,S3-740487436,S3-26746069
S1-188101967	S2-780763197,S2-636614667,S3-170205324
S1-788654807	S2-232460722,S2-690663010,S2-419852060,S2-738582835,S2-954756646,S3-787958631
S1-308163127	S2-817437961,S3-757464394
S1-108997719	S3-838145168,S3-571051122,S3-640388758
S1-191785263	S2-588772897,S3-389165524
S1-774113050	S2-12402186,S2-559145163,S3-419369591
S1-714463630	S2-213664622,S2-421815415,S2-320581852,S3-894084203,S3-132548399
S1-802347849	S2-80692725,S2-126256200,S3-825928201,S3-417675108
S1-949178788	S2-177737180,S3-508388303,S3-236390602,S3-233622717
S1-694222193	S2-701126432,S2-771872770,S3-354976978,S3-12118200
S1-305474425	S2-787791301,S2-233199075,S3-824061630
S1-214043758	S2-793352488,S2-589664977,S3-743252666,S3-59123018
S1-838048712	S2-63832258,S2-575571555,S3-763697333,S3-329038666,S3-751787076,S3-528517515
S1-993092866	S3-748610458,S3-499946130
S1-839332671	S2-560620906,S2-161297196,S2-124628170,S3-982716499,S3-617085376,S3-189653542
S1-553949051	S3-714861054,S3-553496875
S1-34193802	S2-288837133,S3-953084163,S3-564585207,S3-707355355
S1-88476453	S2-129320606,S2-269117559,S3-636345890
S1-193155171	S2-532681316,S2-930865497,S2-18855851,S2-291497112,S3-993672845
S1-141856057	S2-461187266,S3-702652639,S3-247057459
S1-374736774	S2-605799151,S3-104075008
S1-479697694	S2-208701502,S2-968591741,S3-921913854,S3-325304742,S3-808881522
S1-174143353	S2-710522377,S3-686327063,S3-738760458
S1-386370481	S2-52224235,S2-848207226,S3-499074592,S3-212153819
S1-563011909	S2-89213945,S3-72753723,S3-544609900
S1-98313441	S2-91434844,S2-521270915,S2-932988475,S3-37111703,S3-61888222,S3-427703088,S3-617763222
S1-927488407	S2-912347987,S3-523308556,S3-691631448
S1-504482948	S2-35934447,S2-977293451,S2-297724768,S2-400364673,S2-570199322,S3-322880686,S3-492054293,S3-94020353
S1-700405412	S2-265410401,S2-304267489,S3-972758005,S3-227346673
S1-328497075	S2-647751652,S2-882798930,S2-801595803
S1-416615336	S2-876257322,S2-61819059,S2-455639790,S2-549595554,S2-718832871,S3-936886901
S1-160043387	S2-54078306,S2-524880891,S2-498817562,S3-517087137
S1-673599972	S2-913310766,S2-983607331,S2-631053315,S2-956433611
S1-600568183	S2-959144700,S3-987093706,S3-453590357,S3-5446333
S1-586183589	S2-651188029,S2-977961560,S2-795026981,S3-200105119
S1-728243108	S2-682479936,S2-2399226,S2-746132280,S3-826749766,S3-118715318
S1-626674491	S2-847003433,S3-776398358,S3-507839490,S3-339204766,S3-843299315,S3-783497922
S1-343578731	S2-123023181,S3-404213322,S3-841519752,S3-550115875
S1-230456344	S2-56975659,S3-947881600
S1-692176508	S2-537470467,S3-715790945,S3-337800804
S1-456055507	S2-784401853,S2-358214504,S2-339622619,S3-965258337,S3-272352373
S1-509510511	S2-935379447,S2-973213013,S3-235570537,S3-513164769
S1-962033114	S2-876466072,S3-840414276
S1-885793803	S2-730225391,S3-991697582,S3-275457571,S3-958709483
S1-228738165	S2-749471299,S3-793082860,S3-482237841
S1-195338563	S2-285683180,S2-187810757,S2-613222760,S3-803265905
S1-264870869	S2-46610893,S2-109702181,S3-740574716,S3-458257788
S1-297218362	S2-824060876,S3-12646937,S3-110380968
S1-265087895	S2-691655420,S2-76664461,S3-371238428
S1-469206982	S2-229919087,S2-382409608,S2-403484263,S3-159646455,S3-312539202
S1-873880824	S2-798887192,S3-686674411,S3-326273860,S3-306200418
S1-671273977	S2-502795234,S3-251674547,S3-771355101
S1-261605972	S2-958845957,S3-335326144
S1-434364254	S2-86025368,S2-570719348,S2-231770559,S3-536583876,S3-768418206,S3-514537764,S3-945428663
S1-339345041	S2-621600391,S3-147608525,S3-256657173,S3-163518304
S1-880760646	S2-581945086,S2-350379521,S3-52095176,S3-755292822
S1-99051191	S2-74525317,S3-820495225
S1-347612124	S2-434495604,S3-946878554,S3-977792388,S3-28450549
S1-617538950	S2-145572703,S2-968012120,S3-449164341,S3-351557701,S3-672903674
S1-447458388	S3-978575732,S3-751083550,S3-627341050
S1-857210288	S3-308917956,S3-404330194,S3-294977566
S1-707392622	S2-899551690,S2-460917594,S3-496711129
S1-228375707	S2-764093534,S3-250409832
S1-685340335	S2-252561501,S2-575888385,S2-172540202,S2-98693295,S3-104226974,S3-869688316,S3-935123858
S1-887219966	S2-935471023,S3-414680126
S1-712206432	S2-96771348,S2-595101282,S3-239672515,S3-622024672,S3-780710899,S3-935303296
S1-467866587	S2-209021085,S3-882423124
S1-725555231	S2-216768813,S3-626458417,S3-384048250
S1-994198983	S2-343640523,S2-885622368,S2-626624667,S3-851703144,S3-29139017
S1-422897902	S2-310621605,S3-915359341,S3-248838234
S1-18422156	S2-203529876,S2-616947955,S2-554554958,S3-476063862
S1-233512154	S2-316309640,S2-661186993,S2-550294779,S3-730428662,S3-520968908
S1-871700728	S3-247473347,S3-359738642
S1-903491913	S2-608584889,S2-973367272,S2-257047352,S3-467257511,S3-685000768
S1-487479551	S2-15025032,S3-82843790,S3-333172964,S3-688700992
S1-828293885	S2-233335816,S2-761879674,S2-860426108,S3-68537224
S1-656513892	S2-847043633,S3-78199043,S3-693266481,S3-502121319,S3-464936618
S1-226025994	S2-104912991,S2-852473253,S2-850124212,S2-135733559,S3-991636412
S1-896320085	S2-369998018,S2-503849563,S2-236548624,S3-512640294,S3-718089615
S1-925071264	S2-239767394,S2-516893699,S2-167480181,S3-671783515
S1-344916627	S2-342988899,S2-323661708,S2-960855617,S3-339662407
S1-846831910	S2-318497007,S3-432803348
S1-901475655	S2-634812712,S3-150358051
S1-508725850	S2-207787030,S3-377426519,S3-650723862
S1-42181628	S2-569919332,S2-476582856,S2-354712088,S3-365045129,S3-393349921
S1-75107622	S2-223650198,S3-511530749,S3-497220965
S1-711673816	S2-737746284,S3-508822579
S1-389778444	S2-375743044,S2-819627893,S2-762885603,S2-433772410,S2-89614168,S3-772262716,S3-308988666
S1-923459637	S2-458562330,S2-996881588,S2-400068049,S2-762902175,S3-862543020,S3-830450082
S1-829321402	S2-801851455,S2-626063364,S2-519024348,S2-153625195,S2-434551693,S3-631010885
S1-418363408	S2-899767421,S2-356135990,S2-367322634,S3-619224725,S3-646715438
S1-197991159	S2-412745134,S2-929765698,S2-730103205,S2-623589820,S3-352258875,S3-431301182
S1-252257255	S2-587257409,S2-482358185,S3-884952323,S3-337015091,S3-98761252
S1-256877164	S2-817943987,S2-883328028,S3-538250154,S3-91425521,S3-248103380
S1-758619175	S2-829618803,S3-680983665
S1-367572141	S2-231424177,S2-863152527,S2-499495663,S3-113245667,S3-97849886,S3-517597342
S1-597964561	S2-685197372,S2-607882829,S3-340650868,S3-703638821
S1-929289723	S2-493575431,S3-783815654,S3-339445309,S3-41235138,S3-669067812
S1-813355923	S2-375183224,S3-227103919
S1-241115033	S2-819129193,S3-972883324,S3-361226213
S1-209266288	S2-714458205,S2-197280178,S3-558132739,S3-941947875,S3-538872332
S1-70955309	S2-667709971,S3-276042864,S3-143106861,S3-81461578
S1-400286901	S2-213870583,S2-169857143,S3-659714228,S3-636123485
S1-883452687	S2-228801324,S3-838966620
S1-806662165	S2-533185732,S2-40367229,S3-144950543,S3-727701726
S1-393246936	S2-472944498,S2-560776662,S2-560962280
S1-201935836	S2-31026707,S2-982774913,S2-278658717,S3-331589819
S1-271032553	S2-723223311,S3-191628309
S1-585387062	S2-336046007,S2-32121492,S3-709539835
S1-744990422	S2-291062894,S3-516117184,S3-715548407
S1-632128506	S2-876259232,S2-417993416,S3-379251590,S3-22323973
S1-44730026	S2-459553889,S2-513283170,S2-736070089,S3-294981227
S1-384354539	S2-132782260,S2-380068818,S2-909064971,S2-568012875,S3-626718654,S3-932090637,S3-997015207
S1-934308463	S2-753113042,S2-447440575,S3-104878447,S3-594133976,S3-970181182
S1-919196806	S2-552084767,S3-574972479,S3-442295506,S3-710908021,S3-85717318
S1-159976666	S2-395042666,S2-668090407,S2-34145493,S3-839801875,S3-949357341,S3-700930508,S3-743950406
S1-58610052	S2-759493775,S2-663561302,S3-667690982,S3-834804773,S3-354356190
S1-23656581	S2-718501933,S3-87838107,S3-206697089
S1-631491081	S2-433144595,S2-765628844,S2-927253088,S2-748745820
S1-775254704	S2-818891537,S3-605599122
S1-467576241	S2-205103044,S3-978036361
S1-887870207	S3-588570489,S3-705948966
S1-146909321	S2-30317078,S3-47728427,S3-235056928,S3-564229505,S3-527153536
S1-651284373	S2-501259620,S2-682872773,S2-986489042,S3-793142697
S1-452033999	S2-98467428,S2-600846079,S3-834162563,S3-21837371,S3-393777355
S1-741840718	S2-880919029,S3-675270228
S1-817591785	S2-606765269,S3-76447682
S1-377322372	S2-264828771,S2-174522507,S2-168949986,S3-95358065,S3-783954405
S1-891256014	S2-292808514,S3-429157604,S3-845220639
S1-333615506	S2-628562755,S3-457813015
S1-145091434	S2-838884970,S3-248679323,S3-907324671
S1-178994125	S2-750543109,S2-334276104,S2-389641136,S3-457263193,S3-832843225,S3-548539030
S1-14909933	S2-494856472,S2-37169714,S2-41428510,S3-755297106
S1-857390043	S2-210323454,S2-569293525,S2-896945014,S2-205625602,S3-66197297
S1-882553417	S2-229580204,S2-927939023,S3-453902303,S3-774714191,S3-114783915
S1-227407092	S2-266961209,S2-585823842,S3-237383775,S3-322057517,S3-684274470
S1-876380435	S2-511515533,S2-849998722,S2-80616431,S3-972477616
S1-486262452	S2-978484796,S3-750896441
S1-238947479	S2-169632254,S2-942422889,S2-494080038,S3-672547826,S3-939071345
S1-584041667	S2-273730001,S2-594689248,S3-764485265,S3-743691022,S3-961977639
S1-787005004	S2-71564470,S2-820353297,S3-954316089,S3-746130467
S1-199183009	S2-24021088,S2-792387666,S3-463393795,S3-679508242,S3-947242070
S1-502158524	S2-230862310,S2-113336191,S3-389541583,S3-608297838
S1-39561127	S3-359121559,S3-70091941
S1-293800488	S2-429738316,S3-723734920
S1-881550397	S2-193812111,S2-533657373,S3-125252873,S3-133929971,S3-532099237
S1-209311172	S2-621903767,S3-419935245
S1-295613424	S2-819087915,S2-669346376,S3-680352941
S1-85136368	S3-512045804,S3-131140191,S3-621206781,S3-597115138,S3-352590455
S1-10597095	S2-11802681,S3-300607267
S1-204250855	S2-85204102,S2-922725331,S3-602085970
S1-799699658	S3-210646223,S3-115350242,S3-989489514
S1-413639640	S2-226075212,S2-108477816,S2-876982777,S3-454839108
S1-954250271	S2-517720609,S2-14473632,S2-62603843,S2-372634724,S3-892142007,S3-476981957
S1-765378665	S2-352397393,S2-577415286,S2-991799043,S2-797210167,S3-886241104,S3-591081563,S3-628804798
S1-872466473	S2-563313466,S3-899428732,S3-844104014
S1-234825384	S2-580367861,S2-506905783,S2-400612935,S3-461413699,S3-187492519,S3-910791360,S3-721734453,S3-434480544
S1-412422423	S2-641575692,S3-983195610,S3-675334042,S3-674208705
S1-604372998	S2-289222823,S3-839706574
S1-136586472	S2-363508518,S2-285537798,S2-979862461,S3-254958594
S1-917454503	S2-860121080,S3-447658269,S3-351497092,S3-270017582,S3-368843243
S1-259620754	S2-923400156,S2-622124481,S2-418151432,S3-323748130,S3-533927774,S3-723941639,S3-574856367
S1-325655144	S3-160798557,S3-409077381
S1-979784655	S2-338042192,S3-346010442,S3-344904073,S3-203106480
S1-694273102	S2-966981541,S2-306418696,S3-477103895,S3-246555892
S1-859076013	S2-86035683,S2-509116620,S2-306071449,S2-203745837,S3-222784273,S3-856157747,S3-395885935
S1-870513924	S2-134437148,S2-449890579,S3-429813090
S1-231619553	S2-863815733,S3-236167613,S3-87031807,S3-942418202
S1-269916275	S2-965400432,S3-124579055
S1-814362325	S2-589797989,S3-501096045,S3-280385786
S1-580109338	S2-891075873,S3-726627003,S3-415506775,S3-360564129,S3-945196918
S1-160165570	S2-131263575,S2-685502234,S3-823224154,S3-837017245,S3-26353637
S1-54569668	S2-387674414,S3-306581961,S3-432084194,S3-26210009
S1-472395306	S2-297437390,S3-705985443,S3-597322858
S1-198733431	S2-908557172,S2-96856764,S2-450217804,S3-198036241
S1-391419388	S2-954661960,S3-871624412
S1-662882192	S2-968397379,S2-450077864,S3-496827910
S1-159514378	S2-550544623,S2-72164968,S3-37860201,S3-982545869
S1-697837843	S2-432380687,S3-763732671,S3-513569225
S1-180534293	S2-495551221,S2-837568957,S2-345882698,S3-810119711,S3-889958917
S1-24305973	S2-785078102,S3-828127572,S3-309509394,S3-940270155
S1-355019097	S2-657771339,S2-396769899
S1-326063264	S2-106817404,S3-849623288,S3-163683043,S3-895429447
S1-253290810	S2-126677396,S2-450621183,S3-637090502
S1-87601903	S3-974377663,S3-200683046,S3-673565571,S3-849819744
S1-285362221	S2-79351331,S2-525750325,S2-956485180,S3-938736858,S3-599685519
S1-123009315	S2-239482690,S2-885080842,S2-522385301,S3-348998455,S3-310520242,S3-601434077
S1-726448757	S2-114835211,S3-82508371,S3-7057332,S3-493370240,S3-454535890
S1-732940554	S2-873235675,S2-745354296,S2-875482948,S3-192483139,S3-809868385,S3-80317397
S1-301202200	S2-916218346,S2-154954189,S2-508265198,S3-151383885,S3-191663913
S1-878741953	S3-841423583,S3-611340680,S3-251238081,S3-614398179
S1-537839025	S2-890046561,S3-551185078,S3-260064726
S1-639116935	S2-873771906,S2-207990430,S3-465275732,S3-488413505,S3-106180607
S1-314149535	S2-127137117,S2-745308551
S1-890144453	S2-666778177,S2-886747602,S3-13096914,S3-663128439
S1-900566546	S2-89398165,S2-377098437,S2-750412912,S3-465787613,S3-340232195
S1-904435722	S2-506423109,S2-911322645,S3-683608775
S1-517359147	S2-861516945,S3-995851695
S1-15128864	S2-9851990,S3-444505977,S3-940663640
S1-971520852	S2-758477714,S2-541994221
S1-243952608	S2-262564614,S3-237676808,S3-41249159,S3-818450273
S1-495932427	S2-298382038,S2-640326276,S2-137131610,S2-444687253,S3-289462446,S3-896585654,S3-98226544,S3-274078894
S1-534851281	S3-103974643,S3-818889745
S1-689492539	S2-148203460,S3-478370943,S3-712352885,S3-306733640,S3-251282935
S1-119552425	S2-356790753,S2-174886056,S3-61413596,S3-480484440,S3-979290745,S3-954951599
S1-514494934	S2-913746682,S2-821497724,S2-596945100,S2-77364772,S2-259332293,S3-977602461
S1-528687121	S2-911010956,S3-282467498,S3-327822784,S3-38902089,S3-485434628
S1-559528830	S2-14044440,S2-559521059
S1-269244956	S2-134506008,S3-89001665,S3-140480197,S3-459945280,S3-85807599
S1-217906743	S2-633040278,S3-872857221
S1-91851620	S2-90317794,S2-948960716,S2-571770528,S2-769373339,S3-633755380
S1-138046237	S2-383383818,S2-461287382,S3-316608899
S1-360190712	S2-403063913,S3-596815661,S3-402552900,S3-193299911
S1-319870481	S2-929036478,S2-147515638,S3-393268460
S1-143409033	S2-130838266,S3-94858353,S3-62695955
S1-558133093	S2-717066293,S2-920581717,S3-214083427,S3-532865750
S1-988873718	S2-551992912,S3-871283201
S1-123433994	S2-252144510,S2-920342832,S3-850011465,S3-662485169
S1-995998098	S2-881402689,S2-445952272,S3-113832300
S1-504796203	S2-792984659,S2-700747778,S3-789628118
S1-917347347	S2-524170924,S2-233505814,S3-910298880,S3-614446674
S1-562631056	S2-829514621,S2-832515957,S3-14082659
S1-528963612	S2-265836941,S2-997959965,S3-256732321
S1-684590639	S2-998221213,S2-589987811,S2-140041463,S3-498030257
S1-577474478	S2-70437630,S3-544684582,S3-475595215,S3-43697912
S1-711781827	S2-628129410,S3-715237354,S3-447620405,S3-447654531
S1-362512073	S2-526965303,S3-871309503
S1-550418356	S2-142818290,S2-789340059,S3-110796235,S3-852756388,S3-469596686
S1-984019996	S2-845913574,S3-354004179,S3-552241922
S1-86414894	S2-312854838,S3-92694109,S3-946395229
S1-686938310	S2-876933174,S3-845601413,S3-522599488
S1-789573802	S2-950594112,S3-922996330,S3-421410832,S3-232739867,S3-500781091,S3-627576599
S1-968126494	S2-180040398,S2-924440618,S2-918742831,S3-351804539,S3-851769274
S1-395704557	S2-783914824,S2-317653645,S2-32149187,S3-904728647,S3-828667870
S1-805524178	S2-270066320,S2-364969691,S2-710497105,S2-171535882,S3-560666280
S1-500931751	S2-505660273,S2-46181826,S2-795468596,S2-731869254,S3-725082480,S3-111799912
S1-924462894	S2-963349188,S3-788662556
S1-370054643	S2-756672508,S2-502664718,S3-105607131,S3-443547948
S1-111445221	S2-48528105,S2-700726802,S3-385948322,S3-90728124,S3-308064018,S3-474598060
S1-527503527	S2-502568118,S2-833982524,S3-83365688,S3-319154399
S1-283390604	S2-28725843,S2-791056661,S3-774973456,S3-511211693,S3-560687700
S1-933906614	S2-458381296,S3-969382019
S1-936551267	S3-207706333,S3-441922692,S3-998802970,S3-796093397
S1-764655330	S2-8582798,S3-225364172
S1-911731247	S2-473818101,S2-5260807,S2-239787216,S3-551617669
S1-994084199	S2-488111830,S2-324162182,S3-479641241,S3-57969809
S1-216566090	S2-306066716,S2-574139762,S3-260701052,S3-932399069
S1-648309920	S2-120393725,S2-671154410,S3-930819539
S1-169843719	S2-915612820,S2-471404753,S3-735914902,S3-386455019
S1-311234338	S2-225290176,S2-141576325,S2-361714682,S2-558095433,S3-138402465,S3-921571612,S3-609985532,S3-248698700
S1-536295575	S2-333745494,S3-644936133,S3-810570047
S1-993523924	S2-219455700,S2-956467547,S2-218446221,S3-442886515
S1-50236280	S2-405512612,S3-799389445
S1-11673601	S2-497853614,S2-385891131,S3-163349005,S3-296151708
S1-606943056	S2-496055544,S3-222799431
S1-8974406	S2-351517705,S3-749382943,S3-310274306
S1-321214578	S2-986616836,S3-948382332,S3-912339142,S3-869914413
S1-636832649	S2-211899972,S2-31197617,S3-877394402,S3-642276940,S3-160732242,S3-131519125,S3-83639338
S1-137717925	S2-700451068,S3-74109598,S3-386715849,S3-565200401
S1-44276381	S2-70577252,S2-353524877,S2-352074462,S3-746687339
S1-20543973	S2-383926867,S3-563953349
S1-67374366	S2-361874033,S2-390048929,S3-208970180
S1-13093676	S2-312821108,S2-554978880,S3-817685152,S3-385793763,S3-20952508
S1-685881714	S2-79021983,S2-377228468,S2-442959738,S3-639759605
S1-74491776	S2-96866273,S2-141916159,S2-510570308,S3-585827433,S3-984624492
S1-350357598	S3-624635408,S3-723948633
S1-120808930	S2-55127089,S3-780964086,S3-915146648,S3-105182530
S1-863754949	S2-779902399,S2-896001052,S2-309251137,S2-485385506,S3-445418520,S3-212663260
S1-527787946	S2-981900516,S2-102038047,S3-119845537,S3-968115236,S3-720188727
S1-640755794	S2-880276377,S2-529461466,S3-422075241,S3-204043244,S3-540167070,S3-169308436
S1-92464655	S2-627482967,S2-983774569,S3-625493191,S3-844315756,S3-602309280,S3-313898059
S1-859146825	S2-482540082,S2-866281192,S3-799568517,S3-408124386,S3-236149254
S1-298887582	S2-932943881,S2-518508056,S2-382476157,S3-898598496,S3-681136939,S3-720360444
S1-307007657	S3-653289773,S3-925831024
S1-687752627	S2-34618578,S2-814199969,S2-686930820,S3-670901660,S3-563035144,S3-909674864,S3-333753781
S1-144798392	S2-729850538,S3-95216530,S3-185331685
S1-853363283	S2-863765134,S2-773827752,S3-167606695,S3-958281383
S1-913773690	S2-205675154,S3-804542806,S3-838044801
S1-467716756	S2-312752437,S2-223643075,S2-915558622,S3-738742832
S1-535412085	S2-693768022,S2-757553656,S3-796668139,S3-302506206,S3-29258856,S3-124604655
S1-21611747	S2-649617203,S2-18103219,S2-740091231,S3-998082540
S1-585273566	S2-926494484,S2-720667000,S3-922428687,S3-409612350
S1-215201754	S2-47303263,S3-151944131
S1-154186665	S2-611664237,S3-743972517,S3-442902158,S3-258643113
S1-927586316	S2-668266795,S2-224938363,S3-812049841,S3-775753180,S3-285841292
S1-237092843	S2-207821702,S2-799362983,S2-65801278
S1-542817306	S2-102878296,S3-715582353
S1-709430478	S2-303852670,S2-20995351,S2-634623090,S2-986166697,S3-674973944,S3-517897262,S3-64242893,S3-618745668
S1-302752018	S2-300948955,S3-387623420
S1-480967270	S2-928723046,S2-670053478,S3-304286039
S1-609621632	S2-908011758,S3-741570188,S3-881312430
S1-224028659	S2-650490677,S2-595341137,S3-388717458,S3-549935799
S1-544811712	S2-621693217,S2-997213683,S2-112322887,S3-433709816,S3-168527825
S1-718054347	S2-909952081,S2-517944323,S3-16762251,S3-774238762
S1-219997711	S2-744430264,S2-541718476,S2-857759487,S2-808672003,S3-461213668
S1-426283315	S2-747874983,S2-894439879,S3-126805975,S3-591752522,S3-323275617,S3-273226377
S1-985240379	S2-904406661,S2-633878811,S3-601836288,S3-584117178,S3-946276255
S1-762880792	S2-799108673,S3-740710226,S3-81220707
S1-772616994	S2-70477504,S2-353668656,S3-492590433,S3-809810546
S1-975374270	S2-416698007,S2-488571228,S2-419248921,S2-867396175,S2-412074141,S3-469169091
S1-327481256	S2-11583273,S2-312033113,S3-889145968,S3-860236482
S1-469254038	S2-423570452,S2-185458793,S3-523718836,S3-583016521
S1-328099259	S2-683797895,S2-378621126,S3-837142273,S3-333901730,S3-317931726,S3-95324987
S1-983564708	S2-465261459,S3-140265497
S1-569537641	S2-627370976,S2-70932559,S2-85416904,S3-474014965,S3-345238262,S3-968028361
S1-663096395	S2-831772339,S2-901809755,S2-181282500,S3-750611261,S3-418922058,S3-328330600,S3-901839612,S3-636288836
S1-225259107	S2-831900234,S2-428072163
S1-622441076	S2-637939477,S2-449346082,S3-210256485,S3-745618877
S1-122130421	S2-808384471,S2-536451188,S2-804153579,S3-882517467
S1-883690548	S2-260077204,S3-862624638,S3-70147184,S3-446120932
S1-878169739	S2-899044931,S2-173111246,S3-255990638
S1-263574584	S2-796731975,S3-110459498
S1-328803382	S2-549348975,S2-658791903,S3-65150629
S1-349353248	S2-109423807,S2-612209980,S3-74767022
S1-240336248	S2-467509568,S3-715226797,S3-981127683
S1-566819073	S2-138743193,S2-163302346,S3-186947773,S3-139719713,S3-487319213,S3-558331598
S1-111495037	S2-778072974,S3-885141507,S3-58595193
S1-28846217	S2-184161748,S2-784777942,S2-182921997,S3-363606136,S3-6337635
S1-886066870	S2-408026681,S2-633339205,S2-761037157,S3-6533539,S3-95534753
S1-735958413	S2-770677888,S2-828050811,S3-766352984
S1-195940304	S2-977586457,S3-997907190
S1-114719198	S2-927863561,S3-102547032,S3-594030363,S3-970090349
S1-590673061	S2-830072759,S2-31436255,S2-504549505,S2-496872426,S2-354475361,S3-99914275
S1-60720291	S2-375545707,S3-351603768,S3-794125557,S3-929263366
S1-23156749	S2-896082231,S2-459041660,S3-699735472
S1-920225616	S2-419048023,S2-890149184,S2-520374561,S3-844462507
S1-987930347	S2-943512072,S2-287600112,S3-858140623
S1-50624534	S2-571596192,S2-19947083,S2-165829418,S3-957685295
S1-47026208	S2-512415770,S3-706090824,S3-639929137,S3-41606761
S1-431135192	S2-263250561,S3-441135070,S3-935304969,S3-143203266
S1-313734271	S2-669615171,S2-102919842,S2-433008263,S3-806658622
S1-773529440	S2-311341410,S2-905885000,S3-103577714
S1-744476770	S2-47659753,S2-983170040,S3-226540255,S3-291933901,S3-197954670
S1-712106816	S2-189420551,S2-380397927,S2-124227369,S3-645836353,S3-75654619,S3-573463573
S1-335782395	S2-235424057,S2-586370418,S3-182397485,S3-322690607,S3-692561188
S1-751576321	S2-610066207,S2-475134748,S2-940396355,S2-759907782,S2-605762951,S3-113590280,S3-861285658
S1-636057317	S2-868249807,S3-976958533,S3-967547902,S3-674818926,S3-761591720
S1-752918782	S2-147816582,S3-150629505
S1-526382008	S2-215433095,S2-778712007,S2-254571669,S2-780720440,S3-964349242,S3-556886012
S1-75348620	S2-146301757,S2-412095545,S3-237297075
S1-572172984	S2-741514427,S2-224818122,S2-6805747
S1-291922450	S2-282480664,S2-503775742,S2-6101894,S3-837272620,S3-211690309
S1-519825168	S2-777612069,S2-894610748,S3-747886176,S3-255205908
S1-354980833	S2-638340980,S3-512803273,S3-504391661
S1-114740443	S2-315282871,S2-100710753,S3-784910204
S1-364772838	S2-526725405,S2-884944254,S3-726394152
S1-272434646	S2-245205055,S2-696993964,S3-945518811,S3-593573601,S3-254971487
S1-846388099	S2-169748988,S2-90153844,S3-981893322
S1-468961409	S2-887297043,S2-312982277,S3-754911587,S3-671873406,S3-728581269,S3-859681992
S1-629968168	S2-848063523,S3-641192518,S3-666544944
S1-141905557	S2-294121665,S2-819647046,S3-193293425,S3-901927565,S3-961995607
S1-602197156	S2-905332430,S3-193395182,S3-572669382
S1-174675009	S2-450297093,S2-431299765,S3-63027599
S1-281993158	S2-64177207,S2-914849519
S1-101819629	S2-892753581,S2-672609087,S3-417635924,S3-665386114
S1-844500800	S2-814516698,S3-365092261,S3-16098819
S1-176616533	S2-14398509,S2-142963120,S3-561557704
S1-301105221	S2-350867480,S3-944068578
S1-956462119	S2-111083951,S2-869856043,S3-330475864
S1-251063827	S3-158432851,S3-217530968
S1-687354411	S2-203534088,S2-138574636,S2-231061662,S3-401770506
S1-654285354	S2-191881262,S2-9770086,S3-92810218
S1-176316468	S2-943682294,S3-699793662,S3-20190011,S3-361192138
S1-392783007	S2-530062014,S3-762052047,S3-142154552
S1-792447718	S2-600144477,S3-560579631,S3-467033237
S1-673154452	S2-207794278,S3-486338030,S3-183270135,S3-322981613
S1-624075363	S2-322822717,S3-314665047,S3-823596843
S1-963355220	S2-17750685,S2-862261736,S2-92466008,S3-221685653,S3-999262889
S1-438836878	S2-617624043,S2-39441671,S2-100111704,S3-601855167
S1-333288322	S2-657883801,S2-214310747,S3-781950541,S3-36151458,S3-853217215
S1-362846196	S3-576088588,S3-34311846,S3-541693148,S3-275407513
S1-706797008	S2-277365396,S3-526877729,S3-859062784,S3-413946200
S1-546352378	S2-830373247,S2-651826923,S2-344875731,S3-952304478
S1-610852954	S2-17084978,S3-784951765
S1-954390431	S2-25980109,S2-803275544,S3-240311596,S3-563772697
S1-605420900	S3-490363108,S3-142675983,S3-291499683
S1-371314715	S3-514761691,S3-132098603,S3-925844222
S1-682591208	S2-210296111,S3-260966955
S1-620369843	S2-161504551,S2-395400248,S2-151534536,S3-560082820
S1-628814134	S2-795148262,S2-837882815,S2-240223291,S3-711104987
S1-154473220	S2-999116303,S3-525499582,S3-216931202
S1-589023009	S2-986761119,S2-725777786
S1-976158513	S2-578236338,S3-195387648,S3-23967162,S3-100355540
S1-142543309	S2-945310317,S3-892575136,S3-596065172,S3-339111311
S1-637938672	S2-991107073,S3-976937639,S3-193266917
S1-788369732	S2-717366400,S3-717728101
S1-743089898	S2-98857671,S2-138321659,S3-997391072
S1-424570284	S2-659300338,S3-107398142
S1-231664686	S2-411820832,S3-163949740,S3-818134645
S1-203216645	S2-743092506,S3-352798346,S3-133463378
S1-223981364	S2-369576994,S2-159262910
S1-84664015	S2-672427343,S2-859189507,S3-75924938
S1-149739118	S2-507495001,S2-786332412,S3-383809534
S1-450738412	S2-176498833,S2-806189521
S1-282208878	S2-179429927,S2-978146817,S3-224786628,S3-533157849
S1-220142562	S2-258495126,S2-714144597,S3-741773684
S1-478820040	S2-109443567,S2-37288645,S2-307195386,S2-676981126,S3-879526985
S1-51684559	S2-340363375,S2-584204627,S3-560655299,S3-943800
S1-799021888	S2-772145956,S2-115382794,S2-922207819,S2-826523821,S3-668343144,S3-512714552
S1-597047657	S2-76048447,S3-10824808,S3-351539397
S1-1835685	S2-351851066,S2-413128131,S3-34880628,S3-702452766
S1-594006516	S2-916319063,S3-684079830
S1-855537143	S2-874527378,S3-334300084
S1-806497466	S2-689988096,S2-158695595,S2-362615300,S2-660107414,S3-799996039,S3-146180727,S3-461542986,S3-772140672
S1-160640950	S2-843155209,S2-371701541,S2-950785431,S2-999437841,S3-585973968,S3-909584072
S1-614417780	S2-18750470,S3-578727119,S3-746786824
S1-997939296	S2-708898346,S2-310500268,S2-823023032,S3-105594560,S3-575102163,S3-175560730
S1-207357649	S2-953939981,S3-251869722,S3-191717935
S1-871223580	S2-750273986,S2-377181887,S2-72580724,S3-758371322,S3-553551619
S1-705227781	S2-749740069,S3-337806209
S1-766089765	S2-381038160,S3-80669746,S3-798013289,S3-879393813
S1-993467063	S2-790990411,S2-195642816,S3-587868737
S1-619712485	S2-941904063,S2-638405516,S3-896170172,S3-931426878
S1-159740194	S2-77394326,S2-109851214,S2-2781554,S3-924077285
S1-972382756	S2-972325890,S3-837396724,S3-78296880,S3-762445730
S1-833741884	S2-342187772,S2-653726999,S3-825316504,S3-107702433,S3-514978689
S1-816428265	S2-341743897,S2-795132757,S2-245247725,S3-595143090
S1-7561043	S2-302853001,S3-84945714
S1-582400536	S2-829745984,S2-820123772,S3-937927531,S3-133447387,S3-364620999
S1-572764005	S3-505122639,S3-564639748,S3-560777451
S1-598592659	S2-783360232,S2-307572658,S2-316015091,S3-112218291,S3-166630119
S1-291264983	S2-63989824,S3-351048874
S1-532520117	S2-108110087,S2-442154391,S3-719641253,S3-847220381
S1-687754841	S2-443750405,S3-162520913
S1-681305781	S2-23869048,S2-418944067,S3-741715582,S3-259389269,S3-756849002,S3-826429835
S1-667080800	S2-98945930,S2-325948702,S2-254638098,S3-825918918,S3-722761285
S1-283209882	S2-17891721,S2-95114770,S2-807363802,S2-933844330,S3-127733271,S3-598683547
S1-87955661	S2-174950952,S2-2162190,S2-248602428,S3-503087019,S3-872330631
S1-868775054	S2-663982216,S3-605721148,S3-22691742,S3-717871134
S1-527883943	S2-91963779,S2-995458885,S2-761175979,S2-881703923,S3-228245801,S3-276318650,S3-170318780
S1-670786923	S2-204702362,S2-862936114,S2-780585639,S2-663152837,S2-134076359,S3-174180031
S1-147404497	S2-46748198,S3-401186145
S1-313367739	S2-629149505,S2-501021740,S2-735420172,S3-203659628,S3-902673012,S3-330846741
S1-997411933	S2-138084400,S3-604988682
S1-959142812	S2-361433089,S2-279969537,S2-239862900,S3-473385028,S3-883595217,S3-394715155
S1-344698276	S2-907908108,S2-891891750,S3-228048381,S3-165153758
S1-920289945	S2-478423999,S2-999812174,S3-148144352,S3-402746313,S3-363741544
S1-164956765	S2-161399820,S3-661438287
S1-700489417	S2-638309868,S2-430165280,S3-710650590
S1-704891867	S2-652316809,S2-437167542,S2-378111917,S3-656028542,S3-666059634,S3-946699557
S1-339098775	S2-673323851,S2-801686239,S3-838262093
S1-348888170	S2-216447842,S3-691137878,S3-893337021
S1-718025897	S2-510913658,S3-121287304
S1-185314739	S2-262394496,S3-490647982,S3-752458065,S3-633407307
S1-208684889	S2-792001391,S2-991891478,S2-775113818,S3-567863261
S1-587254143	S2-941588334,S2-296657100,S3-580771848,S3-485043671
S1-121487273	S2-789680699,S2-703155315,S3-749333470,S3-955080002,S3-821355277,S3-720415387
S1-177117659	S2-313530363,S3-363276480
S1-28498290	S2-884313852,S3-872161738
S1-466932537	S2-913369537,S2-410954383,S2-779878721,S2-595591283,S2-917873442,S3-231210776,S3-302360359,S3-122404445
S1-877503162	S2-528358829,S2-167724115,S2-733024072,S3-891278737
S1-961804934	S2-604736503,S3-406291844
S1-398144002	S2-378514561,S2-312303760,S3-318378158,S3-781437120
S1-577181573	S2-181138056,S2-203051116,S2-232940641,S3-129418559,S3-673395031
S1-775219448	S2-942676399,S3-305491028
S1-713440090	S2-922799570,S2-371957860,S2-345399918
S1-786335544	S2-285344015,S3-308320266,S3-678716629
S1-177324667	S2-922081547,S2-641676085,S2-114268433,S3-618297446,S3-45930902
S1-946127061	S2-940001143,S2-437356070,S3-261403730
S1-698271742	S2-42596902,S3-444464115
S1-421835544	S3-507037042,S3-242080136
S1-884708002	S3-21507029,S3-81460910
S1-48361424	S2-419063256,S3-512159896
S1-607077462	S2-859452692,S2-688695159,S2-618127351,S3-42489805
S1-76309221	S2-575747542,S3-711750989,S3-729968136
S1-883358195	S2-741705781,S2-742860216,S3-2351349,S3-340303155
S1-990982687	S2-931215015,S2-185258206,S3-780462721
S1-890677983	S2-26898176,S3-168356348
S1-405704441	S2-660717409,S2-848361052,S3-463424993,S3-115279200
S1-753077817	S2-397689764,S2-201205869,S2-444600322,S3-106248916
S1-651954521	S2-777388629,S2-730525355,S3-664552644,S3-713051337
S1-615825480	S2-934861097,S3-155703372,S3-75666597
S1-644046774	S2-311174392,S3-588870865,S3-446795607
S1-992330903	S2-193182359,S3-794368626
S1-336357570	S2-641754569,S3-596238636,S3-143829508
S1-487958283	S2-166151530,S2-277204558,S3-632112154,S3-158930997
S1-781851392	S2-337490278,S3-885940018,S3-641243958,S3-385315688,S3-275936099
S1-178458405	S2-766431319,S2-690374905,S2-96394013,S3-3693464
S1-820335883	S2-439209729,S3-312737972,S3-625732188
S1-99885866	S2-374121245,S2-512388936,S3-313454283,S3-333738407
S1-674429033	S3-679410319,S3-318104266,S3-467169225
S1-54011276	S2-784873155,S2-493579559,S3-894995309,S3-226616211,S3-421463940
S1-430540284	S2-198464787,S3-256658988,S3-18616835
S1-370291949	S2-158699299,S2-172475827,S2-418305078,S3-797060319,S3-594614825,S3-951437712
S1-663802215	S2-57800191,S2-999737208,S3-605690304,S3-543292337
S1-631179602	S2-77020488,S2-743395856,S3-789874815,S3-842181426,S3-595600438,S3-334788124,S3-734357435
S1-569911400	S2-724230589,S2-750821880,S2-993643484,S3-313034046,S3-496207483
S1-614505417	S2-183907419,S2-783191120,S3-338485413
S1-809837944	S2-101066233,S3-939882862,S3-551023939,S3-991150406,S3-6057071
S1-647976700	S2-83483271,S3-482998535,S3-817596011
S1-464551301	S2-899890850,S3-348303188
S1-757075457	S2-618274799,S2-300894552,S2-448898675,S3-627286957,S3-281938541
S1-321429014	S2-709134509,S2-741914629,S3-884414654
S1-986897642	S2-851009343,S2-110792130,S3-861167630,S3-131483212,S3-752109013
S1-424579379	S2-529568800,S3-377872693,S3-146298165
S1-924081822	S2-532004699,S2-478454159,S2-349910182,S3-435204821
S1-995132390	S2-902571093,S2-760717798,S3-439230848,S3-849319795
S1-750910830	S2-62526998,S2-495633358,S3-334495694,S3-771242198
S1-945224595	S2-932350078,S2-226821026,S2-831188518,S2-710793556,S3-946814166,S3-825905283,S3-685243964
S1-761966628	S2-488511089,S3-425475779
S1-766114945	S2-472095950,S2-962527652,S2-454972959,S2-422316413,S3-891263714,S3-137391630,S3-868660848
S1-141339485	S2-776065204,S2-875500457,S2-633080888,S2-44947120,S3-923630689,S3-898888233
S1-445229265	S2-391809644,S2-318863473,S2-627528648,S3-101604088
S1-826421983	S2-165818520,S3-489907718
S1-78707028	S2-672990762,S2-547290298,S3-153561523,S3-203141555,S3-205946832
S1-249372728	S2-496772517,S3-265522687
S1-673568715	S2-773923036,S2-440201409,S2-203851980,S3-457025919,S3-174905339,S3-908014930,S3-470106562
S1-322024131	S2-451711455,S2-908992803,S3-65713417
S1-173446259	S2-409726836,S2-967114503,S2-939432919,S2-995017320,S2-935033537,S3-338235156,S3-964821857
S1-158977320	S2-731723816,S2-277974378,S2-974085379,S2-913333117,S3-148082830,S3-609238272,S3-327737096
S1-869604282	S2-879339456,S2-982911291,S3-27569216,S3-919752358
S1-50973920	S2-727886304,S3-776279320,S3-295606536
S1-456087794	S2-232730668,S3-578979150,S3-415235836,S3-349090614,S3-500287338
S1-891497179	S2-691436158,S2-715883288,S2-366159272,S3-830662739,S3-2825614
S1-801449158	S2-550621916,S2-538888063,S3-911384559,S3-81038677,S3-682666559,S3-771399922
S1-548935587	S2-323569475,S2-257059204
S1-489789514	S2-867953152,S3-625439109,S3-81020982
S1-125868256	S2-687908306,S3-699744104
S1-858662680	S2-565765357,S3-392477226
S1-374118993	S2-790311474,S2-487114335,S3-667537427,S3-678787241
S1-761330419	S2-643984188,S2-374175603
S1-287626822	S2-893580862,S3-638961268,S3-681637125,S3-133489788,S3-666136703
S1-966562086	S2-131282753,S2-887281334,S2-941294610,S3-228345955
S1-602029172	S2-449571344,S3-630258153,S3-255031273
S1-513319638	S2-468682107,S3-374864080
S1-902344103	S2-608621921,S2-64262033,S3-47594765
S1-513294819	S2-833913088,S2-302560567,S3-561773210
S1-111060533	S2-823627530,S2-994571375,S2-182631889,S3-536236006,S3-110183481,S3-85169665
S1-141621886	S2-393962116,S2-498131220,S2-31224784,S3-641249934
S1-123820991	S2-468274240,S2-763341816,S3-530811532
S1-962885564	S2-203084498,S2-150973367
S1-327775689	S2-193532501,S3-497328403,S3-201521255,S3-429117250
S1-863225735	S2-426062036,S2-823480297,S3-193469670,S3-929178459
S1-582268220	S2-605579359,S2-41806762,S2-89528042,S3-181286134,S3-920936779,S3-637052872
S1-634938347	S2-526365058,S2-125367553,S3-942510330,S3-551308735,S3-104425050
S1-197411760	S2-588183235,S2-950274104,S3-274264872,S3-895732578
S1-401566394	S2-834100671,S2-546903536,S2-485406066,S3-666952162,S3-657530990,S3-703327722
S1-114017867	S2-535260892,S2-510667329,S3-100698770,S3-939811071
S1-291745798	S2-424103044,S3-65999330
S1-523850949	S2-985545039,S2-438245222,S3-978885605
S1-678049066	S2-510536665,S3-99828277,S3-692926793,S3-892560824
S1-260473404	S2-150596570,S2-332169761,S3-388167642
S1-195388757	S2-188475856,S2-465449054,S2-58337463,S3-48110258,S3-290903975
S1-696744468	S2-218316754,S3-25018021
S1-262333788	S2-944203681,S2-960525814,S3-361438410,S3-877662062,S3-331619509
S1-476849929	S2-130245015,S3-878974701,S3-299231359
S1-270198811	S2-436694962,S3-959524272,S3-449577182,S3-146356188,S3-405694641
S1-366436556	S2-893681305,S2-963925682,S2-288290677,S3-37736139,S3-365271842,S3-811895128
S1-750096278	S2-101234463,S2-832661984,S2-329658372,S2-381762222,S3-339881455,S3-435134766
S1-573921903	S2-138341082,S3-924955578,S3-655795569
S1-766042058	S2-939104502,S2-252142430,S3-702889801,S3-806141412
S1-91849291	S2-735782570,S2-411954203,S2-104969561,S2-177776796,S3-328005023,S3-771968978
S1-827653987	S2-15607402,S3-29112420
S1-911012067	S3-883629707,S3-18491818,S3-927682467,S3-314441140
S1-490907300	S2-504171959,S2-498830963,S3-24194507
S1-353443075	S2-8304338,S2-518924660
S1-519549915	S2-70580514,S2-70192889,S2-851290674,S2-907243988,S3-407163912,S3-909727395,S3-635151578,S3-564822896
S1-792036982	S2-733971410,S3-438439448
S1-552351799	S2-982967404,S3-864904661,S3-513934077
S1-238307117	S2-93598844,S3-274247474,S3-615048557,S3-12142812
S1-175616118	S2-24290145,S3-19012877,S3-734203920,S3-363925107,S3-740483434
S1-289874033	S2-521173309,S3-130457186,S3-884422494,S3-302513139
S1-338039917	S2-90062307,S2-364855869,S2-240840296,S3-250293688
S1-21353348	S2-128891551,S3-640808182,S3-448782877,S3-775760242
S1-665793854	S3-614450687,S3-115537836,S3-466741456
S1-991413530	S2-835086528,S2-950082140,S3-793078610
S1-684002158	S2-311672252,S2-492440656,S3-722971533,S3-656940318,S3-685993950,S3-520025559,S3-727563470
S1-671265681	S2-923844546,S2-25478563,S3-786786959,S3-64481254
S1-390211641	S2-488884289,S2-723991389,S3-125795109,S3-830349567
S1-712922104	S2-931233606,S2-975827815,S3-885466116,S3-59515059
S1-233313622	S2-448921809,S2-657534721,S3-152088992,S3-557620034
S1-900376269	S2-522356682,S3-756138539
S1-581657241	S2-519238944,S2-88728359,S2-595210622,S2-665373782,S3-263542831,S3-997056286,S3-111169759,S3-717119194
S1-539934546	S2-727828178,S3-348749051,S3-902624804
S1-990702713	S2-749421153,S3-531678731,S3-1845932,S3-354072530
S1-95723341	S2-547951393,S2-958350595,S3-552925725,S3-280985996,S3-409280522,S3-223818718
S1-418937405	S2-906167256,S2-747957760,S2-565300792,S2-873294277,S3-388363100,S3-130439492,S3-936988063
S1-362542837	S3-388954278,S3-36978900,S3-792849585
S1-362978775	S2-40511686,S3-611760471,S3-186938485
S1-358597516	S2-760653921,S3-640904263,S3-965877897,S3-148600625
S1-194029262	S2-498767431,S3-243956156,S3-656110011,S3-193593210,S3-655373394
S1-252070891	S2-613177459,S2-561540448,S3-692986911
S1-262043498	S2-439929334,S3-865157099,S3-637873344,S3-453749347
S1-878461306	S2-503613503,S2-556021352,S3-627483648
S1-93053761	S2-422524167,S3-3831447,S3-726298016,S3-963789727
S1-531862922	S2-419821128,S2-904280531,S2-861361907,S2-551096577,S3-717873632,S3-86394371
S1-222659023	S3-116442108,S3-776161808
S1-131884699	S2-400235401,S2-760282579,S3-524642994
S1-872573211	S2-162943377,S2-81227076,S3-940659606
S1-482048352	S2-636187655,S2-802605821
S1-217978450	S2-716053777,S2-551646638,S2-935907008,S3-17433857,S3-639531901
S1-614204303	S2-666460297,S3-979945104,S3-550418787
S1-860956071	S2-929956176,S3-437623780,S3-970821173
S1-141597981	S2-351375534,S2-621454782,S3-162904565
S1-667822527	S2-916846188,S2-638761527,S2-713306006,S3-87417144,S3-841977108
S1-591276476	S2-361999336,S3-736767976
S1-662934488	S2-804786859,S3-748492611,S3-468459027
S1-344815001	S3-914709873,S3-455717143
S1-537142898	S2-644513863,S2-448210263,S3-593667479,S3-668264867
S1-119608436	S2-879983783,S3-725913108,S3-313160281
S1-613614054	S2-118730092,S2-477250771,S2-980884522,S2-516280989,S3-764207730,S3-243850472,S3-918651793
S1-288526622	S2-572619983,S2-55034098,S3-997816321,S3-219338889
S1-39269636	S2-729684915,S2-426346164,S3-310310626,S3-670032158
S1-626759699	S2-559421541,S3-570989416
S1-213508705	S2-34132046,S3-4022550
S1-409808786	S2-138876687,S3-773598575
S1-282395377	S2-507446755,S2-581464310,S2-683342593
S1-169273784	S2-496979267,S3-265402518,S3-230916874,S3-176329116,S3-260934885
S1-607820448	S2-56363648,S2-995422239,S3-536758321,S3-736189204,S3-786859452
S1-783269764	S2-802643985,S2-93031406,S3-958688203
S1-229527836	S2-342156298,S3-144187387,S3-130471471,S3-917409042
S1-833441703	S2-51126383,S2-611695899,S2-793853671,S3-517873750,S3-831736668,S3-739788947
S1-576933260	S2-197767359,S2-654457357,S2-564137996,S3-289952527,S3-95163468
S1-830678118	S2-704116060,S2-313177646,S3-349085391,S3-684672195
S1-781805670	S2-974557085,S3-743425075,S3-26125231
S1-760179030	S2-79664373,S3-62604187,S3-218834849
S1-9303354	S2-599099899,S2-910193273,S2-326501162,S3-776990039
S1-51095360	S2-232324447,S2-460885080,S3-260723870,S3-741698778,S3-86960672,S3-79682530
S1-991602342	S2-446054146,S2-908466728,S3-659197913,S3-562723836
S1-723845349	S2-635934731,S2-537506402,S3-691234961,S3-210904223,S3-706670520
S1-76430065	S2-367844375,S2-680912681,S3-129405371
S1-253573622	S2-967944262,S3-305179671
S1-179784912	S2-497750136,S2-369439646,S3-508341362
S1-502676210	S2-458410214,S3-398129361
S1-618435910	S2-231662927,S3-210743698,S3-287859448,S3-858291710
S1-227985592	S2-90253387,S3-584984198,S3-777555071,S3-34980487
S1-851564558	S2-949976047,S3-339242798,S3-240307146
S1-403595865	S2-662793334,S2-49674109
S1-156664473	S2-200145984,S2-19403681,S2-763312375,S3-387101925
S1-839450364	S2-993350108,S3-504070878
S1-613215990	S2-567399775,S2-517653611,S2-625503036,S3-258501978,S3-612821837,S3-910349468,S3-375800477
S1-278072842	S2-530619477,S2-930029698,S3-104023865,S3-994734701
S1-689778796	S2-417601913,S2-539979568,S2-556925234,S3-431645853,S3-379288566
S1-296406160	S2-735843449,S3-844415873,S3-440117949,S3-126795522
S1-918136930	S2-423519793,S2-119570746,S2-937129208,S2-199618989,S2-580728525,S3-631166862,S3-448593635
S1-161602484	S2-454422320,S3-39892926,S3-198026508,S3-972546533
S1-787853912	S2-209617863,S3-133896109,S3-214718707,S3-154610016,S3-342393519
S1-180347964	S2-761225416,S3-521881754,S3-962114459,S3-160049388,S3-351771680
S1-965012026	S2-578899932,S2-854687964
S1-418211535	S2-791772344,S3-118074965
S1-712638258	S2-128528463,S3-640179656,S3-545023086,S3-904739921,S3-446407549
S1-273393541	S2-272429475,S2-799403363,S2-531514265,S3-978651405
S1-247814647	S2-893653113,S2-271222300
S1-71675469	S2-713154210,S2-643129409,S3-482305530
S1-141151790	S3-23518465,S3-871014230
S1-691882247	S2-735155219,S2-297260064,S3-133862177,S3-924528972
S1-743519409	S2-442719347,S3-894250065,S3-778132422
S1-837664047	S2-461139557,S2-541749096,S2-464379379,S2-439735096,S2-326908572,S3-309201536
S1-884548158	S2-979159247,S2-981305396
S1-373032241	S2-138726619,S2-529003796,S3-393024243,S3-652696091
S1-476570118	S2-739748726,S2-702460743,S3-770086948
S1-848527287	S3-663521690,S3-433923898
S1-219723647	S2-875176469,S2-778552154,S3-583380199
S1-776030953	S2-216254162,S2-605318176,S2-197106609
S1-315818204	S2-60681600,S2-228514370,S3-491026765
S1-898132889	S2-467448929,S3-212112171
S1-89405948	S2-821687625,S2-586172161,S3-608441798
S1-254397640	S2-109807565,S3-694456102,S3-410577868
S1-382593923	S2-843627183,S3-291486619,S3-818231159
S1-715613622	S2-163897534,S2-643841419,S3-530987174,S3-8808725,S3-763305401
S1-886614060	S2-232763571,S2-697677322,S3-106039722
S1-216260520	S2-283635282,S2-486870521
S1-102178298	S2-359275795,S3-396010865,S3-860595132
S1-852395128	S2-398652316,S2-343025493,S2-354936633,S3-614102142
S1-665319638	S3-881760680,S3-840453509,S3-399500359
S1-2837253	S2-56782774,S2-705335366,S2-175947752,S3-672370302
S1-146480423	S2-394555412,S3-523077354
S1-224543542	S3-855811575,S3-917951971
S1-586702467	S2-308380710,S2-340349820,S3-508177701,S3-285023595
S1-928226877	S2-648712616,S2-718756118,S2-420652836,S2-278735492,S3-965541556
S1-764995149	S2-221251151,S2-864091219,S3-28356140,S3-23148368
S1-548797766	S2-165446340,S3-548197633,S3-475697069,S3-307774904
S1-330543887	S2-284067862,S3-525445518,S3-464765941,S3-344942828
S1-526889339	S2-513137792,S2-999395430,S3-841194568
S1-903376625	S2-970930880,S2-939163729,S2-989642891
S1-633770775	S2-501834943,S2-395197227,S2-297110038,S3-957241135,S3-662856879
S1-985837794	S2-706384318,S2-811886856,S2-746336311,S2-794924614,S3-844788360
S1-651177261	S2-960045819,S3-892701261
S1-795776712	S2-705078413,S2-305683014,S3-5220692
S1-928579606	S2-695627551,S2-20200762,S3-648898395,S3-94723482
S1-899958640	S2-467807579,S2-412776888,S3-33434636,S3-596407983,S3-613986633
S1-349293257	S2-823161671,S3-206675908,S3-680805981
S1-353360666	S2-938737451,S3-314260403,S3-933130640
S1-811161431	S2-882616956,S3-823724234,S3-423981765,S3-649060383,S3-423784380,S3-312711394,S3-23779143
S1-876108246	S2-320165143,S3-370647085,S3-602627505
S1-73839846	S2-499752993,S2-166750967,S2-635830390,S3-869909968,S3-614673053,S3-310476771
S1-514805203	S2-754534249,S3-568323226
S1-834404215	S2-542296259,S2-537347369,S2-832045266,S2-623319831,S3-271620454,S3-381579632
S1-921541568	S2-484791091,S2-924646534,S3-339712999,S3-479206450,S3-566171791
S1-762642202	S2-315836485,S3-413126679
S1-533526532	S2-382050383,S2-562132624,S3-335872845,S3-940430578,S3-190511746
S1-221691927	S2-40484454,S2-836620636,S2-611961208,S3-126259203
S1-369100424	S2-215593585,S2-622675622,S2-272639118,S2-53962123,S3-199159337
S1-642082077	S3-349474858,S3-397764488
S1-849506794	S2-934258031,S2-90194844,S2-418047888,S3-673002755,S3-902726007
S1-599869526	S2-997686927,S3-396293193,S3-507185358,S3-17333937,S3-200348913
S1-492488045	S2-138258356,S3-469183328
S1-914745417	S2-160016153,S2-293999795,S3-564686152,S3-403918313,S3-438121911,S3-773128090
S1-197300968	S2-44295627,S2-508338335,S2-400769549,S3-18946573
S1-833531401	S2-350085898,S3-886536338
S1-893036585	S2-605413847,S2-232218117,S2-54564929,S3-585054774,S3-202972060
S1-797479509	S2-915428354,S3-466476236,S3-793950870,S3-151964955
S1-319982072	S2-489213025,S2-431618806,S2-316921832
S1-993661299	S2-824920600,S3-91718728
S1-736468322	S2-40198613,S3-857245939
S1-680417594	S3-446539421,S3-907230328,S3-477845137
S1-928064970	S2-29277434,S3-934504490,S3-528037148,S3-230431067,S3-366871498
S1-766402130	S2-567357216,S3-950899132,S3-450629366,S3-540937182
S1-833810453	S2-411572018,S3-710381444,S3-359185101
S1-584608616	S2-569185371,S3-705452362,S3-958474811
S1-418987442	S2-912721661,S2-502965668,S2-664123670,S2-730741224,S3-251743100
S1-129490423	S2-924599073,S2-699895952,S3-965687206,S3-460912734,S3-964632116
S1-261824582	S2-633231708,S3-209820941,S3-748474371
S1-736974296	S2-93761676,S3-532959648,S3-364508245,S3-564088841,S3-720453308
S1-467659392	S2-331422712,S3-416329885
S1-446538926	S2-839791394,S3-433392006,S3-695725763
S1-897423579	S2-228473361,S3-360097410,S3-821926926
S1-512998552	S2-619080076,S2-962695932,S2-57822241,S2-466247092,S3-221046281
S1-765195392	S2-783623641,S2-833117202,S2-709129370
S1-117478576	S2-651634191,S2-130044621,S2-408233729,S2-407843468,S3-978894682
S1-312312335	S2-698715195,S2-599641539,S2-547287503,S3-651020149
S1-442484539	S2-551447164,S2-101961126,S3-839507128,S3-984414115
S1-642752390	S3-224297203,S3-93886316
S1-111612678	S3-77646002,S3-459613130,S3-236742061
S1-181101432	S2-344927835,S2-980160193,S2-461268125,S2-528973805,S3-635394231,S3-771739846,S3-837880777
S1-472997384	S2-19956423,S3-938115772
S1-438408520	S3-391183560,S3-744700171
S1-92857142	S2-83562518,S2-944145148,S2-155758542
S1-422716060	S2-253219142,S3-113526198
S1-639256867	S2-671870097,S2-281929923,S2-376479741,S3-719072782
S1-396844583	S2-378514701,S2-58890403,S2-62569926,S3-323735065,S3-819644407,S3-818011359
S1-407040692	S3-185962548,S3-701216783,S3-584934763
S1-67182475	S2-754921229,S2-911121716,S3-630577149,S3-397934067
S1-31381928	S2-146927404,S2-705051497,S2-635669733,S3-346910237,S3-257849345
S1-661235687	S2-114547934,S3-761413485,S3-665648421
S1-395039064	S2-200327523,S2-603151361,S3-360558457
S1-322699668	S2-782430654,S3-681634630,S3-958992038
S1-491679323	S3-33043970,S3-26737135
S1-20383803	S2-866493535,S2-828333341,S2-412225138,S2-907037777,S3-588937077,S3-810074713
S1-235257056	S2-139418147,S2-874120857,S2-975487757,S3-945228656,S3-63305033
S1-388649073	S2-289617343,S3-405839378,S3-502059500
S1-199089624	S2-243146784,S2-651269970,S2-597574920,S3-854532112,S3-687672141,S3-978031878,S3-761779791
S1-834025041	S2-509840871,S2-961151910,S2-479063641,S3-72844253,S3-782166052,S3-232061755
S1-261234619	S2-516658950,S3-666814113
S1-248379964	S2-637991574,S2-948512269,S3-446122620
S1-208126817	S2-213280184,S2-700236781,S2-235358568,S3-239086442
S1-715922317	S2-8474042,S2-520550087,S2-343153886,S2-778532653,S3-680386159,S3-957202299
S1-726396845	S3-288610584,S3-857428628
S1-951961802	S2-362608919,S2-413176670,S3-9397311
S1-342987816	S2-969749292,S3-719291801
S1-5654930	S2-458232662,S2-531907419,S2-613668033,S3-922920928
S1-122586132	S3-620302878,S3-907197219
S1-808613739	S2-539074692,S3-497546413
S1-730252010	S2-188589463,S3-135992440,S3-38271501,S3-909839411
S1-944293127	S2-691099357,S2-707238460,S2-270569573,S2-513370737,S2-878004334,S3-80337515,S3-953928784
S1-674091362	S2-618678134,S2-719798305,S3-508626152,S3-278537106,S3-545497195
S1-465882539	S2-692821294,S3-505377915,S3-847699908
S1-814281553	S2-655450688,S3-959847043,S3-755225894,S3-178390824,S3-732849266,S3-393297067
S1-222632431	S2-4186748,S2-764389481,S2-10447387,S3-339688893,S3-199378692,S3-708463909
S1-72674316	S2-755019659,S3-390690133,S3-520943407,S3-62247334
S1-808293476	S2-820253951,S3-404611761,S3-577714847
S1-228817387	S2-191741780,S3-720391931,S3-951879072,S3-810358435
S1-283825730	S2-322991593,S2-854600112
S1-455188076	S2-556015719,S2-430630401,S3-602731665
S1-375736291	S2-507521490,S3-843512549,S3-231272320
S1-798252696	S2-468243761,S2-205800451,S2-828514138,S3-460669603,S3-385802049,S3-386259881
S1-766186386	S2-222367943,S2-392580656
S1-494469455	S2-497790860,S3-526613636,S3-872673287
S1-38290396	S2-900645106,S3-161207406,S3-137787205,S3-374552051
S1-278825228	S2-502788018,S2-998798887,S3-987548804,S3-390828697,S3-922850651
S1-174029998	S2-259460782,S2-924820021,S3-40659928
S1-730747637	S2-39906243,S3-542868745,S3-640327103
S1-351030923	S2-776118957,S3-946808568,S3-253466179,S3-786971755
S1-586980138	S2-696524550,S3-804870819,S3-589617158,S3-393689113,S3-108305140
S1-931341377	S2-654075476,S2-875254787,S3-698476964,S3-278436580,S3-954462187,S3-947996203
S1-117711715	S2-316691405,S3-858878521
S1-966943178	S2-89024625,S2-176872307
S1-481279986	S2-405041910,S3-352881075,S3-723853255
S1-28546409	S2-284268761,S3-283785199
S1-708232899	S2-773962402,S2-153385810,S3-663225044,S3-931609069,S3-509545916
S1-348351288	S2-701134374,S2-131852426,S2-239726552,S2-617994893,S3-580659348,S3-968927339,S3-293031305,S3-606810083
S1-337904988	S2-571001623,S2-271618210,S3-236555596
S1-356585252	S2-156329873,S2-695115029,S3-473153959,S3-839805941,S3-737054295
S1-379007295	S2-336179667,S3-909159657,S3-772356777,S3-256157543,S3-93103181,S3-785674960
S1-46290241	S2-134784718,S2-851917141
S1-797345477	S2-36625616,S3-223166831
S1-998853804	S2-46937188,S3-480440388
S1-286130922	S2-277187579,S2-497562270,S3-124755052
S1-246837819	S2-325747529,S2-189030659
S1-328933318	S2-535104028,S3-309361743
S1-543120078	S2-246181829,S3-799760206,S3-987872029
S1-528540834	S2-893747365,S2-763584404,S2-939056753,S3-874871678
S1-729359423	S2-207659641,S2-681186742,S2-832413846,S2-890113280,S3-617764206,S3-415188338,S3-865347385
S1-641095065	S2-669554090,S3-555329964,S3-37061120,S3-349016329,S3-71238227,S3-64137654
S1-989617587	S2-608467057,S2-653339804,S3-849486057,S3-596056019,S3-849674629
S1-462703720	S2-721101038,S2-807855216,S3-18000076,S3-801422172,S3-608910069
S1-290597867	S2-491946597,S2-490914913,S2-450933326,S3-804663013
S1-117450936	S2-247451853,S2-328808683,S3-242788065,S3-623126927
S1-54199871	S2-43699893,S3-717948286
S1-179641994	S2-878629213,S2-866530663,S2-286209908,S3-193364541
S1-229764696	S2-807713200,S3-543502316,S3-16264305
S1-756156355	S2-794155793,S2-312102526,S3-501073985
S1-603295224	S2-173273917,S3-297219853,S3-410450983
S1-551795378	S2-361397895,S3-961551364,S3-299306566
S1-108567304	S2-717044347,S2-281630392,S2-752957130,S2-97694002,S3-667538495,S3-903040215,S3-390433397
S1-144339192	S2-959228886,S3-189290945,S3-721885478
S1-598995202	S2-16209316,S2-347369514,S2-5934728,S3-793827978,S3-836797587
S1-516768146	S2-939117032,S2-899396002,S3-957954935,S3-203816355,S3-164076402
S1-278187409	S2-389083717,S3-671557854
S1-911340574	S2-688775977,S2-406632449,S3-605230433
S1-970918909	S2-968209024,S2-107263846,S2-146363726,S3-334033259
S1-489562098	S2-921419043,S2-348363546,S2-634082227,S2-279851588,S3-207268411,S3-763116056,S3-336735438
S1-453714530	S2-523414306,S2-796885825,S2-98226614,S2-459871582,S3-706544853
S1-527619240	S2-79594884,S3-62684512,S3-896688327,S3-254612320
S1-50746156	S2-927726392,S3-653620428,S3-541774953,S3-118471264
S1-219746148	S2-560506354,S2-894381327,S2-618925259,S3-415862804,S3-158134314
S1-871165290	S2-768185465,S2-564998045,S3-347387769,S3-338865725,S3-553574310,S3-656566766
S1-385307492	S2-448976915,S3-154234454,S3-625564148,S3-49161744,S3-536100926
S1-199813560	S2-90291268,S2-768111564,S2-2827452,S3-791287820
S1-531753360	S2-506033511,S3-412455874
S1-187922702	S2-412040401,S2-591819433,S3-898172031
S1-745730751	S2-105512604,S2-303168368,S3-215622441
S1-618211704	S2-393665909,S2-503137673,S3-857557216
S1-463029799	S2-213014358,S2-632117797,S2-574799409,S3-841787381,S3-959065900,S3-775134233
S1-450905849	S2-401824835,S2-769845046,S3-441965130,S3-198282040,S3-569681469
S1-367287657	S2-628832876,S2-246502568,S2-890424207,S3-618051197,S3-38447564
S1-173337117	S2-782445556,S3-1295058,S3-299738002
S1-354442308	S2-977411230,S2-957866293,S2-878815588,S3-205510571
S1-120285367	S2-612649720,S2-917024137,S3-350332028,S3-739266715
S1-484402312	S3-648054349,S3-97494567
S1-456382115	S3-381029854,S3-453318,S3-405986152
S1-856503441	S2-262837709,S2-139917991,S2-757918521,S3-48734900,S3-864870624,S3-432390470
S1-959467431	S2-594122329,S3-516715015,S3-58426109,S3-584898728
S1-956288540	S2-382663214,S3-282930318
S1-704314854	S3-273599216,S3-183381622,S3-912285384,S3-785139625,S3-840940578
S1-73825208	S2-679124835,S3-263444314,S3-710507152,S3-401840044,S3-139442279
S1-941211093	S2-863051518,S2-349753554,S3-830573858,S3-945581602,S3-952501407
S1-675811159	S2-301292284,S2-366527617
S1-29787199	S2-574781769,S2-993852617,S3-531148764
S1-283036221	S2-499520998,S2-34985201,S2-308116134,S3-395433186
S1-987893246	S2-33594636,S3-598610339,S3-40119773,S3-279683167,S3-92630441,S3-726141109
S1-835597556	S2-958597826,S2-375803475,S3-165754339,S3-330745368,S3-255599503,S3-59875957,S3-782701850
S1-491930432	S2-833937878,S2-797598469,S2-385208686,S2-931952837,S2-906210995,S3-516649412,S3-416498555,S3-728544946,S3-310514188,S3-286537583
S1-523895004	S2-200460481,S3-609734408,S3-769598335,S3-999697654,S3-286219832
S1-144255876	S2-559227635,S2-402783431,S2-831649326,S3-624345510,S3-691219612
S1-971068086	S2-991856400,S2-990653227,S3-460375918,S3-297107168
S1-492717317	S2-160276851,S3-17602694
S1-204607866	S2-306773505,S3-810740469,S3-516310351
S1-970774118	S2-646206535,S2-716972233,S3-27994945,S3-256554257,S3-603879985
S1-395066110	S2-430206839,S2-164083167,S3-629474439
S1-872008074	S2-372844746,S3-64513584,S3-781318593
S1-49867477	S2-895881562,S2-408118485,S3-791002315,S3-746646943,S3-927070789
S1-703117185	S2-888293580,S3-66131432
S1-169957202	S2-124470541,S2-176583163,S3-998355613
S1-713396252	S2-885960661,S2-864732265,S3-566027578,S3-382473958
S1-831500652	S2-863284622,S2-244222820,S3-424134789
S1-706969156	S2-469596449,S2-618693406,S3-910336684
S1-312209724	S2-881469899,S3-986778074,S3-565924488,S3-463888041
S1-373410627	S2-686849744,S2-295530437,S3-947472824,S3-123056334,S3-561746809,S3-67941646
S1-738125500	S2-839998910,S2-518968414,S3-607222949,S3-14467928
S1-971843158	S2-961376132,S2-658020922,S3-151459403
S1-589558675	S2-158520605,S3-349540774,S3-830921666,S3-789763708
S1-482438317	S2-107337092,S2-899324204,S2-780466936,S3-162601960,S3-4473466,S3-990829258
S1-148174891	S2-6935695,S2-115083721,S3-800044683,S3-390744657
S1-459484371	S2-202266710,S2-995296338,S3-475457563
S1-989448845	S2-127805319,S3-448177577,S3-491311921
S1-684889864	S3-700740932,S3-333034817
S1-41053466	S2-804222551,S3-565544139
S1-936389534	S2-381054624,S2-796037691,S2-350009301,S3-52691275,S3-140554774,S3-81202896
S1-724534813	S2-886993742,S2-70701369,S2-154038912,S3-174542939,S3-887988657,S3-323507655,S3-124544625,S3-250393894
S1-805044603	S2-557567895,S3-224370867,S3-129941498,S3-587018952
S1-565149981	S2-238874850,S2-553576645,S2-735467464,S3-685513118
S1-219329570	S2-76320469,S2-346262286,S2-218510719,S2-281206039,S3-148072757,S3-34606956,S3-193272355
S1-852614243	S2-879539016,S2-648603291,S2-318565130,S2-13890853,S3-466341628,S3-865564126,S3-91489630
S1-833284222	S2-379409145,S2-679345076,S3-31923715
S1-25963725	S2-566481519,S3-91211846
S1-743659808	S2-109883421,S2-585428528,S3-57431647,S3-758767034
S1-915615282	S2-73207990,S3-741513611
S1-443778961	S2-596626851,S2-978731890,S3-187877307,S3-134067046,S3-117048119
S1-909678289	S2-647441678,S2-864767303,S3-83753016
S1-930164154	S2-322568887,S3-632567600,S3-965291512,S3-474186771,S3-418055455
S1-644047883	S2-482381633,S2-904514645,S3-914994852,S3-251957346
S1-389341903	S2-950274822,S2-410513866,S3-578714804,S3-637241570
S1-763617066	S3-412962567,S3-262865138,S3-407986772,S3-574192140
S1-896560933	S2-367467238,S3-875748109
S1-420919123	S2-432582749,S2-365588854,S2-767151930,S3-431992159,S3-947027063
S1-898706988	S2-634362911,S3-402709592,S3-755418995
S1-996084225	S2-62852172,S2-12833008,S2-555910256,S2-1932075,S3-401311283,S3-974911928
S1-212045005	S2-734660924,S2-939063049,S3-556520874,S3-603057704
S1-568721953	S2-445621590,S2-951128156,S3-11105255
S1-950800150	S2-158571553,S3-123882907
S1-641120816	S2-944240492,S2-277797331,S2-976978740,S2-255051969
S1-463923249	S2-748286882,S2-481684055,S2-370045139,S3-995804311,S3-305739129,S3-881039351,S3-770109640
S1-716760111	S2-738268367,S2-566252219,S3-917253123,S3-709767445
S1-505448207	S3-926579487,S3-438260726,S3-35252579
S1-857514079	S2-390338737,S2-149350965,S2-681486054,S3-45976251,S3-32168034,S3-677952662
S1-526738000	S2-379522252,S2-921555142,S3-276719202,S3-820294652,S3-984184950
S1-816149299	S2-73261418,S2-276273354,S2-803952289,S3-906426976,S3-389238361,S3-743551979
S1-578934207	S2-107564638,S2-874465724,S3-675581647
S1-251712851	S2-394382508,S2-260036943,S2-976707117,S3-422465932,S3-70713858
S1-394514289	S2-627341161,S2-268508941,S3-899585693,S3-43176980
S1-780844748	S2-251444679,S3-82850863,S3-323082568,S3-176398349,S3-417961304,S3-305131199
S1-99876866	S3-341296318,S3-117949652
S1-727226427	S2-249854603,S2-585107540,S2-987605007,S3-396338891,S3-891127771
S1-569094275	S2-159331476,S3-577731341
S1-887036443	S2-40448693,S2-994554541,S3-716599899,S3-554253870,S3-127260065
S1-54238304	S2-644179888,S3-54007347,S3-834657958
S1-649949936	S2-706738359,S3-332577153
S1-606525395	S2-261561301,S2-673602285,S2-397430846,S2-979688222,S3-232400328,S3-654706017
S1-675614323	S2-168202230,S2-26164384,S3-372990687
S1-258891544	S2-162574928,S2-725678042,S3-767149685
S1-162662097	S2-144032900,S2-853454808,S2-824230341,S3-376533356
S1-774730784	S2-5009254,S2-660016637,S3-771029188
S1-445172450	S2-657475945,S2-230227703,S2-906444038,S3-35039180
S1-687518596	S2-154899270,S2-100493108,S3-697239664,S3-869333564
S1-437964290	S2-368618762,S2-576192202,S3-135018869
S1-588116362	S2-103843026,S3-567264661,S3-448624496,S3-524475812
S1-330372609	S2-415225884,S2-279780016,S3-387762521
S1-601207329	S2-327503944,S2-136476255
S1-778732849	S2-51661699,S3-635496092
S1-11127709	S2-424434107,S2-204980624,S3-840643836,S3-632431756,S3-556232719
S1-650396210	S2-893378930,S2-822034325
S1-869578652	S2-106018896,S3-319060102,S3-865119347
S1-299897487	S2-344347893,S2-172406591,S2-62930826,S3-924823790,S3-185286041
S1-256524312	S2-748674702,S3-398986904
S1-569674167	S2-11968674,S2-922900373,S3-577516508
S1-697377555	S2-503672421,S3-73725114,S3-419892312
S1-68951985	S3-205345276,S3-477119305
S1-923829404	S2-930282768,S3-350043565,S3-869846683
S1-591825161	S2-753492594,S3-916985608,S3-500628976,S3-411388505,S3-734768042
S1-658009561	S2-763214379,S3-439336540,S3-395401203,S3-166521950,S3-61645210,S3-569632773
S1-586798757	S2-299855265,S3-325039328
S1-716728712	S3-427753067,S3-428452291
S1-200632856	S2-483651046,S3-181615199,S3-701380337,S3-773690234
S1-696323967	S2-989983887,S2-873284822
S1-274995933	S2-989295204,S3-28435149,S3-333135615
S1-426185788	S2-916484806,S2-436333567,S2-144676225,S2-893507644,S3-111866983,S3-171871570
S1-594157605	S2-432988434,S3-930347381
S1-963960224	S2-120717833,S2-973627551,S3-950040105,S3-441556519
S1-911365431	S2-525603452,S2-113445712,S2-709195124,S3-122706292
S1-200393028	S2-713051876,S2-899457553
S1-957822151	S2-886171247,S2-847602395,S2-312733960,S3-695210513
S1-898882958	S2-536816023,S2-157416924,S3-955736182
S1-532003503	S2-977873895,S2-537130527
S1-788764082	S2-916606028,S3-640457514,S3-407039589
S1-797046738	S2-355331978,S2-793900624,S2-343842768,S3-597037149,S3-317345212
S1-405780352	S2-398976639,S3-382395462,S3-191221219
S1-755766401	S3-737119445,S3-159098671
S1-880355018	S2-480711120,S2-317070344,S3-993759999
S1-841584101	S2-452536574,S3-734754404,S3-404579676,S3-467379475
S1-369483027	S2-793889447,S2-898159977,S3-598447548
S1-378428470	S2-617298794,S2-255455653,S3-334734322
S1-311419176	S2-648404535,S2-749252278,S3-603218605,S3-202609371
S1-336683308	S2-106970670,S2-350571073,S3-864992089,S3-526610570
S1-518732821	S2-39311200,S3-865445723
S1-910798628	S2-339025531,S2-594734743,S3-538761383,S3-422004634,S3-412266096
S1-921280899	S2-436699686,S2-960626682,S2-427552422,S3-456032489,S3-38305189
S1-648810725	S2-752979030,S2-319450429,S3-434187647,S3-241613239
S1-955392143	S2-671340948,S2-293282311,S3-676380419
S1-919222284	S2-320985379,S3-934303494
S1-670903966	S2-675846653,S2-926352024,S2-751734952,S3-670619622,S3-758842004,S3-68637133
S1-156085383	S2-604478458,S2-616095436,S2-272419656,S3-463312988,S3-99436594
S1-735466162	S2-975790098,S2-710411014,S3-741474428,S3-562997466,S3-394340357,S3-365755569
S1-764806955	S2-545885588,S2-217071606,S3-329469359,S3-589802498
S1-59423338	S2-809886817,S2-15640071,S3-76772179
S1-930096714	S2-590955629,S2-333260547,S3-1827647,S3-246052243,S3-573742099,S3-666010929,S3-229713777
S1-305833982	S2-917940616,S3-376076262,S3-752557714,S3-376717942
S1-275544899	S2-161740213,S3-888634015,S3-972436788,S3-856446196
S1-777018885	S2-412673172,S2-40148910,S2-665494314,S3-401247910,S3-326597587
S1-123237115	S2-89905904,S2-21896545,S3-100144965,S3-879342747,S3-830434779
S1-4861902	S2-204598005,S2-257871371,S2-871414906,S3-223903502,S3-37812574,S3-559817593,S3-232078284
S1-822800933	S2-356792788,S3-965660395,S3-931883085,S3-831775461,S3-709292808,S3-862731032
S1-347891463	S2-557324468,S3-948724710,S3-443662680,S3-654185223
S1-77614718	S2-549429677,S2-391677000,S3-265633501
S1-325469323	S2-820022131,S3-541337164
S1-308192049	S3-364046544,S3-341023685,S3-217403876
S1-862321015	S2-181382624,S2-607816221,S3-571661295,S3-260987229
S1-956091951	S2-333872198,S3-624999490,S3-118730820
S1-820811852	S2-905928393,S2-453896469,S2-147271047,S2-845344715,S3-730030805,S3-485976529,S3-881801737
S1-769518453	S2-82422197,S2-404779131,S3-288167487,S3-606891817
S1-697185812	S2-418733862,S2-354411725,S2-389001455,S3-157281570,S3-416048892
S1-624915560	S2-703599340,S2-769355740,S2-842180573,S3-205917555
S1-329719661	S2-295608850,S3-716519270
S1-126104668	S2-512528317,S2-506660412,S3-563816341,S3-507031889
S1-700223220	S2-475171036,S2-267825871,S3-360207418,S3-369974553
S1-453573978	S2-732126259,S3-586566206
S1-738783772	S2-415184667,S3-710101938,S3-335711152
S1-993424731	S2-339739897,S3-676982373,S3-617702433,S3-601244840
S1-308228418	S2-159272241,S2-65551038,S2-789123285
S1-473038674	S2-259574370,S3-254900337,S3-15127548
S1-759176123	S2-951104925,S2-344980317,S3-777156726,S3-602710844
S1-957611651	S2-894088096,S2-329297965,S2-897023854
S1-479884609	S2-379173724,S2-391874022,S3-794711561,S3-525849467
S1-321897236	S2-848488066,S2-339537792,S3-316109524
S1-861149295	S2-508918220,S3-328032899,S3-702815748,S3-699977959
S1-198725039	S2-577682689,S3-184292695,S3-508040071
S1-155552475	S2-728503986,S2-711649576,S2-29554696,S3-396464018
S1-659472868	S2-618550283,S2-104502370,S2-128022365,S3-962311224,S3-475905008
S1-874116642	S2-699604811,S3-121091840,S3-334270111
S1-334335651	S2-829619963,S2-741499636,S2-805165021,S3-963728849,S3-99226980
S1-859072780	S2-324744956,S3-589563109,S3-708104445
S1-521185752	S2-583739239,S2-359654769,S3-184082179,S3-17840578
S1-886818267	S2-166264464,S2-218822961,S2-145296049,S2-765916379,S3-456424698
S1-106481337	S2-820113240,S2-169653302,S3-600927222,S3-301415406,S3-315096108,S3-253717530,S3-680088830
S1-358489829	S2-281811515,S3-138759037,S3-731272595
S1-608416490	S2-498402355,S3-773820122
S1-102834989	S2-520695739,S2-984622278,S3-675100313
S1-363763772	S2-139951815,S2-863248643,S3-469090223
S1-291745851	S2-823808098,S2-869255919,S2-407224050,S3-118446004,S3-567859505
S1-705288117	S2-745123157,S2-459333641,S3-135675283,S3-405499494
S1-514195859	S2-180408468,S2-702099933,S2-140026861,S3-187894538,S3-575944123
S1-245795777	S2-998983541,S2-485163802,S3-484148666
S1-925386030	S2-614688836,S2-358407206,S3-148113543,S3-327809337,S3-637377812
S1-358109978	S2-472405397,S3-15724367
S1-769477786	S2-449501297,S3-865248906,S3-483132474,S3-964901409
S1-879811749	S2-606353326,S3-996484695,S3-500765532
S1-594207259	S3-143209667,S3-560030392
S1-738191409	S2-359991633,S3-656226787,S3-529977055
S1-780844171	S2-217439666,S2-82554556,S3-128378682
S1-389277132	S2-632893501,S3-983382825
S1-884104861	S2-438997435,S2-500767959,S2-966482779,S2-417116350,S3-267602864
S1-366636599	S2-268209184,S3-494256165
S1-68108592	S2-851065722,S3-845277819
S1-662937841	S3-728400931,S3-515026741,S3-511809759,S3-59751641
S1-188058037	S2-413655039,S3-436415766,S3-84395600,S3-818019114
S1-13018373	S2-547191690,S3-635366071
S1-439710284	S2-778238614,S2-436956871,S2-557730227,S3-353726617
S1-77022765	S2-530071105,S2-622898236,S3-833805913,S3-738390098,S3-592375139,S3-657794050,S3-936605404
S1-876945000	S3-544677359,S3-571392973
S1-955600509	S2-138491736,S2-149883276,S2-936208582,S3-509232157
S1-121394231	S2-763596976,S3-71094354
S1-344434923	S3-138300668,S3-644144072
S1-257371623	S2-823916458,S2-928056133,S2-25416020,S2-517673353,S3-699738682,S3-33179397
S1-753735450	S2-881432147,S2-116905863,S2-333090668,S2-169589057
S1-74727457	S2-814071878,S2-814562361,S3-995874460
S1-543652735	S2-442397898,S2-407410641,S3-963996865
S1-222197229	S2-756319763,S3-91081691
S1-500646806	S2-222700554,S3-850179896,S3-763078297,S3-664751447
S1-329402387	S2-24249954,S2-238008700,S2-137291033,S3-842839453
S1-795739645	S2-125270456,S2-609094425,S2-274115147,S2-724052323,S3-788234132,S3-442236879
S1-454596086	S2-530323584,S3-675147023,S3-430249154,S3-427025193
S1-170080453	S2-4501394,S2-137241095,S3-695448612
S1-551126306	S2-717215487,S3-485011688,S3-431475549,S3-600955664,S3-927136499
S1-478270284	S2-97203073,S3-951277721,S3-825701517,S3-22013554,S3-70056846
S1-336043915	S2-444245960,S3-272519695,S3-688697182,S3-238439385
S1-872713421	S2-857553054,S3-465289838
S1-156889501	S2-395913871,S3-744811069,S3-162997581
S1-970384357	S2-265569032,S2-576412643,S3-426382333,S3-187957651
S1-393199599	S3-207850081,S3-268539940,S3-567291981
S1-812533769	S2-126389867,S2-775309912,S2-699924840,S3-382028651,S3-317780178,S3-533136885
S1-108542308	S2-3883397,S3-983695896,S3-85123583,S3-93383012
S1-821814950	S2-776042890,S2-567950359,S3-841686090
S1-743548191	S3-43755267,S3-929588291,S3-634625409
S1-474354586	S2-450914542,S2-379229422,S3-238841786,S3-23311285,S3-129044146
S1-977203655	S2-374012060,S2-738540868,S3-779194130,S3-610737026
S1-387058194	S2-652677229,S2-292648665,S3-933029075
S1-130114823	S2-456514512,S3-841135532,S3-460002208,S3-946349304,S3-858545097
S1-55101804	S3-685547469,S3-653847581,S3-824168245
S1-517480479	S2-44943000,S3-660859665
S1-243126538	S2-930761059,S2-750473552,S3-240068780,S3-100098130
S1-303765082	S2-288855932,S2-940791797,S2-506081193,S3-991143839
S1-896083025	S2-398594381,S2-668759789,S3-389584825,S3-509590550
S1-212684612	S2-334124289,S2-142609826,S3-760460399
S1-672009288	S2-466563453,S3-1904784,S3-260820571,S3-824199074
S1-467133889	S2-610027049,S2-91553027,S2-51917531,S3-805454680,S3-113642890
S1-658557611	S2-451563030,S2-741667198,S3-359891581,S3-687837586
S1-697886614	S2-348732065,S2-3425196,S3-394004364,S3-857035138
S1-735819949	S3-56136554,S3-325137847
S1-790572866	S2-263504095,S2-678131281,S3-87388347,S3-360566672
S1-969488703	S2-917448056,S3-935552506,S3-926270555,S3-195153946
S1-371445382	S2-364522269,S2-877134009,S3-687870713
S1-940595444	S2-298097845,S2-799086368,S3-574188931
S1-867078604	S2-797005236,S3-985373368,S3-287510540
S1-151594045	S2-608364560,S2-837442742,S2-404670974,S2-202774979,S3-338361069,S3-55208929
S1-499304850	S2-179773615,S3-559183219
S1-893249197	S2-20184817,S2-278290603,S2-88187960,S3-996118773,S3-25571527,S3-759789803
S1-704915440	S2-668857324,S2-829436512,S2-576207055,S3-137608383,S3-809409885,S3-129690969
S1-100091463	S2-338639900,S3-714875061
S1-625280376	S2-645134028,S2-960103505,S3-534411225,S3-340535392
S1-905038257	S2-924033632,S3-915259849,S3-119588556
S1-184484093	S2-63219435,S2-229605459,S3-85209896,S3-764252753,S3-742563582,S3-870359072
S1-460651524	S2-172613135,S2-1157372,S3-387440043
S1-166695210	S2-379462791,S3-372246302,S3-550848140
S1-727494534	S2-176805808,S2-972179564,S3-237853247,S3-924514775
S1-417193911	S2-537111484,S2-301987013,S3-683059432
S1-823357072	S2-770702810,S2-538868481,S3-757995193,S3-732528664
S1-244969980	S2-917552335,S2-560228545,S2-537474100,S3-360474021
S1-80662757	S2-990512230,S2-366719060,S3-465939402,S3-447351749,S3-299580615
S1-970161798	S2-174624585,S3-664650546,S3-829472096
S1-993601131	S2-842107029,S2-377875078,S2-401768258,S2-284502930,S3-478891334,S3-105351528
S1-987863883	S2-971777171,S3-658709270,S3-824021335
S1-301707433	S2-308871971,S2-75375184,S2-495616026,S3-393691573,S3-536968875
S1-302139350	S2-478848742,S2-829295024
S1-231314788	S2-357541808,S2-82158643
S1-410346353	S2-757769109,S3-908592665,S3-592230454
S1-453929665	S2-427539193,S2-1715151,S3-367501080,S3-365026157,S3-112855524
S1-279939244	S2-866492884,S2-699771268,S3-640497663,S3-74028700
S1-561072923	S2-760192745,S3-187765829,S3-454466056,S3-357579807
S1-315463838	S2-718393427,S2-693893763,S2-302389976,S3-438711124,S3-735461530
S1-394315817	S2-953099744,S3-474128586,S3-152063401
S1-329182342	S2-681080652,S2-959983266,S3-674434933,S3-747369407
S1-259234945	S3-734133396,S3-735404625,S3-551706603
S1-253466331	S2-997408631,S2-672264052,S3-201652565
S1-382420060	S2-604675843,S2-487176982,S3-130578978,S3-721831745
S1-634797673	S2-167147333,S3-440643661,S3-906523560,S3-916001494,S3-347300602
S1-973111965	S2-698747392,S3-316455407
S1-583564867	S2-930701282,S2-869373182,S2-372503336,S3-584339982
S1-309727939	S2-577199438,S2-450456054,S3-590679371,S3-686185392,S3-106048556
S1-225706418	S2-509581679,S3-213667076,S3-283583052,S3-544985149
S1-25239994	S2-718442152,S3-342734807
S1-77413286	S2-658483119,S2-325341894
S1-851163408	S2-699947349,S2-994945003,S3-177321752
S1-315045159	S2-506353783,S3-739080869,S3-248532002,S3-746230366
S1-108940988	S2-930317879,S3-415165150
S1-866547585	S2-370260770,S2-35501573,S2-662171694,S3-545279609,S3-523015590,S3-570752799
S1-651396775	S2-294500940,S3-536426803,S3-716912682
S1-357908530	S2-388228612,S2-956682851,S3-157176118,S3-637131433,S3-564665050
S1-622341405	S2-103241057,S2-637123110,S3-968491837,S3-898139355,S3-285738411
S1-959149178	S2-595287470,S3-702918874,S3-515143629
S1-505317152	S2-337015709,S3-875238709,S3-9563169
S1-995853266	S2-7651362,S3-859717216,S3-667361215,S3-628247008,S3-801401794
S1-179572617	S2-838129620,S2-289942479,S3-642676321,S3-116509109,S3-412041975,S3-451245800
S1-349549948	S2-498199589,S2-910944550,S3-509766149,S3-594132598
S1-838689366	S2-227658295,S2-541033784,S2-579002238,S3-173665331,S3-323737049
S1-812117553	S2-731635788,S2-811946511,S2-452597150,S3-344092255,S3-534440749
S1-211346743	S2-975786225,S3-628820349,S3-998208937
S1-840536643	S2-330505627,S3-404740601,S3-288979963
S1-852150411	S2-921225559,S3-909526418
S1-397642660	S3-443328525,S3-819851425,S3-904291518,S3-824924999
S1-303837505	S2-976329467,S3-619993782
S1-900177849	S2-869873313,S3-526904229,S3-90965243
S1-928317587	S2-358293538,S2-778833371,S2-304033928,S2-818799362,S3-164058380
S1-822158587	S2-735960792,S2-848466765,S3-804989841,S3-996160992,S3-345539527
S1-212275484	S2-522406274,S3-150800800,S3-93310013,S3-189040091,S3-778478588
S1-340414048	S2-263344854,S2-140697721,S2-809765861,S2-356059000,S3-540048533,S3-317074367
S1-426357846	S2-912065209,S2-875991215,S3-354601340
S1-241581545	S2-480401027,S3-131449960,S3-911059417,S3-946882208
S1-58225726	S2-537132196,S2-883949574,S3-403911150,S3-960189918
S1-99597173	S2-688923245,S2-668192554,S2-636007146,S3-632128705,S3-904773179
S1-779201632	S2-174735601,S3-222302494
S1-291531093	S3-229727112,S3-681154445
S1-872488123	S2-980599887,S2-614936388,S3-703986292,S3-496565816
S1-118564039	S2-742884802,S3-765540206,S3-261014285,S3-197471626
S1-420607188	S2-617549536,S3-194360968
S1-670303551	S2-777720896,S3-233146156
S1-856205377	S3-257702595,S3-687430013,S3-945507460
S1-949742128	S2-699914010,S2-382505656,S3-365477411,S3-35444542
S1-780706307	S2-743780973,S3-982984658,S3-370976624
S1-169408227	S2-375890083,S3-664898007
S1-951072167	S2-358256417,S2-46551585,S2-183599245,S2-778028656,S3-560897983,S3-141804945,S3-611872828
S1-720711539	S2-115999131,S3-495779957
S1-377859784	S2-341256366,S3-774194730,S3-756026933,S3-942058873,S3-235096970
S1-602638243	S2-950666469,S2-757572691,S3-862138307
S1-398506963	S2-908686155,S2-650120956,S3-789557533,S3-802990199,S3-844706153
S1-556124257	S2-425469399,S2-963409095,S2-54991503,S3-375443756,S3-433528521,S3-878455682,S3-792015208
S1-982849318	S2-675348874,S3-284503224
S1-508347600	S2-368262313,S2-661855476,S3-382622685,S3-290128243
S1-935588725	S2-205360911,S2-709337071,S3-881290619
S1-869233098	S2-854025885,S3-18163879,S3-649753341
S1-639234111	S2-39541481,S3-420792984
S1-45907674	S2-831713883,S3-499127682,S3-207187434,S3-176518065
S1-256564905	S2-354392021,S3-91973641,S3-974717579
S1-298986675	S2-78063862,S2-929444463,S3-399594120,S3-347575616
S1-299799000	S2-676628092,S2-615135310,S3-426966426,S3-467272855
S1-33412118	S2-515076860,S3-398667211
S1-744756754	S2-394932597,S2-212222713,S3-92505537,S3-855187816
S1-186669435	S2-104348792,S3-500815181
S1-252015241	S2-11921998,S3-592053575
S1-990864109	S2-408320663,S2-788296051,S2-6409795,S2-780036232,S2-104469769,S3-476893208
S1-458553980	S2-224931191,S3-670914005,S3-128206619
S1-665130120	S2-185080270,S2-206757950,S3-242160589
S1-294645020	S2-100891684,S3-366389475,S3-306468564,S3-76979845
S1-630851385	S2-435735714,S2-8213523,S3-597689188
S1-108038996	S2-744804663,S2-305509832,S3-984761106
S1-684931165	S2-599124442,S2-653544184,S2-331444311,S3-240845429,S3-945154535,S3-556713298
S1-860689773	S2-848613541,S3-48711724
S1-802539081	S2-490711076,S2-625193140,S2-786641884
S1-602592142	S2-453590374,S2-200093715,S3-517586976
S1-542560042	S2-958624899,S3-811639715
S1-57083831	S2-457923586,S3-652390562
S1-432360391	S2-307440609,S3-686536223,S3-504563492
S1-649783328	S2-565633728,S2-724273713,S2-507170106,S2-346046663,S3-344134484,S3-412368824
S1-673317843	S2-815130696,S2-439170627,S3-374316629
S1-901349187	S2-890000866,S2-2460231,S2-422232148,S2-707567267,S2-409728852,S3-887453377
S1-886874722	S2-42244241,S3-687833627,S3-463432238,S3-871940163
S1-900980802	S2-278673073,S3-614591581,S3-85796657,S3-213652321
S1-823106936	S2-303653613,S3-485096679
S1-344373389	S2-578432654,S3-453296916
S1-26847548	S2-55512080,S3-313932436,S3-299892741,S3-922929211,S3-844340607
S1-666545211	S3-731769916,S3-66969603,S3-193789420,S3-713069545,S3-705103874
S1-990417138	S2-579975940,S3-763271223,S3-747740032
S1-771197582	S2-761408022,S3-864571437,S3-278158095
S1-773588971	S2-123999016,S3-125457927,S3-943882737
S1-261408375	S2-575997114,S3-594660655,S3-448285309,S3-82021375
S1-296780935	S2-420306804,S2-953684836,S3-173944075
S1-124083023	S2-271878386,S2-843599575,S3-678382630,S3-759884115
S1-533145057	S2-682103886,S2-228899217,S3-428814810,S3-770143487
S1-989010440	S2-191642563,S2-118595038,S3-316264936,S3-605878815
S1-775074115	S2-180474976,S2-647222404,S3-45664016,S3-638081667,S3-486851282
S1-151394062	S2-559531392,S2-9668429,S3-85153342
S1-439652185	S2-755323652,S2-660595120,S3-409577791
S1-348199146	S2-683017735,S2-59884279,S3-899325450,S3-686066932
S1-371656352	S2-583270781,S2-546934276,S2-612170389,S3-654379444,S3-742759815,S3-673858029
S1-259772604	S2-945540388,S3-46165706,S3-452777566,S3-653387035
S1-214306696	S2-481887811,S2-373532665,S2-14765864,S3-939601806
S1-783262331	S2-333671010,S2-943356055,S3-862069598,S3-595742331,S3-723931272
S1-968224748	S2-847996468,S2-873717480,S3-812582615
S1-747032131	S2-456607285,S3-57066287
S1-159521552	S2-114802965,S2-243391591,S3-588477827
S1-98818742	S2-495653726,S3-57843348,S3-515381741,S3-58354692
S1-470718466	S2-390173829,S2-101476059,S2-272429377,S3-33712559
S1-236702667	S2-713863914,S3-272872308,S3-398328760
S1-877248625	S2-545959622,S2-533168671,S3-786311293,S3-205381449
S1-630588079	S2-92126249,S3-294193413
S1-438159039	S2-678487104,S2-605751320
S1-161428345	S2-636730501,S2-449047310,S3-561756807,S3-796729828
S1-922645221	S2-57432382,S2-611169243,S2-270213246,S3-932729460
S1-697913194	S2-304613832,S3-386333220,S3-256481464
S1-484393760	S2-969238316,S2-429797103,S3-305623219,S3-414468056
S1-493706496	S2-54422058,S3-921503151
S1-730918326	S2-458656796,S2-147193592,S3-912212232,S3-77543239,S3-501000561
S1-574916360	S2-38229590,S2-622460443,S2-907329401,S3-327295466
S1-484825320	S2-190209563,S2-393886292,S2-112280581,S2-249560161,S3-359300962,S3-635071623,S3-217253678
S1-232145798	S2-539930647,S3-600565278
S1-345415449	S2-131188857,S3-438896205
S1-511991576	S2-568349202,S3-292057726
S1-250753999	S2-599395606,S2-646773248,S3-644638055
S1-187824328	S2-936867760,S2-643042324,S3-246392571
S1-743513105	S2-206463095,S2-109185778,S3-564002514,S3-830065069,S3-289563637
S1-717331941	S2-782026509,S2-802969442,S2-980525931,S3-322414577,S3-964209143
S1-856283311	S2-679842830,S2-270106771
S1-985294406	S2-448051398,S2-470647631,S3-96777410,S3-878060324
S1-111534870	S2-491533595,S2-465703897,S3-317489818
S1-471273607	S2-1239127,S3-844685531,S3-485735201
S1-101996265	S2-178875907,S2-89964905,S2-237261585,S2-655144707,S3-296676535
S1-948287138	S2-942224335,S2-481798497,S3-436706369,S3-725186190
S1-982043703	S2-984174119,S2-611691255,S3-866117101,S3-54822928
S1-380088053	S2-631773559,S2-524054181,S2-527254761,S2-851138843,S2-624714973,S3-777205872,S3-621539398
S1-436848394	S2-404539132,S3-362783107
S1-415255610	S2-439012402,S2-261205304,S3-161046126,S3-732249301
S1-364030197	S2-579827081,S2-45476601,S3-930171463
S1-799499454	S2-819653717,S2-667828259,S2-649827452,S2-551362838,S3-395686967,S3-187141249,S3-850758277,S3-726464653
S1-686585822	S3-730688598,S3-505903071,S3-674054381,S3-634178541
S1-684005099	S2-745162515,S2-14940072,S3-810340117
S1-298031980	S3-651031659,S3-325523074
S1-55417708	S2-553466028,S3-905360922,S3-328463551
S1-39038360	S2-818427391,S3-402109461,S3-488161102,S3-965391005
S1-686041305	S2-309049145,S2-855704449,S2-52757892,S3-610249144,S3-550450095
S1-87784038	S2-765339517,S2-898278791,S3-157466742,S3-447845314
S1-609770490	S2-57333278,S2-861547230,S3-268609987
S1-907380869	S2-655850124,S2-728754354,S2-100170305,S3-947015506
S1-641779429	S2-183388467,S3-775129843,S3-231298673,S3-273243421
S1-574001177	S3-450130500,S3-38166576,S3-774465506,S3-706390972
S1-445226098	S2-279752491,S2-864416999,S2-443940490,S3-972845642,S3-554824119,S3-641721758
S1-893616122	S2-853932304,S2-134305609,S3-205029068,S3-542495874,S3-33600517,S3-661010954
S1-342936776	S2-860172994,S2-401425107,S3-444291895,S3-142223112
S1-389997652	S3-305087980,S3-489611746,S3-644957822
S1-702620234	S2-732742662,S2-110153211,S3-27842632,S3-833423433
S1-275597592	S2-196432137,S2-218302084,S3-506359262,S3-918973545,S3-353441420,S3-654944760
S1-280622606	S2-785960155,S3-749738947,S3-68526945
S1-734243993	S2-729060751,S3-884895510,S3-567651320,S3-269915517
S1-882684698	S2-237966876,S3-140441562,S3-494713405
S1-464668303	S2-706374106,S2-379572626,S3-333799637,S3-603985601
S1-154668315	S2-541438010,S2-547576769,S3-376620799,S3-60751548
S1-55124480	S2-184409430,S2-459152005,S3-292428937,S3-407822102,S3-944790928
S1-346067773	S2-457408999,S2-675364279,S3-592135645
S1-247237811	S2-197934278,S2-707967798,S2-686645233
S1-68548736	S2-720490901,S2-926591526,S2-913878535,S2-159741601,S3-899973926,S3-730725987
S1-757146694	S2-378784571,S3-417231857,S3-672785720,S3-919094965
S1-431779408	S2-729482433,S2-243912859,S3-647791164
S1-627993376	S2-488791174,S2-694967111,S2-479750850,S3-767327918,S3-41405208
S1-517440584	S2-452277929,S2-402170858,S3-376056393,S3-870552474,S3-740259711,S3-451049289
S1-475039909	S2-821808196,S2-354118911,S3-440633815,S3-27159258,S3-7140064,S3-454389877,S3-158232093
S1-606397037	S2-330514901,S2-66223993,S3-53159856
S1-552659593	S2-799119922,S3-305504296
S1-967856499	S2-372856442,S2-702104544,S3-961325491,S3-815047464,S3-596886327,S3-755811873
S1-619385954	S2-956652900,S3-799123993
S1-75007562	S2-677270495,S2-621628360,S3-727860925,S3-998780936,S3-898856601
S1-797532424	S2-935483892,S3-13000878
S1-233787657	S2-922724095,S2-881479688,S3-545348674,S3-42245045,S3-99534605
S1-712237441	S2-473508533,S2-224797008,S2-157454688,S3-218669001,S3-231082894
S1-59894676	S2-203760857,S3-539964460
S1-110612973	S2-168031564,S2-625416040,S2-126088149,S3-214017374,S3-531341391
S1-11500295	S2-909350558,S2-461537485,S2-251047174,S2-128395592,S3-172540112,S3-787378053,S3-170244261,S3-778326987
S1-527339698	S2-343898443,S2-896915632,S3-964321736,S3-884207470
S1-306323191	S2-380390905,S3-310753606
S1-376697912	S2-627745018,S2-170279089,S3-146974248
S1-817560084	S2-520034335,S3-997021692,S3-708191186
S1-569701545	S2-277721863,S3-648250271,S3-168103824
S1-869031331	S2-882586796,S2-399110803,S2-513078488,S2-442783757,S3-221297497,S3-590677605
S1-504963290	S2-67468456,S2-792626401,S2-246933662,S3-194952286,S3-105830033
S1-839626400	S2-342900447,S3-621470463
S1-240255344	S2-261624387,S3-77860730
S1-734981473	S2-722383938,S2-994156479,S3-424987523
S1-906721431	S2-605548039,S2-533702663,S3-679544829,S3-10947491
S1-255002067	S2-461024237,S3-376156612
S1-13979940	S2-912780164,S3-975923643,S3-741293848
S1-448691973	S2-122290617,S2-55812014,S2-984547608
S1-485668658	S3-131084916,S3-179709089
S1-801137207	S2-584421280,S3-597596697,S3-964330379
S1-58915626	S2-120708360,S2-356717533,S2-522062851,S2-328663437,S3-359575123,S3-146345789
S1-979546053	S2-57931141,S2-47450616,S2-352196386,S3-625445685,S3-92714517,S3-717902582,S3-235325103,S3-550281276
S1-173937822	S2-78213477,S2-28382293,S2-432727793,S3-143440953,S3-145854793
S1-319225134	S2-982865938,S3-113537395,S3-681020576,S3-920818415
S1-556328	S2-183715416,S2-501986849,S3-841731380,S3-358404882,S3-693991865
S1-167959680	S2-84517417,S2-982054169,S3-761284636
S1-805728099	S2-518842229,S3-409582317,S3-618557974
S1-756987791	S2-295403376,S2-835256858,S3-463983062,S3-820459421,S3-819237083
S1-266427009	S2-959952164,S2-163318423,S3-326106066
S1-186380719	S2-575209556,S2-752014185,S3-77581753,S3-533214587
S1-630011322	S2-724221946,S2-392720309,S3-623191635,S3-561172666,S3-956706189
S1-420037704	S2-283428313,S2-917443506,S3-255461252,S3-210989590
S1-431978346	S2-631897657,S3-818622000,S3-40267933,S3-803686948
S1-369739619	S3-664415674,S3-34596793
S1-844450087	S2-332015265,S3-230371451,S3-911112950
S1-158927271	S2-972788309,S3-699155681,S3-3933005
S1-263995761	S2-433634019,S3-59550216,S3-405524360
S1-852190060	S2-320022111,S3-240774136
S1-182368052	S2-661233651,S2-178927864,S3-284537021,S3-859484112
S1-74033809	S2-844654471,S2-482356318,S2-814409997,S2-529374502,S3-324668125,S3-919372247,S3-117022305,S3-392216620,S3-648530849,S3-874242914
S1-870206017	S2-200270376,S2-361250955,S3-994082620
S1-784260834	S2-326166692,S2-236328020,S3-344982508
S1-772063341	S2-990453436,S3-413995598
S1-826260301	S2-988558871,S3-304737279,S3-315090473
S1-266782277	S2-408051373,S2-793075925,S3-110897435,S3-80765900
S1-418374648	S2-486949303,S2-825691054,S3-454780063,S3-504941330,S3-76983722
S1-805486005	S2-366679861,S2-463081831,S3-756569767,S3-235442624,S3-742754804
S1-979582410	S2-221380657,S2-491581389,S2-386902214,S3-584516934
S1-821011719	S2-149813902,S2-567094226
S1-479121466	S3-225751607,S3-533991892
S1-299620195	S2-179325555,S3-122865953,S3-555721840
S1-807798134	S2-275191909,S3-584685362,S3-735596750
S1-212447959	S2-199765563,S2-804018975,S3-248662019,S3-933834742
S1-795257323	S2-872896047,S2-513668363,S2-610891857,S3-336149185
S1-855628663	S2-386359625,S2-662515632
S1-84849017	S2-311623266,S2-796912819,S3-945414706,S3-879834742
S1-964924550	S2-420546722,S2-137099718,S3-467185172
S1-161247586	S2-175467271,S3-432304398
S1-436159194	S2-46223525,S3-887101815
S1-493708541	S2-356149992,S2-865933606,S3-947091715,S3-123524732
S1-368422406	S2-992954212,S3-875887530
S1-42895233	S2-97031481,S2-586139665,S3-624285715,S3-31903791
S1-766114300	S2-80528212,S2-932224951,S3-430662510,S3-851369317
S1-477733940	S2-515119843,S2-229808569,S3-344949740,S3-693858238,S3-794877778,S3-316896377
S1-560948264	S2-196668100,S3-72751046
S1-872174227	S2-359269886,S2-387778428,S3-138956659
S1-119797377	S2-324919144,S2-376151747,S3-753370559,S3-59874653
S1-489586702	S2-728180128,S3-327511609,S3-886035601
S1-6439292	S2-430638797,S3-327006727,S3-452058484,S3-15673556
S1-651140615	S2-780428400,S3-373834993
S1-256332566	S2-719157313,S3-156080267,S3-665101349,S3-984568352,S3-895465249
S1-6345918	S2-408685404,S2-956779814,S3-635648818,S3-194520906,S3-628484697
S1-781285900	S2-664068464,S2-404706949,S2-852466739,S3-968099764
S1-158006921	S2-941456131,S3-658316679,S3-256965500
S1-286762996	S2-829543534,S2-698668976,S3-409784967
S1-62417133	S2-874439795,S2-846823954,S3-286526811,S3-82092850
S1-733251502	S2-900685639,S3-161721755,S3-590068476,S3-259063905
S1-684236149	S2-788518201,S2-721444282,S3-360065920,S3-956866472,S3-488715308
S1-496032012	S2-45943520,S2-466863683,S2-336363895,S3-596240951,S3-241364443,S3-892022825
S1-879381396	S3-424635883,S3-985767955
S1-393466885	S2-631714835,S3-571654670
S1-10267407	S3-544184773,S3-371435284
S1-677149097	S2-844459569,S3-549764739
S1-497356029	S2-338241815,S3-945234733
S1-217868394	S2-683765209,S2-724674880,S3-892091091
S1-681925724	S2-146122966,S3-762299574,S3-333230995
S1-440113538	S2-304232163,S2-197628723,S2-69919858,S2-764369127,S2-12683395,S3-461170496,S3-167338140,S3-404243292
S1-422650667	S2-63056836,S2-309989627,S2-492663439,S3-587496736,S3-440049262
S1-930895997	S2-525368900,S2-794922583,S3-467543492
S1-550531373	S2-139555253,S2-750927189,S2-641420463,S2-346173324,S2-30893183,S3-526581444,S3-468771853
S1-979004068	S2-632857198,S3-212961464,S3-553381040
S1-118399245	S2-682901259,S3-819654520,S3-917776225
S1-999863290	S2-778164933,S2-372738019,S2-325141492,S3-985149526,S3-808967497,S3-337475878
S1-548858883	S2-797961795,S2-547421371,S2-392404753,S2-230126606,S2-267237766,S3-838466589,S3-978910896,S3-567909716
S1-735351999	S2-733076757,S2-124646184,S3-505978015,S3-549076233
S1-923550774	S2-933442468,S2-395864491,S2-168217429,S3-470826905
S1-669444496	S2-961704519,S2-182348505,S3-327920340
S1-984253306	S2-53922621,S3-332703755,S3-790198512,S3-459870706,S3-543374071
S1-192056182	S2-683314281,S2-146909374,S3-809015384
S1-796138571	S2-361437783,S3-409149034,S3-330711995
S1-208289329	S2-165249125,S2-20535721,S2-218171737,S3-798044761,S3-996926596
S1-677274871	S2-305024335,S2-107500828
S1-921663371	S2-437473100,S3-206730163
S1-628821299	S2-209836199,S2-479142739,S2-22490214
S1-409720556	S2-57837732,S2-542165742,S2-752856169,S3-30869838,S3-402178014
S1-684551655	S2-333519622,S2-942134208,S3-409834463
S1-921451742	S2-489039680,S2-36189143
S1-329417242	S2-757003213,S2-309916070,S2-126157105,S3-305827515,S3-971686763
S1-738370411	S2-227597747,S3-65521642,S3-637908865
S1-389499266	S2-550472039,S3-716031404,S3-901544601
S1-190210050	S2-484052514,S3-846232866
S1-11047376	S2-479842479,S2-766800627,S3-310901376
S1-823508639	S2-397267420,S3-717493546
S1-754066850	S2-637586779,S2-772441938,S2-948497348,S3-41826927
S1-389765395	S2-467236620,S3-419501268
S1-41563796	S2-527652480,S3-308405600,S3-470326063
S1-685163620	S3-84284774,S3-948418784
S1-251712212	S2-640893526,S3-644511459
S1-827204489	S2-864552087,S3-18280665,S3-564590712,S3-523575805,S3-629243536
S1-475468492	S2-998492048,S2-888225513,S3-843857295,S3-333922061
S1-417196626	S2-431537454,S3-218510973,S3-752125519
S1-392612138	S2-954979109,S3-399747889,S3-163062172
S1-194788356	S2-772441149,S2-859745137,S2-7501387,S3-601330469
S1-60302834	S2-500793841,S2-581897297,S2-638770736,S2-254384767
S1-871789452	S2-799876740,S2-843039996
S1-389810498	S3-5850654,S3-434128763,S3-243862682
S1-134289026	S2-59177730,S2-229352457,S2-501507839,S3-47270117
S1-351405881	S2-749639094,S3-18233645,S3-292520167,S3-727766563
S1-331704174	S2-795802438,S3-984583478
S1-686196086	S2-449180095,S2-689884060,S2-146026448,S2-387505472,S3-680056607
S1-690910907	S2-824681206,S2-817133711,S2-161439233,S3-777238704,S3-145238292
S1-25977459	S2-843437695,S3-875777368
S1-137732866	S2-687829571,S3-414071960
S1-213848840	S2-299732200,S3-545071743,S3-566125164,S3-623750733,S3-708534232
S1-842873350	S2-153836794,S2-816825462,S2-562061846,S3-431973188,S3-395940268
S1-669551092	S2-290839609,S2-209011853,S3-828632219,S3-675333235,S3-911769096
S1-311487038	S2-443277351,S2-389281572,S2-248568212,S3-529346880,S3-662124332
S1-614425558	S2-519695354,S2-451032394,S3-623012953
S1-321486568	S2-77616985,S2-361684321,S3-933040536,S3-519372201
S1-541268331	S2-534848546,S3-5963358
S1-510497725	S2-914229341,S2-652615992,S2-331790412,S3-173055107,S3-779904074
S1-414307315	S2-970313334,S3-630008320,S3-318475288
S1-678510003	S2-221461755,S2-190477943,S2-896408620,S3-157654265,S3-624849651
S1-901814668	S2-155606700,S3-782391880,S3-158528813
S1-220776912	S2-422505431,S2-176380040,S3-379918313,S3-431282261
S1-777044669	S2-823864721,S3-875711968,S3-828511736
S1-728391778	S2-210308853,S3-821638572,S3-322523299,S3-11083935,S3-714546639
S1-606844039	S3-315150121,S3-125884693
S1-287808606	S2-621406855,S3-760466626
S1-35617258	S2-765921293,S2-762100240,S3-195770461,S3-760281285,S3-171329924,S3-217415195
S1-877207982	S2-148385081,S3-217445756,S3-180014034,S3-82576890,S3-342593482
S1-62727650	S2-188954341,S2-877199031,S3-232298855,S3-125180499
S1-565891892	S2-806760868,S3-846793547,S3-166624497
S1-380636963	S2-302390252,S3-139551358,S3-329992965,S3-273983326
S1-493879357	S2-348567975,S3-43917287,S3-621799496
S1-299650700	S2-564528284,S3-826946589
S1-582453034	S2-216655092,S3-712971420
S1-552760608	S2-674300252,S3-571295942,S3-502084676
S1-952910351	S2-957752469,S2-519802828,S3-218064492
S1-356156624	S2-231324061,S2-648417226,S3-607033114
S1-332216219	S2-623750432,S3-987064162,S3-10004549
S1-324125906	S2-906883465,S3-167056469
S1-790914861	S2-90834461,S2-994018571,S3-665987455
S1-846113338	S2-829975581,S2-863889954,S3-180043574
S1-370410997	S2-400069450,S3-78610959
S1-789822590	S2-944715614,S2-194813191,S2-849908180,S2-489516883,S3-508163157
S1-866238026	S2-415547464,S2-454122713,S2-47659837,S2-581326444,S3-651085752
S1-58781451	S2-611943013,S3-706583651
S1-668813356	S2-451335149,S3-319317369
S1-542963447	S2-693402062,S2-354392627,S3-260624693,S3-68332593,S3-347706675
S1-63993567	S2-899955615,S2-786330470,S3-118174395,S3-13638194
S1-98744561	S2-289184671,S2-706142574,S3-738926358,S3-810384039
S1-935026415	S2-474365564,S3-49853758
S1-453952884	S2-310728513,S2-659432701,S3-72578631
S1-503837160	S2-40781790,S3-317629580,S3-826585938,S3-481669374
S1-238080343	S2-256876833,S2-358085551,S2-598880072,S2-566916844,S3-305943421
S1-776107462	S2-52501570,S2-858389506,S2-432395003,S2-906966816,S3-968420198
S1-303756395	S2-370512882,S2-872736503,S3-193764605,S3-871085402
S1-626351624	S2-585138296,S3-504788752
S1-57103527	S2-850561762,S3-902598934,S3-318543418
S1-144667211	S2-420564541,S3-448189001,S3-211323311
S1-586591188	S2-777453720,S2-582996750,S2-407617752,S2-778607754,S3-26346270,S3-165685777,S3-416056158,S3-549466989
S1-985364195	S2-723832431,S3-14880990
S1-616364250	S2-198534429,S3-172272021,S3-483068377
S1-946428080	S2-440139402,S2-958050123,S2-135679654,S3-155032553
S1-953042142	S2-965166342,S2-688498151,S2-390668902,S3-560289291
S1-266414687	S2-498147332,S2-256137650,S2-360231360,S3-228957231,S3-703521760
S1-219247185	S2-131982396,S3-813142469,S3-88813057
S1-454626718	S2-520449638,S2-470865941,S3-843224549
S1-869196380	S2-771835110,S2-690809063,S3-311056505
S1-222735016	S3-461435835,S3-79186048,S3-26739270
S1-757028636	S2-683102621,S3-528700329
S1-602801573	S2-524800425,S2-43190980,S2-187884461,S3-901027400
S1-142374044	S2-753143310,S2-861166598,S2-498993432,S3-50322752,S3-91217508,S3-457428709,S3-584530372
S1-178244244	S2-44825285,S3-629677616,S3-40656088
S1-21687417	S2-138480870,S2-824970488,S3-408658597
S1-296677044	S2-103338969,S2-81925283,S3-603333109,S3-29294712
S1-332320288	S3-801461424,S3-21937749,S3-158949565
S1-921835652	S2-233976104,S3-874757257,S3-957043360
S1-812311928	S2-968615511,S2-323756967,S3-308298538,S3-721362384,S3-809377411,S3-38709431
S1-618481160	S2-212811615,S2-981017265,S2-442894720,S3-395688787,S3-260976734
S1-618620665	S2-159207067,S2-45348112,S2-767852081,S2-983446145,S2-479238748,S3-862771250
S1-292743962	S2-458673043,S3-19288431,S3-744751941
S1-836231384	S2-408657878,S3-24605794,S3-808565885
S1-255722643	S2-606012084,S2-379202364,S2-910996005,S3-363517123,S3-718288869
S1-429571865	S2-610623372,S3-457465240
S1-668595796	S2-168851119,S3-267230657
S1-581512585	S2-171255805,S2-168753650,S3-18315867,S3-938537653,S3-332568271
S1-161405964	S2-172465928,S3-507582178
S1-25300540	S2-838096702,S2-143087480,S3-868907558,S3-356421451
S1-403869611	S2-116502188,S3-761960102,S3-209488337,S3-990462508,S3-816300957
S1-176351768	S2-369045824,S2-678437351,S3-739532184,S3-597474219,S3-414969502
S1-129724614	S2-596929677,S2-980119788,S3-989050557
S1-704853102	S2-130146226,S3-610295947,S3-836092043
S1-30426600	S2-326171142,S2-118254358,S3-594608748,S3-521223174,S3-549293947,S3-381228851
S1-100661811	S2-641613984,S2-38026441,S2-170960220,S3-341930084,S3-214281792
S1-54478561	S2-50477045,S3-117405658,S3-664152813
S1-65360207	S2-575771701,S2-120607864,S3-628995606,S3-690418048
S1-500986788	S2-962320806,S3-676942471
S1-62755057	S2-488122197,S3-281419332,S3-195049008,S3-329221057
S1-174680131	S2-555360418,S3-290689525,S3-900769612
S1-732980915	S2-122580962,S3-141450160,S3-326938668
S1-8200564	S2-492480315,S2-555789525
S1-843721935	S2-634258847,S2-103943917,S2-261201370,S3-545355531,S3-203225606
S1-793822277	S2-823858461,S2-148438745,S3-628604322,S3-980480060,S3-588087160
S1-242690668	S2-559330503,S2-937260969,S3-511670388,S3-597427362
S1-44439750	S2-423812295,S2-692009927,S2-148324656,S2-853140243,S2-505049245,S3-691308189,S3-339419249
S1-5315868	S2-439018683,S3-261131022,S3-275291257
S1-377903003	S2-612712625,S3-276991004,S3-248439330,S3-381082994,S3-960552486
S1-451286357	S2-400301013,S2-981282734,S3-623461307,S3-446947690
S1-252379209	S3-602157867,S3-885769037
S1-29201017	S2-721914112,S3-400153548,S3-269227550,S3-187417640,S3-16030740
S1-913675423	S2-715679970,S3-347023002
S1-499780032	S2-266941744,S2-521413205,S3-185207347,S3-15621101,S3-80809430
S1-759178426	S2-982839192,S3-878797130
S1-715226416	S2-732645904,S2-438433424,S2-594917432,S3-354513981,S3-427172344,S3-200286049
S1-237526356	S2-348949402,S2-622379474
S1-578017444	S2-864986947,S2-893047885,S2-944898040,S3-912236042,S3-294352669,S3-87092941
S1-686627355	S2-795140273,S2-712748237,S2-637228218,S2-65183085,S3-491292094
S1-885787710	S2-854901562,S3-645736502,S3-140083783
S1-303315294	S2-722552256,S2-486434179,S2-85451416,S3-706292948
S1-826397038	S3-862668709,S3-789881153,S3-467485734
S1-973846459	S2-720002539,S2-47276226,S3-560624292
S1-92902401	S2-254575284,S2-226986962,S2-706655807,S3-911390901
S1-971269622	S2-484022169,S3-52688012
S1-951801808	S2-755953770,S3-350554890,S3-972765478,S3-541194970
S1-141371285	S2-615388741,S2-417515720,S3-284661497
S1-997354542	S2-850409853,S3-25435383
S1-904696840	S2-298080519,S2-894606301,S3-479488211,S3-118815566,S3-62193941
S1-940021208	S2-410051547,S3-44335896
S1-203066110	S2-482978094,S2-773076943,S3-953975707,S3-725939984
S1-41928984	S2-950649776,S3-402058964,S3-958880722,S3-795153446
S1-938871412	S2-652845814,S3-107608491
S1-101650418	S2-487501066,S2-653090893,S3-309941927,S3-229850435,S3-539924607,S3-759631719,S3-93461294
S1-274941013	S2-981114157,S3-459194189,S3-804403827,S3-798190219
S1-522237747	S2-535127284,S2-569663791,S3-66915796,S3-125183289
S1-746814581	S2-231383946,S2-657370368,S3-194115151,S3-668538876,S3-513810258
S1-625888361	S2-97321201,S2-854518164,S2-163446282,S2-405744798,S3-377329088,S3-76135544
S1-59472523	S2-341383824,S3-723173930,S3-399524366
S1-338336493	S2-120524744,S3-951605612
S1-98989404	S2-98219387,S2-985152255,S2-920764072,S3-555265555,S3-503467387,S3-491038312
S1-966225276	S2-938351085,S2-553444898,S3-18366389,S3-876469768
S1-153739005	S2-73406172,S2-450359378,S2-434625118,S3-290744338
S1-567848	S2-133105525,S2-61321615,S3-621940112
S1-556604347	S2-632616040,S3-366329164,S3-929247435,S3-708252959,S3-416500007
S1-634722071	S2-994022101,S3-706679255,S3-890191890,S3-930535535,S3-399359419
S1-757566701	S2-161906533,S3-778559370
S1-884494962	S2-581449314,S2-691382598,S3-375837446,S3-298059853,S3-290291345,S3-390240964,S3-220458563
S1-385536869	S2-515259123,S3-999904110
S1-671198425	S2-245350508,S3-899748479,S3-238164214,S3-136680243
S1-697264894	S2-452021758,S3-664508269,S3-140077517,S3-340832812,S3-490740571,S3-800176379
S1-406938371	S2-622636404,S2-935563390,S3-717111917,S3-611330298,S3-543735767,S3-705512285,S3-966798792
S1-786626759	S2-324790790,S2-515203553,S3-350738246,S3-29033923,S3-488272834
S1-634496301	S2-57764404,S2-876232141,S3-282124988
S1-154596896	S2-353743976,S3-193669559,S3-908765814,S3-116149812
S1-602451198	S2-71978476,S2-568693863,S3-734662333,S3-170395984
S1-725968366	S2-82070668,S2-917995774,S2-360870085,S3-760274244
S1-874131245	S2-999125076,S3-637244462
S1-708842625	S2-794815844,S2-570283769,S3-506366009
S1-670941535	S3-425932793,S3-977312508
S1-420769973	S2-661241887,S2-930500986,S2-751535267,S3-743173486,S3-689306270
S1-743084423	S2-475549160,S2-554019856,S3-144618653
S1-127878864	S2-763532222,S2-359178549,S3-39958252,S3-3638214
S1-206784133	S2-482372835,S3-471299523
S1-1940901	S2-273060965,S2-127155671,S3-388065911,S3-111239286
S1-980783166	S2-866752904,S3-158493230,S3-251826979
S1-556982313	S2-433191249,S3-831088572
S1-137232504	S2-272188079,S2-946671077,S2-108182661,S3-703161975,S3-977057094,S3-457967265
S1-671770537	S2-744826036,S3-166210249,S3-536869611
S1-330472501	S3-212198355,S3-86940031,S3-280611176
S1-893279129	S2-687722180,S2-94195119,S3-409394432,S3-719015493
S1-872298470	S2-522058794,S2-201265925,S2-566984601,S3-236879838
S1-26883030	S2-305130782,S2-651085483,S3-113051186,S3-24070286
S1-440635831	S2-645773685,S3-963710425,S3-242667547,S3-948301397
S1-7633613	S2-159343980,S2-516929653,S3-981330948,S3-308471882
S1-812342234	S2-503128682,S3-92309520,S3-112338180,S3-7122643,S3-655769420
S1-824060122	S2-935890101,S3-225541396,S3-193868091,S3-828675599,S3-827034636
S1-690180464	S2-951385155,S2-990646805
S1-854872357	S3-675749263,S3-832006786
S1-259165284	S2-760615227,S2-872205361,S2-818250663,S2-671365382,S3-938354002
S1-557052392	S2-638709644,S3-985473512
S1-22587558	S2-74465701,S2-818175054,S2-344748891,S3-762498578,S3-119397223
S1-563814373	S2-861446498,S2-335278599,S3-737003816
S1-505709881	S2-480750973,S2-569978237,S2-428462892,S2-405372492,S3-482054145,S3-484964158,S3-874937630
S1-314517494	S2-660804540,S2-165490820,S3-829425112,S3-659889323
S1-875727217	S2-200063109,S3-517162594,S3-173928157,S3-831925619
S1-465632776	S2-158661850,S3-492000935,S3-18579285
S1-606990226	S2-481778978,S3-392901203,S3-120239706,S3-437256150
S1-557152219	S2-352553238,S3-625009160,S3-571239310
S1-486705138	S2-486737988,S2-736299156,S2-421857566,S2-173746677
S1-782250936	S2-898219787,S2-403705897,S2-942337602,S3-125474127,S3-653246564,S3-272005772
S1-51901619	S2-991470032,S3-374985572,S3-903746063,S3-780778816
S1-626545436	S2-722602703,S2-250616853,S3-498231582,S3-644223900,S3-380636386
S1-595413172	S3-919419369,S3-166280583,S3-746703468,S3-990650109,S3-994385779
S1-183074647	S2-451410707,S2-109919228,S2-812904332,S2-578181359,S3-778809844,S3-56786171,S3-463709030
S1-985853272	S3-214880688,S3-607500569,S3-555041536
S1-830309416	S2-287269511,S2-627046217,S2-524724602,S3-199257011
S1-581765585	S2-607567002,S2-41389645,S3-541154068,S3-390219133
S1-322014957	S2-122563917,S3-346036529
S1-795533121	S2-162064033,S2-627724906,S2-928105640,S2-808459214,S3-287523324
S1-267019228	S2-14454290,S2-77450777,S2-764672446,S2-609021051,S3-308031430,S3-581349499
S1-604135538	S2-709327750,S3-616617157,S3-433180453
S1-724056417	S2-566388380,S2-583464151,S3-795178350,S3-784808121
S1-979288927	S2-403006718,S2-1074598,S2-485516515,S2-238808154,S3-277326662,S3-943042409
S1-801705344	S2-636002761,S2-291977175
S1-121455819	S2-213069110,S3-719945515,S3-227529776
S1-318238210	S2-670916201,S2-220451383,S3-387548009,S3-752311654
S1-895185696	S2-859641946,S3-838055453,S3-231981292
S1-436694502	S2-305805565,S2-374005069,S3-491959213,S3-232492222,S3-162440324,S3-919872985
S1-160201594	S2-781970638,S3-545902465
S1-987824019	S2-614525358,S2-794143835,S3-132710408,S3-678643418
S1-857188255	S2-336954480,S3-377294442
S1-378476921	S2-790651075,S2-554673904,S3-447018447
S1-861258755	S2-781103290,S2-71974832,S2-691377086,S2-763803917,S3-656647056
S1-648405081	S2-543627902,S2-617985349
S1-84461552	S2-13941760,S2-392020574,S2-467160472,S3-95700169
S1-295666407	S2-198620882,S3-923323245
S1-407782031	S2-604918943,S2-38775953,S2-659560604,S3-736235255,S3-494409057,S3-148156891
S1-196628364	S2-866856365,S3-810093144
S1-927153744	S2-771424967,S3-895519563,S3-729295052
S1-687394374	S2-885870722,S2-426096327,S3-718011204,S3-546886666
S1-827699903	S2-987419593,S2-426457946,S2-353015709,S3-952997348,S3-907708682
S1-438765578	S2-455290625,S2-684679124,S3-589889721
S1-541912130	S2-288392716,S2-769199320,S2-287844702,S2-658068135,S3-613266055,S3-890848254,S3-777267418
S1-95795004	S2-316666955,S3-651096935
S1-990955091	S2-22084218,S3-806382465
S1-472289156	S2-837006573,S2-448104880,S2-34901473,S3-847073957
S1-404368796	S2-955700355,S2-957649558,S2-175036541,S3-197165521,S3-476567850
S1-630635559	S2-662898081,S3-630655868,S3-66111538,S3-597343931
S1-407576804	S2-226946750,S2-584869684,S2-262981170,S2-982908568,S3-933786015,S3-401320805,S3-437482861
S1-532948579	S2-717428030,S3-518243445
S1-89998185	S2-757544845,S2-89055163,S3-588439994
S1-991525764	S2-573202853,S3-833267995,S3-400579115
S1-357326518	S2-491597692,S2-957170617,S2-132055670,S2-566280235,S3-754977916,S3-546351874
S1-167168780	S2-879829068,S2-368465109,S3-523104784,S3-570393852,S3-222567237,S3-914399957
S1-511537743	S2-812353166,S2-398129528,S3-793083504,S3-834129836,S3-296285299
S1-221993405	S3-273397389,S3-838238235
S1-263043134	S2-603938583,S3-690768297
S1-409463586	S2-92216271,S2-544016639,S3-447690003,S3-80939192
S1-512708503	S2-872131791,S3-517790740,S3-733502606
S1-59391059	S2-941363560,S2-748031587,S3-722675809
S1-994836725	S2-14968960,S2-464599257,S2-799158072,S2-858073127,S2-77250948,S3-870209303,S3-87262855
S1-750568557	S2-876762320,S2-284196973,S3-358167222,S3-326716484
S1-939651644	S2-820094179,S2-933043207,S2-677295304,S3-159047242,S3-676055097
S1-157753302	S2-307683585,S3-238351672
S1-935637132	S2-278465262,S3-416464498,S3-612058477
S1-841037225	S2-150957409,S2-852570742,S3-108565326
S1-979794286	S2-87292783,S2-140551665,S2-681505853,S2-582706943,S3-295353689,S3-360538109
S1-434242540	S2-472601091,S2-717100685,S3-781265293
S1-162060951	S2-642232148,S2-141718102,S3-447105659
S1-259702875	S2-460151899,S2-122348171,S3-568221581,S3-79980792,S3-917255335
S1-287671174	S2-114896432,S2-557279102,S2-736573069,S2-286970811,S3-527149693,S3-345789797
S1-333922524	S2-238760821,S2-883215266,S2-286852771,S3-271402285
S1-538381969	S2-28701660,S3-810723381
S1-147730702	S2-365045374,S2-787504549,S2-364159439,S3-6338604
S1-570554444	S2-561148163,S2-441298518,S3-230675475
S1-510760522	S2-135049725,S2-943011732,S2-718011059,S3-204781244,S3-56471680,S3-659710583
S1-157282091	S2-206396493,S3-605232838
S1-64910557	S2-978000855,S3-42179749,S3-284821657,S3-542432596
S1-245863075	S2-694544983,S3-117259274
S1-965991598	S2-530224304,S2-861012998,S2-105591480,S3-405023350
S1-301095736	S2-550521898,S3-892980151
S1-507202559	S3-254139200,S3-608950286
S1-868967558	S2-587031548,S2-439188566,S3-69295209,S3-902588607
S1-82465707	S2-987807811,S2-784145725
S1-645769028	S2-576557141,S2-375421450,S2-924366583,S3-396996444
S1-127875532	S2-705244202,S2-921437756,S2-571872579,S3-149088447,S3-488803314
S1-525299046	S2-885178028,S2-987359376,S3-115739455
S1-566711922	S2-224116297,S2-616852988,S3-139840781
S1-394522940	S2-684796046,S2-159239440,S3-55872872
S1-706132959	S2-178845784,S3-726143073
S1-371642228	S2-705869764,S3-824043091
S1-375150666	S2-860612074,S3-78361889
S1-692685270	S2-342715701,S3-97647750,S3-317767018
S1-308302702	S2-195440898,S2-997136550,S3-51906301,S3-173972168,S3-430671717,S3-547325311
S1-476701046	S3-712798693,S3-111443207
S1-535844116	S2-252627137,S3-285415505,S3-140114510,S3-105721745
S1-980014010	S2-401968237,S2-278146430,S2-955688200,S3-344196811
S1-282294669	S2-841337295,S2-412710150,S2-965349181,S3-553209356,S3-735451513,S3-509254286
S1-280374599	S2-339667056,S2-185995718,S3-734312416,S3-311326672
S1-146732601	S2-414967067,S2-923704194,S3-47842034
S1-191607805	S2-311473989,S2-905330960,S3-723970656,S3-61388872,S3-422641599
S1-499408637	S2-239516412,S2-387628486,S2-816588615,S2-492195513,S3-909275532
S1-804166792	S2-236210610,S2-296520143,S2-380035100,S2-306471977,S3-354583587
S1-764843328	S2-711048116,S3-349267866,S3-623051100
S1-602674887	S2-489600053,S3-542021003
S1-266078485	S2-234188916,S2-810516991,S2-454083298,S3-122754618,S3-137243031,S3-662941175
S1-191562525	S2-492070563,S3-934741240,S3-119982339,S3-555905065
S1-294546355	S2-421594755,S3-864376338
S1-765925206	S2-167246823,S2-257034423,S3-493185547
S1-102016994	S2-435841384,S3-32596010
S1-720635772	S2-921475090,S3-555677004,S3-543963004
S1-218981454	S2-350153277,S2-138612593,S2-401927769,S2-65779493,S2-514638856,S3-701612007,S3-625268326
S1-184053403	S2-946120929,S2-361438521,S3-105056920
S1-468571219	S2-770960329,S2-696262489,S3-777686934
S1-206118034	S2-396801398,S3-68970514,S3-885560423,S3-451701506,S3-107117747
S1-797895637	S2-771440587,S3-161718145
S1-496366760	S2-142651016,S2-553037594,S3-363156840
S1-202215069	S2-590075088,S2-44182242,S3-216514437,S3-739945132,S3-539936406,S3-685898206
S1-699110636	S2-150939808,S2-406725265,S2-864199327,S2-866894579,S3-174361967,S3-610900410
S1-532569016	S2-147649145,S3-332897199,S3-685574347
S1-492981335	S2-513716640,S3-793383459
S1-212651569	S2-979176379,S3-388483393,S3-136909560,S3-757398836
S1-58474738	S2-688293884,S2-184627781,S2-277596380,S3-424473556,S3-284709966,S3-588684653
S1-939478480	S2-86328975,S2-494139637,S3-495503818,S3-292098667
S1-572874488	S2-529465441,S3-39889949,S3-403099629,S3-307371388
S1-286556988	S2-459445142,S2-377669149,S3-517535779
S1-897619072	S2-473524131,S2-80753828,S3-163454541,S3-304518359
S1-57187169	S2-147099382,S3-593282309
S1-212587898	S2-447031291,S2-586822009,S2-285455778,S3-376794339,S3-921424547,S3-334374905
S1-941603981	S3-491343428,S3-335201560
S1-43209454	S2-88931100,S3-800714656,S3-206619005
S1-301579241	S2-347442947,S2-469805582,S3-834606121,S3-752987674
S1-870126427	S2-108792543,S3-193798090,S3-530436148,S3-643118952
S1-56629327	S2-931936735,S2-855371396,S3-512854953
S1-458966039	S2-808796943,S2-966470717,S3-209651412,S3-886039736
S1-638648059	S2-61628315,S3-413200680
S1-743327801	S2-207017648,S3-457487007
S1-299477515	S2-416398830,S2-191928370,S2-423839263,S3-700851270,S3-524150299,S3-419481013
S1-823624831	S2-442525348,S2-886108919,S3-302082796
S1-35133812	S3-870188480,S3-866015347,S3-556268315,S3-701516337
S1-776098323	S2-596348217,S2-229256507,S2-466446716,S3-589126303
S1-586824384	S2-737065202,S3-358697052
S1-269179376	S2-152556108,S3-1960178
S1-217357860	S2-892717498,S2-677168281,S2-94422146,S3-93540892,S3-639291282,S3-62233035
S1-65994586	S2-70258048,S3-103494535
S1-132413342	S2-429776198,S2-683649221,S3-666582297
S1-470016366	S2-525810757,S2-850481000,S2-366765388,S3-78043761,S3-54460133,S3-321921856
S1-346726484	S2-980025883,S2-423832852,S3-682713511,S3-248084173
S1-994149299	S2-657769215,S3-166817606,S3-993451102,S3-742201909
S1-835775866	S2-804633543,S3-686415001,S3-498007776
S1-932581387	S3-769839097,S3-386483236
S1-616444820	S2-130463692,S3-237875159
S1-418170497	S2-984713676,S2-996582245,S3-150605329
S1-125553807	S2-292971248,S2-502193766,S3-320551129,S3-230802220
S1-106147447	S2-516887677,S2-105068391,S3-720644086,S3-110533640
S1-150794084	S2-906615198,S3-971959261
S1-60165522	S2-65136940,S2-467814883,S3-656718618,S3-236104540
S1-216463240	S2-578789016,S2-9654510,S3-942751041,S3-860530210,S3-919917195
S1-553000124	S2-807696245,S2-854328863,S3-897561396
S1-730418653	S2-464902566,S2-695084071,S3-995021924
S1-510285844	S2-112426612,S3-157650119
S1-623108930	S2-352983693,S2-645151472,S2-350302644
S1-500616645	S2-497737041,S2-992884678,S3-607298477
S1-974019979	S2-757765959,S2-681751936,S3-461196608
S1-101445271	S2-473852698,S2-375884970,S2-771710743,S3-413060564,S3-9252007
S1-422874789	S2-107859649,S3-33465346,S3-144559057
S1-878938907	S2-157216323,S2-621306679,S3-404034589
S1-239015181	S2-652044063,S2-974112422
S1-341380364	S2-397834914,S2-401422219,S2-453236951,S3-336557336,S3-330767100,S3-463043661
S1-356351446	S2-375757605,S3-693841416
S1-888945227	S2-148731886,S2-287639471,S2-261448055,S3-797301232,S3-319430009
S1-415371831	S2-944903826,S2-98385176,S3-457055876,S3-503431902,S3-128644710
S1-666259685	S2-715136641,S3-717093125
S1-617659394	S2-57017465,S2-681944487,S3-575806185
S1-790322058	S3-930244552,S3-256867633,S3-64119026,S3-574646246
S1-321771394	S2-874177315,S3-767455619,S3-491284663,S3-780170039,S3-160119261
S1-828980745	S2-684323377,S3-48395248,S3-820061958
S1-998034616	S2-578280927,S3-342190625,S3-375392251,S3-893634683
S1-649219236	S2-21746692,S2-930841725,S2-36738773,S3-584848809,S3-110191434,S3-325364083
S1-175995158	S2-450733304,S3-28089259
S1-201223927	S2-830571589,S3-139898585
S1-86390766	S2-47214269,S2-282874058,S3-829266798,S3-886272225
S1-964876866	S2-342563676,S2-415310607,S2-206121664,S3-345222284
S1-287199744	S2-428926300,S3-323042641,S3-864317697,S3-518520576
S1-971338459	S2-817509877,S3-103274593
S1-618216711	S2-329678004,S3-957368768
S1-502723743	S2-12460439,S2-435356609,S3-472791393,S3-186314460,S3-650053827
S1-881689529	S2-868550551,S3-269005252
S1-226523827	S2-625621065,S2-604267242,S3-846105267
S1-147009043	S2-140095842,S2-2108131,S3-859198002
S1-327422821	S2-431035756,S2-488250811,S2-443600013,S3-287207067,S3-113804286,S3-90415243
S1-687873714	S2-373243393,S2-471623663,S2-604175200,S3-927890220,S3-84233249
S1-377274035	S2-4333411,S3-744949601
S1-824868098	S2-357129757,S3-393344836
S1-120432746	S2-988174518,S2-973222221,S3-630097790,S3-566758146
S1-671605426	S2-972536281,S2-487888291,S3-315308266,S3-114973073,S3-536299469,S3-476824635
S1-102334444	S2-152037942,S3-559303141,S3-489394614
S1-74505865	S2-312700268,S3-699260266
S1-170804955	S2-142554461,S2-372468534,S2-588987538,S2-372811067,S3-766779596
S1-743614676	S2-170512692,S2-493252949,S3-600275754,S3-568218235
S1-754470348	S2-116656951,S2-55409742,S3-931001848,S3-374681018,S3-339063877,S3-568559393
S1-490535832	S3-766351484,S3-94822289
S1-302582847	S2-219106599,S3-293093792,S3-179071100
S1-370271080	S2-301221697,S2-217914297,S3-974905856,S3-574397749
S1-671932680	S2-845728866,S3-400535217,S3-498644687,S3-906253705
S1-687726242	S2-559242691,S3-986224476,S3-266584047,S3-768528352
S1-473513816	S2-452703360,S2-941195087,S3-701367004,S3-843797252,S3-853565498
S1-571293028	S2-730771214,S3-270295783
S1-683842074	S2-666541927,S2-300634292,S3-85179364
S1-680818651	S3-413340197,S3-287408153
S1-645918656	S2-597118610,S3-7948094
S1-931180112	S2-425439096,S3-161835436,S3-736215419
S1-825836983	S2-838677955,S3-606470674,S3-520819303
S1-297919039	S3-422983202,S3-675874681
S1-44186457	S2-272327049,S2-225045579,S3-363761737
S1-869723344	S2-496629924,S3-966229948,S3-775333843
S1-594266804	S2-380669888,S3-62988234
S1-462188588	S2-409078682,S2-216610517
S1-755832670	S2-759454254,S2-404049409,S3-669441817
S1-148231847	S3-725842873,S3-189415770,S3-272482393,S3-169287093,S3-373439631
S1-205917938	S2-588012712,S2-866884566,S3-999522586,S3-655506832,S3-808063440
S1-418923882	S2-490958816,S3-445144118
S1-190244086	S2-98932666,S2-933012649,S3-340023041
S1-373971106	S2-948577713,S2-78200245,S2-962638973,S2-573227913,S3-329500729,S3-158182790
S1-791627491	S2-319469840,S2-49826151,S2-62923391,S3-401280810,S3-28589703
S1-857704674	S2-291317800,S3-131340235,S3-812292485,S3-481381814
S1-596940829	S2-499487080,S3-341493293,S3-701810686,S3-985377313
S1-384361123	S2-647651395,S2-980662153,S2-477289401
S1-602018748	S2-722943337,S3-62930479,S3-776993649
S1-790956512	S2-608650376,S2-722251566,S2-521604133,S2-269944410
S1-329683703	S2-76616585,S3-9602966
S1-520896760	S2-321095231,S2-965621947,S2-161768536,S3-892472967
S1-676119230	S2-592258594,S2-107478891,S3-201433149
S1-216327770	S2-515298197,S2-381765033,S3-505628461,S3-706133767
S1-298301032	S2-625103518,S2-979926756
S1-723168511	S2-750243878,S2-713031699,S3-227209956,S3-108224988
S1-140991635	S2-651734097,S3-543440851
S1-999333718	S2-448704363,S2-654260554,S3-23429592
S1-32698869	S2-471491821,S3-918551412,S3-343200039,S3-540576903,S3-217022717
S1-451228563	S2-509753969,S3-862806083,S3-392560608
S1-817190177	S2-635806441,S2-265031101
S1-637120067	S2-312950343,S2-439587828,S3-588877740,S3-38002823,S3-213481386,S3-878468185
S1-474134229	S2-965700507,S2-837876852,S2-599167919,S3-822879086,S3-292686283
S1-508173774	S2-141872194,S2-732567262,S2-690658444,S2-3778654,S3-406479861
S1-462591192	S2-668157028,S3-917585409,S3-401768914,S3-65181308
S1-74460436	S2-577127439,S2-886972012,S3-206509016
S1-430380265	S2-895384137,S2-590879572,S3-648260661
S1-396197788	S2-702007503,S3-505645897,S3-892765613
S1-208195758	S2-659501063,S2-643188402,S3-870102280
S1-716732503	S3-710620091,S3-924222992,S3-675985083
S1-448006808	S2-867659365,S2-707357788,S3-280756805,S3-825726930
S1-813886880	S2-704999589,S3-261574711,S3-151935835,S3-216611567
S1-76185816	S2-320804226,S3-834404085
S1-159020842	S2-754797097,S3-263467386
S1-963484697	S2-132589981,S2-294780412,S3-548958554
S1-908828337	S2-200111988,S2-933840300,S3-215993837,S3-610852142
S1-362969836	S2-783349057,S2-48296847,S3-752557894,S3-232013265
S1-276631123	S2-429024009,S3-193076845
S1-401846361	S2-758986932,S3-754931251,S3-60512464,S3-294055653,S3-697132760
S1-887256458	S2-869743917,S2-592742883,S3-142011174,S3-808576899
S1-151180865	S2-687225136,S3-412016338,S3-517387722,S3-316334202
S1-355018542	S2-190112075,S3-821072815,S3-865062446
S1-198368079	S2-71179129,S2-185428946,S3-357374859
S1-291845786	S2-926188618,S2-580976348,S2-588791520,S2-803695363,S3-133274948,S3-543649292,S3-946147883
S1-74189941	S2-49479877,S2-119295852,S2-701640976,S3-843758176,S3-935867396,S3-294427347
S1-80510501	S2-43266464,S2-925140023,S3-870161466
S1-439825849	S2-557191498,S2-585414802,S2-968955993,S2-590872795,S3-810694773,S3-177617687,S3-491812442
S1-924089629	S2-220281734,S3-602042670,S3-863214168
S1-992529155	S2-409068621,S3-906090973
S1-587457641	S2-618930175,S2-331773989,S3-263370143
S1-541234070	S2-218110940,S2-464389999,S3-821695296,S3-201666734,S3-899522851
S1-815173369	S3-641780406,S3-938254436,S3-821295506
S1-884582916	S2-876673597,S2-74531809,S3-943890828
S1-263891575	S2-789812878,S3-736509341,S3-943578981,S3-570292224
S1-849320993	S2-645391985,S3-477471809,S3-339076899,S3-521786967
S1-857965145	S3-400114033,S3-204140364,S3-977563428
S1-18644843	S2-376786251,S3-491570881,S3-777074537,S3-537160713
S1-503940837	S2-26917994,S3-557571736,S3-648114442,S3-352007635
S1-612643688	S2-371608232,S2-628918729,S2-566440803,S3-544151491,S3-482004535,S3-701038589
S1-848809161	S2-355345699,S3-890449953
S1-331342599	S2-667602542,S3-289895053,S3-341201144,S3-934153957
S1-757656501	S2-589428978,S2-981158023,S3-58361961,S3-508229080
S1-457377982	S2-477431079,S3-96951320,S3-760238173
S1-894857087	S2-153132426,S3-230653461,S3-216882586,S3-385005,S3-60775972
S1-316027724	S3-914914877,S3-256764337
S1-81812107	S2-407444829,S2-403176930,S3-88070592
S1-511125597	S2-378076549,S2-265751476,S3-561249073,S3-751346753
S1-564094945	S2-827215525,S2-291069277,S3-982036469,S3-25873474,S3-426811395
S1-458172653	S2-129709652,S2-624660292,S3-835154015,S3-995088234,S3-512436251,S3-181455496
S1-761572592	S2-823908785,S3-763506531
S1-774933744	S2-898970675,S2-800151145,S3-572998273,S3-48620021
S1-579570983	S2-470251630,S2-292425676,S2-291175637,S2-857348932,S3-272645998,S3-307944852,S3-460243836
S1-498403520	S2-628385715,S3-606615,S3-246611802,S3-116748790
S1-124615943	S2-117857244,S2-896762344,S2-886306791,S2-877271527
S1-506127438	S2-604941928,S2-620298377
S1-755377035	S2-421446839,S3-468975066,S3-891599677
S1-341983168	S2-421621785,S2-694786576,S2-759035340,S3-252114272,S3-606866830
S1-106021346	S2-57293716,S2-857701358,S3-268512286,S3-518303141,S3-877613863
S1-207040313	S2-345475298,S3-685773993
S1-334734825	S2-831675247,S3-951200910,S3-55242066
S1-522094159	S2-60483372,S3-683273551,S3-452313464,S3-35550942
S1-48701080	S2-731705169,S3-344460798
S1-876419744	S2-763001640,S2-766563669,S3-839787344,S3-731409279,S3-299188421
S1-151785688	S2-866411498,S2-450833364,S3-480053393
S1-79666900	S2-415346484,S3-642619020
S1-690611277	S2-531742823,S2-204845925,S3-957848463,S3-304026328
S1-5933142	S2-152691227,S2-745227443,S2-832043490,S3-649853217
S1-577838745	S2-764367879,S2-655098065,S3-616335013
S1-879591965	S2-45944409,S3-506225829,S3-847839000,S3-612249486,S3-104444364
S1-407532568	S2-263103396,S3-995799286,S3-194856149,S3-752004256,S3-119607311
S1-309358693	S2-343569797,S3-692886500
S1-892258990	S2-195561386,S2-726817253,S2-793794428,S2-318491783,S3-736727663
S1-784290896	S2-305480907,S3-456569922,S3-604565984,S3-809938884
S1-15404554	S2-612786634,S3-368762806
S1-524361221	S2-786325512,S3-330831461,S3-688109788
S1-263352518	S2-245902126,S2-815841952,S3-489411543,S3-274029492
S1-912259903	S2-302024999,S3-58035658,S3-857674537
S1-188214698	S2-189873753,S2-954624688,S2-840244226,S3-282160973,S3-894073441
S1-922294123	S2-938743845,S2-791696345,S3-304191179,S3-144272489
S1-359941825	S2-47866355,S2-118950671,S3-103871758,S3-221254587,S3-453626188
S1-95099901	S2-285157296,S3-647148646
S1-468945214	S2-251408051,S3-371733657,S3-181476444
S1-652679619	S2-942438474,S2-931661546,S3-693021571,S3-467464417
S1-406722987	S2-730178561,S3-6659421
S1-24852433	S2-146095298,S2-594602582,S3-767734545
S1-804688709	S2-268370975,S3-813928666
S1-853189318	S3-387058692,S3-325212805
S1-704698894	S2-396782332,S3-560583132,S3-97432101,S3-972220799
S1-453836097	S2-238552446,S3-464557750
S1-727438313	S2-171328389,S2-488588809,S3-812009603,S3-36283390
S1-256772903	S2-312577256,S3-430555516,S3-174903278,S3-265591870
S1-934141295	S2-59792833,S2-532559399,S3-702292399,S3-705627755
S1-801730568	S3-238202753,S3-746851974
S1-316291449	S2-740481196,S2-562643223,S3-846650606
S1-845023632	S2-645879209,S2-42502552,S3-308537181,S3-954069118
S1-45095831	S2-159204542,S3-879187741
S1-290087116	S2-933481432,S2-652536524,S3-232230738,S3-467526808,S3-522463923,S3-227224470
S1-152689617	S2-23561014,S2-236329772,S2-433460566,S2-351298933,S2-153012708,S3-501733500
S1-127814947	S2-828351919,S2-396355012,S3-302657739,S3-150547457
S1-859546017	S2-937181627,S3-12848494,S3-274122452
S1-818615961	S2-390253179,S2-25174444,S3-238627189,S3-928298887,S3-222289386
S1-616111796	S2-782098854,S3-611976723,S3-320333279,S3-224091386,S3-845041036
S1-324592643	S2-843917072,S3-309125975,S3-265256215
S1-799263763	S2-193210471,S2-297693874,S2-74702404,S2-475906567,S3-132664829
S1-417385526	S2-514899447,S3-385012116
S1-130182973	S2-251467291,S2-220027581,S3-608082642
S1-164305441	S2-181229049,S2-446018007,S2-47866036,S3-711484441,S3-878800438,S3-666966102
S1-105473970	S2-613950323,S2-389271280,S2-522605833,S3-553301078,S3-872412496
S1-102102658	S3-863764355,S3-788607725
S1-565808327	S2-292683484,S2-732974425,S3-596162867,S3-852422824,S3-237560893
S1-165303814	S2-761305721,S2-575658972,S2-269865725,S2-83476333,S2-147587039,S3-659387409,S3-324522840
S1-490558906	S2-819378928,S2-870117035,S3-557822945,S3-848064303
S1-976297591	S2-543703968,S3-550850653
S1-90336854	S2-356103154,S2-23998444,S3-552081560
S1-97662762	S3-757933651,S3-122378117,S3-942655992,S3-183526013
S1-751745842	S2-184131470,S2-539827070,S3-287924527
S1-593193178	S2-818019617,S3-352903874,S3-304471745,S3-703271750
S1-894810910	S2-94055070,S2-236308446,S3-316380194
S1-550203684	S2-909803272,S3-23619347,S3-14223160
S1-572467436	S2-475831182,S3-156224136
S1-901517314	S3-347196341,S3-545574561,S3-732801760
S1-549133184	S2-368892806,S3-226102211
S1-955785092	S2-65333652,S2-24956828,S3-43140135,S3-46656947
S1-24834246	S2-77791165,S3-253562725,S3-723692599
S1-538264096	S2-265066277,S2-707875064,S3-63609839
S1-200492207	S2-995232824,S2-625476030,S2-737817343
S1-129091011	S2-884773009,S2-742305666,S2-801347321,S2-161270017,S3-863620809,S3-628426256
S1-447543860	S2-554041235,S2-220834777,S2-583352275,S3-230930580,S3-785826379
S1-919636383	S2-876349190,S2-511897284,S2-525922016
S1-757717729	S2-75642381,S3-576464899
S1-192527016	S2-477600872,S2-72260293,S3-401311973
S1-264292260	S2-475648283,S3-496521178,S3-48684915
S1-964956102	S2-940067441,S2-180733916,S2-728549283,S3-201067124
S1-500424051	S2-705505083,S3-3147186
S1-218472316	S2-369456582,S2-147011757,S2-954954642,S3-443907940,S3-846702117
S1-32957164	S2-90756269,S3-61538628
S1-798033124	S2-205134595,S2-165789363,S3-562134655
S1-718065626	S2-749618018,S3-637600128,S3-276077403
S1-240103424	S2-370538161,S2-356915400,S3-786766927,S3-696742264,S3-524637054
S1-574082297	S2-44749844,S2-41994511,S2-163147358,S2-442257934,S3-528982310,S3-200837594
S1-893548232	S2-928055686,S2-726176912
S1-908070565	S2-403659526,S3-915772039,S3-943705729,S3-214717426
S1-288168511	S3-719970939,S3-225258668,S3-658526786
S1-661815077	S2-389244331,S2-73898009,S3-89273074
S1-633324339	S2-303552119,S3-172137843
S1-211333489	S2-198276759,S2-86497651,S3-584359275,S3-473583748,S3-295008155
S1-496769504	S2-327171122,S3-399835048,S3-805943574
S1-816442934	S2-903677027,S2-159391311,S2-312128173,S3-851086579,S3-470350150
S1-595056307	S2-531795064,S2-746791662,S2-947034947,S2-953590333,S3-236883537,S3-94580563
S1-442533716	S2-257746901,S3-19376419
S1-63013796	S3-292561495,S3-241155512
S1-814734920	S2-947261406,S2-105401196,S3-218105651
S1-169459586	S2-107529917,S3-246316944,S3-239300084,S3-77852554,S3-715236496
S1-725234662	S2-745186612,S2-599396554,S2-412264725,S3-480814835
S1-215626310	S2-532449356,S3-762921919,S3-851640636
S1-601142917	S2-922045886,S2-903268836,S2-516766114,S3-473494215,S3-259823225
S1-979738553	S2-136907941,S2-203996925,S2-887177414,S2-912764024,S3-450607890,S3-642189967,S3-508908091,S3-530850348
S1-975436466	S2-760990308,S2-67886933,S2-550645540,S3-134210428,S3-988730656,S3-839893083,S3-173113248,S3-905897415
S1-522290255	S2-954584433,S2-574560901,S3-593391963,S3-841527165,S3-412996573,S3-725055401,S3-66315840
S1-906631448	S2-195173343,S3-488803045,S3-141120342,S3-613137014,S3-326113443
S1-972217175	S2-770332697,S2-300175850,S2-94247522,S3-239280389,S3-370945049
S1-159502975	S2-193154671,S3-938745131,S3-906654870,S3-474422947,S3-95229380
S1-123243414	S2-999649512,S3-262191610,S3-567522350,S3-183836998,S3-487896998
S1-500641090	S2-304946217,S2-855197063,S2-793162817,S3-710837466,S3-49725975,S3-454806950,S3-414477818
S1-232598531	S2-327746424,S2-835069000,S2-626819424,S2-11283219,S3-647970272,S3-369043745
S1-570184336	S2-485416622,S3-542070273,S3-934399754
S1-587206402	S3-113110540,S3-891671403,S3-942925524
S1-733340397	S3-832627634,S3-756047198
S1-221289716	S2-749709247,S3-102316967
S1-13159298	S2-866207985,S2-939850356,S3-71930680,S3-523355169,S3-847807202
S1-756581859	S2-978970372,S2-99081632,S2-294142280,S2-245750267,S3-935648098,S3-957469993
S1-955821343	S2-486452067,S2-603852021,S3-860940915,S3-591996783
S1-375190672	S2-75895511,S2-247900788,S3-550767084,S3-868653355
S1-982092261	S2-352055938,S2-708116521,S2-55502599,S3-464467255,S3-598160717
S1-107982349	S2-985913416,S2-175832325,S3-212237162,S3-664619984,S3-994097480,S3-819324039
S1-419581210	S2-755320054,S2-791793232,S3-118893856
S1-856463091	S2-867504090,S3-835794688
S1-435792252	S2-345914149,S3-192566006,S3-748225331
S1-589743853	S2-617643771,S3-586725443,S3-633597097,S3-361410599
S1-315899715	S2-590359679,S2-580090255,S3-671934416
S1-555129582	S2-788493555,S2-576695450,S2-114414620,S3-358763253,S3-84496851
S1-622529711	S2-866202471,S3-682394311
S1-132928049	S2-834066743,S3-60112382,S3-221248804,S3-559505959
S1-506982040	S2-777291555,S3-802319288,S3-149499346
S1-605335384	S2-29314403,S3-996212750
S1-317168605	S2-979052784,S3-558832952
S1-499981173	S2-399705335,S2-177325922,S3-368001693
S1-261410091	S2-335037057,S2-50896617,S2-562357418,S2-189604442,S3-738228744,S3-531063844,S3-144945376
S1-943249904	S2-832421212,S2-968973937,S2-700912460,S3-477013845,S3-78773145,S3-10756948,S3-148752034
S1-595256941	S2-764727657,S2-151719830,S2-323299799,S3-511109718,S3-922972405,S3-878815131,S3-350187928
S1-237531955	S2-675003479,S2-345935086,S3-529989718
S1-620272809	S2-454823296,S2-747667900,S2-132162538,S3-258846310,S3-545214811
S1-385409253	S2-607409479,S2-642207409,S3-437536443
S1-907523216	S2-365989392,S3-983145008,S3-531503723
S1-774064713	S2-30247309,S2-408164725,S2-88342482,S3-745002151,S3-778084965
S1-972346510	S2-696618585,S2-30383367,S3-415787885,S3-452775469,S3-891411285
S1-561445993	S2-610155798,S2-646406097,S2-744821390,S3-640902741,S3-535862712
S1-869344321	S2-51115017,S3-423852726
S1-913517602	S2-493541817,S3-636352195,S3-879999537
S1-308677507	S2-691249644,S2-649748593,S3-101677344,S3-393461895
S1-108724724	S2-515049797,S3-747861222,S3-796183776
S1-713149564	S2-769011817,S3-492642551
S1-733115362	S2-925653376,S3-266574134,S3-275399763
S1-938425902	S2-58709193,S2-419461843,S3-539487258
S1-979377138	S2-598205817,S2-600210707,S2-240672912,S3-141510194,S3-177743524
S1-508960907	S2-478327985,S3-436782518,S3-94110963
S1-64577567	S2-794267149,S2-694198695,S2-125133797,S2-98265979,S3-180074217
S1-340597244	S2-435525652,S3-489351051
S1-337393311	S2-737174265,S3-799540455
S1-520496762	S2-123807538,S2-38417855,S2-541954106,S3-723690009,S3-443665236
S1-231181159	S2-581306483,S2-434686,S3-531539303,S3-24869010
S1-680883573	S2-458881725,S2-808258612,S3-822999551,S3-307719060,S3-415472505
S1-885456451	S2-732548805,S2-107438303,S2-48559657,S2-759266093,S3-214617096
S1-806407573	S2-380180438,S3-930330027
S1-815821439	S2-473566464,S2-888811512,S2-383518329,S3-165962753,S3-182522372
S1-39858497	S2-338786769,S2-505319399,S2-985397343,S3-282359366,S3-390279426
S1-833752201	S2-848800760,S2-673426662,S3-480259428,S3-380507418
S1-885217540	S2-673183119,S2-19474250,S3-236167372,S3-803257968,S3-841917198,S3-27059475
S1-718671756	S2-803285357,S2-898625908,S2-222626161,S2-186251132,S2-644701247,S3-767806030,S3-867487208
S1-467174839	S3-982955278,S3-255698769
S1-148196933	S2-354806686,S2-583207395,S3-248621518
S1-124321125	S2-140687874,S2-89024269,S3-761542764,S3-277939554
S1-933473014	S2-19509447,S2-928327971,S3-515594065,S3-395459919
S1-493903512	S2-575603547,S2-638497343,S3-650972280,S3-29740156,S3-747346745
S1-277041972	S2-226031916,S2-129689080,S3-487325956,S3-256363845,S3-718966980
S1-552603940	S2-782650662,S3-532978497,S3-944993465
S1-989607094	S2-909089596,S2-527893942,S3-13281780,S3-122545053,S3-270738866
S1-944574667	S2-383154421,S2-673330687,S3-183106222,S3-450886092
S1-297806600	S2-273574492,S2-166968905,S2-748435982,S3-982201323
S1-673389539	S2-934672338,S2-593727304,S3-282977616,S3-666574325
S1-622429809	S2-171894370,S3-487979666,S3-764132467
S1-953857321	S2-47491166,S3-601420079,S3-325394370,S3-138580601
S1-490963029	S2-476195417,S2-513928776,S3-589300766,S3-591371333
S1-391605276	S2-540361231,S3-163100808,S3-592292734
S1-391067457	S2-41743594,S3-727612553,S3-937187593
S1-917891007	S2-52252494,S2-230394569,S2-791309166
S1-243729640	S2-53393811,S2-315365570,S3-787140884,S3-899718243
S1-409927128	S2-569922907,S2-966790763,S3-152826080
S1-810001980	S2-616734336,S2-75151081,S3-503355814
S1-867085403	S2-527882956,S3-304865791
S1-237171638	S2-615697552,S2-444783350,S3-907280452,S3-488529426
S1-566779950	S2-728615448,S2-449290179,S3-673042230,S3-20624239
S1-628128484	S2-179697190,S3-51307360,S3-418990846
S1-303823204	S2-113736958,S2-438182944,S3-470206528,S3-392074926
S1-793898732	S2-432633902,S3-618160862
S1-766257086	S2-937827845,S3-341785770,S3-738049415
S1-884702169	S2-3487365,S3-242686807,S3-639833988,S3-508191610,S3-812932491,S3-103692748
S1-729208535	S2-571065227,S3-294274428,S3-645842800
S1-105318086	S2-279398231,S2-848301936,S2-576431352,S2-491310819,S3-306809279,S3-892943997
S1-65132608	S2-597219076,S2-895314169,S2-991696122,S3-473528391
S1-689472009	S2-997157074,S2-870060989,S2-848344700,S3-312873468
S1-731201917	S2-562580365,S2-908217831,S3-918519019
S1-846724546	S2-651013166,S3-807543884,S3-724738546,S3-910073305
S1-291001776	S2-17568097,S3-296097586,S3-331059978
S1-19430609	S2-568313213,S3-269219066,S3-965939935,S3-837432102
S1-642823390	S2-40921206,S3-799356246
S1-255183272	S2-334643457,S3-952115842
S1-392456332	S2-136633417,S3-587653006
S1-478566479	S2-514822327,S3-856091421
S1-547522751	S2-862291467,S2-769613779,S3-245300672,S3-223500430
S1-466886596	S2-642722098,S3-754501866,S3-327469223,S3-121004299
S1-624369122	S2-145575328,S3-599004413,S3-691607595
S1-419461412	S2-383446996,S3-242893287,S3-243061814,S3-679251024,S3-315066312
S1-154051440	S2-749730502,S2-701754764,S2-81827657,S3-533093223,S3-239001937
S1-339378610	S2-315536217,S2-270805600,S3-135825956,S3-489906010
S1-53404737	S2-11655425,S2-196366227,S3-22135303
S1-596837304	S2-699936432,S3-618567747
S1-318789296	S2-478934400,S2-834295388,S3-150150727
S1-833637608	S2-662120229,S2-780759899
S1-940823729	S2-598137249,S3-920390634
S1-654997519	S3-789894129,S3-983578431,S3-826197665
S1-510228025	S2-967494962,S3-43843165,S3-566838698,S3-833445769
S1-758902915	S2-960799390,S3-63886644
S1-667897699	S2-795291686,S3-198100067
S1-700374151	S2-324621938,S3-20485186,S3-653118920
S1-331190847	S2-569484738,S2-798460208,S3-899892132,S3-676658065
S1-948909355	S2-452716519,S2-360445651,S3-488484262,S3-434120731,S3-418599094
S1-686932243	S2-808213293,S2-733435053,S3-510023727
S1-123717587	S3-84858971,S3-19984465,S3-28190364,S3-151515745
S1-296847654	S2-825657175,S2-252892365,S3-117932136,S3-377705280
S1-711159685	S2-375990333,S2-441098554,S2-531770892,S3-925384117,S3-389271772
S1-218321328	S2-445713636,S3-23973200
S1-380350130	S2-701574396,S2-694229724,S2-674713932,S3-992359139
S1-290249415	S2-486732226,S3-692771868,S3-84133113,S3-634388655,S3-911591655
S1-553144434	S2-962184693,S2-151107783,S3-847250441
S1-472501544	S2-904012719,S2-297499108,S2-909167916,S3-918159054
S1-359765990	S2-566450461,S2-564621220,S2-210025471,S3-433142898
S1-797741390	S2-637937112,S3-559405737,S3-874836405
S1-496943745	S2-930054788,S2-167627425,S3-767666241
S1-742150752	S2-837144765,S2-902408010,S2-403931397
S1-245074353	S2-419745340,S3-93768885,S3-338673616
S1-89541224	S2-301052883,S2-718637178,S3-405989566
S1-937820959	S2-836457134,S2-494958990,S2-15328351,S2-241886073,S3-490545185
S1-727503541	S2-654933521,S2-225209098
S1-814206079	S2-678386493,S2-232966355,S2-514885338,S3-662094189
S1-411671023	S2-984139376,S2-617462704,S3-412185163
S1-348565011	S2-477619911,S2-725886624,S3-767304493
S1-17746239	S2-645041902,S2-914552964,S3-403636159
S1-799372462	S2-243377195,S2-457941489,S3-287418670,S3-750711523
S1-850040313	S2-994569589,S2-243437475,S3-937591865,S3-249553193
S1-572181877	S2-954184511,S2-4179978
S1-985914050	S2-490234432,S2-177802152,S2-333956590,S3-273386318,S3-572409861,S3-680071563
S1-366520393	S2-349176329,S2-520272978,S2-387969176,S3-248056116,S3-47354619,S3-520537740
S1-811986308	S2-268664074,S3-145261326,S3-595065254,S3-774979592,S3-654601509
S1-624466239	S2-190123125,S2-422610460,S2-784320286,S2-234320804,S3-565226515,S3-214692068,S3-742818925
S1-991252107	S2-555242391,S2-629370632,S3-201030302,S3-217938303,S3-36991751,S3-809951449
S1-687070838	S2-894292931,S2-76019113,S3-568630097,S3-13241431,S3-827348298,S3-987943004
S1-758339096	S2-572323288,S2-890224393,S3-338312200,S3-468118640,S3-323125056
S1-888299169	S2-682044993,S3-817662756
S1-358795381	S2-192098721,S2-701058052,S3-296695843,S3-829007099,S3-680752009
S1-49146089	S3-856633910,S3-168643763,S3-816048879
S1-797218941	S2-307305664,S2-546769727,S2-666251651,S3-663170701
S1-916556174	S2-163445421,S2-837669420,S2-223785098,S2-299751667,S3-166191319
S1-354415186	S2-849408752,S2-206743566,S3-560942046,S3-477315606
S1-704294447	S2-304166305,S2-703826376,S2-548797635,S2-946521615,S3-986309739,S3-551487294
S1-844084580	S2-403950406,S2-365165657,S3-565640722
S1-550524565	S2-806416111,S3-847402481,S3-14715157
S1-953616814	S2-523612000,S2-16648453,S3-152201425,S3-69945912,S3-375040948,S3-666153400
S1-303796426	S2-479630684,S2-692993954,S3-143988632
S1-525586417	S2-628413338,S3-830350190,S3-443980534
S1-557466189	S2-548181882,S2-848502557,S3-85369644,S3-51936751
S1-374512234	S2-519570573,S2-244366021,S3-487597094
S1-467172710	S2-430381349,S2-457700457,S3-673700828
S1-274973985	S2-341754503,S2-276663069,S3-602423758,S3-872940558
S1-283353832	S2-354927379,S2-978730590,S2-550868738,S3-307073331,S3-728336845,S3-561488393,S3-109746813
S1-511619152	S2-700124785,S3-500210707,S3-640786982,S3-630851436
S1-485895272	S2-559507255,S3-343813116,S3-932436338,S3-898786470
S1-754002992	S2-778858690,S3-106600639
S1-996184721	S2-975135635,S2-430225519,S3-782152632,S3-12664342
S1-793918909	S2-255084376,S2-874187032,S3-918852027
S1-967010347	S2-116639285,S3-255673535,S3-378017512
S1-31089770	S2-208069831,S2-643196282,S3-257672994,S3-238853316,S3-849487530,S3-168000613
S1-415302257	S2-610497,S2-146389167,S2-206665372,S3-163934028
S1-756051872	S2-614639122,S2-408071722,S3-494441849,S3-317646802,S3-8843261
S1-81704743	S2-256533713,S3-266004019
S1-538418321	S2-476144618,S3-397355278,S3-568683209
S1-49473719	S2-618786057,S2-223373342,S3-454551249,S3-813981899
S1-780376384	S2-625354945,S2-520238575,S2-999447804,S3-937917577,S3-295215165,S3-499624860,S3-55170321
S1-512382029	S2-684253792,S2-363280696,S2-569932333,S3-192257120,S3-903213202
S1-158859191	S2-421033962,S2-103539176,S3-949174274,S3-445177900,S3-604814258,S3-77098965
S1-387938265	S2-504136377,S3-709156298
S1-87757464	S2-540786020,S2-661932788,S3-729020698,S3-315911177
S1-103259591	S2-746224364,S2-67833051,S2-984425060,S3-786319089,S3-732756903,S3-399259488
S1-962951463	S2-411214408,S3-830350187,S3-401530453
S1-985286010	S2-923635445,S3-649595771,S3-309086567
S1-473373013	S2-8274057,S2-44521623
S1-213336262	S2-274612906,S3-975306574,S3-378365353,S3-968478342
S1-339600355	S2-714473335,S2-111935555,S2-606377795,S3-340593381
S1-536283449	S2-580272406,S2-664464562,S3-483927015,S3-283325813,S3-900695734
S1-385996141	S2-87780516,S2-626307871,S3-202743346,S3-317472034
S1-225149309	S2-253423656,S2-841702513,S2-203800768
S1-203210438	S2-877769943,S3-871134120,S3-396693613,S3-677309175
S1-4353329	S2-979330455,S2-617041301,S3-671365440,S3-291633098,S3-827203571,S3-250762547
S1-223953964	S2-141771665,S3-427542859
S1-261558912	S2-605024739,S3-69091075
S1-950275656	S2-744188070,S2-149901080,S3-185515697,S3-364308755
S1-223040325	S2-796440445,S3-314941942
S1-848194269	S2-416739785,S2-347587391,S3-236055478,S3-14879333
S1-84353551	S2-663241345,S3-399077638,S3-332805440,S3-674743032,S3-971388392
S1-674009065	S2-359056659,S3-139859333
S1-599221217	S2-759194448,S2-161102034,S2-848407758,S3-821818174,S3-636018031,S3-480468631
S1-583229600	S2-454645559,S3-938615372,S3-115810423
S1-323946469	S3-249221104,S3-5089394
S1-77105490	S2-822353103,S2-133276402,S3-4396269
S1-476150812	S2-351754366,S3-351754103,S3-933768116,S3-140356497,S3-669071304
S1-395550875	S3-353343586,S3-747827074,S3-47433535
S1-416193735	S2-339842810,S3-998350227
S1-682557089	S2-718277779,S3-364264825,S3-57319799,S3-282134128,S3-235721348
S1-51416969	S2-22629006,S3-57592735,S3-705907297
S1-768857685	S3-256011626,S3-710799932
S1-827435122	S2-433333166,S2-681973218,S2-423333726
S1-746373827	S2-545758887,S2-786924121,S2-676613772,S2-150949665,S3-813822596,S3-865319695
S1-159194775	S2-942430826,S2-56710979
S1-559585123	S2-133204918,S2-87318723,S3-685166406,S3-461832022
S1-725629831	S2-931814218,S3-499827043,S3-669304998
S1-164540712	S3-186960888,S3-865856064
S1-737947653	S2-636406113,S2-401606501,S3-402331479,S3-744038748,S3-670581572
S1-341887895	S3-255978442,S3-745571543,S3-441437391,S3-391859051
S1-161111372	S2-582976618,S2-383110680,S2-262040064,S2-931080360,S3-101418864,S3-133430852,S3-458636420
S1-879185938	S2-115412735,S2-781614881,S3-94979237,S3-449579623
S1-447532064	S2-638492316,S2-578362504,S3-982327945,S3-50025577
S1-46843799	S2-542282086,S2-302281977,S3-878141077
S1-190475147	S2-514386142,S3-796118976,S3-588005527
S1-792555366	S2-9344920,S3-576675566,S3-450464436
S1-842161768	S2-782330961,S2-992412940
S1-839487888	S2-785354521,S2-37784846,S3-940503047
S1-767148423	S2-281070893,S3-894604087,S3-614569777
S1-165503444	S2-631043227,S2-866725245,S3-319301768,S3-890182352,S3-589219778,S3-287915173
S1-384921321	S2-10792144,S2-922324296,S2-948418807,S2-508870128,S3-29885368
S1-549116313	S2-38317754,S2-5773810,S3-767030497
S1-931782573	S2-751051278,S3-333498939,S3-956252153,S3-691793459
S1-476660291	S2-195255615,S3-495796089,S3-929184158
S1-976376110	S3-572848533,S3-497660644,S3-472192410
S1-797352869	S2-98984974,S2-236848966,S2-71289038,S3-801441711,S3-469449581,S3-642416546
S1-977706008	S2-4478471,S3-717730586,S3-850908569
S1-86687015	S2-242363615,S3-703153374,S3-698956438
S1-508391494	S2-979769442,S2-592320864,S2-668607037,S3-817770083,S3-74328661
S1-937171442	S2-19628262,S2-901782151,S3-840471663,S3-496238960,S3-622957155
S1-562964143	S2-501045143,S3-717636504,S3-735816323
S1-662603473	S2-983631765,S3-779840513,S3-43607155
S1-119014511	S2-220285279,S3-22387246
S1-101384836	S2-76998374,S3-310009547,S3-718663418
S1-723942058	S2-680687344,S3-112427168,S3-107401605
S1-518545725	S2-83923618,S3-972339048,S3-135798627,S3-520419622
S1-773450475	S2-314348802,S2-424770942,S3-593943428,S3-987171433
S1-929793030	S2-954998041,S3-704180821
S1-374826105	S2-326510849,S2-987840421,S2-632752604,S3-328144954
S1-123601	S2-947216821,S2-513891720,S2-43108356,S3-952242152,S3-372233002
S1-859404932	S2-587316360,S2-824576509,S2-237997505,S3-250594905
S1-110308619	S2-157786655,S2-891440256,S2-978078176,S3-355764560
S1-668612341	S3-669438929,S3-296169335
S1-222209826	S2-790430605,S2-1712854,S2-16778792,S2-298810376,S3-785802333,S3-690101250
S1-51986547	S2-975315905,S3-254766292,S3-359574536
S1-118845767	S2-945178878,S2-849557281,S2-564996605,S3-154188826
S1-172724255	S2-919170872,S2-876526782,S2-958488058,S3-578814658,S3-571531698
S1-573353499	S2-904559612,S3-962705102
S1-604923793	S2-294390256,S3-94133103
S1-481400991	S2-40017373,S2-62779284,S3-592265771
S1-192474369	S2-688331068,S2-477226341,S3-35422002,S3-491524767,S3-189366128,S3-206789757,S3-469689682
S1-838178443	S2-80180300,S2-519158612,S3-193397044,S3-376408574,S3-964861538,S3-1997161
S1-490084629	S2-782660619,S3-545803931,S3-145685923,S3-886389389
S1-973102622	S2-389804167,S3-431980747,S3-643008057
S1-199748334	S2-17080335,S2-192177242,S3-780413589,S3-215304648
S1-699702608	S2-177785431,S2-199490107,S2-514123670,S2-543316023,S2-428899223,S3-827596772
S1-346274005	S2-443240412,S2-817867602,S2-573649535,S3-825865837,S3-175655640
S1-845417493	S2-953921852,S3-377189165,S3-980270500
S1-729428364	S2-833867036,S2-727334775
S1-504367657	S3-386738371,S3-398791408
S1-908825237	S2-457938092,S3-877343893,S3-201595786
S1-426255669	S2-910076962,S3-163073686,S3-241299602
S1-52656326	S2-697054954,S3-461939500
S1-240564393	S2-153494071,S2-741556098,S2-994948365,S2-646363299,S3-306630815,S3-674517414
S1-312735415	S2-294726543,S2-387513159,S2-780052306,S3-698462290,S3-969088633
S1-407437465	S2-582731905,S2-242175063,S2-666814998,S2-400656858
S1-381465337	S2-272854578,S2-783644851,S3-404659682
S1-642551676	S2-829297478,S3-209164063,S3-46902884
S1-536581307	S2-724848868,S3-354277808
S1-831359294	S2-989599179,S2-815888002,S2-567143615,S3-629658091,S3-289247935
S1-644398033	S2-814929408,S2-911907405
S1-298178795	S2-158545596,S2-599532834,S3-794775534
S1-319490379	S2-915702180,S3-535412680
S1-234557943	S2-136519647,S3-767451261,S3-892347294
S1-188858911	S3-12935008,S3-626202678
S1-362222453	S2-378591056,S3-339246465,S3-228717372
S1-3040099	S2-754509355,S2-705363136,S3-930376579,S3-195209896,S3-854863203,S3-663125200
S1-305235066	S2-825873656,S3-588008550,S3-56828974
S1-303927211	S2-894936894,S2-809337944,S3-152645704,S3-795661462,S3-609613296
S1-510772562	S2-866769539,S2-923732062,S3-419363741
S1-358768779	S2-436833874,S2-59368622,S2-15331440,S3-981627736
S1-867147184	S2-772980492,S2-548764557,S2-896576990,S3-169678526,S3-356233126
S1-923728580	S2-887481700,S3-973224511,S3-67645190,S3-582081918
S1-192859083	S2-196255894,S2-707720282,S2-163524091
S1-751269434	S2-452541238,S2-986936430,S2-982607378,S3-335387121,S3-916653029,S3-436342910,S3-37718207
S1-355994642	S2-936688563,S2-576149744,S2-117237769,S2-326785330,S3-948248281
S1-408543725	S2-784681977,S3-861342542,S3-115958206,S3-345103468
S1-199145365	S2-84762588,S2-378595588,S2-921645545
S1-96586059	S2-756423663,S2-580627810,S2-713992206,S3-505569135,S3-952580340,S3-661675496
S1-961054885	S2-770363682,S2-531048958,S2-942649238,S3-335757120,S3-38723113
S1-576467489	S2-214348401,S2-384885700,S3-762109525,S3-365499758,S3-566975999
S1-886994103	S2-777521505,S3-54868375
S1-618341758	S2-601787368,S2-530970462,S3-1699715,S3-210254780
S1-23664617	S2-964608049,S2-377868960,S3-556828236,S3-553286432,S3-334174842
S1-659382549	S2-920350717,S2-196175093,S3-502261188,S3-13816861
S1-960158214	S2-552343324,S3-414038428
S1-657980632	S2-729244059,S2-907155783,S3-723910186,S3-174785894
S1-100961566	S2-376148519,S3-994294080,S3-13002024
S1-380919435	S2-40858576,S3-899680774,S3-349605562,S3-52558160
S1-614804374	S2-539623783,S2-783000449,S3-463092265
S1-231196351	S2-834235366,S3-581764051
S1-436996198	S2-314307233,S3-352576166
S1-815827622	S2-753093368,S3-241479365,S3-594035571
S1-974223143	S2-621590572,S2-572568580
S1-788261409	S3-762807114,S3-103984273,S3-891915822,S3-190024201
S1-706643378	S2-852827026,S3-663750833,S3-754045417
S1-383871751	S2-772429318,S2-12898982,S2-714194277,S3-625874300,S3-933945912
S1-684039745	S2-252206952,S3-327806366
S1-949514559	S2-933694491,S2-320043887,S2-968598146,S3-832615326,S3-939140642
S1-656597752	S2-922562080,S3-409020147,S3-122734941
S1-744835056	S2-113799037,S3-989549867,S3-462030453
S1-907769687	S2-447959986,S2-457233712,S3-903438114,S3-744083557,S3-629133359
S1-961243038	S2-423350521,S2-102760750,S3-859703130
S1-349819222	S2-136774517,S2-704011558,S2-677734328,S2-761706881,S3-605528554,S3-959107846,S3-522981231
S1-883352593	S2-674252556,S2-416470911,S3-423754046,S3-247930908
S1-754420632	S2-544396696,S3-881613015,S3-812151320,S3-963006950,S3-152806345
S1-457786360	S2-541711140,S2-272549577,S2-506079077,S3-605777947,S3-432385581
S1-597724644	S2-783329612,S2-564938600,S2-218453453
S1-81569423	S2-389012058,S2-310902950,S3-916883476,S3-757927903,S3-326143169
S1-896902527	S2-464255909,S2-112886330,S3-509722962,S3-914140321
S1-677704707	S2-569957751,S2-284013398,S3-35701877
S1-688012014	S2-650049508,S2-861503322,S3-479065041,S3-204158496
S1-413156683	S2-90230289,S2-532960148,S3-252045516,S3-661905645
S1-258570809	S2-43998047,S2-712575245,S3-448843314,S3-428268508
S1-762443569	S2-811378164,S2-750903835,S2-848005504,S2-508919675,S2-409315746,S3-519999551
S1-834206481	S2-804930590,S3-619830349,S3-822784076,S3-39522175
S1-988652516	S2-58735429,S2-237381316
S1-907751990	S2-400626164,S2-697316198,S2-467990643,S3-417327607,S3-676010308
S1-405339193	S2-727948174,S3-840131049,S3-324913511
S1-654309117	S2-769126862,S3-707890863,S3-842541775
S1-600765540	S2-319816165,S2-523248814,S3-928840690
S1-738297151	S2-646384465,S2-687657995,S3-703409529
S1-792070300	S2-564223417,S2-53266179,S2-730174996,S3-476503367,S3-114470906
S1-420943795	S2-199966367,S2-684258274,S2-628195581,S3-541042349,S3-934743625
S1-380037166	S3-681061731,S3-324505418
S1-527877778	S2-981100556,S3-482045128,S3-671281373
S1-961404006	S2-340527688,S3-452568502,S3-358679427,S3-485098185,S3-648366211
S1-749707808	S2-753097784,S2-507634287
S1-812209553	S2-146939625,S3-883818637,S3-325723331,S3-938114642
S1-780080633	S3-88266025,S3-110840934
S1-675018360	S2-582113657,S3-347369710,S3-204129288,S3-942618009
S1-26697766	S2-229607869,S3-73079822,S3-656303290,S3-114274376,S3-956562337
S1-24784216	S2-296887904,S3-374524757,S3-241884648,S3-980257779,S3-919034695
S1-228493027	S2-741042537,S2-327496377,S2-355511496,S3-444200803
S1-228668930	S2-753880723,S3-346775015
S1-10014495	S2-718409345,S2-623399531,S3-999358631,S3-517107823
S1-733915590	S2-506619808,S2-819257780,S2-843233185,S3-102099027,S3-343645334,S3-612093207
S1-304310584	S2-615848009,S2-953012117,S3-361052696,S3-353421151
S1-552827564	S2-132328150,S2-601468518,S2-56154375,S3-460850689,S3-158754353
S1-126402871	S2-646974963,S2-644761869,S2-324060627,S3-546414338
S1-122026685	S2-607444942,S2-709167269,S3-29736443,S3-735565800
S1-474642299	S2-80464989,S2-984459541,S3-263657086,S3-511427051,S3-888996611
S1-573895683	S2-447888574,S3-856158137,S3-438582578
S1-501276766	S2-191712105,S2-989980379,S2-116069889,S3-59309697
S1-305854362	S2-285220889,S3-879691207
S1-317272966	S2-520037123,S2-26377172,S2-472238679,S2-25148348,S3-984182802,S3-448828249
S1-511737531	S2-598974564,S2-779761754,S3-859813878
S1-504685326	S2-958064567,S3-42316661
S1-118839703	S2-422909254,S2-380486667,S2-358052900,S2-892025145,S3-927486046,S3-873256799,S3-119098325,S3-430496477
S1-802704278	S2-893549203,S2-845387993,S3-828026665
S1-617370920	S2-823517779,S2-490626841,S3-250484473,S3-483026215
S1-417331770	S2-260271043,S3-185881208,S3-541591744
S1-784198327	S2-24572901,S2-412932290,S3-293436921,S3-417560427,S3-137032360
S1-283184577	S2-429870819,S3-214375870,S3-767134357,S3-468901207
S1-738912730	S2-334053561,S2-106394879,S3-887283183,S3-263653833,S3-213962748
S1-429887514	S2-933967637,S3-475405947,S3-505249322,S3-877078229
S1-122485803	S2-456200441,S2-995965502,S3-820028596,S3-170919047
S1-613367099	S2-86785532,S2-816232480,S3-801204865,S3-447897711,S3-262304008
S1-573194865	S2-879535233,S3-266974359,S3-918036809,S3-224592930,S3-966842267
S1-779148869	S2-924300204,S2-772788669,S2-368155758,S3-59470898,S3-156282353
S1-877089310	S3-89082269,S3-174829888,S3-124304016
S1-647595459	S2-646303947,S2-581652967,S3-925287259,S3-116891492,S3-450544536
S1-383677834	S2-873919181,S2-85763826,S2-836163102,S3-245922527,S3-723787415
S1-365408462	S2-42496549,S3-608773380
S1-462632164	S2-155018152,S2-836995810,S2-320862371,S3-994034089,S3-522793881
S1-794379014	S2-764315109,S2-116884045
S1-923007184	S2-430127253,S2-692910203,S2-388930575,S3-384321885,S3-951651703,S3-314748067
S1-416663842	S2-243322194,S3-256715845,S3-385151901,S3-173359623
S1-303851974	S2-869357175,S3-346816303,S3-697666658
S1-543078715	S2-309952821,S2-62311539,S2-287108364,S2-611313081,S3-317990314,S3-620561327
S1-664949065	S2-661947516,S3-749478820,S3-397380758,S3-398143816
S1-331265373	S2-118908065,S3-503329039,S3-532213399,S3-774164074,S3-442652015
S1-802313675	S2-324927591,S3-565469258,S3-452017888
S1-280285746	S2-193428010,S3-201541885,S3-304600291
S1-701074816	S2-716152284,S3-333398680,S3-2645976
S1-420292253	S2-232768510,S2-596249454,S2-861049037,S3-566055458,S3-249700216,S3-492685518
S1-529542200	S2-74160011,S2-127226969,S3-961060314
S1-238612536	S2-208851002,S2-268757468,S2-391537226,S2-910979168,S2-142068310,S3-186516442
S1-675527722	S2-292137866,S2-623088513,S3-233590605,S3-883262472,S3-291285946
S1-321170581	S2-93579627,S2-869333731,S2-679434757,S3-297667768,S3-283164810,S3-379578845,S3-490699304
S1-638383068	S2-876812562,S3-317094327,S3-452497294
S1-707812059	S2-112639210,S2-354256602,S3-938095863,S3-9163998,S3-615697869
S1-458037350	S2-378405371,S2-271069746,S3-344290305
S1-524680760	S2-200072927,S2-129522195,S2-548518371,S3-890550661,S3-658217880
S1-907559467	S2-692539644,S3-714030153
S1-650519043	S2-18770957,S3-188471395,S3-547060510,S3-976653170
S1-996103079	S2-726458782,S2-841525048,S3-288799367,S3-596525119,S3-957711263
S1-718969126	S2-709905859,S3-875360111,S3-980968895,S3-31040453
S1-680989411	S2-598916693,S3-400246364,S3-147425587,S3-64261533
S1-220411625	S2-592293518,S2-501076962,S3-475499940,S3-626509307,S3-903363817
S1-481933997	S2-262275964,S3-574513810,S3-249201247
S1-391003272	S2-224797400,S2-250028983,S2-921628372,S2-390188563,S3-6630960
S1-725038929	S2-437500438,S3-288395105
S1-937580684	S2-871113012,S2-832152900,S3-557432668,S3-279349296,S3-479698009,S3-662856620
S1-702292344	S2-670317465,S3-281054001,S3-213382770
S1-698603256	S2-177350790,S2-104283205,S2-898767692,S2-34844910,S3-422778305,S3-962456265
S1-188561007	S2-840234757,S3-595431181,S3-206243092,S3-538907306
S1-913319074	S2-176624398,S3-838849561,S3-432562298
S1-740744477	S2-811958806,S2-663048399,S2-209190016,S3-602764617
S1-768015055	S2-797510755,S2-868331200,S2-746926217,S3-491850286
S1-92288507	S2-700380517,S2-393719873,S3-579761545
S1-966135223	S2-641409159,S2-558969439,S3-864745916,S3-426927676
S1-503706008	S2-695097142,S2-272016015
S1-341639557	S3-404622393,S3-792646413
S1-382835226	S2-976504697,S2-385026331,S2-203795238,S3-996574567
S1-540292638	S2-639217737,S2-449573956,S3-451636350,S3-868420755
S1-597210652	S2-715162081,S2-101310258,S3-929327657,S3-144471977
S1-420453445	S2-440497666,S2-903795488,S2-243542168,S3-923166224
S1-192959546	S2-787553135,S2-61742189,S2-602015693,S2-881756845,S3-737070544
S1-447761148	S2-488208167,S2-367631381,S3-650270828
S1-815400588	S2-353797400,S2-649676651,S2-340580375,S3-339056528
S1-739365671	S2-903266263,S3-286876070
S1-923800460	S2-999675293,S2-905859769,S3-985517634
S1-283489240	S2-224941060,S3-278787742,S3-644444156
S1-44549952	S2-255184690,S2-62552467,S3-48620056,S3-397829226
S1-769852143	S2-526993181,S2-70531394,S2-663674844
S1-924875325	S2-539399244,S2-462116967,S3-834806051,S3-414689949
S1-770409685	S2-2459056,S2-643790473,S2-155815341,S3-494221108,S3-160927173
S1-499682765	S2-496166986,S3-917606591
S1-936542636	S2-997609743,S3-481039520,S3-171254042,S3-760075146
S1-698970207	S2-672211144,S2-610891486,S2-691362251,S3-424908959,S3-899102457,S3-217880206,S3-362678574
S1-38021326	S2-728679463,S2-933516304,S2-115425249,S3-404910820
S1-562590774	S2-361400410,S2-29389108,S2-583246018,S3-283682145,S3-421661460
S1-676164267	S2-461105004,S2-382237765,S2-414029556,S2-374349896,S3-162431413,S3-512254660
S1-900044460	S2-373182468,S3-62947022,S3-190768792,S3-647122802
S1-467390799	S2-123407870,S3-49380150
S1-959895069	S2-54136902,S3-908345463,S3-188307722,S3-81353806
S1-795344132	S2-708590241,S2-307803647,S3-432029464
S1-668257845	S2-223379951,S3-399246977
S1-206595942	S2-281513187,S3-67522909,S3-342161672,S3-778085574
S1-569547275	S3-606195855,S3-853181190
S1-164072881	S2-856375008,S3-779046844
S1-856512177	S2-808867056,S2-319596892,S3-255570765,S3-125535804,S3-91987621,S3-847946723
S1-545517670	S2-181916620,S2-715972125,S3-827103482,S3-720124941
S1-921753951	S2-636159652,S3-58423941,S3-8491648,S3-922263541
S1-278100620	S3-982574840,S3-549217733,S3-520609411
S1-324878950	S2-15425890,S2-141134016,S3-787733183,S3-254880904
S1-463018957	S2-486898238,S2-114493737,S3-306682437
S1-249581333	S2-165920441,S3-9046848
S1-335602809	S2-150373280,S2-612255051,S2-690776238,S3-452103462,S3-896620221
S1-763252843	S2-585507760,S3-770606758,S3-501646987,S3-650306649,S3-243068054
S1-904732854	S2-754698234,S3-707231938,S3-566512047
S1-293198999	S2-718353111,S2-889865672,S3-179424431,S3-522532408
S1-232215533	S2-582676577,S3-455841100
S1-46616873	S2-588105063,S2-789086318,S3-819299539
S1-520829562	S2-79797085,S3-774343213,S3-819237876
S1-866560305	S2-502969519,S2-233170477,S2-33471317,S2-386394680,S2-840366241,S3-925119766,S3-808583435
S1-136366506	S2-652840626,S2-173733412,S3-471060445,S3-260874250
S1-9098141	S2-975779164,S2-509393473,S2-675815039,S3-873167767,S3-951244203,S3-298232973
S1-652775163	S2-430234471,S2-315852568,S2-10422130,S2-453818923,S2-253331117,S3-382073584,S3-224281461,S3-48497254
S1-796569492	S2-85996324,S2-609867852,S3-218274639,S3-180820392,S3-998937524
S1-413317569	S2-574605952,S3-377609838
S1-324584200	S2-713677406,S3-271079967
S1-446770	S2-606218721,S2-625890365,S3-389781993,S3-468363991
S1-220330099	S2-157830256,S2-967962085,S3-65521406,S3-90584369,S3-193517653
S1-45953417	S2-482100383,S3-300543695,S3-941201871
S1-250539057	S2-156727900,S3-264865301
S1-877863324	S2-397417163,S2-126979916,S2-309016678,S2-204617081,S3-434767663,S3-14066568
S1-590695859	S2-246685541,S2-411842208,S3-893613380
S1-440614186	S2-515682640,S3-257461145
S1-691120399	S2-417430007,S2-323669592,S3-613782803
S1-118835890	S2-336663119,S2-909803979,S2-687826013,S3-531155351,S3-779214802,S3-721437896
S1-898817690	S2-910808345,S2-350085706,S3-952530831,S3-744907469,S3-751168255
S1-625452816	S2-637289873,S3-320756521
S1-976634848	S2-354185824,S3-262174677,S3-937025838
S1-341193328	S2-321919102,S3-910004928,S3-296367086,S3-24159353
S1-386957709	S2-15138023,S2-51645109,S2-696769592,S2-244485642,S3-886897485,S3-427044514,S3-654793313
S1-941465940	S2-584718452,S2-759972422,S2-384806750,S2-739708857,S3-331518702,S3-902469040
S1-19233214	S2-177802549,S3-550214803,S3-444162583,S3-583833681,S3-12497013
S1-147728157	S2-384563404,S3-689145122,S3-992989202
S1-483002269	S2-72038251,S2-276989037,S2-702416722,S2-140590205,S2-716335718,S3-202251928,S3-672779469,S3-254706446
S1-435650067	S2-884508451,S2-941503404,S3-714084140
S1-284090155	S2-133363355,S3-126429563,S3-813820755
S1-750768945	S2-826943555,S2-686621270,S3-285812831
S1-86556085	S2-551671354,S2-569278304,S3-76204403,S3-842451446
S1-495560866	S3-787661721,S3-222426320
S1-620192293	S2-45632482,S2-733227183,S3-579292611,S3-564234082,S3-154825441
S1-31517121	S2-195402828,S2-964080958,S2-575283863,S2-751774069,S3-694825252,S3-701566010,S3-493316658,S3-438487887
S1-746387541	S2-915563980,S3-204529265
S1-883916751	S2-305106499,S2-493642652,S3-216672669
S1-463732355	S2-851818466,S3-988087625,S3-965147641
S1-806270337	S2-995333895,S3-686540887,S3-792570275,S3-26462093,S3-162328129
S1-3061064	S2-777594882,S3-895419682
S1-818788339	S2-524868988,S2-571116952,S2-518753101,S3-941923855
S1-622328779	S2-692056453,S3-952402188
S1-343680987	S2-132699879,S3-713145350,S3-13087927
S1-261462228	S2-947804147,S2-325467676,S2-179015707,S3-199833759,S3-323541326
S1-214019184	S2-494128777,S2-444281801,S3-149225062,S3-550219964
S1-481660750	S2-146280862,S2-838943436,S2-917635729,S3-629253784,S3-236452550,S3-41681820,S3-457542431
S1-829411967	S2-752713285,S2-386424804,S3-764202152,S3-340272088
S1-556190240	S2-771597104,S2-984732643,S3-430655775
S1-919950051	S3-261396967,S3-333646108,S3-28014743
S1-435107689	S2-944518199,S3-302244892
S1-411116882	S2-843185905,S2-844905308,S2-574450877,S2-986601253
S1-326792038	S2-915864552,S2-176556147,S3-450903622
S1-312284377	S2-759450425,S2-179073076,S2-296820021,S2-233267865,S3-620612471
S1-28966482	S2-430347285,S3-806290783,S3-972918265,S3-132291795
S1-275800268	S2-306392974,S3-685169096,S3-205503868,S3-423502613,S3-648907436
S1-455991503	S2-314023712,S3-986794566
S1-617864718	S2-62467308,S2-172140871,S3-56482703,S3-319512204,S3-24246916
S1-723805141	S2-563483050,S2-791328111,S2-465070573,S3-295744576,S3-922958437,S3-350836527
S1-578320601	S2-61519393,S3-63253868,S3-812614895
S1-400285734	S2-83149231,S2-461643848,S3-990009144,S3-867927495,S3-471612602
S1-396938179	S2-899326444,S3-504153591,S3-296245703
S1-269899000	S2-358559132,S2-718634487,S2-415622915,S3-708885232
S1-741386196	S2-479099588,S2-194794863,S2-187641179,S3-407621927,S3-186647006,S3-814523817
S1-995633045	S2-82311109,S2-615946396,S3-270489942,S3-865181204
S1-488675745	S2-5688564,S2-237592998,S3-90738639,S3-267836612
S1-360111976	S2-204420706,S2-296056175,S3-456657939,S3-226109463
S1-329651297	S3-647063554,S3-993414779,S3-673903266,S3-837007807,S3-615350978
S1-372973357	S2-900823558,S2-675190280,S3-707122121
S1-744619304	S3-4692247,S3-606032161,S3-845194874
S1-863882998	S2-940565738,S2-610362247
S1-19920552	S2-806623242,S3-142799888,S3-78644646
S1-105531337	S2-361606816,S2-689645227
S1-559753828	S2-461744791,S3-298096516
S1-555265335	S2-800504158,S2-607282485,S2-600372688,S3-189511696
S1-757749968	S2-409094590,S3-128743487,S3-663612651
S1-24363561	S2-93750826,S3-626553405,S3-150888795,S3-435281770
S1-969895886	S2-563626741,S2-26168707,S2-214802753,S2-197756905,S3-647167818
S1-600243872	S2-524196632,S3-153707413,S3-261985415,S3-372566605,S3-65569839
S1-765792726	S2-70697321,S2-411159684,S3-624415751
S1-323715931	S2-549463900,S2-308579061,S2-615538888,S3-426540446,S3-678439364
S1-840739809	S2-175991373,S2-201138674,S2-16132499
S1-988301509	S2-793904880,S2-261625829,S2-726473936,S2-99447842,S3-479633857,S3-832835821,S3-961079032,S3-69828933
S1-814413041	S2-788472596,S2-513274013,S3-204804469,S3-806519065,S3-373068415,S3-777088133
S1-822077511	S2-858705180,S3-322442707
S1-139840453	S2-895290770,S2-195052140,S3-210280352
S1-440307625	S2-996840953,S3-109028077,S3-287915700
S1-53448573	S2-939484083,S3-889851328,S3-842328110,S3-609924635
S1-939687209	S2-811301156,S3-1042016
S1-593411552	S2-527353018,S2-515948697,S3-26093217,S3-664648273
S1-967920854	S2-949826404,S2-372571478,S3-183172903
S1-287233512	S2-696839638,S2-824127116,S2-159200344,S2-76135788,S3-252513814,S3-637736046,S3-66602327
S1-279754512	S2-541967459,S3-636669213,S3-987739062
S1-752273740	S2-907274768,S3-195436431
S1-324921040	S2-897704361,S2-314595796,S2-785853156,S3-779169419,S3-271527986,S3-603871712
S1-585948100	S2-250395639,S2-347258144,S3-65457429
S1-967078119	S2-95494717,S2-738164623
S1-163239249	S2-681805440,S3-487706279,S3-150160007,S3-208442699
S1-13010680	S2-829596400,S3-714019138,S3-214068427,S3-417618889,S3-44818123
S1-461842498	S2-365584266,S2-1478255,S3-424637845
S1-192090642	S2-379706369,S3-424669640,S3-483768546
S1-798787176	S2-699637806,S2-563895090,S3-85263730,S3-951810018,S3-471355087
S1-787390878	S2-231857747,S3-464325289,S3-93412325,S3-787199039,S3-185613594
S1-366609503	S2-352093600,S3-349503498,S3-164565298
S1-782395188	S2-711907433,S2-963140310,S3-700293143,S3-297971108
S1-978131969	S2-645200979,S2-753747894,S2-613183961,S3-397867755,S3-169684155
S1-381731333	S3-391623514,S3-546496623,S3-314987653
S1-385976880	S2-299768740,S2-639751947,S3-761487402
S1-699229219	S2-710315784,S3-167859176,S3-48059968,S3-366273763
S1-587261612	S2-323084195,S2-534368522
S1-442379760	S2-226760698,S2-768317447,S2-746698740,S3-76009305,S3-100152434,S3-646588279
S1-963909059	S2-293005151,S3-700477927
S1-97416351	S2-858355166,S2-692562738,S2-603057096,S3-627828060,S3-575148749
S1-400574692	S2-117746000,S2-590519148,S2-622398453,S3-246714256,S3-734922361
S1-274624887	S2-246393976,S2-633496064,S3-730377490,S3-418494460
S1-360108820	S2-6892072,S2-914741248,S3-990293995,S3-650193380
S1-758614457	S2-855541830,S2-888413480,S2-119852019,S3-542952815,S3-126370910,S3-975940739
S1-183887648	S2-573545964,S2-750389199,S3-669050241,S3-44380456,S3-286340903
S1-648905907	S2-651691497,S2-29894578,S2-571700767,S2-277493738,S3-145106494,S3-92475112,S3-300736973,S3-751759994
S1-766425659	S2-590903490,S2-992470239,S3-67974131
S1-143560055	S2-481015524,S2-194341684,S3-161836711,S3-100868121
S1-875421850	S2-130510243,S2-31079346,S3-294778821,S3-798295983
S1-945490256	S2-574170839,S2-419808564,S2-462017067,S3-65488360,S3-943784391
S1-3002352	S2-857571395,S2-194619034,S2-354541531
S1-644273079	S2-444894539,S2-586702512,S2-900860089,S3-583915561
S1-783792623	S2-418205516,S2-352744084,S2-371402802,S3-539428694,S3-655967864
S1-33333640	S2-340689045,S2-847687158,S3-762700752
S1-225341617	S2-88705872,S3-904762599
S1-102417092	S2-956010181,S3-424311270,S3-930636195,S3-895638148
S1-32247299	S2-953393427,S3-723115988
S1-385605227	S2-20274358,S2-3996292,S3-422836219
S1-702660740	S2-695084531,S2-946411730,S3-798627551,S3-461057892,S3-816479969
S1-816715695	S2-755563440,S2-832778817,S2-399736741,S3-247089012,S3-312297031,S3-746526153,S3-810066971
S1-29673479	S2-551675275,S2-354589698,S2-63769939,S2-234993400,S3-325107924,S3-382908557,S3-499879935
S1-996578021	S2-81273278,S3-896114941
S1-167439499	S2-75695859,S2-284876695,S3-401764708
S1-332225520	S2-855941161,S3-710567288,S3-698509853
S1-906675686	S2-627880880,S2-591175905,S2-45871694,S3-70784175
S1-628400215	S2-504418919,S3-93703444,S3-821199906,S3-951414615
S1-517512318	S2-233855583,S3-873580006
S1-221200694	S3-371942882,S3-377474674,S3-220904488,S3-778297929
S1-758270346	S2-435991922,S2-631115531,S3-282889418
S1-553676883	S2-854852703,S2-993630847,S3-401902055,S3-124084637
S1-558836828	S2-365787280,S3-165820236
S1-777292163	S2-699599757,S3-112797957
S1-958366136	S2-150700045,S2-898906462,S3-9307443,S3-644309279,S3-318983201
S1-593466476	S2-28945731,S2-964674310,S3-214918271
S1-211820570	S2-767597059,S2-131555549,S3-448435085
S1-985747784	S2-330248866,S3-377650600,S3-437101573
S1-474599087	S2-965253006,S2-201953349,S3-213715879,S3-199217653,S3-48244819
S1-999750916	S3-455445045,S3-280828938
S1-864994341	S2-286117575,S3-454861945,S3-516358832
S1-815582916	S2-851282069,S3-865871729
S1-707450921	S3-507211756,S3-204984786,S3-89495182,S3-692202015
S1-803997391	S2-863969414,S2-107677081,S2-563984107,S3-166159795
S1-411810763	S2-117360212,S2-838070339,S2-564518016,S2-136089086,S2-537457957,S3-418483324
S1-981307579	S2-860953926,S3-898143188,S3-681023449,S3-141297461
S1-995678831	S2-203789267,S3-320428471
S1-745876210	S2-263329326,S3-682721136
S1-76836627	S2-277671560,S3-217035707
S1-543372467	S2-922361242,S3-958204700,S3-623554727
S1-456230172	S2-755220241,S2-900928379,S2-960021677,S3-478749824,S3-92793921
S1-25631746	S2-469505219,S3-61992836,S3-531339482
S1-798463850	S2-877467779,S3-845786774,S3-857856667,S3-896776320
S1-688429031	S2-45606997,S2-311105326,S3-366773455,S3-934941464
S1-448796300	S2-710730052,S2-358171596,S3-678742080,S3-864403455
S1-698414318	S2-482903821,S2-822417132,S2-828602084,S3-730000397,S3-723459248
S1-387130553	S2-733234099,S2-252266054,S3-698585615,S3-131741149
S1-716577155	S3-426126867,S3-931859625
S1-82783535	S2-295004988,S2-513338161,S3-833796272
S1-372957176	S2-236107557,S2-860367397,S3-525582222,S3-817146447
S1-749440444	S2-825006259,S2-821805056,S2-700757847,S3-123963646,S3-565440856
S1-105541745	S2-113007037,S3-930756681
S1-228061681	S2-781362734,S2-931978869,S2-402571964,S2-610789144,S3-88228989
S1-87963025	S2-527635831,S2-515251441,S2-41707114,S3-34424158,S3-122779571,S3-824338009,S3-82714011
S1-849735804	S3-985551107,S3-95460167,S3-467980015,S3-509853798,S3-331268853
S1-463955471	S2-573193427,S3-67972691
S1-296502202	S2-51191262,S3-515552039
S1-39599740	S2-831797074,S3-565813008
S1-470655529	S3-349466951,S3-367338915,S3-125056056
S1-215517804	S2-249907392,S2-387734011,S2-902195129,S2-677020214,S3-209969303,S3-440642389
S1-185733264	S2-459262019,S3-617507304,S3-350151141
S1-225760627	S2-637936837,S2-227859325,S2-381445450,S2-289218564,S3-857650661,S3-847806967
S1-399549333	S2-593436710,S3-511279066,S3-745356651,S3-765977372
S1-759219771	S2-751475343,S3-875808976,S3-435699459,S3-146998270,S3-177034741
S1-813953238	S2-233532295,S3-409449572
S1-487228325	S2-904579309,S2-261715095,S3-797317424,S3-754367401
S1-91640874	S2-278657126,S3-744766285,S3-95903679,S3-851239917
S1-268232957	S2-748548769,S2-698609980,S2-834310667,S3-119195653
S1-282480765	S2-973518525,S3-725664456
S1-759239169	S2-840370481,S2-583191448,S2-935072930,S3-297079916
S1-391678928	S2-888495194,S3-21622578,S3-773798556
S1-568403049	S2-300591881,S3-987739944,S3-998244266
S1-867652022	S2-956033680,S3-913849539,S3-445668393
S1-504423536	S2-844106004,S2-490755373,S3-201771012,S3-286374193
S1-262925774	S2-610444201,S3-211634429
S1-819970664	S2-405834401,S2-683744465,S3-478687736,S3-558408794,S3-839318167,S3-830894133
S1-916485896	S2-493899088,S2-589602179,S2-795778629,S2-421244042
S1-413283710	S2-136638254,S3-762264719,S3-427344968
S1-851833219	S2-374566922,S3-876489820
S1-269676422	S2-422119086,S3-340088084,S3-118882853,S3-885122419
S1-822969543	S2-732143944,S2-411959916,S3-24372116,S3-633032789
S1-639933000	S2-176872232,S3-954437872,S3-818202680
S1-580102536	S3-579966411,S3-490575909,S3-183835167
S1-663657592	S2-533044816,S2-209711907,S2-603044383,S2-920250379,S3-773741810
S1-591700412	S2-739642077,S3-901447270
S1-596072783	S2-446323286,S3-744302684,S3-147424098
S1-110012272	S2-952066877,S3-82100459,S3-807424606
S1-272305735	S2-162322109,S2-565860659,S3-902474316,S3-517752762
S1-940355634	S2-250399349,S3-156606550,S3-148044909
S1-824400564	S3-122120633,S3-861101803,S3-805839593,S3-263448991
S1-694299397	S2-872268763,S2-581665090,S3-927827995,S3-23091419
S1-953832176	S2-227420053,S3-473199422,S3-681792685
S1-139579025	S2-197186232,S2-810693148,S3-464782256
S1-770110012	S2-789212067,S2-971317878,S2-780039658,S3-260928737,S3-589145095
S1-84561192	S2-115836275,S2-986555293,S2-977344157
S1-343794965	S2-853037777,S3-635478276,S3-20937528
S1-601874935	S2-832557902,S2-640982771,S3-558756901
S1-988138194	S3-78155620,S3-630768873,S3-969734344
S1-768918873	S2-411411613,S3-391138524
S1-334531381	S2-155931459,S2-280538219,S2-831905575,S3-304494039,S3-548626544,S3-967975258
S1-875663096	S2-470058252,S3-151288671
S1-511253914	S2-45261854,S3-374706375,S3-95784852,S3-418928343,S3-360799893,S3-914955976
S1-259483807	S2-465963544,S2-751320082,S2-411534882,S3-886093011,S3-975876714
S1-735669022	S2-253678484,S3-726621936
S1-254596314	S3-469846694,S3-965527684
S1-774540130	S2-356471816,S2-907942971,S3-528571289,S3-877111699,S3-858648972,S3-765987203
S1-80350018	S2-771499511,S2-539786692,S3-365083035,S3-308472302
S1-408966133	S2-681402915,S3-241045798
S1-644661975	S2-844807098,S2-920379018,S3-890272114
S1-982080093	S3-882609905,S3-106171989,S3-373725745,S3-648402093
S1-785162978	S2-120599063,S2-601766678,S2-378109017,S3-795842219,S3-128320801
S1-132404310	S2-330516269,S3-85785950
S1-922718369	S3-40692786,S3-213157664
S1-362561575	S2-627574893,S3-929909231
S1-905457444	S2-190746891,S3-447193526
S1-361564406	S2-651952906,S2-669132882,S3-16194482
S1-74241437	S2-89075551,S2-834301305,S3-790007937
S1-194818691	S2-708886719,S2-232793486,S3-282057118
S1-666402950	S2-361988274,S3-245877856
S1-683217370	S2-456886387,S3-80343669
S1-522264239	S2-585837388,S3-105672238,S3-757612013
S1-806961985	S2-636441566,S3-885379116,S3-855821107,S3-239419859,S3-900366514,S3-809671769
S1-7232914	S2-940798599,S2-551338363,S3-891277693,S3-823917564,S3-463867593
S1-583252482	S2-254775041,S3-833463738
S1-724788346	S2-812872784,S2-864536274,S3-214527673
S1-694497841	S2-805010305,S3-978352490
S1-667804129	S2-996612142,S2-693891397,S3-221790867
S1-419420408	S2-869423418,S2-254252579
S1-995496034	S2-108000678,S2-714893240,S3-13179885,S3-931067237,S3-812186446
S1-468424813	S2-191221653,S2-922614820,S3-757940137,S3-318980069,S3-299121405
S1-562505683	S2-159002980,S3-374233597
S1-575282737	S2-901295742,S2-233906959,S3-343698330
S1-921200633	S2-888477664,S3-839144874,S3-805686300,S3-598090585
S1-674520952	S2-582489246,S2-910021756,S3-953825816
S1-810420756	S2-737121275,S3-212734313,S3-20533765,S3-802874979
S1-740466798	S2-216674350,S2-247768049,S3-239968640,S3-941530257
S1-448176908	S2-796433153,S2-485681543,S2-582355321
S1-794156378	S2-927314433,S2-628359598,S2-407973744,S2-240091243,S3-966578097
S1-758040236	S2-939254746,S2-570915374,S3-578089751
S1-93672586	S2-746086713,S2-44406186,S3-898522175
S1-351638368	S2-438741774,S2-194393091,S2-248455977,S3-539361950
S1-189808941	S2-674083314,S3-119126821
S1-868685332	S2-296762124,S3-801984262
S1-284966918	S2-51368898,S2-666862486,S3-433581495,S3-308635947
S1-7877656	S3-851261795,S3-93538815
S1-741734353	S2-842564537,S2-494655467,S3-208240047,S3-245713667
S1-704388331	S2-895629905,S3-266890366,S3-172867510,S3-539749355
S1-691284192	S2-62577306,S2-727026968,S3-25585493
S1-546220278	S2-467418305,S2-874401206,S3-191188619,S3-136466196,S3-437429688
S1-610696271	S2-99960719,S2-921458078,S2-191130624,S3-8440505,S3-349270269,S3-322884349
S1-969116959	S2-875123740,S3-922942524,S3-743381697,S3-927316476,S3-527352694
S1-328595374	S2-233790031,S3-861598940,S3-916966316,S3-174453789,S3-499659706
S1-754023596	S2-925698719,S2-6234272,S2-574292605,S3-666414390
S1-28049247	S2-711991492,S3-937762604,S3-627998820
S1-190771936	S2-587407432,S3-548865564,S3-797304692,S3-24388904
S1-876035589	S2-248541708,S3-721408730,S3-863886179
S1-574010193	S2-617203086,S2-193464766,S3-409063191,S3-901942870
S1-728366191	S2-324824937,S3-299563109,S3-665443734
S1-426254211	S2-339102033,S3-618885706,S3-645146465,S3-162578272
S1-705192451	S3-706926067,S3-112371575,S3-946375820
S1-409161536	S2-76667626,S3-969436183,S3-534346954
S1-450294327	S2-175783241,S2-967286463,S3-411435660,S3-902638732
S1-325708316	S2-406753988,S2-6732997,S3-939200601,S3-823635433
S1-95995143	S2-341469063,S2-216823327,S2-733942142,S3-14928442
S1-51591440	S2-934701319,S3-663018706,S3-425828587
S1-912818785	S2-619785605,S2-591357653,S3-220707063,S3-132660678
S1-121497466	S2-622848303,S3-288581340
S1-588078063	S2-453538652,S2-145387584,S3-350561344
S1-317484155	S2-771314053,S2-911507833,S2-46080753,S2-509265238,S3-612958271
S1-794982023	S2-428032953,S3-162072793
S1-638554445	S2-973606173,S2-414177541,S2-140591652,S3-889640709,S3-772794718,S3-677757638,S3-170814887,S3-421694784
S1-531630929	S2-647293984,S2-681279608
S1-346751423	S2-171506703,S2-270019174,S2-715321842,S3-161429179,S3-346081777
S1-998869919	S2-685185323,S2-193468473,S3-625960404,S3-819006771
S1-839380732	S2-981104848,S2-720631716
S1-669298603	S2-734720702,S3-223961067
S1-441006433	S2-375484180,S3-957314753,S3-177849102
S1-988127546	S2-560316987,S2-913599578,S2-624286289,S3-22754356,S3-609508489
S1-121068771	S2-999705864,S2-896208334,S3-354108201,S3-972504467,S3-698115864,S3-411185671
S1-145424352	S2-868372824,S2-598426226,S3-254932605,S3-692995061
S1-937717070	S2-317916728,S2-689615194,S3-60878785
S1-530798946	S2-382273547,S3-505068786,S3-418850938,S3-30189612,S3-954572149,S3-473568026
S1-618509342	S2-949977763,S3-22676713,S3-78633014,S3-861372585,S3-854812152
S1-602307827	S2-479421691,S2-47307483,S3-846552145,S3-969485137,S3-839138862
S1-934713168	S2-894719449,S2-982293373,S2-196416016,S2-481061416,S3-6093955,S3-219008797,S3-538433218,S3-577483113
S1-528215120	S2-770978176,S3-716893271,S3-212209654
S1-465257281	S2-336217858,S2-332454031,S3-80248497,S3-390667821,S3-971096077,S3-991950479
S1-268622712	S2-594796400,S2-911037655,S2-783100376,S2-752774547,S3-77994301
S1-283859840	S2-839450664,S2-334425423,S3-77761222,S3-819024201
S1-442087764	S2-597255496,S2-571026844,S3-861928214,S3-351261391,S3-604299725
S1-133600296	S2-987185320,S2-860807714,S3-299049262
S1-844501331	S2-350851481,S3-321651330,S3-813042166
S1-248302340	S2-6335763,S3-470035556
S1-510995810	S2-757341716,S2-801260770,S3-711677012
S1-718550339	S2-448829085,S2-753229194,S2-874829028,S3-63053046
S1-627285257	S2-997187296,S2-569835494,S3-156608062
S1-172517243	S2-50128698,S3-844587745,S3-803497412,S3-213258923
S1-669324050	S2-405356322,S2-221750497,S3-6737079,S3-37069165
S1-234507012	S2-237746314,S3-37347242,S3-245282637,S3-786913092,S3-123174003
S1-169100911	S2-894465265,S3-514379350,S3-259750805
S1-954319364	S2-620969161,S2-733287323,S3-706586920,S3-63841964,S3-10640973
S1-332077361	S2-421893965,S3-774507419
S1-957593915	S2-244943059,S2-723830828,S2-359459609,S3-836916369,S3-430783729,S3-784975107
S1-271460702	S2-172499571,S3-742778190,S3-505356944
S1-873585634	S2-881717349,S2-347671017,S3-350637276,S3-28470402
S1-803095045	S2-936416004,S2-336056906,S3-379908669,S3-873552652,S3-536190904,S3-567576365
S1-242388801	S2-519285595,S2-967346231,S3-453741693,S3-431721050
S1-484390138	S2-658951280,S2-522708983,S2-449314590,S3-51624541,S3-301181163
S1-91931715	S2-55095824,S3-748530260,S3-383240881,S3-262694651
S1-624916511	S2-260096945,S2-830610098,S3-763445054,S3-610470857
S1-241057579	S2-122638797,S2-121321730,S3-692203052
S1-94308669	S2-810786202,S2-533825529,S3-803753718,S3-294842825
S1-181942534	S2-34958044,S2-217517620,S3-118973345
S1-873061514	S2-38102100,S2-908570630,S2-524857295,S3-75760751,S3-733725523,S3-830320270
S1-869761588	S2-907259995,S3-899146474,S3-607493456,S3-979400067
S1-18454542	S2-357860729,S3-515993043,S3-353726880,S3-300909330
S1-679323584	S3-807647233,S3-804455785
S1-171074248	S2-117279728,S3-313904047,S3-794991282
S1-177971925	S2-211126960,S2-197558197,S3-535279279,S3-83506685
S1-345132733	S2-510609387,S3-490035998,S3-548946453,S3-917973385,S3-903748355
S1-225667120	S2-415199521,S2-472581660,S2-333386691,S3-581057880
S1-201828086	S2-811355820,S3-62807203,S3-300759723,S3-70488107
S1-948114763	S2-611436159,S2-610744996,S2-893665637,S3-570187617,S3-4310616
S1-311179038	S2-325611666,S3-987783889,S3-698548797
S1-507663886	S2-279095098,S2-201402640,S3-797036403
S1-93018231	S2-122746614,S2-609528912,S3-413806341,S3-964725843
S1-941604618	S2-201647595,S2-303093272,S3-760885585,S3-230972321,S3-757154933,S3-681768879
S1-662773896	S2-346389627,S2-289704804,S3-640099242,S3-302589216,S3-497657829,S3-130995095
S1-541888074	S2-21334540,S3-977303736
S1-243505368	S2-3606973,S2-756150471,S3-65116984,S3-796229442
S1-366670957	S2-879212826,S2-225014770,S2-81889601,S3-283269161,S3-906376149,S3-702405521,S3-857988404,S3-524151707
S1-625548351	S2-760724230,S2-819521187,S3-150496255
S1-894009988	S2-761881271,S2-995483248,S2-387203103,S3-312752684,S3-560705673
S1-956137384	S2-692049517,S2-350388061,S3-337394612,S3-246668179,S3-487006735
S1-109558080	S2-173518945,S3-707165593,S3-366746308
S1-19199021	S2-283856696,S2-755944085,S3-322789218,S3-498109902,S3-137239513,S3-894058429
S1-702848881	S2-909940345,S2-175107836,S3-350927339
S1-662880167	S2-844313315,S3-697765827
S1-265791854	S2-209858150,S3-202130759,S3-510204724,S3-834215748,S3-805824433
S1-465490164	S2-277417078,S3-856387861
S1-604215317	S2-467356780,S3-604559847,S3-736791862,S3-918561648,S3-921700388
S1-186918992	S2-193451850,S2-862426929,S3-282756307,S3-662453437
S1-243959247	S2-284516686,S2-110112517,S3-879135863
S1-552014296	S2-782303773,S3-387246745,S3-597741746,S3-670397913
S1-535456784	S2-60298898,S2-346527346,S3-44688767,S3-515838607,S3-375897723
S1-265416846	S2-170324629,S3-869891845,S3-944425009
S1-372059904	S2-69236415,S2-65860209,S2-268674472,S3-561219985,S3-651770142
S1-626329054	S2-97399593,S2-573826671,S2-363424866,S3-139865615,S3-285323459
S1-989659686	S3-256171400,S3-22905824,S3-61621980,S3-654180025
S1-270665937	S2-826535294,S2-105943657,S3-632509251,S3-710104292,S3-80134775
S1-905797497	S2-502560421,S3-557412901,S3-42474873,S3-452414239,S3-551874687
S1-360757940	S2-678709925,S3-610358554
S1-347379403	S2-57609326,S3-832750831,S3-935932833,S3-861974740
S1-311216228	S2-292073387,S3-810508595,S3-838012764
S1-995423250	S2-694222816,S2-408824126,S3-183885454,S3-169675603
S1-63766733	S2-222683724,S3-120577574
S1-607663246	S2-675292805,S2-602875716,S2-377470073,S3-384719204,S3-848374804
S1-233864837	S2-557488361,S2-974442804,S2-176469838,S3-775936853
S1-722155050	S2-567392626,S3-389485711
S1-331499162	S2-397796337,S2-252035242,S3-206234589
S1-607443258	S2-992375136,S2-156169928,S3-950643297
S1-430295141	S2-366655816,S3-610743469,S3-191720202
S1-277960140	S2-548686716,S2-988748721,S2-873895213,S3-589190494,S3-508535529
S1-371923412	S2-915078025,S3-357987524
S1-225779791	S2-943730175,S2-767889196,S3-962573010
S1-450952360	S2-179403364,S2-605507302,S3-613762704,S3-381844988,S3-559391733,S3-285561616
S1-609498180	S3-745244208,S3-256525927
S1-53898557	S2-676989628,S3-970135965,S3-702071065
S1-549099651	S2-603724065,S2-692429187,S3-304197050,S3-541477437,S3-604224988,S3-186211178,S3-900162988
S1-965370462	S2-842751682,S2-122967650,S3-876407841
S1-767651573	S2-687513556,S3-248603801
S1-747061846	S2-726728961,S2-204899311,S2-312582569,S3-658060139
S1-610978640	S2-84838041,S2-132543332,S3-992454752,S3-310704507
S1-732725763	S2-573430604,S3-193675338,S3-246070184,S3-442675797
S1-858613130	S2-728147766,S3-491772003
S1-464277971	S2-767708722,S2-627329269,S3-286695320,S3-985055313,S3-49372074,S3-762299102,S3-494703789,S3-965166077
S1-346103762	S2-161649446,S2-662242011,S2-751141550,S2-615871003,S3-99650453,S3-787496167
S1-423724123	S2-561507037,S2-975063606,S2-272921366,S3-713014537,S3-300540095,S3-430275509,S3-308291153
S1-598797816	S2-567636038,S3-151009314,S3-708630139
S1-900581305	S3-803788497,S3-228665084
S1-908494146	S2-70272678,S2-194261964,S3-796783014,S3-66422581,S3-66300524
S1-494258362	S2-996024209,S3-763602982,S3-526991980,S3-494879386
S1-314212506	S2-42126048,S3-875177544,S3-17659193
S1-101428618	S2-253533322,S2-805971173,S3-902565216
S1-514872520	S2-478631006,S2-690696687,S3-831101269,S3-712761463
S1-724278615	S2-402224139,S2-754876366,S3-283339069,S3-476840629
S1-444824824	S2-835168915,S2-832771317,S3-361298532,S3-218182544
S1-605280168	S2-770781895,S2-776668438,S3-265443084
S1-69445216	S2-465162912,S3-827054257,S3-63317788,S3-660595487
S1-87869492	S2-313511964,S3-280115391,S3-710774309
S1-97360924	S2-382945249,S2-7674962,S3-148812349,S3-178202087
S1-835067329	S2-626569380,S2-446408730,S3-165695944,S3-41749977,S3-93778408
S1-197800173	S2-945540520,S2-907235103,S3-819234977,S3-565679174,S3-665074191,S3-314655163
S1-121152064	S2-594209224,S3-955020486,S3-470449340,S3-45465546
S1-231457432	S2-381462230,S2-867534258,S3-946787371,S3-791492559
S1-659760927	S2-950279186,S2-769942122,S2-932557876,S3-543681043
S1-170052428	S2-871432790,S2-838982579,S2-811617037,S3-361757041
S1-673720319	S2-930478680,S3-698813590,S3-312339915
S1-271440799	S2-118300305,S3-483113687
S1-412077466	S2-624276606,S2-348976393,S2-498665789,S3-614667196,S3-565782068,S3-176545182
S1-173497452	S3-294706576,S3-866172869,S3-748327380
S1-662021555	S2-953637572,S3-416264666,S3-601121168
S1-810269069	S2-947443378,S2-107074197,S2-619055991,S2-258663627,S3-338078571,S3-110108196
S1-809141763	S2-142654742,S2-133489416
S1-67821965	S2-165648934,S3-300899655
S1-926361386	S2-356005697,S3-950710690
S1-741972691	S2-120315550,S2-389073880,S2-447779842,S3-960452491,S3-274024402
S1-640462267	S2-128030065,S3-339319713,S3-834846607
S1-999574729	S2-960727480,S3-961160268,S3-125095759,S3-993364392
S1-880928614	S2-189876559,S3-615084727
S1-382820868	S2-920625546,S2-159928942,S3-142024838
S1-31577444	S2-290261950,S2-988323219,S2-984072178,S3-760270033,S3-187129696
S1-748031974	S2-512947806,S2-26773971,S3-515584534
S1-834989185	S2-933189078,S3-73202538,S3-366396062,S3-773669762
S1-109451423	S2-181571685,S2-951738107,S2-596745949,S3-912393937,S3-661721155,S3-834926499
S1-964496598	S2-568433272,S3-676510207,S3-396939864
S1-41413329	S2-589625897,S3-216561096,S3-982943746,S3-753251798
S1-191304020	S2-211248592,S2-754528178,S2-719979432,S3-177640164
S1-441880582	S2-630992628,S2-556440529,S3-273996376
S1-617138640	S2-684833026,S3-79380899,S3-243523458,S3-934179318,S3-512443698
S1-395697890	S2-88277342,S2-649543877,S2-781796572,S2-180871399,S2-811417456,S3-203426029,S3-896099473,S3-702756588
S1-945946453	S2-993717188,S2-193506859,S2-337423951,S3-429556818
S1-773689360	S2-557796846,S3-324681414,S3-733076652,S3-821552927
S1-505585563	S2-585273659,S3-655741659,S3-432251689
S1-473612439	S2-989244935,S3-945202677
S1-698659165	S2-47585351,S2-732048079,S2-814161435,S3-969366464,S3-638312103
S1-361613384	S2-816691711,S3-223813597
S1-746816585	S2-977274236,S2-275497643,S3-425042661,S3-67557614
S1-726876017	S2-625345054,S3-695817286,S3-50229895
S1-618132656	S3-523711432,S3-735864465,S3-793000725,S3-908786031,S3-620494075
S1-471550235	S2-354897328,S3-882706925
S1-893739473	S2-370373164,S3-931243346
S1-771341005	S2-30609651,S2-48443747,S3-106725077
S1-127576325	S2-170819383,S2-641256606,S2-367173716,S2-376967195,S3-467279005
S1-214873781	S2-910106843,S2-685303562,S3-480682264,S3-991898076
S1-994974866	S2-756520914,S2-718021221,S3-673992364
S1-20940635	S2-857875107,S3-947627011,S3-61522115
S1-393120320	S2-685822081,S2-100042836,S2-400125985,S2-968148140
S1-651701495	S2-894791391,S3-188850440
S1-717458211	S2-215694288,S2-330853478,S3-611795783,S3-410858651
S1-292503343	S2-630225716,S3-133358939,S3-652853898,S3-677451361
S1-345880039	S2-66470131,S2-226633702,S3-375510452
S1-392425361	S2-312474406,S2-562575391,S2-854124752,S3-104813590
S1-521430338	S2-873059667,S2-889785856,S2-692016465
S1-809795264	S2-299323023,S3-227907150
S1-485552969	S2-571943297,S2-833824218,S3-674843789,S3-507295955
S1-607590260	S2-124743974,S2-924416526,S2-245584608,S2-830910988,S3-410067846,S3-637909775
S1-707810895	S2-282920464,S3-706425245
S1-592845515	S2-767707273,S2-805135077,S3-404451130,S3-923988889
S1-238552829	S2-782955851,S3-358057133
S1-41929478	S2-986129117,S3-754964939,S3-478580923
S1-572060909	S2-707023943,S3-802791163,S3-771398415,S3-817463901,S3-77660130
S1-716280706	S2-473993449,S3-773628083,S3-110286713
S1-862181509	S2-958579478,S2-257607702,S3-696668986,S3-108449786,S3-760834376
S1-704698854	S2-243860969,S3-479513866,S3-792927766
S1-355897388	S2-976604601,S3-470621430,S3-898369826,S3-190751968
S1-420160775	S3-623927306,S3-447136864
S1-54960789	S2-457582048,S3-140417338
S1-658389635	S2-919881622,S2-266261089,S3-963184401
S1-504534418	S2-1423397,S3-153313504,S3-959751636
S1-147115785	S2-414684282,S3-681904169
S1-880026621	S2-366430456,S2-62715551,S2-339455202,S3-853724168
S1-896629464	S2-201681112,S2-114288848,S3-500389012
S1-231031751	S2-53552127,S3-741316494,S3-598331969
S1-797491403	S2-123100393,S3-77784603,S3-139065835
S1-449837723	S2-211780913,S2-757825052
S1-906827351	S2-964893551,S2-609123523,S3-881212350
S1-688705225	S2-599847758,S2-17185360,S2-610519207,S3-776421770,S3-782929151,S3-525199378
S1-474141375	S2-294198729,S3-104995784,S3-105469404,S3-812409342
S1-610376793	S2-65658939,S2-116670121,S3-537839290,S3-465330728
S1-775472281	S2-142735296,S2-22992701,S3-629154473,S3-771303601
S1-296082774	S2-504777096,S3-835461105
S1-433016659	S2-454973083,S2-737091195,S3-468747113
S1-748911903	S2-627662935,S3-22416293,S3-234858966
S1-370700272	S2-508704641,S2-124228861,S3-289091898,S3-22691505
S1-271914853	S2-396478287,S2-274078488,S3-349241043
S1-158349547	S2-461395563,S2-714440289,S3-446464976,S3-645788583,S3-139275931
S1-140998554	S2-754914508,S3-861218153
S1-72737237	S2-929446138,S2-960657410,S3-322007133
S1-300116004	S2-454010697,S2-927183538,S2-421758681,S2-57823409,S3-160568996,S3-869624666,S3-545802147
S1-971107651	S2-683562891,S2-176843615,S3-288935832,S3-694500183
S1-344320623	S2-551546070,S3-532294016,S3-325686066,S3-430744721
S1-249594047	S2-461322297,S2-206795254,S3-700598702
S1-599405275	S3-322448965,S3-577019298,S3-91908683
S1-395073377	S2-768349345,S2-121675724,S2-327873403,S3-497200440,S3-774217268,S3-707722087,S3-123024888
S1-429672855	S2-689877963,S2-488863625,S2-48444401,S3-761928212,S3-770345577
S1-476911961	S2-280895760,S2-484935742,S3-890959583
S1-58064107	S2-728890644,S3-856154769,S3-777988239
S1-914400209	S2-319279476,S2-107812725,S3-887945357,S3-588090987
S1-922477961	S2-198138876,S2-61451856,S2-750018449,S2-317677972,S3-964914238
S1-536970117	S2-2509787,S2-942642516,S2-559656928,S3-39033240,S3-611627707,S3-338744054
S1-234386751	S2-68342594,S2-29490103,S3-123441311
S1-110023371	S2-614271369,S2-787585049
S1-814502629	S2-623636825,S2-680747821,S3-489142544
S1-743724364	S2-203831043,S3-52151310
S1-882470248	S2-468840776,S2-152675761,S3-834541764,S3-860463469,S3-436905102
S1-344916450	S2-381929108,S3-261823641,S3-110641673
S1-36262663	S2-878078750,S3-356573291
S1-310682685	S2-491050154,S3-879607750
S1-595378992	S2-279738821,S3-208023350
S1-512804360	S2-524824699,S2-215229064,S2-223246207,S3-158433842,S3-226811046,S3-978483615,S3-80284399
S1-825635047	S2-314513592,S2-312533165
S1-621187740	S2-32298097,S2-393958836,S2-106382490,S3-161566298,S3-592329557
S1-647604037	S2-572063781,S2-939815732,S3-870198687
S1-98166238	S2-771823211,S2-409306514,S3-827103594
S1-459414024	S2-381074323,S3-576427212,S3-295151601
S1-527561042	S2-512991704,S2-306709642,S3-503018275,S3-204462461
S1-50418396	S2-784125785,S2-368637767,S3-671950334
S1-850966820	S2-62143658,S2-836070066,S2-175875359,S2-561396430,S2-388794528,S3-242904913
S1-242124467	S2-27750171,S3-673354371,S3-314269441
S1-112846150	S2-450226623,S3-287986165
S1-18412050	S2-717217525,S2-778611614,S2-517112997,S2-407547320,S3-738411495,S3-405048885
S1-735861892	S2-139090756,S3-530733234,S3-3382661
S1-511462653	S2-262660882,S3-465319742,S3-971695135
S1-818436590	S2-922022591,S2-175386853,S3-591304798,S3-292226050,S3-903278333,S3-173934219
S1-166048101	S2-322971814,S2-294750617,S2-928783189,S3-953272601
S1-409908151	S2-807674383,S2-840722186,S2-278109042
S1-889084042	S2-400630326,S3-738485180,S3-441347263,S3-884584251
S1-169510294	S2-125253301,S2-771425758
S1-100113777	S2-234708985,S3-942730628,S3-558397493
S1-945571256	S2-792575425,S2-222105799,S2-124700767,S3-227691878,S3-556652411,S3-215657674
S1-246830750	S2-730572685,S3-454125149
S1-620527201	S2-176178204,S3-956547654,S3-60375383,S3-92262382
S1-394242436	S2-914014511,S2-188865908,S3-116360705,S3-97557280
S1-68537415	S2-316611291,S2-218723753,S2-700709580,S3-198095948
S1-276216492	S2-326339734,S2-289594371,S3-193551823,S3-671193183
S1-360932946	S2-349489485,S3-966144777
S1-708617121	S2-137866982,S2-216301513,S3-276710721
S1-641162761	S2-57010312,S2-428831928,S3-832819772,S3-759450603
S1-829576953	S2-326471366,S2-753869281,S2-5572931,S3-516907785,S3-387675425
S1-592988710	S2-811427320,S2-204865988,S3-995035603
S1-693722530	S2-771030122,S3-129633945
S1-578787161	S2-181378011,S2-91496038,S3-480901475,S3-30809187,S3-612054647,S3-712818408
S1-770195408	S2-773909685,S2-542845014
S1-728625790	S2-542191565,S3-423928586,S3-616335978
S1-891214116	S2-442063387,S3-827731769,S3-190185134,S3-482896238
S1-493611929	S2-719333536,S2-565886872,S3-902324199
S1-632734404	S2-356404574,S3-863036374,S3-764515114
S1-429882446	S2-201079600,S2-736622676,S2-349323848,S3-135289480,S3-198995970,S3-302698483,S3-958649861
S1-314428886	S3-463091195,S3-550122740
S1-573586866	S2-123960004,S2-455032096,S2-783972991,S3-960159056
S1-556213567	S2-388226511,S2-795971312,S3-476234370,S3-525670167,S3-197426819
S1-94840407	S2-275367433,S2-942802951,S3-905330605
S1-35288693	S2-623570161,S2-648953427,S2-927365985,S3-73857794
S1-39452954	S2-823095397,S2-744368996,S3-926492608,S3-456406661
S1-250892725	S2-555843259,S2-900767078
S1-175615024	S2-809095830,S2-367883083,S2-13478675,S3-873961879
S1-96037054	S2-139323835,S2-877993163,S3-177246624,S3-139170952,S3-234094368,S3-437401791,S3-254528471
S1-470228004	S2-955440817,S2-451700849,S3-415633202
S1-416630827	S2-504279776,S2-56358562
S1-163139617	S2-686560678,S3-149786535
S1-895300153	S3-334207906,S3-666340427,S3-57316344
S1-622883808	S2-399815533,S2-756793800,S3-754899632,S3-913383113
S1-67350688	S2-530699382,S2-805001657,S3-241526071,S3-886149150,S3-619031310
S1-363753097	S2-854605263,S2-926772279,S2-398734456,S3-921647782
S1-79927854	S2-487933664,S3-401539610,S3-817490398
S1-332276781	S2-163919298,S2-311307093,S3-626773359
S1-118940021	S2-987747618,S2-736582527,S3-409095665,S3-351752284
S1-809181867	S2-293303739,S3-657381022,S3-657391378,S3-264078091
S1-551302339	S2-348220294,S2-745207905,S3-457591878
S1-719703502	S2-502192908,S2-119458209,S3-604701670,S3-649178123,S3-931988598
S1-358202937	S2-625550549,S3-415071568
S1-29245210	S2-558772395,S2-189696707,S3-5033268,S3-284842604,S3-482299033
S1-999802848	S2-309397317,S3-745442311,S3-503674320,S3-223136189
S1-601305122	S2-153398150,S2-227979175,S3-672458573
S1-264575261	S2-576347651,S2-858755286,S3-191744181,S3-628891641,S3-708274021
S1-250823692	S2-987691765,S3-353410573,S3-595295658
S1-48374720	S2-147944121,S2-837774615,S3-484232943,S3-98516622
S1-279747768	S2-685430610,S2-307304905,S2-141203375,S2-873956944,S3-620317010,S3-175177867,S3-936264139
S1-429924040	S2-193835716,S2-135909691,S3-539026661,S3-61982549
S1-877171045	S2-626245001,S2-851734390,S2-320000668,S3-916627043
S1-557586406	S2-246154489,S3-11724935,S3-230589992
S1-176261632	S2-965670558,S2-606418028,S2-708961774,S3-154675109,S3-513785040,S3-783025426
S1-284172512	S3-753272267,S3-909614876,S3-60362135,S3-555817125
S1-239777779	S2-553048468,S2-264478537
S1-621282687	S2-535682551,S2-56122725,S3-367150990
S1-348184858	S3-698020392,S3-829975676
S1-600342431	S2-999031731,S2-47579366,S2-175210946,S2-933948847,S3-186661575
S1-313152822	S3-410338227,S3-817763808
S1-166672759	S2-160937409,S2-101921983,S3-449902338,S3-857543119,S3-343244417,S3-13164976
S1-554430768	S2-49351813,S3-882814865,S3-124396687
S1-449767943	S2-946722238,S3-641955570,S3-168363605,S3-963353278
S1-940489457	S2-686043447,S3-210237566,S3-235350859
S1-926080960	S2-832474920,S2-583617075,S2-95011768,S3-217747155,S3-33184284
S1-239203518	S2-671615025,S3-337571483
S1-416076670	S2-461264621,S2-739725283,S2-233403882,S3-20963279,S3-991346066
S1-816065397	S2-726185583,S2-737777707,S2-558876440,S2-202124301,S3-598815185,S3-747505807
S1-596687424	S2-832304175,S2-31584028,S3-37686815
S1-280352634	S2-334877477,S3-749911189,S3-761033544
S1-223918950	S2-95166358,S3-542754515
S1-353392352	S2-888048869,S2-779681531,S3-269196438,S3-601212251,S3-471275912
S1-174284076	S2-36600509,S3-746018806
S1-799412834	S2-356142008,S3-112033818,S3-249646641
S1-861315133	S2-468579844,S2-821613262,S2-59057927,S2-136839681,S2-117526716,S3-918522453,S3-984114674,S3-335466458
S1-658384505	S2-444618170,S2-486363635,S2-899242953,S3-4234848,S3-875525994
S1-928901897	S2-66279880,S3-204586888,S3-326307769,S3-562508631
S1-546547600	S2-550295328,S3-700429459,S3-283552610
S1-372386408	S2-417411596,S3-896400321,S3-454435509
S1-962079186	S2-274568209,S2-613317151,S2-345591746,S2-997280487,S2-556988120,S3-836934044,S3-553660657
S1-612550151	S2-874677251,S3-192219449,S3-83587428
S1-84530176	S2-657577984,S2-76556323,S2-131803078,S2-296959207,S3-626588227
S1-815040755	S2-233240399,S3-15555822
S1-98678003	S2-399760573,S2-169831847,S2-206366312,S3-180222148
S1-634158354	S3-97153748,S3-455700676
S1-401168533	S2-101609816,S3-678917213,S3-364524063
S1-388516130	S2-306741456,S3-490708241
S1-519787224	S2-442517098,S2-938267496,S3-921982186
S1-264267739	S2-870327172,S2-695387099,S3-583459097
S1-448119345	S2-308963373,S3-576363359,S3-666204085
S1-197786999	S2-203754805,S2-759568331,S3-47141935
S1-962821222	S2-503665249,S2-665951112,S3-163794669
S1-971480945	S2-979646489,S3-145001935,S3-425749915
S1-863639626	S2-843423530,S2-709785738,S2-704277309,S2-754890199
S1-20302121	S2-311870916,S2-658723972,S3-556463693,S3-241157159
S1-217174443	S2-602893473,S3-787710375,S3-577271611
S1-874226931	S2-168807689,S2-329691580,S3-444848572,S3-932790525
S1-643356163	S2-590156126,S3-609962292
S1-461198557	S2-345226250,S3-172133311,S3-837088281
S1-300019710	S2-283094535,S2-414945046,S3-976043436,S3-601899414
S1-870541125	S3-345091205,S3-81031685
S1-960784472	S2-970475184,S2-906800645,S3-658996215,S3-992485307
S1-345625299	S2-470595229,S3-844338203
S1-862346188	S2-25730699,S2-183852889,S2-419886939,S3-57378948
S1-525205248	S2-897450276,S3-470430237
S1-842486046	S2-201543663,S3-853127136,S3-90047508
S1-712906593	S2-320733058,S2-446600081,S2-586962543,S3-253532338,S3-700031099,S3-470182018
S1-943276194	S2-332292487,S2-813246175,S3-939283101
S1-307962356	S2-911043947,S3-940056778,S3-399875421
S1-510616884	S2-772635326,S3-487509422,S3-546051047
S1-353727906	S2-692761038,S3-693978875,S3-521577361,S3-293525863
S1-816566113	S2-269417566,S2-361601857,S3-311635563,S3-180380100
S1-346621687	S2-723555178,S2-999049379,S3-297340642,S3-444213489,S3-361375045
S1-575710515	S2-846669605,S3-983676444,S3-200216004
S1-8065566	S2-107479986,S2-729518683,S2-769112194,S2-615530081,S3-552399157
S1-229208975	S2-903010061,S2-569172526,S3-704558896,S3-336976738,S3-934238787
S1-136720669	S2-789241422,S2-280394285,S3-743870189
S1-911043415	S2-147895416,S2-931673756,S3-445705996,S3-65474158
S1-416045941	S3-957727595,S3-264361359
S1-847059232	S2-423773682,S3-625304230
S1-35569708	S2-851774486,S2-611210253,S3-563481119,S3-352392574
S1-916959468	S2-357401143,S2-57060906,S2-791610850,S3-748537990,S3-611216346
S1-35550180	S2-573348392,S2-930431561,S3-235939402,S3-691922609,S3-477565150
S1-411445621	S2-697284572,S2-590214177,S3-193436425,S3-986269471,S3-572680086
S1-594907659	S2-968267874,S2-913545561,S2-708634958,S3-716388243
S1-142655455	S2-766230763,S2-903035454,S3-431965136
S1-670696558	S2-796467639,S3-747062762,S3-895127578,S3-665670635,S3-70521931
S1-144070047	S2-641795975,S2-436332964,S3-820696135,S3-39039848,S3-602609429
S1-476417605	S2-644603495,S2-436630050,S3-816207058
S1-542465400	S2-670067633,S2-963835355,S2-23839403,S2-14698636,S2-636166587,S3-110373399
S1-667767486	S2-852270494,S2-941716415,S3-639701247,S3-279605103,S3-242700722
S1-364145303	S2-989647516,S2-942492553,S3-499521686,S3-659781341
S1-803222780	S2-302956263,S3-4617115,S3-552641346,S3-814962224
S1-924071390	S2-55781798,S2-83620265
S1-391165464	S2-750613495,S3-860468617,S3-662004160
S1-331341552	S2-807653384,S2-945051490,S2-32639227,S3-110604726,S3-72410738
S1-670581719	S2-457703460,S3-451367767,S3-677374360
S1-473034510	S2-596456777,S3-229797759
S1-525828422	S3-145469110,S3-759302542
S1-770970826	S2-877018348,S2-492612561,S3-135214935
S1-241307068	S2-451730282,S3-448677359,S3-60050320
S1-934680605	S2-946952828,S3-530212730,S3-749174077,S3-346366604,S3-563792055,S3-373306038
S1-895859577	S2-148496167,S2-483859660,S3-317961271,S3-430001989,S3-91741797,S3-801221662
S1-89499184	S2-451485569,S3-438712502,S3-375904315
S1-753631170	S2-340975944,S2-778788221,S2-727467865,S3-117710717
S1-825194516	S2-698564756,S2-382909097,S3-850566010
S1-998880783	S2-748854368,S3-766615915
S1-905792485	S2-975175675,S2-162161336,S3-125636243
S1-404475169	S2-668413862,S3-149104128
S1-850705232	S2-488426030,S2-313367390,S3-994519595,S3-66273988,S3-247727599,S3-283410508
S1-341907921	S2-241952676,S2-834354390,S3-623504600,S3-374199706
S1-734127108	S2-699551030,S2-305839206,S3-568917832,S3-720577811,S3-53209193
S1-456317429	S2-674149994,S3-147212287,S3-861404928
S1-314660617	S3-234095664,S3-865168573
S1-525460997	S2-455860821,S2-429293844,S2-765599643,S3-394880885
S1-148669837	S2-195029349,S3-542277781
S1-9198344	S2-637020417,S3-175823027
S1-765416539	S2-343009361,S2-493752166,S3-407078384,S3-646488353
S1-128462546	S2-339694535,S2-80447464,S3-523022366,S3-820634547,S3-987847844
S1-105776398	S2-714287763,S2-940650472,S3-241873559
S1-129574154	S2-609948420,S2-339852629,S2-348615610,S2-159860301
S1-516825532	S2-386220481,S2-6376275,S2-856593856,S3-462374112
S1-709086999	S3-653309735,S3-720982437,S3-14745915,S3-73494483
S1-790326969	S2-528188389,S2-395046384,S2-58526155,S2-144588997,S3-143308048,S3-291666733,S3-837457852,S3-658810654
S1-887057196	S2-357636566,S3-627360575,S3-813954532
S1-623295616	S2-180886107,S2-130984427,S3-894602330,S3-11221916
S1-811864217	S2-315932055,S3-526428524
S1-842878193	S3-607603520,S3-218583325,S3-453855098
S1-811531809	S2-172817892,S2-96176691,S2-222963671,S2-826988557,S3-797681155
S1-335219239	S2-214347767,S3-920433120,S3-861525694
S1-842789787	S2-488071701,S3-647512288,S3-60549727
S1-842398411	S2-173704642,S2-182607431,S3-454293969,S3-424050764
S1-746257810	S2-557134075,S2-361371958,S3-70807733,S3-541321693
S1-724042810	S2-325577847,S2-345110790,S3-971769052
S1-380898822	S2-511305650,S2-657623763,S3-556967824,S3-712961236,S3-145091529,S3-19380375
S1-67702999	S2-409410471,S3-115745282,S3-972187718
S1-887213390	S2-322174206,S2-196447316,S3-44783243,S3-40085182
S1-205697053	S2-716293235,S3-998258244,S3-132581981,S3-951784811
S1-88098734	S2-909368477,S2-738104324,S3-587981855,S3-722611236
S1-948613963	S2-334266782,S3-805608688,S3-777237549
S1-579601530	S2-470873392,S2-146781197,S3-909382438
S1-188282119	S2-630585984,S3-228648750,S3-517712062,S3-800965665,S3-549480040,S3-977735010
S1-674553703	S2-167555988,S3-540660901,S3-56107688,S3-624132373
S1-858178040	S2-188256131,S3-330378548,S3-458378272
S1-836328129	S2-473444848,S2-266052461,S2-454237394,S3-156109032
S1-843856236	S2-487724565,S2-774308497,S2-174333707,S2-76110623,S3-123381708,S3-996507797,S3-671489958
S1-421213092	S2-456301930,S3-611301623,S3-101944561,S3-625553174
S1-10181699	S2-590694921,S3-223857889
S1-708577428	S2-916817839,S2-24774311,S2-233988365,S3-19249402
S1-502666131	S2-471950650,S3-615090362,S3-438248933,S3-428425781
S1-363310905	S2-625310770,S3-827763133,S3-451521280
S1-426737264	S2-584415201,S2-858473216,S3-906011972
S1-750625764	S2-45139139,S3-156149301
S1-819638021	S2-127769139,S2-381392200,S3-789095958
S1-319191433	S2-948927111,S3-695725872,S3-426129174,S3-106227961
S1-837741017	S2-64108469,S2-253838035,S3-828334362
S1-53015651	S2-50309534,S2-208351932,S3-424782110
S1-603397192	S2-124499899,S3-612015370
S1-845858962	S2-715892274,S2-75197111,S2-776210446,S3-884029447,S3-889465570
S1-220635374	S2-29704096,S2-110587307,S3-457225559,S3-600577520,S3-590543408
S1-399493497	S2-811360214,S2-579192513,S2-424661747,S3-368945968,S3-687653024
S1-111852403	S2-222230005,S3-490035834,S3-307643462
S1-747125241	S2-685483053,S2-763102945,S2-64746588,S2-572571551,S3-591542378
S1-530395218	S2-459763801,S2-772602420,S3-963501842
S1-530328572	S2-975728616,S2-387800676,S3-371359164
S1-612357487	S2-993737564,S2-937397524,S3-911491718,S3-488055016
S1-909577475	S2-372372224,S3-155843360,S3-965098912,S3-1781614,S3-285522613
S1-152864719	S2-417033591,S3-89175618
S1-700013217	S2-745973778,S2-299616713,S3-233077057,S3-996505485
S1-646637024	S2-746029227,S2-971171082,S3-143076354,S3-872734615
S1-942753942	S2-343504884,S2-808327628,S2-718644538,S2-15662059,S2-762052555,S3-796022321,S3-978610691,S3-592423195
S1-238167657	S2-772096738,S3-623277752
S1-316352868	S2-154446675,S2-170906423,S3-331601944,S3-985195299
S1-350179921	S2-873088370,S2-721286547,S2-246732604,S3-722343607,S3-749099782
S1-701718008	S2-447897080,S3-161538768,S3-915273570
S1-426240039	S2-545187289,S3-228334329
S1-339642356	S2-253396138,S3-801408524
S1-257429280	S2-596846402,S3-948002905,S3-721761207,S3-187641925
S1-779079867	S2-901801100,S3-249357218
S1-458086336	S2-77808269,S3-330830144
S1-480353541	S2-499437847,S3-784127208
S1-981532605	S2-89995131,S2-254706483,S3-210531284,S3-690286127
S1-794076438	S2-425888572,S2-528681869,S3-556048308
S1-436794617	S2-810913185,S2-453506856,S3-642996047
S1-489338952	S2-256943249,S2-236887245,S3-200673133,S3-234665431,S3-581160039
S1-780213459	S2-96135459,S2-576744215,S2-312808239,S3-629343392,S3-389974857
S1-85170056	S2-810000464,S2-74239432,S2-615098478,S2-36525195,S3-270488878
S1-735002426	S2-160995747,S2-689855769,S3-962785041,S3-522538420,S3-28915446
S1-785936231	S2-558293592,S2-317390114
S1-242684049	S2-447359754,S2-740854449,S2-99649858,S2-953091118,S3-556764816,S3-679348337,S3-115671745
S1-408077398	S2-527208856,S2-765542362,S3-136879043
S1-446275414	S2-241187786,S2-622876449,S2-217987564,S2-463631024,S3-629750289
S1-477704044	S2-976200876,S2-17884209,S2-549134896,S3-44121808,S3-399193518,S3-607841558
S1-447555285	S2-93412864,S2-218541597,S2-829664415,S3-615121750
S1-224585740	S2-948534636,S3-916198142,S3-100774662,S3-885963918
S1-554953663	S2-469329621,S2-687971041,S3-65697654,S3-207571288,S3-249073728
S1-487606254	S2-245823711,S2-477050942,S3-634988129,S3-212378040,S3-350809234
S1-127556015	S2-431956843,S3-204778905,S3-508082791,S3-860362782
S1-465949613	S2-423610244,S3-961504956
S1-96226492	S2-891808483,S3-661174301
S1-803722285	S2-287214979,S2-760749875,S3-239352006
S1-97432483	S2-783289730,S3-238600907
S1-725184437	S2-526482711,S3-183699215,S3-122728749,S3-450524630
S1-333551347	S2-566556620,S3-302451064,S3-23052181,S3-843022640
S1-658682485	S2-810325968,S2-426712430,S2-192205916,S3-37505956,S3-123717639
S1-137638222	S2-826088503,S2-527713196,S2-456571855,S3-335405211,S3-345367566,S3-559817073,S3-76388156
S1-221267220	S2-354878647,S3-23799620,S3-794894143
S1-331823443	S3-205936007,S3-648444981
S1-974658416	S2-750974070,S2-683157623,S2-430234314,S2-172215081,S3-698573706
S1-638448915	S2-848472076,S2-506309641,S2-801633889,S2-425470092,S2-594344140,S3-284889707
S1-406104040	S2-611312494,S2-228063164,S3-990641955,S3-138959223
S1-15694539	S2-723023952,S3-426481097
S1-440685117	S3-604045285,S3-637024602,S3-356568984,S3-991838270
S1-777328955	S2-834705261,S3-109228564,S3-83801736,S3-144880650
S1-826502543	S2-615111284,S3-400255803,S3-313185416
S1-59451980	S2-605865285,S2-490082402,S2-871120172,S2-777799238,S3-560582149,S3-958573930
S1-88271017	S2-523862783,S3-187487392
S1-82162468	S2-189686738,S2-123864040,S3-170830804,S3-187325428,S3-748776908,S3-394908868
S1-862302429	S2-483513800,S3-163627222,S3-353782214
S1-660403680	S2-102850776,S2-866050601,S3-77981634,S3-390026660,S3-496287512
S1-799486966	S2-940529240,S2-729211972,S3-756663633
S1-892577902	S2-989819863,S2-446285891,S2-673686874
S1-126041424	S2-53389774,S3-838668663,S3-926018164
S1-503716991	S2-753015713,S3-252551152,S3-791854531
S1-172398021	S2-488972111,S2-260776591,S2-283719624,S3-95055217,S3-257952671,S3-600501304,S3-606291052
S1-307793331	S2-589353819,S2-837645410,S3-934333161,S3-681925778,S3-749980072,S3-610376998,S3-664000204
S1-990057557	S2-947609233,S2-183581682,S3-215337390,S3-722332274,S3-649281365,S3-836016584,S3-186775769
S1-446539176	S2-835112665,S3-947111787,S3-94973884
S1-132130622	S2-96040124,S3-43035216
S1-626226815	S2-663087145,S2-568821971,S3-319679181
S1-459584650	S2-544324324,S3-638806607,S3-354837366
S1-379262773	S2-656262353,S3-795725219
S1-998326574	S2-613022603,S2-94763690,S3-65473686
S1-730069564	S2-573654838,S3-877178167,S3-976424182
S1-536905318	S2-164309017,S2-841280089,S3-785921707,S3-611023691,S3-93451102,S3-308424335,S3-439850403
S1-131941232	S2-313800836,S2-396689749,S3-784552029,S3-170974315,S3-995960136
S1-797553866	S2-220606159,S2-971281279,S2-956540801,S3-321722632,S3-662225517
S1-269624152	S2-64392793,S3-284121034,S3-658951175,S3-399024421,S3-206393954
S1-29638497	S3-919037933,S3-495259832,S3-236868675
S1-565227548	S2-901106987,S3-326827195
S1-179875966	S2-264983533,S2-204916981,S3-816273898,S3-269655128
S1-100809553	S2-725970551,S2-466648652,S3-925988481
S1-469271989	S2-806376967,S3-231843051,S3-269328910
S1-612774947	S2-854945783,S2-210266801,S2-879635709,S3-662612205
S1-567346896	S2-780132176,S2-379884517,S2-881745847,S2-354711841,S3-829172630
S1-941201202	S2-632561339,S3-155698657,S3-645864842
S1-30110199	S2-132928664,S3-344689697
S1-122472906	S2-834399107,S3-853948078,S3-791154713
S1-660526261	S2-559067232,S2-102188281,S2-317212732,S3-677000794,S3-701851951
S1-811314202	S2-191989689,S3-356438489,S3-336291322,S3-174582900
S1-105876432	S2-629503002,S3-698578396
S1-593296936	S2-199677516,S3-436671089,S3-265411328
S1-202691728	S2-491971483,S2-458544085,S2-918155078
S1-942690773	S2-605230955,S3-929809355,S3-757972788
S1-392198672	S2-389608306,S3-724354707,S3-598699473,S3-16373817
S1-877506700	S2-414224818,S3-295670470,S3-836354923
S1-499053737	S2-605765782,S2-403447267,S2-802165233,S2-386439106,S3-154678006
S1-201250731	S2-455301973,S2-695378654,S2-475001027,S3-28913228,S3-787321194,S3-467120697
S1-69495910	S2-336078976,S2-814441626,S3-74493422,S3-375104394
S1-287393834	S2-777904138,S2-50198526,S3-297596097,S3-287397452
S1-756983399	S2-56306362,S3-546784729
S1-539964334	S2-298841278,S3-920134989,S3-761831517,S3-879033589
S1-81323375	S2-623950439,S2-806099833,S2-561555865,S2-660859284,S3-876992896
S1-210863721	S2-172371789,S3-542573746,S3-292530029
S1-387483555	S2-647379185,S3-819365858,S3-888647489
S1-20877515	S2-674477158,S2-182605012,S2-545000088,S2-759595075,S2-944581286,S3-6352977,S3-346136081
S1-939817941	S2-264164797,S3-397118545,S3-405866163
S1-758172530	S2-903449301,S2-335379410
S1-845592571	S2-332272837,S2-916977414,S3-130551506
S1-869729390	S2-330506562,S3-197975091,S3-403259567
S1-107743513	S2-100895346,S3-878010954
S1-958462888	S2-635275593,S3-18608323,S3-229167530
S1-398066027	S2-733997576,S2-347587056,S2-360883659,S3-70065561,S3-160428388,S3-292742460
S1-716494233	S2-233904858,S3-376651437
S1-672330364	S2-751094232,S2-926386242,S3-91246707,S3-492955388
S1-587763116	S2-133500420,S2-75873548,S3-940609678,S3-743082854,S3-42840973
S1-100155095	S2-217508542,S2-631449471,S3-499015669
S1-926601453	S2-922943654,S2-282416410,S3-40242131
S1-179823420	S2-482269055,S3-122014036
S1-412832406	S2-70735154,S3-295079274
S1-557078083	S2-960639248,S3-589950491,S3-973104657,S3-582253401
S1-572142120	S2-875858244,S3-435479973,S3-31172530,S3-448202020
S1-201876571	S2-248073223,S2-94487214,S3-591868333,S3-654664914
S1-595827620	S3-107660351,S3-836104300,S3-280225280,S3-519617065
S1-322404054	S2-612268992,S2-771742206,S3-945480426,S3-124953332
S1-843769529	S2-903564257,S2-856605365,S2-365550998,S3-582079075,S3-714134029
S1-612889802	S2-373414528,S2-617319684,S2-572024283,S3-828510867,S3-845775668
S1-710535802	S2-734364943,S3-718570830,S3-870418874,S3-364250949,S3-465018062
S1-352263949	S2-375001765,S2-573401448,S3-591487251,S3-59543257,S3-905734314
S1-1134863	S2-878658611,S3-45849333,S3-450746710,S3-973105312
S1-119084851	S2-782619085,S2-303343477,S3-12462159,S3-207021428
S1-557668554	S2-552094954,S3-220709673,S3-214555754,S3-229752614
S1-149557730	S2-980402746,S2-797118286,S3-922312847,S3-240535752
S1-889231644	S2-955652336,S2-761050364,S3-708813157,S3-796531339,S3-140106086,S3-215361596
S1-976787203	S2-191509108,S2-356865358,S3-59134403,S3-224032107
S1-707697591	S2-844961783,S2-96525382,S3-891282046,S3-663274646
S1-656823344	S2-564708775,S2-704678669,S3-180429555,S3-530455713
S1-169564752	S2-410997315,S3-218485502,S3-833578549,S3-839754000
S1-794047858	S2-973875285,S3-849313897,S3-980213244,S3-384827242
S1-43044661	S2-556974301,S2-45951557,S2-391129939,S2-693731412,S3-332857870,S3-989132631
S1-851961575	S2-901142456,S2-802046829,S2-986292660,S3-176691225,S3-123321285
S1-524959941	S2-55853130,S3-419986118
S1-93816404	S2-840259885,S2-915038787,S2-57993752,S3-910103189,S3-974873598,S3-812851015
S1-638625562	S2-624812638,S2-799041469,S2-541455237,S2-83619878,S3-31458032,S3-202095035,S3-351736919,S3-824650649
S1-814664790	S2-626426386,S3-745893016,S3-536807079,S3-330839837,S3-490273837
S1-365412975	S2-789304041,S2-954773739,S3-29505827
S1-630542608	S2-672968025,S3-753619629,S3-49588697,S3-640800774
S1-703282763	S2-696000422,S2-988910117,S2-507493447,S2-719174428,S3-521211738,S3-234442303
S1-287104523	S3-82425171,S3-122068110,S3-211300450
S1-252242682	S2-568363011,S2-456524607,S2-167308687,S2-84842746,S3-527367881
S1-659766700	S2-113988450,S3-243254218,S3-46547614,S3-83204918,S3-570115834
S1-811009647	S2-677180482,S2-661417411,S3-164105714,S3-561840738
S1-455227230	S2-991963328,S2-225962672,S2-136454976,S3-494767853,S3-305078498
S1-677643060	S2-825029967,S2-599578495,S3-224645058,S3-29149240,S3-865144361
S1-847348470	S2-530959923,S3-534325626,S3-227047919
S1-863084022	S2-349375673,S2-914790278,S3-347935995,S3-838909822
S1-316289684	S2-601210885,S3-872155214
S1-474955546	S2-578124982,S2-880276890,S2-756276502,S2-546856442,S3-934901493,S3-396651107,S3-752322492
S1-697068615	S3-767144025,S3-69591843,S3-71029583
S1-472881725	S2-932710202,S2-18221485,S3-864784484
S1-18314588	S2-912682544,S2-925353979,S2-602665347,S2-628813478,S3-945641647
S1-571479120	S2-987194963,S3-106820178,S3-794889527
S1-487851092	S2-589341775,S2-585259121,S2-361083301
S1-144687451	S2-12851874,S3-43496845,S3-214017864,S3-221923580
S1-294953289	S2-330896252,S2-682376922,S3-586361741,S3-449246856
S1-338339817	S2-998957099,S2-404135547,S2-992154176,S3-181911759,S3-590074514,S3-772872979
S1-375851835	S2-373785111,S2-266971557,S3-175536818,S3-991251279,S3-821309336
S1-376774187	S2-735334339,S2-171456166,S3-302834507,S3-124206046,S3-967794363,S3-774830031
S1-475037609	S2-454875880,S2-571443346,S2-777135419,S3-387598114,S3-133060203
S1-24195153	S2-932704160,S2-566147672,S2-182512809,S2-289451241,S3-631943692,S3-397833534,S3-558962023,S3-237981573
S1-329862067	S2-252790607,S2-271145960,S2-398634088,S2-640696303,S3-301643935,S3-637995449
S1-349681965	S2-619519084,S3-488631730
S1-173774048	S2-201345623,S3-290282888
S1-635601555	S2-190190358,S3-64956017,S3-219724399,S3-504389863,S3-843913837
S1-728725745	S2-485877358,S2-131731128,S3-277330778
S1-795978102	S2-763728514,S2-135437349,S2-423297295,S3-112638545,S3-271293101,S3-140440361
S1-798787259	S2-344338554,S2-822949193,S2-155502771,S3-414328185
S1-303665135	S2-46776692,S2-689599978,S3-529943028
S1-402522478	S2-909480684,S2-534325588,S2-709313351,S2-456819814,S3-103565417
S1-405998527	S2-945455883,S2-852633972,S3-414492285,S3-394239066
S1-257888734	S2-68740815,S2-36059915,S3-719797282,S3-371162653
S1-537588652	S2-26845963,S3-32170076,S3-345594428
S1-459908331	S2-16951372,S2-390298064,S3-935729504,S3-677303698,S3-415776164
S1-904576751	S2-418276257,S2-178211082,S2-181995890,S3-588830096,S3-670234789,S3-232688765
S1-157332686	S2-371523971,S3-557877530
S1-861846769	S2-133256852,S2-436284334,S2-107996607,S2-397975324
S1-376128889	S2-305923783,S2-660699387,S2-179214327,S2-148858680,S3-512980144
S1-106110605	S2-371950791,S2-80454424,S3-802508029
S1-6614441	S2-217194042,S2-305676787,S3-946067307,S3-32530148,S3-334370230
S1-415782037	S2-745490345,S3-111851896
S1-896270070	S2-676986501,S3-468666232,S3-401025887
S1-950032660	S2-161976377,S3-733615234,S3-238090105
S1-697211831	S2-418281692,S2-905242878
S1-288112872	S2-482385097,S3-848064785
S1-795571676	S2-609896857,S3-362636083
S1-244426699	S2-475441200,S3-569202884,S3-799827969,S3-523126141,S3-287709492
S1-977867388	S2-379236391,S3-746689180,S3-270351088,S3-809164105,S3-769055778,S3-465286949
S1-297365467	S2-710148636,S2-630233675,S2-291844441,S2-177329006,S2-345964077,S3-687654256
S1-328068942	S2-616106398,S2-65059765,S3-603764945,S3-177881761,S3-617093579
S1-948562279	S2-308908120,S2-164053158,S3-483911789,S3-604425854
S1-917587037	S2-479442387,S2-757451576,S2-824786001,S3-312541063,S3-282489773,S3-291485217
S1-167821547	S2-944003591,S2-36719639
S1-805570404	S2-338166538,S3-597431484,S3-745475492
S1-130050983	S2-758431405,S3-918542582,S3-722546545
S1-873815443	S2-113345409,S2-60219274,S2-315273074,S3-706229440
S1-562095315	S2-431928539,S2-739611769,S2-639710775,S3-378293945
S1-392691996	S2-914219953,S2-777905620,S3-35385708,S3-456493636
S1-442331217	S2-964243777,S2-92516666
S1-507182445	S2-852572794,S3-202451947
S1-458382294	S2-386718920,S2-413937209,S2-893545441,S3-175924350
S1-396862512	S2-742772043,S2-826953105,S3-253859896,S3-453079547,S3-364283083
S1-331883137	S2-457009602,S2-955041781,S2-915606908,S3-78176909,S3-537400748
S1-991734253	S2-482788454,S3-846647341
S1-131174400	S2-798836165,S3-283466853
S1-73660906	S2-116498865,S2-985135514,S3-424497667
S1-851102707	S2-693529071,S3-320618571,S3-255684120
S1-441424695	S2-591546108,S2-478095167,S3-144033989
S1-743766523	S2-497316460,S2-10087375,S2-359627678,S3-490081250
S1-87629026	S2-987754039,S2-207612244,S3-842886027
S1-561899169	S2-366062351,S3-45164178
S1-259131600	S2-277273348,S2-972126784,S2-940965333,S3-463487453,S3-125010795,S3-846382042
S1-882380356	S2-61730612,S2-570718983,S3-768950268
S1-415587950	S2-119588657,S3-262631219,S3-237980033
S1-472773941	S2-135243781,S2-534919193,S2-504190938,S2-724162610,S3-408464410,S3-577082837
S1-222196829	S2-884710466,S3-942693948,S3-423170797
S1-869451683	S2-971561803,S3-878066476,S3-223076306,S3-194674162,S3-990014843
S1-699134079	S2-401416793,S2-303221744,S2-608503007,S2-129843044,S3-274773244
S1-950359402	S2-121821090,S2-305269988,S2-607447806,S2-785818239,S2-674048521,S3-596711501
S1-4527141	S2-579622724,S3-901469989,S3-193896446
S1-948423322	S2-765904676,S2-910465183,S2-66608171
S1-110055702	S2-158771336,S3-968419201,S3-973897177,S3-514713399
S1-625392292	S2-681237987,S3-379185284
S1-182804464	S2-932878627,S2-76763879,S2-934946919,S2-150743892
S1-494239081	S2-266368649,S2-660920684,S2-479205994,S3-262211526,S3-353342380
S1-935982046	S2-560344997,S3-956549247
S1-512845764	S2-259500282,S2-653405471,S2-439852730,S3-963795850
S1-517666504	S2-731978858,S3-376654847
S1-237404412	S2-317442566,S2-505614635,S3-329243173
S1-517003854	S2-811206023,S2-130780131,S2-764668573,S3-845872759,S3-659575196
S1-756860831	S2-457209793,S2-158244256,S3-381746615,S3-543193406,S3-456272235
S1-267034528	S2-810383872,S3-596901366,S3-477775990,S3-787256632
S1-229138880	S2-934233944,S2-877399448,S2-542659688,S3-961642165,S3-334694742
S1-862330307	S2-649223079,S2-767480210,S3-589471926,S3-560304356
S1-458339441	S2-577199779,S3-45387624,S3-915727038,S3-940131690,S3-418107910
S1-997118085	S2-882957866,S3-728741119
S1-645650159	S2-995636833,S2-1957784,S2-33113077,S3-764891577,S3-525964411
S1-953362275	S2-206974932,S2-481770911,S2-721534108,S3-642161911
S1-143519660	S2-531299297,S2-270956545,S2-385128301,S3-877655121,S3-837154830
S1-802947042	S2-900284909,S2-498923464,S3-196443,S3-545933050,S3-213191984,S3-714523996
S1-190230104	S2-868113049,S2-109287962,S2-206255440,S3-69876999,S3-709319948,S3-191914210
S1-807391008	S2-232569073,S2-20878439,S2-600552506,S2-746630389,S2-436994972,S3-134767182,S3-134025418,S3-197697974
S1-827908541	S2-278218153,S2-233339194,S3-800092710,S3-361314151,S3-454723859,S3-46926292
S1-69536557	S2-93684171,S2-229791710,S2-223264816,S3-149347471,S3-886262021,S3-765359972
S1-634052307	S2-442597760,S2-399880651
S1-695442581	S2-534681180,S2-643050628,S2-861034661,S2-920313776,S2-431380673,S3-626991843,S3-406759209
S1-670556339	S2-329105813,S2-726358310
S1-795923569	S2-211005053,S2-53767674,S2-787742938,S3-446541209,S3-983772631
S1-425630357	S2-712425866,S2-604803360,S2-636502615,S3-978841000
S1-58919833	S2-340065063,S2-746379924,S3-364004817
S1-197415176	S3-165433108,S3-923581570
S1-638842146	S2-328819591,S2-884186464,S3-291839166
S1-982138443	S2-757130476,S2-819173005,S3-88629233,S3-792133948
S1-917246075	S2-894146223,S2-939420645,S2-491023887
S1-902063693	S2-331126193,S2-566588068,S2-304275642
S1-545021366	S2-894592797,S3-109910199,S3-176725998
S1-762671986	S2-168956775,S2-990025009,S3-209966960
S1-43204256	S3-675854804,S3-585809493
S1-813824287	S2-820136544,S2-758557993,S3-686369135
S1-133309214	S2-441461999,S2-95020042,S3-552825842,S3-963664179
S1-925627149	S2-704924151,S3-454670748,S3-802750425,S3-875388636
S1-428748459	S2-713153162,S2-624681257,S2-869603891,S3-340158603,S3-347801497,S3-938395610
S1-600661984	S2-137398765,S3-408825756,S3-141698784
S1-659817016	S2-244715724,S2-300299042,S2-111012484,S3-54051772
S1-863831504	S2-568697941,S2-864349897,S3-777736907,S3-871353663
S1-526716288	S2-301813326,S3-503061742,S3-96473299,S3-971599589
S1-492536427	S2-787838501,S2-339732699,S3-37170018
S1-147566666	S2-118049261,S3-898826043
S1-441105944	S2-990023542,S2-128146100,S2-117968677,S2-588572312,S3-224816954,S3-868862228,S3-581036289
S1-183577156	S2-876602372,S3-527828441,S3-649897533
S1-627425736	S2-124162700,S2-119751275,S2-414404769
S1-235833505	S2-660993098,S3-384241681,S3-264507954
S1-267956976	S2-711590914,S3-353715204,S3-417317242
S1-842604518	S2-143659094,S2-492669995,S3-527093661,S3-473596220
S1-564774069	S2-973400946,S3-138218752
S1-269185282	S2-547455850,S2-540202010,S2-543667259
S1-917388731	S2-58200963,S3-806555174
S1-679284720	S2-758316995,S3-296659367
S1-975803993	S2-1847830,S2-802721414,S2-176343252,S2-975184661,S3-694291750,S3-173442187
S1-521458401	S2-389947983,S2-720708120,S3-550844652,S3-546652805,S3-215725909,S3-846939423
S1-930593792	S3-410271516,S3-686569545,S3-842004470,S3-45578691
S1-67694808	S2-808887868,S3-966964332,S3-626260042,S3-256246714
S1-457482667	S2-477202050,S2-746711393,S3-827280882,S3-577594887,S3-826125525
S1-432220373	S2-76567129,S2-813681754,S3-802822763,S3-976795508
S1-427122280	S2-568961924,S2-336129439,S3-297846896,S3-329125731,S3-725964359,S3-666943876
S1-327984286	S2-430309451,S2-560417900,S2-638092237,S3-262666522
S1-729215829	S2-242754420,S2-133449343,S3-117853213,S3-387222730,S3-992637778
S1-860861343	S2-31772265,S3-148795989,S3-766310379,S3-6358636
S1-200685117	S2-580377993,S3-521251743,S3-356825803
S1-228802826	S2-67047951,S2-683128338,S2-578398713,S3-373643938,S3-460911264
S1-605551132	S2-703868413,S3-469827567,S3-180762001
S1-356191700	S2-522549599,S2-33814529,S2-80813433,S2-599928440,S2-583796250,S3-215916580,S3-537064415
S1-337257602	S2-443516378,S2-181775258,S3-543508458,S3-115943242
S1-581763594	S2-507749983,S3-127490552
S1-474276645	S2-972882903,S2-747919836,S2-859185199,S3-626868589
S1-269593660	S2-923281110,S3-753341684,S3-67582472
S1-978419128	S3-137701603,S3-502778112
S1-551647213	S3-92600167,S3-690915716,S3-487518314
S1-947015808	S2-714839089,S3-781536144,S3-103845196
S1-713370468	S3-48567864,S3-273103944,S3-533192385
S1-236151360	S2-20193442,S3-265969360,S3-413383972,S3-39509408,S3-656535922
S1-604457970	S2-316658791,S2-152753768,S3-977447631
S1-964822588	S2-720210852,S3-251299175
S1-69179881	S2-359520447,S2-956583920,S3-548078950
S1-202220816	S2-764086656,S3-165062500,S3-861156213,S3-122283178
S1-937977789	S2-442010964,S2-916680650
S1-628146973	S2-38401500,S2-67543387,S2-871560813,S2-912380618,S3-423580155,S3-187837643,S3-568219810
S1-70962280	S2-911984866,S2-289274946,S3-343532418,S3-851133724,S3-271333387,S3-22009442
S1-448463881	S2-299216671,S3-821625613,S3-826754030
S1-508724538	S2-445043201,S3-90790780
S1-580645782	S2-610238811,S3-578459494,S3-645498005,S3-74392817,S3-826991245
S1-574460923	S2-763854806,S2-835543477,S3-459709534,S3-791748622,S3-738863658
S1-334203462	S2-254293044,S2-571939901
S1-632697825	S2-901407449,S2-79066337,S2-631967455,S3-154633831,S3-179017609,S3-312088578
S1-666756344	S2-73446727,S3-335483813
S1-179235123	S2-165462941,S2-539675783,S2-449296867,S3-700753126
S1-799847202	S2-389525947,S2-746577047,S2-8879588,S2-297400912,S3-299712337
S1-511371667	S2-534789756,S3-513474360,S3-380648785,S3-992382101
S1-156681373	S2-514015719,S2-42568677,S2-340426505,S3-722795563,S3-816860885
S1-134059817	S2-141188353,S3-335957664,S3-966523645
S1-592349899	S2-183619873,S3-484959803,S3-154388953
S1-146200500	S3-125734926,S3-933628538
S1-994005540	S2-773866396,S2-579637329,S3-474757878
S1-415899395	S2-131359552,S2-177187391,S3-225928727
S1-410804935	S2-254874018,S2-834568376,S2-757404036,S3-461841187,S3-625748602,S3-558017579
S1-485747811	S2-938683452,S2-719687226,S2-160909072,S3-717217048
S1-592568130	S2-888441715,S2-852979138,S2-337398419,S3-78781315,S3-64679256
S1-988310409	S2-3500305,S3-850461477,S3-597099246
S1-472931412	S2-470609116,S2-266280861,S2-476898921,S3-698396373
S1-874562940	S2-212265231,S2-746023559,S2-822306268,S3-60126549,S3-839642452
S1-908275928	S2-922905064,S2-423589477,S3-698124116,S3-526644596,S3-47057061,S3-975033784
S1-210158703	S2-893487552,S2-247309169,S3-940146837
S1-478278781	S2-986638845,S2-86395466,S2-306514105,S2-853532418,S3-481406843
S1-280532871	S2-699114399,S2-5062722,S2-647618369,S2-338761483,S2-315166247,S3-358518612,S3-78818998,S3-131333058
S1-432473509	S2-487964285,S2-123198724,S2-107368502,S2-567785569,S3-767561759
S1-400153929	S3-882444036,S3-580494212
S1-505023163	S2-184997216,S3-918077184
S1-473166802	
S1-26464713	
S1-839769530	
S1-128225246	
S1-654175943	
S1-401395577	
S1-507002276	
S1-480002145	
S1-43804575	
S1-810271908	
S1-834331822	
S1-995494699	
S1-416414418	
S1-526315632	
S1-915026476	
S1-96263564	
S1-530856774	
S1-966813582	
S1-865940573	
S1-801290906	
S1-959810505	
S1-536326280	
S1-371937458	
S1-793894296	
S1-370746231	
S1-915213545	
S1-235775708	
S1-311420243	
S1-559445024	
S1-760167217	
S1-593733873	
S1-166785296	
S1-783148417	
S1-68955013	
S1-986993818	
S1-288828844	
S1-735030217	
S1-449240954	
S1-678360681	
S1-722988297	
S1-582470597	
S1-928002427	
S1-110587875	
S1-313423432	
S1-451995786	
S1-159120849	
S1-309290416	
S1-873041631	
S1-156635950	
S1-751094161	
S1-259140179	
S1-868974450	
S1-799145511	
S1-374257588	
S1-116377501	
S1-603927318	
S1-597512224	
S1-636003867	
S1-823165492	
S1-105950548	
S1-834346986	
S1-865600737	
S1-993618772	
S1-207002079	
S1-70704113	
S1-557712318	
S1-425891660	
S1-510304485	
S1-357550543	
S1-80378135	
S1-394123864	
S1-51656669	
S1-644968741	
S1-964585052	
S1-688216085	
S1-454337084	
S1-159867799	
S1-804934207	
S1-722353072	
S1-906184840	
S1-168870108	
S1-606192711	
S1-533658712	
S1-715476741	
S1-680005349	
S1-394419388	
S1-663889712	
S1-893969530	
S1-54827818	
S1-151046472	
S1-570609116	
S1-861242661	
S1-665371961	
S1-792279881	
S1-975045683	
S1-752457453	
S1-906754811	
S1-138601524	
S1-544816270	
S1-363465535	
S1-401618613	
S1-949509017	
S1-584230689	
S1-464619836	
S1-653640986	
S1-765278567	
S1-991107607	
S1-359985972	
S1-938534072	
S1-816891731	
S1-879129013	
S1-388743768	
S1-222789278	
S1-377155346	
S1-937531003	
S1-13080743	
S1-985624202	
S1-682188264	
S1-287382556	
S1-264768979	
S1-659195716	
S1-155527271	
S1-656952658	
S1-524560561	
S1-98974881	
S1-742535460	
S1-320396257	
S1-230528278	
S1-182624199	
S1-580002369	
S1-94268048	
S1-765829763	
S1-716287559	
S1-145911377	
S1-136464587	
S1-809733314	
S1-538032068	
S1-22576104	
S1-883110167	
S1-653762365	
S1-721205604	
S1-144646577	
S1-482393780	
S1-610905075	
S1-788132688	
S1-698855576	
S1-473493021	
S1-657610010	
S1-414493360	
S1-65947335	
S1-800485959	
S1-866410648	
S1-818622139	
S1-103557640	
S1-466318324	
S1-280577510	
S1-898412550	
S1-472575423	
S1-524685168	
S1-543587270	
S1-605730541	
S1-788727582	
S1-413934307	
S1-279000852	
S1-645273932	
S1-618189680	
S1-235288264	
S1-379819775	
S1-100532659	
S1-16909274	
S1-268324744	
S1-737593104	
S1-412331433	
S1-822296831	
S1-400261656	
S1-22835842	
S1-366192371	
S1-841784569	
S1-579075908	
S1-877860295	
S1-36348612	
S1-630147348	
S1-744978692	
S1-683830794	
S1-858325311	
S1-90831419	
S1-67827729	
S1-931837547	
S1-292471804	
S1-937045653	
S1-322354513	
S1-808215439	
S1-449861739	
S1-780580128	
S1-944019280	
S1-209703141	
S1-340734578	
S1-923304367	
S1-245224479	
S1-743330896	
S1-515783371	
S1-999237985	
S1-817461233	
S1-544456436	
S1-888872059	
S1-102575686	
S1-953060886	
S1-474246770	
S1-914583512	
S1-361011390	
S1-549752725	
S1-752010424	
S1-281332728	
S1-764311320	
S1-693398253	
S1-541679626	
S1-250506967	
S1-791655777	
S1-596328469	
S1-845322958	
S1-355114180	
S1-509216478	
S1-698664906	
S1-617118914	S3-899568764
S1-589441794	S2-319081011
S1-153911090	S2-465921776
S1-98788392	S2-771066435
S1-577437317	S2-668437280
S1-830932250	S2-794405685
S1-450875719	S2-588177532
S1-734453432	S2-864758528
S1-737309665	S3-773164111
S1-651088254	S2-803203935
S1-812884153	S3-614707697
S1-268021751	S2-556068037
S1-969900086	S2-992511771
S1-468865423	S2-945147827
S1-791976303	S3-682821980
S1-574151865	S3-704817703
S1-102445980	S2-896122335
S1-291531807	S3-637013624
S1-924631396	S3-513513550
S1-394808834	S3-573638253
S1-682409223	S2-317174282
S1-344360516	S2-526210553
S1-599642974	S2-836484731
S1-562955920	S3-19039535
S1-12235246	S3-940314303
S1-995466850	S2-764133174
S1-11677997	S3-185329227
S1-352871689	S3-567761942
S1-230636397	S3-396005635
S1-565729460	S3-987841301
S1-254888563	S2-290980160
S1-310477809	S3-688990713
S1-640532954	S2-540793624
S1-278677493	S2-983050533
S1-500630712	S3-912464761
S1-771151821	S3-817472663
S1-880096649	S2-484618865
S1-860946143	S2-285389952
S1-744219824	S3-187596665
S1-126475213	S3-457647052
S1-656035351	S3-691639273
S1-498220515	S3-650258101
S1-960432711	S2-217643548
S1-883342379	S2-945083356
S1-553607850	S2-563168171
S1-87601150	S2-231143023
S1-127811089	S2-910276347
S1-578834038	S3-79953476
S1-478629176	S2-772905930
S1-357973895	S2-146209550
S1-221574364	S2-97914455
S1-296796467	S3-378935792
S1-133097415	S3-976612291
S1-668497497	S3-595994256
S1-744233815	S3-587215470
S1-790047807	S2-899484024
S1-967077866	S3-558792320
S1-807931306	S3-327719030
S1-481807644	S2-656580740
S1-662664493	S3-734073638
S1-518703172	S3-529578523
S1-165377342	S2-295835155
S1-618646298	S2-180331834
S1-195394003	S3-642678127
S1-987352672	S3-63814430
S1-946138917	S2-697924917
S1-315518267	S2-877434121
S1-260636792	S2-692192970
S1-974264493	S3-142778729
S1-899520191	S3-946200711
S1-479406964	S2-378182111
S1-768272050	S3-149308192
S1-814578081	S2-293855147
S1-354217364	S3-80636279
S1-730711720	S2-70411871
S1-934324616	S3-840111596
S1-3845108	S3-689991137
S1-184594436	S2-771959646
S1-468067339	S2-449398266
S1-754954572	S3-945717746
S1-906355026	S2-580990048
S1-729451462	S3-795221878
S1-252106720	S3-237937074
S1-449277673	S3-974843221
S1-833610071	S2-793740571
S1-591867537	S2-721510193
S1-26528871	S3-330147831
S1-822469577	S3-947678130
S1-10325231	S3-340555333
S1-156425628	S3-656481686
S1-978660901	S3-103740211
S1-154290531	S2-216200979
S1-8959570	S3-686185690
S1-835056945	S2-885739808
S1-354386518	S2-150105005
S1-731721637	S3-764397375
S1-804108024	S3-710974844
S1-159851077	S3-772274079
S1-483936983	S3-210390177
S1-738147035	S2-28728388
S1-474305528	S2-20093275
S1-832552675	S2-12574371
S1-757192386	S2-902626517
S1-180238159	S3-16936953
S1-588732381	S3-728007221
S1-381084417	S3-560348108
S1-868454250	S3-99670183
S1-702063741	S3-242027384
S1-521580178	S2-439912524
S1-71028797	S2-425056587
S1-494631226	S3-187907747
S1-819071155	S2-648050781
S1-135580019	S2-511382488
S1-958404454	S2-231052073
S1-391060432	S3-454772850
S1-864909001	S2-889144698
S1-511670977	S3-687836082
S1-338589518	S2-766086447
S1-415396673	S3-748699879
S1-374104039	S3-605838260
S1-837979234	S3-99558671
S1-498927589	S3-484420760
S1-70144461	S2-570163349
S1-377366870	S3-56172696
S1-492149597	S2-817888791
S1-177954759	S3-750449431
S1-414919331	S2-693383146
S1-381433952	S2-81277018
S1-384357969	S3-380636278
S1-834330111	S2-18996160
S1-434492866	S3-819290789
S1-829963152	S3-928775992
S1-328922125	S3-69964409
S1-925372601	S3-609124136
S1-766359311	S3-905390561
S1-203127307	S3-629852297
S1-73707286	S2-231198085
S1-367305629	S2-901607339
S1-71902894	S3-370636296
S1-72860763	S2-859548088
S1-55709429	S3-866841197
S1-875318348	S3-418831635
S1-329765152	S3-171312952
S1-862608596	S2-219509521
S1-702957157	S2-634356308
S1-329073454	S3-601011380
S1-281869005	S3-581603092
S1-92818269	S2-744861636
S1-41443575	S3-913886530
S1-256908878	S3-487096794
S1-371047656	S3-282325811
S1-542178636	S3-272873743
S1-202267227	S2-803135120
S1-881244889	S2-447258040
S1-738549713	S2-952948593
S1-552604443	S3-76590824
S1-484053658	S2-684853867
S1-645875509	S3-124421149
S1-307250816	S3-87311740
S1-437526425	S3-802418355
S1-370270883	S3-261546903
S1-155351866	S2-178698614
S1-795804356	S2-675926391
S1-626096169	S3-283994730
S1-144630482	S3-633558384
S1-191454094	S3-329945975
S1-924527011	S3-663080203
S1-890375424	S3-14995916
S1-371486527	S3-551773087
S1-691174051	S3-318499178
S1-252753274	S2-458621153
S1-295709620	S2-466674126
S1-706768538	S2-769621348
S1-833576460	S3-760144150
S1-941905340	S3-830035741
S1-64282662	S2-832149475
S1-127044475	S2-548477128
S1-487269520	S2-286531523
S1-108149789	S2-60315022
S1-119149736	S3-831536368
S1-716987153	S2-9628858
S1-192056105	S2-68803352
S1-766319382	S3-401137716
S1-922874963	S3-949746929
S1-772080548	S3-421819096
S1-818541819	S3-918398009
S1-954492074	S3-335065453
S1-945099820	S3-764998053
S1-684007171	S3-192296645
S1-213769418	S3-77817939
S1-207702331	S3-278371017
S1-322737511	S2-824110757
S1-855223515	S2-431703502
S1-461923445	S2-471407464
S1-93650066	S2-501994410
S1-966025376	S2-454971335
S1-33506794	S3-430043273
S1-816028032	S3-815031747
S1-635791755	S3-87589240
S1-536461741	S2-639689506
S1-766162503	S3-350543091
S1-435442868	S3-766875122
S1-336034103	S3-358923058
S1-560153898	S2-721763491
S1-152389439	S3-812247809
S1-103808480	S2-961311699
S1-498410491	S2-58523678
S1-877170939	S2-956132153
S1-193454116	S3-174482886
S1-898723975	S2-104792731
S1-182858893	S3-881988602
S1-245658582	S2-295480274
S1-475484951	S3-681376586
S1-30306792	S3-715186277
S1-310764100	S2-322116966
S1-381923894	S2-881319842
S1-160103431	S2-788062932,S3-807221130
S1-689135051	S2-931587361,S3-397418262,S3-843343175
S1-668608133	S2-388426489,S3-844029042
S1-606031400	S2-23321139,S2-633830706,S2-71882372,S3-40032130,S3-486383354
S1-65705269	S2-987887432,S2-41272188,S3-645500559,S3-31790818,S3-359143017
S1-362712133	S3-240146504,S3-316191699,S3-145785841
S1-128243443	S2-139385678,S2-976915228,S3-613461679
S1-851820307	S2-275452828,S2-883093430,S2-400886120,S2-736354543,S3-706046806,S3-615840055
S1-793302433	S2-551194210,S3-158429664
S1-829141294	S2-612773395,S3-32194456,S3-227169443,S3-16712519
S1-277496669	S2-232590161,S2-414117861,S3-336005191
S1-863167587	S3-359613216,S3-71542232,S3-644874510,S3-501910371
S1-655680372	S2-194321461,S3-954816405,S3-170978801,S3-550725201
S1-185833281	S2-369865791,S2-649138537,S3-335921931,S3-522581029
S1-602441205	S2-702577709,S2-733967880,S2-847070993,S2-744544844,S3-233821011,S3-207523925,S3-140023684
S1-384516457	S2-806692441,S2-779233595
S1-834371599	S2-271460178,S2-253080572,S2-185253514,S3-522180977,S3-714286406
S1-576530261	S2-103970308,S3-114636277,S3-908303085,S3-381923313,S3-173328934
S1-49058803	S2-906825000,S2-823148302
S1-216032134	S2-311466472,S3-366539361
S1-760671525	S3-197925665,S3-359556261
S1-71620528	S2-442561117,S2-809681523,S3-386332060
S1-633020800	S2-600223356,S2-173776064,S3-814516648,S3-340259458,S3-159954094,S3-625262383,S3-109452312
S1-848067159	S2-683952214,S3-965948623,S3-581639573
S1-437731360	S2-920181165,S2-23321345,S3-607328087
S1-104971129	S2-939681691,S3-100776523
S1-438278680	S2-433274655,S3-620877046
S1-779975903	S2-330569212,S2-452377605
S1-465521015	S2-961761375,S3-983272391,S3-504275503,S3-284541872
S1-703868507	S2-310195136,S2-373012063,S3-944503117,S3-661077856,S3-773339983
S1-746035079	S2-561965455,S2-293017767,S2-297616505,S2-22880898,S3-4047712,S3-649895097
S1-85530543	S2-712295814,S3-379174379
S1-827396301	S2-881821324,S2-129537048,S2-658809173,S3-885180290,S3-467478984
S1-860858722	S2-956985184,S3-719890087,S3-870154929,S3-498701628
S1-514786764	S2-533936217,S2-114707107,S2-703396630,S3-540033666,S3-473355146
S1-113612448	S2-444053097,S2-157332457,S2-781526130,S3-70634995,S3-717798772
S1-280581428	S2-504225198,S2-343709123,S3-380398787,S3-672746662
S1-214035024	S2-316116429,S3-178981771,S3-200655378
S1-866963992	S2-801508158,S2-687409896,S2-874216433,S3-231783766
S1-267313557	S2-141179829,S2-632707017,S3-462942339
S1-181441266	S2-947666781,S2-107940581,S2-454256002,S2-146070423,S2-169394711,S3-575442770,S3-280489062
S1-521923008	S2-302362502,S2-170990539,S2-446197759,S2-388160123,S3-847456268,S3-919978241
S1-667214208	S2-696156963,S2-691380985,S2-662024487,S2-515049561,S3-751823266
S1-295349818	S3-766934703,S3-945467538
S1-656188154	S2-570752983,S2-562390643,S3-629161577,S3-624675200
S1-549612388	S2-463683673,S2-241371918,S3-333745065
S1-467705336	S3-947413628,S3-77399969
S1-361784303	S2-986995452,S2-385010254,S2-917160032,S2-100024135,S3-740759187,S3-317935200
S1-782671933	S2-402254578,S3-574611767
S1-466902229	S3-521754068,S3-89478488,S3-845342127
S1-765258592	S2-964853257,S2-631021419,S2-461588992,S2-556559245,S2-461681456,S3-407455642
S1-828910348	S2-510406604,S2-257774897,S2-884573431,S2-909145502,S3-701989358
S1-722808668	S2-900684444,S2-57228898,S3-700565116,S3-555805497
S1-162504868	S2-770189752,S2-943695785,S2-462024049,S3-896589635,S3-698164610
S1-373730298	S2-323995717,S3-264316307,S3-95106782
S1-448463189	S2-157913523,S2-880695579,S2-25407170,S2-177310109,S3-368888599,S3-495349912
S1-857319854	S2-320815153,S2-85021475,S3-634041122,S3-485649597,S3-608568293
S1-199709372	S2-300245481,S2-370529341,S2-348192589,S3-748766949,S3-667625506,S3-41020557
S1-478517253	S2-734936063,S2-264097902,S3-31832937
S1-650390836	S2-946650032,S3-836578111,S3-18749872,S3-672903632
S1-666080051	S2-102902537,S2-863131443,S2-239688902,S3-602153238,S3-985115191
S1-48164611	S2-344837066,S3-177902886
S1-313626834	S2-3398757,S3-468915983
S1-132338532	S2-897742763,S3-977783650
S1-641377009	S2-285498469,S2-616090894,S3-164687088
S1-956895083	S2-64662534,S3-184778757
S1-238339790	S2-252169225,S3-546173186
S1-993957295	S2-186078819,S2-609957197,S2-301650292,S3-303090030,S3-399211775
S1-165430983	S2-828628514,S3-725850766
S1-679372527	S2-480016963,S2-65693759,S3-621511664,S3-262119821,S3-805410086
S1-144151338	S2-964053924,S2-349871174,S2-425769224,S3-864936493,S3-801045113,S3-806822562
S1-959467945	S2-941207949,S2-38036577,S2-558908914,S3-433356125,S3-164651940
S1-552365823	S2-967282144,S3-218586022,S3-783720419,S3-514299209
S1-67702980	S2-595933004,S2-365038265,S2-18140332,S2-682329228,S3-678510947,S3-368950490
S1-863884428	S2-395961176,S3-955486986
S1-661444071	S2-261202522,S2-837494641
S1-651393433	S2-829255207,S3-45444701,S3-852549887,S3-755569369
S1-556953460	S2-734242610,S2-69081877,S3-984897090,S3-6424767
S1-959295560	S2-269992114,S2-783321479,S3-203485180
S1-471003998	S2-942305004,S2-950787935,S3-112951453,S3-24891668,S3-598990662
S1-178851419	S2-220325564,S2-415523345,S3-40841527,S3-305091006,S3-887344887
S1-989958112	S2-143488489,S3-200398884
S1-291150757	S2-624245042,S2-436799663,S3-579252917
S1-522559323	S2-249501581,S2-831552640,S3-142522803,S3-815767145,S3-314668275,S3-9406287
S1-554344358	S2-751044679,S2-785265795,S2-524719923,S2-803866800,S2-601560667
S1-183893426	S2-315625717,S2-10620359,S2-271796894,S2-60145568,S2-573321256,S3-249702350
S1-484348358	S2-763756278,S3-877999454,S3-510265917
S1-961789848	S2-346727479,S2-357660742,S3-115358124,S3-813443002
S1-766271443	S2-745583302,S2-837434655,S3-789433804
S1-709149720	S2-42346307,S2-496485338,S3-68210000,S3-354621355
S1-737084988	S2-803399789,S2-164458332,S3-505696192,S3-206808589
S1-943026803	S2-280055556,S3-585477689,S3-242035951,S3-330740035,S3-236594697
S1-451856234	S2-797391664,S2-237674791,S3-483385899,S3-41814106,S3-342771595
S1-268028181	S2-512477785,S2-816395180,S2-991213218,S3-473739275
S1-803413764	S2-435348268,S3-597204889
S1-866448142	S2-312371717,S2-634071095,S2-250055690,S3-364391134,S3-598726441,S3-755271765
S1-885673369	S2-809423759,S3-350536795
S1-525970796	S2-415476574,S2-318943995,S2-656982759,S2-608080708,S3-350962027,S3-148850107,S3-687778264
S1-76146608	S3-611398337,S3-987921206
S1-710216003	S2-960348924,S2-499848960,S3-996142688
S1-90872729	S2-10386715,S2-780714984,S3-103533132
S1-496991958	S2-207959619,S2-353829464,S3-972873305,S3-518164484
S1-811391203	S2-391118600,S2-804176442,S3-192932301
S1-564698981	S2-25927622,S3-577145522,S3-107406757
S1-154496063	S2-791926798,S2-650645636,S3-921765355,S3-841147324
S1-412948926	S2-101184974,S2-720480107,S3-540263900
S1-547305298	S2-358395828,S2-439855616,S2-97552037,S3-115833008
S1-752751986	S2-605964651,S3-149858479,S3-491611813,S3-856845328
S1-961571322	S2-575440472,S2-742478956,S3-985228570,S3-794625454
S1-65100	S3-631828452,S3-340306056
S1-742015253	S2-617455664,S2-866392176,S3-354945902,S3-524319431
S1-379964250	S3-391715136,S3-886436547,S3-386002930,S3-6315940
S1-649557799	S2-286672886,S2-590359519,S2-889179942,S3-846797036,S3-651693011
S1-982063056	S2-6940224,S3-665634107
S1-23181292	S2-256441552,S3-203825009,S3-692739713,S3-301419836
S1-249177784	S2-993882810,S2-410258548,S3-801773777
S1-837982028	S2-681868995,S2-381145599,S2-15366253,S3-48451623
S1-285019098	S2-586380663,S3-999269445,S3-122572925,S3-405285002,S3-31228354
S1-449504076	S2-89677233,S3-515456901
S1-411804112	S2-733323604,S3-778414829,S3-84218418
S1-411995122	S2-541663047,S3-524445727,S3-435154987
S1-67617023	S2-588975499,S3-617525420,S3-784733908
S1-673076860	S2-579127907,S2-520880040,S3-212763115
S1-173270072	S3-720550349,S3-830614824,S3-279494682
S1-792625076	S2-145153980,S3-814830179
S1-638517155	S2-766423581,S2-599296566,S2-566616487,S3-939519234,S3-314804300,S3-717894976
S1-545079301	S2-224680205,S3-215418544,S3-694883668,S3-350976162
S1-499928241	S3-772195487,S3-194514448
S1-561641583	S2-903075301,S3-270527843,S3-870861171
S1-52369285	S2-372365191,S2-141553499,S3-273288678,S3-838926434
S1-23707983	S2-836809679,S3-489677972
S1-494501841	S2-121808533,S2-430337396,S3-163006101
S1-971406166	S2-259796462,S2-123061864,S2-982946977
S1-826102775	S2-465821769,S3-639344800
S1-503646539	S3-332013240,S3-171616178
S1-553236846	S2-270994548,S2-627919254,S2-140473903,S3-546710059,S3-105214534,S3-987598943
S1-849664549	S2-141901455,S3-670576248,S3-225577336,S3-45009894,S3-386995162,S3-779182330
S1-408166045	S2-212819266,S2-201141412,S3-6975683,S3-91807933
S1-748575005	S2-945535511,S3-827669411
S1-474253071	S2-436106469,S2-974650127,S3-298132060,S3-602789249
S1-679844991	S2-291262717,S2-199024468,S3-391197749
S1-116957885	S2-938246379,S3-288780563,S3-317366384,S3-479121364
S1-555480437	S2-731552207,S3-821827655,S3-783034812,S3-83355039
S1-437516562	S2-297721658,S2-255372815,S3-775135464,S3-410698,S3-325211688
S1-509440648	S3-785822860,S3-940497728
S1-349294105	S2-176444779,S2-564011812,S3-220619912,S3-483253649
S1-190678465	S2-959577659,S3-332591786,S3-186502910
S1-597906176	S2-400957436,S2-821888504,S3-50634263,S3-21048481,S3-443087863
S1-726296963	S2-69914051,S2-162107322,S3-421472301
S1-427424530	S2-437539801,S2-152827410,S3-944405849,S3-166278647,S3-967010371,S3-206505836
S1-878468404	S2-361295950,S3-578518260,S3-346047389
S1-683624739	S2-786998799,S2-587802234,S2-369417565,S3-26533876
S1-192012523	S2-177507718,S2-956494648,S3-132017189,S3-288542213
S1-332430393	S2-494005481,S2-655256865,S2-939075683,S2-313430458
S1-337927389	S2-747366690,S3-902574992,S3-407763126,S3-385082381,S3-565504007
S1-425032483	S2-740918952,S3-104951853
S1-420478070	S2-828727112,S3-20067362
S1-929404506	S2-708422109,S2-368427647,S2-563755751,S2-143100385,S3-957987852,S3-485699460
S1-432417889	S2-955772916,S2-123872832,S3-631776497,S3-491093,S3-942447105
S1-58200542	S2-206459170,S2-69631574,S2-451402946
S1-719157582	S2-815793941,S3-199538436,S3-185237417
S1-866422206	S2-2476352,S3-152458695
S1-688170968	S2-235209290,S2-612502407,S3-588430070
S1-922968975	S2-708280039,S2-378102105,S3-363799577,S3-701337570
S1-187111986	S2-769254838,S2-85671954,S3-841008091,S3-131862192
S1-535175264	S2-615436710,S3-639970214,S3-506784603,S3-593957474
S1-252680278	S2-127450594,S2-820043557,S3-652457908
S1-853091092	S2-357933375,S2-182469847,S2-333751594,S3-701579108
S1-276649532	S2-847320322,S2-161455298,S3-558632635,S3-384088322,S3-363897750
S1-621373287	S2-303777179,S3-793499756
S1-75576590	S2-528754206,S2-389188957,S2-490471262,S3-765683181
S1-437236450	S2-473810806,S2-443256816
S1-402023705	S2-413523411,S2-989307187,S2-993839461,S2-811546660,S2-433462725,S3-400755468
S1-596137796	S2-601558940,S2-179309181,S3-385238448
S1-37436465	S2-183211831,S3-371543890,S3-340929121,S3-473344318,S3-374775215,S3-931057978
S1-468537721	S2-668190843,S3-615595945,S3-351119554,S3-173270713
S1-16756238	S2-65434123,S2-161896469,S2-33392262
S1-815810099	S3-765340730,S3-557550314
S1-659126592	S2-195247853,S3-537721625,S3-969614219
S1-972790481	S2-205356105,S3-82567991
S1-899984381	S2-285339556,S3-562860898
S1-574044449	S2-703596568,S2-712685865,S3-787797900
S1-397995186	S2-759301875,S2-982553432,S3-89636921
S1-162262848	S2-244520536,S2-437276409,S3-108093121,S3-661954982
S1-537854537	S2-337964499,S3-912315375,S3-652466663,S3-813154628
S1-802794487	S2-737339900,S2-984126990,S2-716260351,S3-702073133,S3-456020146
S1-154996542	S2-565733981,S2-47679027,S3-655673076,S3-813418616
S1-369293376	S2-644600699,S2-117140669,S3-158646174
S1-639787407	S2-681187574,S2-92620312,S2-334060271,S2-279441313,S3-47535706
S1-896305372	S3-937985125,S3-689944543
S1-612655132	S2-857296526,S3-296390365,S3-329222523,S3-2716310
S1-234118298	S2-346172808,S2-150009130,S2-107836813
S1-590028309	S2-470348472,S2-602995399,S2-669095801,S3-784141140
S1-161185009	S2-959962401,S3-644157757
S1-748938307	S2-110714555,S2-114804382,S2-999604292,S2-570644171,S3-800432851,S3-275089591
S1-503527351	S2-651676682,S3-262401886,S3-518064522
S1-172134742	S2-77941904,S3-719886717,S3-593823949
S1-219007030	S3-381125549,S3-362172699
S1-547495489	S2-704449411,S3-57096245,S3-166066775
S1-279412353	S2-4895146,S3-616573740,S3-485813400
S1-32625263	S2-740294827,S2-663420343
S1-451852407	S2-34907597,S3-663342434,S3-237094206,S3-29986415
S1-418605239	S2-292609652,S2-27723563,S2-667734670,S2-482068240,S3-692917697,S3-971814878
S1-364438895	S2-926354208,S2-931943900,S2-970928496,S3-218260936
S1-943188950	S2-511905901,S2-124025868,S3-715118693,S3-833303381,S3-680541104,S3-790596218
S1-528250728	S2-662293939,S2-887152191,S2-467861031,S3-813536454,S3-591344110,S3-212550855
S1-742494841	S2-984460197,S2-163839580,S3-790835176,S3-829920930
S1-719797906	S2-6408960,S2-206452483
S1-994945820	S2-167614594,S2-889292287,S3-358827215,S3-863320657
S1-349827220	S2-18278164,S2-606620420,S3-841394283,S3-498491328,S3-109103102
S1-972728990	S2-20018464,S3-829909484,S3-871175178,S3-481505544
S1-111420779	S2-76491241,S3-957796286
S1-783510617	S2-980933265,S3-891094468
S1-891140425	S2-923031981,S2-784519664,S3-70084090,S3-345027829,S3-48877989,S3-599661317,S3-98274982
S1-922125486	S2-107009893,S3-893825118,S3-928152506
S1-188909062	S2-640667037,S2-766761602,S3-908252647
S1-736313013	S2-17588697,S3-478959340
S1-104693882	S2-47514508,S2-665100138,S3-758903751
S1-873886584	S2-6522224,S2-846850052,S3-741880104
S1-456085771	S2-533154531,S3-485314009
S1-865474924	S2-932377944,S3-742435021,S3-239676978,S3-436507536
S1-155644195	S2-849993369,S2-96188436,S2-324366735,S3-469779243,S3-404808374
S1-319011081	S2-347312144,S2-152601799,S2-260215634,S3-601530793,S3-939944647
S1-944575225	S2-359074449,S2-819836905,S3-704945795
S1-70103598	S2-49951212,S3-640042516,S3-850385944
S1-593956725	S2-302930916,S2-24845465,S3-558249713,S3-113366467,S3-678528610
S1-322106318	S2-238344090,S2-837031948,S3-35909734,S3-11334287,S3-60634603
S1-840570996	S2-870164781,S3-990203114,S3-406431709,S3-17992641,S3-509344665
S1-122681503	S2-547851550,S2-658729307
S1-923951905	S2-447348107,S3-99746092,S3-957549723
S1-990034586	S2-976966245,S3-139452367,S3-991279775
S1-39548589	S2-113639423,S3-168262836,S3-752150491,S3-116101642
S1-725413728	S2-527936526,S2-82466508,S3-131970265
S1-526017514	S2-673091462,S2-717060051,S2-771006609,S3-963968218,S3-382603712,S3-785417478,S3-502241641,S3-553605881
S1-448474186	S2-504231122,S2-878716358,S3-6763531,S3-305490249
S1-949108967	S2-772367887,S3-657077988,S3-229730952
S1-83569055	S2-231600014,S2-839763702,S3-444120577
S1-768482202	S2-243852031,S2-141612876,S3-280559123
S1-556305221	S2-721708113,S2-992055576
S1-837645546	S2-65610006,S2-656268112,S2-351558975,S3-422677067,S3-838689536
S1-155259532	S2-549364736,S3-456782114,S3-299379152,S3-771520712
S1-596221872	S2-919692497,S3-430573331,S3-852826211,S3-490245994
S1-293007658	S2-594273231,S2-875019421,S3-927938244,S3-759897425,S3-281768689
S1-373451390	S2-518521876,S2-554986147,S2-95462500,S3-232995333
S1-613268887	S2-586802337,S2-897071711,S2-899881582,S3-716394575,S3-285824687
S1-657345097	S2-512313321,S2-899571490,S3-121522215,S3-277126634
S1-343719445	S2-119056247,S3-323047205,S3-645856046,S3-228114180
S1-700288066	S2-504718485,S2-973436199,S3-615383631,S3-733014283
S1-813795215	S2-198018603,S3-350840668
S1-648878665	S2-908030012,S2-300246632,S2-703491991,S3-716675028,S3-332495932
S1-634916701	S2-197184388,S3-920793005
S1-334733018	S2-664005981,S3-743373355
S1-380855344	S2-523858327,S2-576183610,S3-199891248,S3-133873148,S3-148959455
S1-807612790	S2-41107375,S2-440958118,S3-970562507,S3-488544057,S3-129222285
S1-274100766	S3-896833972,S3-34883898
S1-559213281	S2-607438572,S2-619858829,S2-972626682,S3-854094503,S3-650037618,S3-206396309,S3-528152548,S3-317726542
S1-557317655	S2-887803511,S2-373647133,S2-240218674,S3-205073365,S3-199663711,S3-50034009
S1-344907589	S2-563486164,S2-61485344,S3-414610920
S1-700357065	S2-798883,S3-92719639
S1-348758861	S2-611407198,S2-271538476,S2-16413964
S1-527595885	S3-825863050,S3-888569454
S1-702187546	S2-891857411,S3-689064657,S3-475767738
S1-707839887	S2-442427258,S2-133904292,S2-711439654,S2-656868606,S3-659649253,S3-323481248,S3-411478467
S1-441467079	S2-33996274,S2-304049301,S3-654919846,S3-775273389,S3-92852208
S1-424317808	S3-267784198,S3-454895754,S3-41905611,S3-846897966
S1-586609450	S2-223349335,S2-790315333,S3-506344920,S3-388875891
S1-157964912	S2-24713988,S2-376139722,S2-233154291,S3-152742988,S3-161373264,S3-485612462
S1-851368962	S2-935478998,S2-769694455,S2-922291142,S3-677132273,S3-295946766
S1-968633457	S2-979108174,S3-24383129,S3-700236071
S1-332884481	S2-923941318,S2-588565037,S2-857687800
S1-162568654	S3-217773994,S3-522000721,S3-85374584
S1-496761025	S2-313197252,S2-739534255,S2-734435902,S3-125115872
S1-346071453	S2-169180371,S2-754640733,S3-285195721
S1-977037376	S2-898863527,S2-891361542,S2-622767016,S3-600070120,S3-718103424,S3-571288428
S1-986735850	S2-441339022,S2-885111283,S3-373760503,S3-233632608,S3-187001945,S3-42860356
S1-29076086	S2-730622462,S3-280316908
S1-569715106	S2-261270598,S2-308350453,S3-703466656,S3-962899737,S3-407761189
S1-143719321	S2-790247865,S3-617278847,S3-867069591
S1-940483992	S2-729522840,S2-175590407,S2-418698504,S2-297794302,S3-702572011
S1-936386919	S2-451095422,S2-44592775,S3-773233630
S1-654634141	S2-553768699,S2-96208631,S2-198921132
S1-831968935	S2-990752207,S2-688783147,S2-79708650,S2-477182893,S3-987502347
S1-310780786	S2-666747334,S2-179377706,S2-470735837,S3-109100754,S3-843866916,S3-856543903,S3-771946922
S1-295359859	S2-373940885,S3-602369400,S3-323552266,S3-185919904
S1-906214314	S2-761758378,S2-250820186,S3-790887072,S3-452330465,S3-310673127,S3-543356981
S1-228679241	S2-633288303,S2-894101171,S3-258343442,S3-570961137,S3-726520125
S1-674020007	S2-660347145,S2-795215689,S3-659477049
S1-681616126	S2-769820593,S2-174702537,S2-849343473,S3-341453681,S3-71840208
S1-710297715	S2-171107634,S2-562167948,S2-809616036,S3-737602317,S3-871375929
S1-783603168	S2-101462535,S3-608010433,S3-582607706,S3-119751523,S3-719636656
S1-547867312	S2-951669307,S3-19877222,S3-208742990
S1-232277974	S2-99608444,S2-577329399,S3-454223077,S3-347884493
S1-214622048	S2-131773591,S2-315620941,S3-776006097,S3-233542040,S3-713150601
S1-731896861	S2-194263753,S2-109884426,S3-109303621,S3-204429522
S1-868764742	S2-952856200,S2-589212764,S3-690081934,S3-682036678,S3-381122679,S3-785444706
S1-411043329	S2-478598098,S2-544874323,S3-819446234
S1-197749586	S2-939608987,S3-748226494,S3-925486708,S3-94285201,S3-63166861
S1-211129160	S2-919237843,S3-555809513,S3-83640178
S1-221374033	S2-553723579,S2-969212731,S3-500069404
S1-323924082	S2-680671873,S2-637766430,S3-685462774,S3-865808037
S1-610756152	S2-339643084,S3-726931815,S3-611678165
S1-280756873	S2-839185929,S3-944343547,S3-724043785,S3-485731773
S1-472924061	S2-365996624,S3-62570346,S3-976716692
S1-825692144	S2-618453238,S2-375647451,S2-861119127,S3-875577655
S1-742419151	S2-730048239,S3-184399057,S3-484485752
S1-193179077	S2-216526017,S2-159001339,S3-189724901
S1-664503632	S2-34281419,S2-36827978,S2-490902594,S2-102898941,S2-65965415,S3-17161672
S1-525562175	S2-238010462,S2-355187744,S3-518301384
S1-746741973	S2-350799707,S2-377398672,S3-271672523,S3-362783541
S1-252912965	S2-926264929,S2-526086288,S2-147474756,S3-116529174,S3-502622909
S1-370993823	S2-729581015,S3-147787032
S1-924452888	S2-921816584,S3-399466040,S3-138045537
S1-476858623	S2-932534227,S3-243841703
S1-766923969	S2-761159102,S2-825580752,S3-617427242,S3-709103899
S1-139437986	S2-253299028,S3-594425705,S3-327341579
S1-278756766	S2-197864960,S2-214046709,S2-371742656,S3-886854537
S1-891691009	S2-287724332,S2-963813816
S1-931746278	S2-190162268,S3-819151611
S1-100715113	S2-456068831,S2-114535888,S2-556300888,S3-246111522
S1-99210075	S2-555001289,S2-997317090,S3-500423543,S3-18735614
S1-797922109	S2-436846146,S2-559818149,S2-449877326,S2-138273360,S3-866223679
S1-400014536	S2-812731579,S2-39717650,S2-278721294,S3-688687903,S3-818390157,S3-248727557
S1-525770809	S2-254428451,S2-874691643,S2-813770406,S3-522881642
S1-45687800	S2-292325465,S3-109002719,S3-614364015,S3-617594591
S1-340604639	S2-927764282,S2-495443436,S3-795922435,S3-690664915
S1-953860270	S2-674727452,S2-657751699,S3-129129000,S3-155953242
S1-971426960	S2-312619557,S2-770854143,S3-695277128
S1-56424130	S2-379325181,S2-840135048,S3-543266813,S3-265813014
S1-967184328	S2-766512293,S2-901998551,S3-876579521
S1-358577937	S2-912660736,S3-560858643
S1-969168108	S2-326622228,S2-109162068,S3-452244545
S1-173966437	S2-72056957,S3-840820071
S1-789159716	S2-422744826,S3-450917988,S3-792104709
S1-754416540	S2-364373890,S3-929454137,S3-742071257,S3-191960654
S1-838746748	S2-129441353,S3-1037014
S1-530922548	S2-340051639,S2-740592581,S3-47737961,S3-468820005
S1-71662925	S2-604525954,S3-492441814
S1-790469021	S2-658649374,S2-28501073,S2-134132071,S3-933987893
S1-464731737	S2-417479760,S3-380642913,S3-96958125
S1-745804570	S2-44644566,S2-56993938,S3-614005665,S3-707563997
S1-336984004	S2-147980540,S3-367632710,S3-165619182
S1-568986451	S2-684986902,S2-683063186,S3-788410713,S3-735607902,S3-758186708,S3-606523293
S1-771650064	S2-927968637,S2-407714024,S2-433888144,S3-341535767,S3-904771200
S1-726458457	S2-977616778,S3-401173932
S1-720999703	S2-212664542,S3-997154895,S3-279778308
S1-776253950	S2-131086185,S3-463724011
S1-305182367	S2-76347955,S2-982045941,S2-392465226,S3-657610584,S3-997744959,S3-670573129
S1-946084779	S2-338986612,S2-167200472,S3-935492047
S1-120798734	S2-630720910,S3-418970498,S3-296042301,S3-966673260
S1-929637245	S2-515670122,S2-44008885,S2-203179332,S3-499823228
S1-816698362	S2-718437888,S2-248765980
S1-683744230	S2-18802699,S2-775295538,S2-544547099,S2-251886708,S3-925854030
S1-623450418	S3-349486006,S3-381026837
S1-294025725	S2-860430090,S3-449007867,S3-622071689
S1-486488959	S2-711200855,S2-808674225,S3-69699990
S1-946249327	S2-42798181,S2-980958695,S2-257457275,S3-976579423
S1-45050651	S2-197931646,S3-74400781,S3-463919008,S3-490583620
S1-549249270	S2-574977457,S2-323301505,S3-64884084,S3-791936314,S3-135288788,S3-805002645
S1-114351030	S2-74768487,S2-961046030,S2-454365445,S3-489851778
S1-546084163	S2-116587093,S2-32283010,S3-943022526,S3-447959026,S3-328681320,S3-484728051
S1-694055615	S2-174483663,S3-256279602,S3-248308610
S1-128116129	S2-120916348,S2-689408253,S3-495782334,S3-394405672
S1-135693525	S2-287418974,S2-155533026,S3-567544547
S1-356050830	S2-381913742,S2-469982346,S2-392681170,S3-640498234,S3-666062684,S3-898886413
S1-409356989	S2-720043082,S3-959169358
S1-662351495	S2-53760246,S3-767034834,S3-933476393
S1-123159865	S2-333800170,S2-289753735,S2-795388113,S3-109462639
S1-270369752	S2-511236111,S3-95438025
S1-110359782	S2-475607305,S2-411964572,S3-458058331,S3-982089670
S1-847299862	S3-214704532,S3-251602828
S1-994422780	S2-216011301,S2-639170083,S2-490027318,S2-74902803,S3-707448576,S3-695238160
S1-241454964	S2-906654885,S2-835024473,S2-577183840,S3-988278017
S1-173650673	S2-285140057,S2-622148592,S3-34178663
S1-801595450	S2-542987346,S2-501307799,S3-574825657,S3-107124605,S3-975818337
S1-487819659	S2-489854412,S2-665851131,S2-521447416,S3-669822965
S1-57931057	S2-437458505,S3-567246396,S3-550318193
S1-550409708	S2-409554204,S2-873843507,S2-599423540,S3-187763507,S3-195290989
S1-477573953	S2-594017673,S2-124806604,S3-11175836,S3-138796230
S1-197015283	S2-402684882,S3-81462933,S3-56514166,S3-130392985,S3-493819635
S1-460094327	S2-555770598,S3-118908729
S1-24186608	S2-545505713,S2-698811066,S3-839158433
S1-867998778	S2-648058432,S2-126598464,S3-807085228,S3-218494948
S1-108100194	S2-967883742,S2-931327894,S3-394491924
S1-99229110	S2-551208907,S2-303928585,S2-758232754,S2-898967561,S3-101778857,S3-734408226,S3-445412347
S1-481247358	S2-621583012,S2-927371381,S2-126740931,S3-134960463,S3-158580334
S1-386586509	S2-360390078,S2-47228236,S3-896783434
S1-179510455	S2-194194448,S3-485489838,S3-908612768,S3-257270270,S3-441802556
S1-869737271	S2-591908123,S3-10376085
S1-565145479	S2-997192671,S3-23915482,S3-523756997,S3-772980236,S3-325725692
S1-512349294	S2-805561076,S3-40514824,S3-512740596,S3-985548340,S3-214688342
S1-413045030	S2-947999068,S3-964097517
S1-865977171	S3-191619302,S3-16485423
S1-981999325	S2-588610815,S2-489803806,S2-162930970
S1-699053448	S2-852975883,S2-899156511,S3-925677671
S1-670473586	S2-523324570,S3-16313376,S3-107298749
S1-186413192	S3-618033788,S3-603661421,S3-517687889
S1-452226608	S2-750154761,S3-78979988,S3-473385065
S1-930968342	S2-667418044,S2-880796808,S3-99115403,S3-549983999,S3-543344967
S1-751957111	S2-370529087,S2-204694040,S2-860185435,S2-565847498,S3-952442388
S1-990031568	S2-378745087,S3-961145436,S3-753324789
S1-600334736	S2-68538361,S2-13815692,S3-450318087,S3-283896809,S3-148385551,S3-939509917
S1-783692819	S2-570113016,S2-33674765,S2-352318279,S3-673473745
S1-98300978	S2-604995023,S3-704471047,S3-301207029
S1-142341769	S2-474663842,S3-910916276
S1-117508920	S2-759178214,S2-406557488,S2-477985793,S2-994015455,S3-183972524,S3-774103525,S3-800613551,S3-31240514
S1-562364537	S2-337375163,S3-399811027
S1-766929673	S2-423057699,S2-642671614,S3-667987499,S3-222816460
S1-807914523	S2-885575715,S2-121182338,S2-432984369,S3-494213373,S3-217364943,S3-239343892,S3-273301438
S1-733431484	S2-13446415,S2-208212869,S3-193333638,S3-840523098
S1-984820222	S2-856842934,S3-11958704,S3-992317683,S3-389127144
S1-872059065	S2-730918047,S3-880951636,S3-268787863,S3-100114408,S3-420102231
S1-659722608	S2-288984655,S2-773811899,S3-463474080,S3-87118519
S1-113941613	S2-739176156,S2-423055197,S3-723555152
S1-677709694	S2-137587098,S3-699657064,S3-43493027,S3-544103369
S1-556059498	S2-772289943,S2-115679449,S2-537350962,S2-672185104,S3-908779484,S3-411417140,S3-500961789,S3-197364956
S1-769574384	S2-373429856,S2-270718728,S2-85327100,S3-941028722
S1-262757354	S2-580631234,S2-593372753,S2-232780911,S2-332680666,S3-730194732,S3-198586877
S1-964391923	S2-666534255,S2-779527882,S3-394553620,S3-54419507,S3-786712401,S3-128811284
S1-107113343	S2-866824721,S3-589560518
S1-512252011	S2-775825329,S2-138740523,S3-363189066,S3-540970063,S3-68342335
S1-87996357	S2-906211251,S2-702046753,S3-810529378,S3-872002323,S3-98074345,S3-257736754
S1-136754396	S2-100915284,S3-87854810,S3-689126308,S3-393779797,S3-943613489
S1-271223673	S2-572124053,S3-568605963
S1-859629581	S2-84524456,S3-174780864,S3-736217524
S1-639162936	S2-574520542,S2-166439540,S2-705076863
S1-290863148	S2-503210753,S2-629989030,S3-277246891,S3-430340975
S1-971485699	S2-318237046,S3-390340540,S3-974373604,S3-124565994,S3-680942126,S3-623165117
S1-613151738	S2-903513656,S3-131385004,S3-916030168,S3-612563402
S1-441506282	S2-40410567,S2-334693632,S2-788341022,S2-528391854,S3-439736577
S1-337832527	S2-705231169,S3-827647918,S3-539770733,S3-13971354
S1-222718614	S2-930354625,S3-489992767
S1-7617540	S2-107799878,S3-125657629,S3-221678931,S3-767466125,S3-949737472
S1-74765860	S2-288876971,S2-727980440,S3-588678560,S3-567933137,S3-419024625
S1-758634528	S2-807948649,S3-190146375,S3-789810371
S1-870189091	S2-536295152,S3-874505636,S3-617913884
S1-884260256	S2-853478639,S3-740256093
S1-657343548	S2-716734346,S2-505882629,S3-281041108,S3-60959880,S3-772765494
S1-925404974	S2-809816365,S3-815042114,S3-162352077,S3-473254552
S1-22209160	S2-184614597,S3-633852107,S3-306140285,S3-808813329
S1-918904195	S2-633429033,S2-46997768,S3-540449265,S3-976395046
S1-77874756	S2-219939355,S2-854339755,S3-567432375,S3-629820010
S1-512948402	S2-15177213,S2-460012084,S3-430927804,S3-298682842
S1-298591274	S2-747680298,S3-43154097
S1-660355668	S2-550183062,S3-304227441,S3-968014789
S1-55606091	S2-829347282,S3-711705886
S1-236081058	S2-851338446,S2-264031690,S2-108747163,S3-217134589,S3-731745447,S3-939838909
S1-955059227	S2-711973234,S3-68167170,S3-252955786
S1-691313028	S2-342479050,S2-956248538,S3-35867611,S3-18024664
S1-504277218	S2-213111777,S2-701336866,S3-793262610
S1-566984728	S2-446118494,S3-480184784,S3-796420919,S3-350387488,S3-133303444
S1-194076795	S2-7140961,S3-673630174,S3-884975161
S1-854962806	S2-509058668,S2-232023473,S2-632452015
S1-221046662	S2-355868711,S2-903092311,S3-883019592
S1-468948541	S2-252686932,S2-303156062,S2-371806831
S1-445535595	S2-301166691,S3-578691529,S3-28175722,S3-795812079
S1-402689883	S2-476319909,S3-283223688,S3-918668868,S3-660453608,S3-902597243
S1-899171450	S2-929426188,S3-279772823,S3-289553428
S1-95062834	S2-634468682,S2-152804949,S3-730501,S3-572198347
S1-129481872	S2-548839847,S3-303730939,S3-827426663,S3-805296952
S1-373478938	S2-752882444,S2-500088694,S3-731227081
S1-137780105	S2-921887238,S2-332095393,S2-898814807,S3-394851882
S1-529931652	S2-964728982,S3-260955729,S3-713465805
S1-531160669	S2-116844886,S2-425292025,S2-286080515,S2-836476317,S3-835228227,S3-75795699,S3-620544510
S1-651658064	S2-233732742,S2-388055617,S2-327564204,S2-110732744,S2-47208381,S3-535953027
S1-324912820	S2-455383985,S2-836339189,S2-249757130,S2-879225004,S3-3004044,S3-223521169
S1-855697537	S2-783627293,S3-681914579,S3-499937177
S1-124720100	S2-301067969,S3-841672696,S3-463543110,S3-776826125
S1-588701665	S2-283604048,S2-402152914,S3-179853022,S3-216056605,S3-587162607,S3-785125369
S1-6741100	S2-673383586,S3-704229377
S1-954723762	S2-705256874,S3-485394311,S3-830113608,S3-951457163
S1-707440634	S3-72378115,S3-175216921
S1-918283406	S2-143404338,S2-341951975
S1-77641653	S2-867981744,S3-992575172
S1-28103172	S2-648751198,S3-251661063
S1-129130406	S2-40901728,S2-508554408,S3-890863124,S3-959271584,S3-901121415
S1-835448813	S2-42826158,S2-439516807,S2-660241979,S2-457062796,S2-261811943,S3-625379634
S1-884388031	S2-262076015,S2-841959268,S3-219567100,S3-324920007,S3-771670490,S3-819829600
S1-651540000	S2-299425011,S3-308506318
S1-786290125	S2-916288616,S3-49157367,S3-574184270
S1-322820055	S2-963398683,S2-100217714,S3-580296277,S3-199632485,S3-657119125,S3-516816880
S1-120606243	S2-696129022,S2-901311594,S2-126748459,S2-566310285,S3-901940301,S3-837891588,S3-578908853
S1-229482608	S2-130195861,S2-689903638,S2-175777137,S3-880191552
S1-888425357	S2-469675119,S3-534598797,S3-737118608,S3-909375352
S1-794994524	S2-809445143,S2-540902164,S3-115613441,S3-13219372,S3-528585708
S1-843703526	S2-257557030,S2-266032977,S2-227449287,S3-803191527,S3-575671417
S1-489961360	S2-413845756,S2-34598317,S2-90889350,S3-917044578,S3-743291132,S3-605534846,S3-788966965,S3-833298301
S1-210060438	S2-144842454,S3-313333640
S1-856433669	S2-745878293,S3-872279007,S3-360084113
S1-335714522	S2-42859066,S3-263269015
S1-277746531	S2-912533720,S2-42991735,S2-485379997,S3-691213626
S1-491373417	S2-515480778,S3-468141036,S3-324638735,S3-727010298,S3-33234232,S3-456282624
S1-433216112	S2-527288783,S3-528761292
S1-978550240	S2-50589914,S2-762250750,S3-227980973
S1-252340060	S2-204288997,S2-204862686,S2-652702586,S3-370356579,S3-64224109
S1-630851779	S2-975781287,S2-92102046,S2-587795751,S3-178284210,S3-234700256,S3-843388633
S1-918368145	S2-648346180,S2-825657399,S3-971686579,S3-984340352
S1-510838979	S2-85476395,S2-357835273,S2-763005525,S3-285369151,S3-3040694,S3-423732409
S1-177338914	S2-913919671,S3-11142366,S3-185132141
S1-782825546	S2-301286740,S2-902392565,S3-979255126,S3-707370705
S1-501450329	S2-199259611,S2-575707374,S3-589317698
S1-170412505	S2-603889124,S3-624496890,S3-406813560
S1-270720130	S2-779952094,S3-450109890,S3-218695328
S1-550070044	S2-915738412,S2-564221639,S3-186693430,S3-680442610,S3-443542021,S3-630803089,S3-78695551
S1-993303354	S2-175351152,S3-96494064
S1-625171977	S2-590537599,S2-171953432,S3-349324748,S3-128571575,S3-177091054,S3-734690620
S1-938056879	S2-856095513,S3-88310082
S1-452191191	S2-195603038,S3-500545750,S3-381813984,S3-217772921
S1-940069122	S2-768105874,S3-206866782,S3-28088431,S3-452268068
S1-727048357	S2-62251959,S2-745598300,S3-830826495,S3-59906960
S1-998474674	S2-424372364,S2-850450345,S3-523346792,S3-248377432,S3-416025225
S1-41367734	S2-902443166,S2-926040376,S2-599635363,S3-64527123,S3-391378422,S3-839223503
S1-858728671	S2-492669588,S2-244463545,S2-896468444,S3-4373450,S3-928694546,S3-334813305,S3-925846219
S1-870175644	S2-476029395,S2-773714859,S3-848204183
S1-504732501	S2-276411836,S3-746774613,S3-367083003
S1-362231485	S2-567706175,S3-570908095,S3-272130489,S3-567469840
S1-421804430	S2-843747974,S2-316472909,S2-172824895,S2-39199973
S1-421266925	S2-25795457,S2-831217666
S1-361996312	S2-625586308,S2-249017963,S3-452078656,S3-514268712
S1-926345484	S2-949382786,S2-429721629
S1-663210320	S2-872079478,S3-462449009
S1-683705824	S2-912903422,S2-112372217,S3-547469597,S3-729461178
S1-908006596	S2-519714592,S2-227641942,S3-286720525,S3-931179585
S1-36168988	S2-348203353,S2-531221121,S2-81550520,S2-150971929,S3-276279777,S3-171284620,S3-607391079
S1-456108938	S2-287978836,S2-238315034,S2-959132276,S3-229090078,S3-761170083
S1-250756118	S2-331304814,S2-76666436,S3-611181612,S3-429907603
S1-523738534	S2-381191716,S2-953123553,S3-933052379,S3-270611315,S3-999552404
S1-394195345	S2-932700615,S3-842113153,S3-503364551,S3-665772143
S1-899144373	S2-38896384,S2-299667582,S2-428357582,S3-974866223,S3-783695227
S1-435283178	S2-568259673,S2-440725955,S2-329128059,S3-952032407,S3-729733014
S1-210779964	S2-857249021,S2-53719070,S3-656255600,S3-241679644
S1-740984042	S2-35331759,S2-380493705,S3-924184649
S1-538482052	S2-598611546,S2-813758,S2-248062665,S2-995740778,S3-28643174,S3-984430205
S1-891821939	S2-830742534,S2-181695947,S2-105691354
S1-866430424	S2-306709521,S2-870708559,S2-14432585,S2-54630997,S3-919346058,S3-714437912
S1-25592184	S2-629065443,S3-562655204
S1-884471802	S2-138785527,S2-468394133,S3-265400499,S3-755668878,S3-966151042
S1-603720759	S2-871668473,S3-728058539,S3-566644270,S3-703751140,S3-845178876
S1-308726883	S2-980701521,S2-321873425,S2-754679321,S2-720912211,S3-148166430
S1-236495571	S2-814239144,S2-763799299,S3-396969274
S1-24281069	S2-456275217,S2-655628244,S2-448880081,S2-329824778,S3-985646033
S1-367816662	S2-274670490,S2-269922742,S3-374781741
S1-805761245	S2-79958523,S3-61613499,S3-199118492
S1-177256089	S3-347496131,S3-421431513
S1-791489404	S2-736317445,S2-153215871,S3-320035222,S3-620821194,S3-162928258
S1-74295466	S2-851903109,S3-217998850,S3-81351075,S3-558518743
S1-869470249	S2-224643059,S2-537165508,S3-38216264,S3-137206096,S3-235089772,S3-132776388
S1-850017866	S2-189886970,S3-467628059,S3-628175876,S3-298296789
S1-914110203	S2-489021696,S2-572027759,S2-612829844,S3-688155180,S3-580599573
S1-42081235	S2-451722299,S2-669679801,S2-415694059,S2-587161761,S3-641975490,S3-889075103
S1-659253792	S2-123403397,S2-614617331,S3-332300174,S3-243770484
S1-703369124	S2-244811499,S2-750393385,S3-836118309
S1-867048920	S2-964322168,S2-846768439,S2-966497778,S2-344537271,S3-557475481
S1-996856678	S2-828323180,S2-506411234,S3-112825940,S3-990765137,S3-864884607
S1-27515181	S2-613372398,S3-801450030,S3-357933116
S1-417131721	S3-818058169,S3-784078744,S3-418168395,S3-670031678
S1-505242350	S2-555815570,S3-605388219
S1-116309623	S2-773439931,S2-261909214,S2-732513366,S2-163679997,S2-260240990,S3-18017517,S3-316515838,S3-228082224
S1-582454948	S3-38263463,S3-109937035
S1-559035851	S2-146532161,S2-903375418,S3-688807916,S3-805864556
S1-480546921	S2-459951494,S2-495243976,S3-259058127,S3-460633204
S1-248939651	S2-829864499,S2-516265689,S3-443082709,S3-375801345
S1-383750514	S2-658945757,S2-393786360,S2-430285495,S3-101677018,S3-170116830
S1-467150046	S2-635488959,S2-423962753,S2-16801154,S3-874067215,S3-578274812
S1-689848087	S2-563191069,S2-817264945,S3-312707274
S1-54253580	S2-728416192,S3-513980354,S3-463118266
S1-315878696	S2-112616807,S2-950954349,S2-326606654,S3-79285474
S1-247012533	S2-56668951,S2-733817861,S3-848533246,S3-636969015
S1-150726522	S2-184784730,S2-969811472,S2-166326047,S2-297597972,S2-762700517,S3-441253863,S3-912298752,S3-63322005,S3-604508119
S1-87218117	S2-691397423,S2-601141241,S3-435370825,S3-542606734,S3-139521711,S3-763501550
S1-602021544	S2-972219405,S2-169671191,S2-622207989,S3-672100313,S3-244278141,S3-450032550,S3-112759076
S1-344776505	S2-333011821,S2-206878097,S3-585891862,S3-687849841,S3-977452820,S3-336536135,S3-217963547
S1-904512009	S2-97617716,S3-551607336,S3-175157692
S1-674867999	S2-962840985,S3-341696589
S1-514244023	S2-532912176,S2-608684138,S3-328517983,S3-160118117,S3-996780618,S3-618518929
S1-758439128	S2-214449763,S2-937963919,S2-355584345,S2-882852310,S3-476660941
S1-226284081	S2-150834803,S2-174653305,S3-798743688,S3-764605763,S3-855197780,S3-403762875
S1-874229179	S2-468054827,S2-786086990,S2-707063522,S2-216803484,S3-865408148
S1-381937970	S2-934341066,S3-642077543,S3-166064958
S1-45232973	S2-743817376,S3-74322393
S1-990231532	S2-839208374,S3-117903503,S3-137437775
S1-190460424	S2-858760791,S2-573900376,S3-715597739
S1-215007282	S2-645677054,S2-53252732,S3-101527045
S1-161557970	S2-461171544,S2-493690202,S3-254752214,S3-292096625,S3-378353488,S3-293713604
S1-460120446	S2-243338246,S2-564286990,S3-67157974,S3-919306265,S3-758598189,S3-603063280,S3-994734847
S1-146350534	S2-747417104,S2-683220966,S3-313088148,S3-424971923
S1-300531057	S2-777675206,S2-708639330,S3-245813452,S3-828576973,S3-726839750
S1-544533608	S2-657532652,S2-582040716,S3-299787604,S3-542706366
S1-874454309	S2-82733980,S2-745998072,S2-353874017,S3-138509289
S1-704402995	S2-300936562,S3-117087640,S3-402389023
S1-518332322	S2-207584560,S2-706840225,S2-436392549,S2-30034973,S3-525770374
S1-481013911	S3-247981896,S3-208496398
S1-828133637	S2-169332148,S3-112082674,S3-2050286,S3-41612010,S3-598629516
S1-969013729	S2-891100344,S3-363790752,S3-713241593
S1-813330118	S2-945539590,S2-732101346,S3-16832483
S1-848481930	S2-836213693,S2-797542719,S2-501211899,S2-736735700,S3-274086241
S1-619110681	S2-646631541,S3-305324611,S3-41450491,S3-76337402,S3-369842536
S1-647714754	S2-883309458,S2-152074835,S2-246334989,S2-979813180,S2-384905300,S3-634510159
S1-35035904	S2-47728522,S2-653221366,S3-602936798
S1-309666814	S2-874990080,S2-518542244,S3-382492342
S1-925491277	S2-93729874,S2-335131354,S3-974058076
S1-587003768	S2-554500948,S3-136451439
S1-379409919	S2-781947722,S2-703269229,S3-498940966,S3-147754610
S1-327469726	S2-53349274,S2-775552690,S2-909594832,S3-217607541,S3-825564691
S1-719883509	S2-527548841,S3-831681606,S3-700293524,S3-364262005
S1-359858135	S2-973528655,S2-859236844,S3-376386426
S1-551240139	S2-509557967,S2-234970476,S3-818458236
S1-305966960	S2-685119584,S2-962066179,S2-504640307,S3-477347999
S1-278498609	S2-869437842,S2-238258366,S3-252706338,S3-818180556
S1-770183293	S2-47435706,S3-930299193
S1-644589756	S2-975335243,S2-491658150,S2-572464816,S3-409885611
S1-883865875	S2-911567680,S2-388690025,S2-535563557,S3-583539642,S3-412964917,S3-114907345,S3-665182108
S1-245223899	S2-992373867,S3-102419695,S3-71318176
S1-678917693	S2-790549207,S2-31792015,S3-983907047,S3-65926397
S1-498628777	S2-82334750,S3-183920603
S1-569604522	S3-254125417,S3-887243988,S3-22138190
S1-856585161	S2-361852426,S2-495729697,S2-971582000,S2-560930779,S3-488919039,S3-388385381,S3-231322989
S1-983940168	S2-273364388,S2-368412969,S3-20064854
S1-436535661	S2-883918922,S3-509831123,S3-71981759,S3-647029557,S3-174050975
S1-42575322	S2-608355465,S2-373541666,S3-312453045,S3-83649833
S1-421009450	S2-992219499,S2-16393231
S1-292710200	S2-786630611,S3-667207105
S1-193825812	S2-318457078,S2-886991887,S3-130657941,S3-434449996
S1-76775041	S2-991128623,S2-537430350,S2-918864831,S2-191921849,S3-646761498,S3-820478845
S1-524357453	S2-994191001,S2-507399785,S2-541494575,S3-193689335
S1-302734946	S2-950786431,S3-336656481,S3-532796147
S1-785588619	S2-990503135,S2-951926803,S3-544625871
S1-5261369	S3-988778674,S3-605924478,S3-935638728
S1-977617416	S2-523227395,S2-866235328,S3-138950974,S3-161052873
S1-267820960	S2-501534580,S2-212686848,S3-552744257,S3-622314139
S1-420393556	S2-737349382,S2-150339262,S2-623491027,S2-543769435,S3-376617855,S3-393020111
S1-239070968	S2-142549388,S2-305301352,S3-274642886
S1-432715599	S2-540869808,S2-225182939,S2-125045784,S3-233582703
S1-992198293	S2-68053195,S3-426102475
S1-752442435	S2-710173317,S2-460353902,S3-749967303,S3-24570742,S3-385916730,S3-341204110,S3-601027509,S3-943584056
S1-459825140	S3-58541008,S3-166920502,S3-924535556,S3-776101132,S3-981279573,S3-182918557
S1-152868005	S3-582883228,S3-878507789
S1-785001829	S2-8829040,S2-909788076,S3-624860510,S3-135929283
S1-978637281	S2-177289460,S2-463818919,S3-711631841,S3-292252333
S1-686276665	S2-794100040,S2-204783315,S3-672684453,S3-313950999
S1-235790136	S2-674839239,S2-569417245,S2-272376661,S2-514494112,S3-357124773,S3-382843340,S3-843629690
S1-875622437	S2-122798644,S2-954832291,S2-383963474,S2-487885435,S3-546093131
S1-994910861	S2-991981757,S2-118774330,S2-669823716,S2-467212907,S3-955896914
S1-102782878	S2-425671558,S2-330215330,S3-144169553,S3-685784175,S3-187389255,S3-622107252
S1-16782232	S2-127356378,S2-323290767,S3-640753348
S1-723780038	S2-721080529,S2-639174395,S3-202285260
S1-536896285	S2-125306681,S3-510276853
S1-256785236	S2-716073218,S2-219668684,S2-143833248,S3-621365080
S1-291602007	S2-743262070,S2-985752806,S3-582566557,S3-563115074
S1-153575048	S2-611478524,S2-915780699
S1-845262812	S2-549032504,S2-547628658,S2-681517440,S2-207550545,S3-850949775,S3-598512945
S1-477179137	S2-795675407,S3-292550224
S1-889065739	S2-604521135,S3-476379992,S3-848212808
S1-384200616	S2-617500385,S2-120319187,S2-918823389,S3-929071693,S3-697698448,S3-544255200,S3-23605987
S1-900606866	S2-35786960,S3-233146762
S1-568292277	S2-421685734,S3-969504730,S3-743593309
S1-347484566	S2-389030167,S2-356079258,S3-778063366
S1-64090829	S2-882431174,S3-466700281
S1-86954835	S2-734694598,S2-447280450,S3-314079578
S1-796562856	S2-304349654,S2-41283661,S3-699674536,S3-112554108
S1-249092503	S2-171157103,S3-627015960,S3-790873671
S1-449635958	S2-460929700,S2-477329847,S2-439281128,S2-746060699,S3-598364220,S3-523522579
S1-161590195	S2-101470604,S3-940470608
S1-870512334	S2-608282789,S2-749765476,S2-576446464,S2-866676508,S3-385707193,S3-877190735,S3-134600235,S3-898998319
S1-623317515	S2-974645517,S2-251568294,S2-294780544,S3-302168793,S3-251906061,S3-954109112,S3-656826804
S1-897234563	S2-315431537,S2-855326954,S3-528575360,S3-316511937
S1-559675144	S2-190369594,S3-444882384,S3-602500448
S1-520358269	S2-793308856,S2-590467617,S3-132460609
S1-363137440	S2-648223612,S3-964271217
S1-897185396	S2-506272499,S2-654062820,S2-166500130,S3-65897589,S3-709418068
S1-177844531	S2-237675426,S2-523317040,S3-476073986,S3-178763579,S3-669050352
S1-110203910	S2-844571123,S2-60630082,S3-414051447,S3-736201339
S1-377552332	S2-128043377,S2-557665900,S2-784023340,S3-730027295,S3-510708623
S1-989440934	S2-200517805,S2-480589751,S2-471166337,S3-882055167,S3-733027579,S3-463281572
S1-733757178	S2-389025502,S2-990562338,S2-352436119
S1-26441908	S2-752928245,S2-901203153,S2-445156148,S3-862230054,S3-624595389
S1-639629986	S2-794166187,S2-374585305,S2-915366129,S2-971904948,S3-149091959,S3-212728123,S3-74224254
S1-353564918	S3-439110565,S3-436952614,S3-470095920
S1-909072698	S2-544471407,S2-60974354,S2-556076715
S1-827875871	S2-834509377,S3-109228509,S3-304036378,S3-775549673,S3-506849847,S3-706211227
S1-518708355	S2-130819332,S2-564232206,S3-326128263,S3-58094508,S3-349249872
S1-707155052	S2-57588032,S2-18271275,S3-145643428,S3-469686128
S1-494332790	S2-386902385,S2-566177414,S3-622597449,S3-969728749
S1-517637207	S2-760933369,S2-674718241,S3-367759599
S1-271695572	S2-564042008,S2-662896674,S2-728598032,S3-894478251,S3-359437255
S1-86722712	S2-855118229,S2-163264750,S2-783422434,S2-158398402,S3-941761619,S3-115529306
S1-676358730	S2-202436478,S3-795673697
S1-720326170	S2-967559969,S2-487199125,S2-490260023,S3-401662117
S1-792172479	S2-846419456,S2-999429632,S3-858061703,S3-102093537
S1-131899104	S2-779729641,S2-788917142,S2-31333964,S3-203710808,S3-67253570,S3-974266854
S1-995573137	S2-10447817,S3-251015979
S1-583297143	S2-472924769,S2-256623826,S3-102258150
S1-591725221	S2-398449457,S2-777938521,S2-828180671,S3-206945018,S3-318132991,S3-992040245
S1-977816329	S2-100550377,S2-974829916,S3-879569415
S1-307421243	S2-197968200,S2-598953433,S2-735289677,S3-237667288,S3-721116630,S3-721269506
S1-366837920	S3-699946441,S3-313416427
S1-986656607	S2-467685154,S3-920649735,S3-974067521,S3-178016792
S1-615666148	S2-447561089,S2-563534732,S2-243626502
S1-218500189	S3-651103880,S3-179014585,S3-455451449,S3-177025604
S1-836894038	S2-621170415,S3-765862982
S1-797837013	S2-156724018,S3-467226465,S3-614891486
S1-30571593	S2-84461172,S2-648954725
S1-679595987	S2-734314541,S2-791027957,S3-100407231,S3-487986274
S1-21400312	S2-980542762,S2-139540478,S2-503910645,S3-148264727
S1-889065645	S2-579910130,S2-581321787,S3-272915377,S3-721738044
S1-892235620	S2-818602102,S3-254822580
S1-444450304	S2-258063581,S3-663844990,S3-307964790
S1-788365625	S2-866245748,S3-174906222,S3-681331088,S3-730368603
S1-417707405	S2-455238517,S2-998788426,S3-948547892
S1-690919194	S2-516352227,S2-639601579,S2-923071218,S3-79616089,S3-895817123,S3-933771054
S1-972393738	S2-191056006,S3-16678588,S3-262106888
S1-881043405	S2-780423033,S3-152733828
S1-737174937	S2-336502200,S2-265838190,S2-595337967,S3-366980388,S3-403472137
S1-103152885	S2-448274838,S2-8895545,S2-101741333
S1-83963829	S2-56920613,S2-797058500,S3-45548337,S3-886524514,S3-333281924
S1-751789400	S2-587487320,S3-829735881,S3-71517185
S1-797649255	S2-254139829,S2-440195911,S3-182663393,S3-866267355,S3-899255108
S1-185784405	S2-833504558,S3-775782106
S1-290699688	S2-81968568,S2-824749500,S3-921282472,S3-440213961
S1-302054854	S3-191349969,S3-619086812
S1-379792871	S2-622728954,S3-381518799
S1-478404283	S2-492061690,S3-525521317,S3-640992395,S3-72851971,S3-171842058,S3-820608365
S1-451079374	S2-148288991,S3-315354789
S1-742884673	S2-146914092,S3-28794361
S1-973589472	S2-551694398,S3-201148268,S3-12019547
S1-454421879	S2-789896683,S3-899029756,S3-948674209,S3-868313961
S1-194209201	S2-783799374,S2-51887186,S2-252798074,S2-684537164,S3-100758964,S3-263509328
S1-116976821	S2-555168565,S2-205371463,S3-723408186,S3-398499415,S3-918377074
S1-816797901	S3-630436908,S3-512249014,S3-240984130
S1-817770489	S2-685049579,S2-384382823,S2-145237043,S3-847982039
S1-668778770	S2-901931989,S3-978875128,S3-204604192,S3-235251994
S1-926343179	S2-321978344,S3-289342902
S1-799356361	S2-570474728,S2-825314683
S1-249516573	S2-535561499,S2-154040119,S2-7199877,S3-843084138,S3-48363228,S3-458929920
S1-193404820	S2-275449621,S3-328075550
S1-132709220	S2-542370311,S2-458024971,S3-202979835,S3-817384202,S3-90787508
S1-913749906	S2-935850022,S3-526061980,S3-83352189,S3-930050340
S1-271788028	S2-225769105,S2-438473447,S2-287851424,S3-897652245,S3-562637379,S3-551779572
S1-622422716	S2-752416687,S3-923883977,S3-632091602,S3-948448701
S1-380195139	S2-188249822,S2-303521477,S3-866659400,S3-989852783
S1-497818778	S2-94795749,S2-719503887,S3-138333054,S3-673976109
S1-50284882	S2-449658048,S3-648136099,S3-137699237,S3-325866156
S1-400283035	S2-742494499,S2-363992301,S3-104917671,S3-401060097
S1-311245264	S2-636092663,S2-55568433,S3-949510450,S3-974394630,S3-596337824
S1-114750359	S2-750936872,S2-332686797,S2-684579561,S3-920408144,S3-797999333
S1-469663352	S2-285813681,S3-132255721
S1-261089612	S2-146798598,S2-11038971,S2-865826176,S2-890027196,S3-831635885,S3-567261927
S1-342744723	S2-892321284,S2-975258765,S3-14498978,S3-568770985
S1-717272816	S2-961878978,S3-296383123,S3-375486466
S1-95974478	S2-297438165,S2-472871863,S3-851288701,S3-916048439
S1-736836459	S2-154236476,S2-845583003,S3-436223354,S3-560076808
S1-789421708	S2-132531751,S3-924188665,S3-141486335
S1-922308329	S2-959007448,S3-59166829,S3-996688905,S3-945024061,S3-570493476
S1-432799895	S2-493685385,S3-174599407,S3-897731250
S1-163269613	S2-310894614,S2-315799506,S3-857244473,S3-184101773,S3-789743606,S3-691844738
S1-587870246	S2-267434002,S3-429592510,S3-223183753
S1-667858920	S2-602050597,S3-915118907
S1-745244286	S2-554080180,S2-898610565,S3-145775453
S1-608543109	S2-761848558,S3-98486572,S3-431053595,S3-28758952
S1-659134293	S2-287745203,S3-446370986
S1-482732512	S2-57711721,S3-164761098,S3-796306777,S3-10683607,S3-633903001
S1-171793140	S2-992990602,S2-163887224,S3-526911042,S3-605833089,S3-327516239
S1-299494365	S2-159012466,S2-997835713,S3-630492011,S3-896199181
S1-525822848	S2-313132207,S3-689207965,S3-193901121
S1-745484008	S2-352226031,S3-596221980
S1-118307679	S2-838367272,S2-974005132,S2-112667718,S3-416508376,S3-200337004,S3-219355446
S1-765923939	S2-841992883,S2-131738936,S2-122449467,S3-481792907,S3-1854738
S1-318792452	S2-738186653,S3-245068493
S1-219232105	S2-11482327,S2-657123049,S2-256034008,S3-699292770
S1-860556603	S2-106188677,S3-667257259,S3-479665579
S1-193632124	S2-993189258,S2-900699234,S3-537469150,S3-455176546
S1-455843686	S3-219908176,S3-368177002,S3-791023017
S1-815477791	S2-957806714,S3-190214611,S3-767885266,S3-472846774
S1-899797414	S2-558795986,S3-93717463,S3-120348723
S1-603397413	S2-630013964,S2-136590352,S2-461829291,S2-321692949,S3-149021388,S3-25167489,S3-763230769
S1-110209776	S2-912155571,S2-875206991,S3-812274386,S3-645334458,S3-859405915
S1-930585521	S2-459962239,S3-604926422,S3-495921250,S3-213144746
S1-504539482	S2-227797117,S3-559764546
S1-469899012	S2-817627878,S2-466786862,S2-521916531,S3-607406733,S3-232846585
S1-111375974	S2-521609410,S2-499462061,S2-76286171,S3-969710087
S1-845147535	S2-727007932,S3-849476405,S3-614108425
S1-93545043	S2-24176970,S3-570098745,S3-31550670
S1-123836618	S2-398487621,S2-640329032,S2-618709304
S1-661372594	S2-5417607,S3-158901645,S3-552721874
S1-730740299	S2-204138682,S2-659182376
S1-764521297	S2-125536521,S3-45672186,S3-191517209
S1-930476690	S2-937766255,S2-165445749,S2-178370111,S2-340724165,S2-781821213,S3-492439680
S1-963177903	S3-325913608,S3-87599694
S1-284092542	S2-495717372,S3-600645687,S3-728494140
S1-521775206	S2-317309754,S3-394543821
S1-957431673	S2-453249978,S2-10126439,S3-392004141
S1-626961432	S2-138131844,S3-721621513,S3-601430532
S1-363506116	S2-778852526,S2-498061823,S2-332654197
S1-794922788	S2-153475199,S2-958736053,S3-914376705
S1-153151022	S2-998652546,S2-28409352
S1-131548072	S2-547060906,S2-759200037,S3-74232519,S3-970567202
S1-339597742	S2-232155536,S2-771361347,S2-936671020,S3-483561800
S1-261537087	S3-282387161,S3-678233635,S3-467874769
S1-596560613	S2-432845282,S3-490677257
S1-888227712	S2-226042214,S3-326817080,S3-220512966
S1-125784321	S2-908195466,S3-470907482,S3-864629895
S1-718514624	S2-403337629,S2-529640066,S3-680259511,S3-780693936
S1-49967130	S2-607308665,S2-274969851,S3-391692787,S3-582481693
S1-39152269	S2-119759834,S2-198551868,S3-941614166,S3-203357533,S3-571431238
S1-728213042	S2-666257166,S3-646501830
S1-852077409	S2-141218729,S2-213456430,S2-230297845,S2-529562217,S3-219442974,S3-749891181,S3-493136136
S1-221595348	S2-487920471,S2-189825837,S2-1496022,S3-667538702,S3-488416921,S3-826443098
S1-1984185	S2-766742202,S2-741159273,S2-883168497,S3-249757930
S1-101434419	S2-492497210,S2-887090761,S2-794013887,S3-232236079
S1-340500140	S2-470271287,S3-553122707,S3-703955444
S1-679947729	S2-551711747,S2-837256689,S2-754707959,S2-604734304,S2-420013617,S3-377677950,S3-780607850,S3-688422068
S1-55236106	S2-278203388,S3-155263475,S3-975691935
S1-375690009	S2-321056148,S2-402350836,S2-146235724,S2-328732544,S3-807603418
S1-819783914	S2-649899600,S3-853570270,S3-2230358,S3-507544529,S3-382833940
S1-941684656	S3-250558951,S3-427229440
S1-566455427	S2-21945609,S3-801675908,S3-624294769
S1-62584410	S2-16528965,S3-371626591,S3-436610513
S1-107417859	S2-489281712,S2-155818526,S2-940720085,S3-798697937
S1-404134398	S2-713736318,S3-855791303,S3-298502845,S3-251631145
S1-936130632	S3-235042620,S3-918489398
S1-174398509	S2-411702211,S2-505520408,S3-461309852
S1-819199995	S2-648461929,S2-709928105,S3-362389562
S1-530466135	S2-587953510,S2-291139343,S3-407977938
S1-641731333	S2-812480819,S3-328630923
S1-483437312	S2-34263495,S3-807177267,S3-221532702,S3-433984189,S3-320581234
S1-108257744	S2-570694728,S3-915733545,S3-603245036
S1-287872522	S2-576119042,S2-353404193,S2-399824836,S3-754555369,S3-930292946,S3-585758109
S1-73872555	S2-738694894,S3-798790278,S3-954527079
S1-796495365	S3-914851122,S3-558716658,S3-110869782,S3-550777586
S1-847045803	S2-308645327,S2-848066607,S3-192628808
S1-363551395	S2-219491757,S2-853800025,S3-205817050,S3-430881542
S1-390289747	S2-416481197,S2-852179766,S3-472737061,S3-571206938,S3-690482429,S3-177014484
S1-172944460	S2-929214145,S2-465444807,S3-280806451,S3-692727077
S1-299208561	S2-512466873,S3-100886686,S3-477991258,S3-821811853
S1-263522644	S2-276334381,S3-139468865
S1-529297183	S2-917501657,S3-532834913
S1-22663518	S2-953218122,S2-879343677,S2-789291542,S3-295533822,S3-483879109
S1-514585324	S3-444332792,S3-447729306
S1-104866614	S2-687670078,S2-644124181,S2-970427194,S3-141030226,S3-446303169
S1-732507573	S2-1626950,S2-336502408,S3-523017231,S3-158957749,S3-4734181,S3-560233873
S1-614934921	S2-166515219,S3-172994022,S3-837128224
S1-654638021	S2-143854406,S2-15575044,S3-467966336
S1-334487253	S2-399402190,S2-138356833,S3-349217834
S1-979534242	S2-580180534,S2-147751004,S2-478759225,S2-920015044,S3-289159722
S1-78172869	S2-140160791,S3-537411464,S3-721754575
S1-344810782	S2-212024894,S2-180842604,S3-719529189,S3-644769162,S3-486987721
S1-321680543	S2-812834994,S3-912462390
S1-930991718	S2-556266737,S3-441463703,S3-765511434
S1-15117710	S2-76131652,S3-178692493,S3-797485319
S1-539448222	S2-168890055,S3-304015151
S1-734872563	S2-31277455,S3-159421072
S1-974011964	S2-596113150,S2-632808892,S3-764893802,S3-327100201
S1-794713296	S2-935467553,S3-208672975
S1-510522298	S2-500817680,S2-983816455,S3-999349807
S1-47052539	S2-674958485,S2-870831599,S3-858835184,S3-570067948
S1-576075063	S3-840737889,S3-470372520
S1-495671011	S2-636168669,S3-194758803,S3-722353038,S3-490542452,S3-712161331
S1-279812909	S2-415639163,S3-938285679,S3-121385390,S3-579479215
S1-147000847	S2-463499461,S2-415346723,S2-234843463,S3-484380849,S3-37102347
S1-297178608	S2-484844223,S3-227192714,S3-665756935,S3-567366774
S1-949957721	S2-660026272,S2-435147977,S2-434776969,S2-529266198,S3-660032108,S3-966678458
S1-894071942	S2-371213033,S2-494074398,S3-303920720
S1-521109493	S2-686770987,S2-823023513,S3-361839336,S3-336411098
S1-605311226	S2-114344922,S3-209874691
S1-603732892	S2-444052404,S3-142105600,S3-447106712,S3-635505525,S3-922730116
S1-233933044	S2-292606672,S3-888230086
S1-749508776	S2-312115973,S3-40064382
S1-998381577	S2-529754839,S2-765386589,S2-206094380,S2-302494806,S3-57336778,S3-509218093,S3-851778571,S3-93102744,S3-642439992
S1-818639636	S2-870637182,S2-473809119,S3-790103313,S3-560704732,S3-62143745
S1-979586044	S2-230564756,S2-919036450,S3-899618156
S1-263953060	S2-403946971,S2-437720862,S3-792097754
S1-643360117	S2-807394997,S2-733969510,S3-281919022,S3-377207729
S1-756450722	S2-688330769,S3-653412607,S3-125935736,S3-83970508
S1-745808125	S2-601002238,S3-113956967
S1-23515566	S3-560764626,S3-976293523,S3-532105372,S3-809112203
S1-143548578	S2-499599378,S3-350308974
S1-870499685	S3-238957815,S3-339659699,S3-45851728,S3-900704316
S1-298314535	S2-615555986,S2-509738652,S2-621943205,S2-218644866,S3-147208605
S1-295997644	S2-505030601,S2-976804578
S1-82837427	S2-388191439,S2-391448404,S3-952522173,S3-651099526,S3-905447897
S1-903800027	S2-402650431,S3-87591281,S3-177946717
S1-572079413	S2-87723989,S2-720150673,S2-881242576,S2-821361352
S1-992612853	S2-377983534,S2-446485378,S2-913091297,S3-654099434
S1-691263064	S2-205923345,S3-16218267,S3-863925108
S1-291989126	S2-755991389,S2-12575824,S2-317444652,S3-290810767,S3-262191561
S1-979269458	S2-646998120,S3-406890305
S1-751014103	S2-314981795,S2-825000940,S2-537298693
S1-217661402	S2-596315327,S3-461675298
S1-544555012	S2-328527819,S2-767311631,S2-841461697,S3-324907249
S1-593935258	S2-657926742,S2-593191846,S3-120068771
S1-303057197	S3-293839571,S3-384620641,S3-50000651
S1-623310052	S2-789748652,S2-838820935,S3-711591795,S3-420142334
S1-458243041	S2-653915103,S2-356334417,S2-387890905,S3-286739911,S3-928083209
S1-661035556	S2-965048090,S2-273755315,S3-249390941
S1-960978601	S2-189290965,S2-561763189,S3-249154300,S3-800370165
S1-304236833	S2-548168066,S3-136842845
S1-622151829	S2-819927749,S3-201230853,S3-598431165,S3-738877508
S1-31842668	S2-796273717,S2-688287425,S2-811672715,S3-497898909,S3-703273644
S1-767277020	S2-388647070,S3-696943054
S1-886693437	S2-86228429,S2-596141233,S2-202691313,S3-292046038,S3-366135233
S1-633235882	S2-793819087,S3-957115440
S1-307042811	S2-286798475,S2-155663993,S3-628130837
S1-25459171	S2-350977681,S3-610289480,S3-493211271,S3-529830986
S1-367180299	S2-578144471,S2-336983206,S2-864974898,S3-46171738,S3-918549829
S1-721183189	S2-570976414,S3-585448980,S3-576298792
S1-267725075	S2-589486517,S2-638718238,S2-645360238,S3-844403414
S1-31653534	S2-188308835,S2-431723352,S3-857947986,S3-743611372
S1-590643380	S2-584229457,S3-560298904,S3-522185698,S3-107213700,S3-332183445
S1-735142385	S2-992924220,S2-407792975,S3-835557693,S3-223193977,S3-691570037
S1-167584441	S2-339279786,S3-917726154
S1-208460658	S2-827118722,S2-596851267,S2-472281482,S3-429355404,S3-348653596
S1-63574330	S2-450865936,S2-983003886,S2-852879714,S3-250723492
S1-6866373	S2-576978533,S2-723188584,S3-342692462,S3-754927374
S1-79270224	S2-307827169,S3-888072247
S1-69674240	S2-334766243,S3-573030441
S1-590464575	S2-787941709,S3-805633572
S1-491970047	S2-592667281,S2-790297852,S2-253373505,S2-561865273,S3-516298565,S3-18596157,S3-932414835,S3-912016556
S1-36065638	S2-627996401,S3-282869339,S3-747433077
S1-895980523	S2-9803718,S2-801417692,S2-245582993,S3-176186573,S3-295320535
S1-534615426	S2-245027042,S3-473255635
S1-402992456	S2-809177123,S2-134488603,S3-950058245
S1-831232380	S2-674402483,S2-200164704,S2-391929785,S3-599180024,S3-856524824,S3-527998255
S1-618869882	S2-101527678,S3-467004162,S3-682298536
S1-651214022	S2-632599409,S3-332949129
S1-902628168	S2-801456307,S2-977484225,S2-375660584,S3-251245061
S1-930728017	S2-522123873,S3-547155767,S3-328748431,S3-917956844,S3-283716731
S1-984752107	S2-648654812,S2-83679911,S2-845670982,S3-181495346,S3-282152893
S1-535472510	S2-284084814,S2-773571348,S2-404111799,S3-825553350,S3-126624907
S1-995115815	S2-855400254,S3-377851196
S1-521288875	S2-423903421,S2-524856237,S3-733264533,S3-125893775,S3-566777931,S3-140981577,S3-891546154
S1-185912694	S2-684813708,S2-475192647,S3-157420230
S1-772599545	S2-744916909,S3-762725056,S3-343081626
S1-548125555	S2-278811760,S2-861165998,S3-580670973
S1-208918727	S2-649354865,S2-621361248,S3-108691309,S3-380588608,S3-224829648,S3-932502077
S1-196278946	S3-641341505,S3-730197266,S3-791662363
S1-620390907	S2-840428348,S3-930095777,S3-909765714
S1-730882333	S2-117965921,S3-666058204
S1-809611349	S2-432658399,S3-234634029
S1-644440362	S2-827043967,S2-922131274,S3-536317811,S3-467694295
S1-951552026	S2-693923909,S3-264149198,S3-683676580,S3-321189238
S1-205574063	S2-45083035,S2-128704152,S2-485568209
S1-245137253	S2-299507792,S3-9489847,S3-158492019
S1-566977366	S2-244545691,S3-211761687,S3-682647681
S1-564601458	S2-336779487,S3-774572003,S3-213781766
S1-400386811	S2-311688865,S3-99502165,S3-356776177,S3-998566874,S3-190369385,S3-627693474
S1-711465355	S2-97004343,S2-247911347,S2-117671735,S3-820110253,S3-338318617
S1-205943804	S2-561451533,S3-124690037,S3-210545218
S1-818450745	S2-681521458,S2-383332903,S2-276221088,S3-988675777
S1-725947075	S2-341849804,S3-926391270
S1-441527961	S2-954464458,S2-636685371
S1-915828776	S2-593404151,S3-493865851,S3-251273296
S1-180712683	S2-9909801,S2-947641259,S2-193136413,S2-773072019,S3-405121130,S3-211178866
S1-603592675	S2-974012453,S2-755768946,S2-625412332,S2-472046712,S3-286629247
S1-804843120	S2-118762469,S2-937794194,S2-191705883,S2-251498630,S3-641264931,S3-689995902
S1-265322134	S2-953802031,S2-328791591,S3-98980894
S1-35376069	S2-345077389,S2-878667048,S3-303441072,S3-402978004,S3-871934238
S1-912910759	S2-392763302,S3-75520426
S1-273420391	S2-341916948,S2-421647259,S3-227962801
S1-458580396	S2-517974784,S3-209300459,S3-925596793
S1-899968940	S2-463682170,S2-768604367,S2-720247742,S2-867771260,S3-501226074,S3-331437033
S1-166469126	S2-693384932,S3-126909302,S3-313044885
S1-566783865	S2-736082410,S2-999383367,S3-891691675
S1-441716393	S2-394664154,S2-352517368,S2-322563312,S3-248176519,S3-165439347
S1-230174404	S2-712757957,S2-570637508,S3-7161527,S3-755722383,S3-891580925
S1-645058632	S2-333317375,S2-884720034,S3-857918084,S3-896336898
S1-978860820	S2-727438188,S2-275291769,S3-399576855,S3-592108172,S3-182503685,S3-617467746
S1-701603748	S2-423695035,S2-15378985,S2-185608586,S3-923071264
S1-602193603	S2-691749425,S2-574019698,S2-41037734,S2-224924650,S3-355908128
S1-100635989	S2-882911646,S2-490300820,S3-568724550,S3-799778831,S3-359921431
S1-255683974	S2-903092198,S2-165350571,S3-863811719,S3-928194093
S1-385876263	S2-709638745,S2-393792465,S3-814627725,S3-821978348,S3-44527042
S1-108125935	S2-498864894,S3-174046493,S3-955369218
S1-100859432	S2-423826372,S3-793588710,S3-712072021,S3-854587346
S1-316435073	S2-912093075,S3-184316519,S3-393126525
S1-109688804	S2-764887312,S3-51341940,S3-941693449,S3-852787462
S1-933165713	S2-603946268,S2-481401212,S3-856080607,S3-772981895,S3-345492004,S3-208772660
S1-999559309	S2-797503328,S2-524513516,S2-461877642,S3-819409715,S3-559925327,S3-827529179
S1-84772355	S2-453806449,S2-826702441,S3-645987230,S3-99404394,S3-332527554
S1-279119893	S2-638694196,S2-840517357,S2-903325966,S2-886899716,S3-597681199,S3-231904620,S3-70708868,S3-567072628,S3-134354956
S1-487683734	S2-629147595,S2-179411556,S3-670569463,S3-150435251,S3-10391877
S1-388202046	S2-715820756,S2-482953675,S2-424311021,S3-747619520,S3-941269553,S3-89406552
S1-784930	S2-223201546,S3-732819436
S1-210088171	S2-871835835,S2-229622802,S3-574931732,S3-76848791,S3-210766437,S3-142036826
S1-66161923	S2-309056070,S2-148524750,S3-214869956
S1-184984153	S2-479127698,S3-974851575,S3-24692893,S3-263033183,S3-76112727,S3-754631307
S1-396549008	S2-595111479,S3-314536766,S3-649799511
S1-13502449	S2-627964738,S2-151131981,S2-8695644,S2-654172184,S3-775511034
S1-542125619	S2-294248101,S3-334158575
S1-366644611	S2-873808670,S3-96163023
S1-928384544	S2-510454500,S2-468088757,S3-1934406
S1-626533894	S2-705677369,S3-281477373,S3-631710991,S3-979903780,S3-268626076
S1-890481361	S2-968993388,S2-217831505,S3-897968440
S1-309645983	S2-848995133,S2-650396749,S3-6729010,S3-328796364
S1-660299121	S2-297005085,S2-638937838,S2-870914064,S3-814171976,S3-389606557
S1-701667842	S2-471189679,S3-946760567,S3-236551635
S1-444794053	S2-79683302,S2-143521431
S1-874366774	S2-760944859,S2-722989049,S3-709154785,S3-355562063
S1-68304259	S2-897769945,S2-215739445,S3-105040276,S3-327846490
S1-578523205	S2-912323821,S2-362517234,S3-171920108,S3-528660040,S3-46110133
S1-516246977	S2-826495597,S2-801666516,S3-694699689
S1-79177228	S2-576388391,S2-607019832,S3-424537267,S3-448591427
S1-969821324	S2-209975005,S3-707663760,S3-693521224,S3-805298893
S1-862491918	S2-406874931,S3-462363138,S3-534980396,S3-664754806,S3-738928890
S1-134189301	S2-133580423,S2-610917996,S3-845931765
S1-342376332	S2-497734297,S3-882690967,S3-537233760,S3-489457772
S1-397470250	S2-995440288,S2-586723189,S3-335461525,S3-670353483,S3-531890861
S1-748042430	S2-593923524,S3-703070288,S3-564713324
S1-184611115	S2-557449440,S2-437661937
S1-527985111	S2-474830717,S3-588408295,S3-114809959
S1-937162204	S2-155063485,S2-511131166,S3-43833690,S3-756291471,S3-999192428,S3-672192538
S1-830502474	S2-58662243,S2-802787067,S3-865316538,S3-151230802
S1-221082826	S2-973780058,S2-353344131,S3-365948304,S3-765848267,S3-13537974
S1-89973283	S2-764741853,S2-715087910,S3-210181718,S3-191820872
S1-848777798	S2-750618715,S3-793496306,S3-574168871,S3-365351243
S1-97947284	S2-732464947,S2-143551967,S2-286825448,S2-537275256,S2-400029802,S3-859713820,S3-410588674,S3-662405600
S1-330369599	S2-372707892,S3-391873067
S1-229965481	S2-483055060,S2-89843253,S3-937519907,S3-956152629
S1-183421048	S2-968682021,S2-331746228,S3-16604884,S3-135986822,S3-804015546
S1-409302317	S2-134228433,S2-417089701,S3-357846143
S1-902630474	S2-805794764,S2-177933657,S3-443191962,S3-697294124
S1-270247155	S2-151720239,S3-718569629,S3-349085396
S1-251024222	S2-427688249,S2-167590094,S2-144216832,S2-507649674,S3-568083975
S1-684890161	S2-405622201,S3-507914172,S3-572859382
S1-742476456	S2-425360960,S2-67589070,S2-850559301,S3-851367489
S1-651699790	S2-61089843,S2-486954653,S3-142812033
S1-63570445	S2-440728446,S2-446375048,S3-123122564
S1-497330784	S2-914903639,S2-482964005,S3-778262134,S3-261877506,S3-977278340,S3-619027308
S1-224122399	S2-305998712,S3-647319925
S1-495809734	S2-642300015,S3-619514342,S3-182548218
S1-105690509	S2-199951505,S2-439527369,S3-214483909
S1-412033175	S2-991161167,S3-146239420
S1-714963100	S2-999558257,S3-360999915,S3-789724700,S3-759427084
S1-965402411	S2-347604151,S2-951663322,S3-406994826,S3-327547814
S1-997568868	S2-963880157,S3-652274400,S3-121768523
S1-25493866	S2-148376130,S3-779507160,S3-287486597
S1-148678886	S2-275786393,S2-530944029,S3-426422888
S1-386250886	S2-320881601,S2-283593636,S3-729780595
S1-531012609	S2-611203630,S3-656565048,S3-631900740,S3-926619651
S1-91326998	S2-456745779,S3-811066613,S3-75330333
S1-820569922	S2-735698454,S2-11097506,S2-40698696,S3-26185662,S3-190342572,S3-485274845
S1-137113629	S2-845336283,S2-98208108,S2-387418460,S3-853092582
S1-907046367	S2-119228756,S2-861299558,S2-253458944,S3-601465522,S3-965177283,S3-355595163
S1-755671734	S2-352423411,S2-126951753,S2-737876037,S3-331307492
S1-684547378	S2-830649581,S2-832795480,S2-919210788,S2-749959217,S3-866674686,S3-759827598
S1-629552402	S2-794202873,S2-359376935,S2-368783578,S3-272513075
S1-934839347	S2-673267204,S2-356063260,S3-947531671,S3-173825567
S1-182543985	S2-716585899,S2-840116921,S2-972300978,S3-596026261
S1-396598015	S3-196879025,S3-718106431,S3-953639936
S1-5003207	S2-744937883,S3-39712204
S1-708562853	S2-883495154,S3-176859058,S3-609965761
S1-249149565	S2-611526147,S2-888082774,S3-186247270,S3-727704419,S3-290607627
S1-99587101	S2-358249255,S2-66797723,S3-166578662,S3-903054703
S1-957592833	S2-639617868,S2-163605970,S2-57557040,S3-50227482
S1-50241822	S2-454758297,S2-869651199,S3-289677142
S1-7722704	S2-207893664,S2-593421328,S3-195407938,S3-756078956
S1-476236485	S2-778138876,S2-175260728,S2-510483341,S2-425486119,S2-137338133,S3-664618931,S3-990163698
S1-496739447	S2-350407907,S3-371119125,S3-571517691
S1-848183088	S2-591221491,S3-299138220,S3-870033654,S3-782436524,S3-393073428
S1-368700357	S2-221031774,S3-530717925,S3-604858559
S1-38076990	S2-431435992,S2-317094717,S3-814804780,S3-76285544
S1-235281603	S2-632802830,S2-461187045,S3-195129288
S1-72179518	S2-193954976,S2-762687688,S2-263240425,S2-200598809,S2-401650381,S3-207022392,S3-169632360
S1-411013981	S2-595636237,S3-875645280,S3-869211220,S3-555283689
S1-697505782	S2-69312706,S2-618830775,S2-406368558,S3-593435048,S3-216934281
S1-934035227	S2-29111071,S2-300586428,S3-363648574,S3-80625451
S1-606376400	S2-435187090,S2-520830738,S2-334820098,S3-57143108
S1-549567937	S2-860318590,S2-801471446,S2-891078791,S2-731941999,S3-373543192
S1-245348612	S2-706433868,S3-110444787,S3-221577190,S3-470973486
S1-856404993	S2-545127725,S2-247854622,S3-639142197,S3-875914589
S1-532930855	S2-460396435,S3-448242420,S3-773026005,S3-440281429
S1-21216581	S3-133280217,S3-82677980
S1-100335748	S2-552881739,S3-987143254
S1-468640656	S2-951554900,S3-356580806,S3-550811158,S3-531349243
S1-915125672	S3-255934978,S3-146481358
S1-419057791	S2-154957367,S3-440650631,S3-457207562,S3-137714410
S1-314196408	S2-685788845,S2-302631811,S3-856098052,S3-8449924
S1-547141488	S2-287616780,S3-874002376
S1-558488340	S2-969954522,S2-171348506,S3-858387277,S3-499219998,S3-342085711,S3-20833276
S1-957628458	S2-462058824,S3-306521608
S1-225752839	S2-158242964,S2-854620142,S3-339676274,S3-688935341
S1-408996445	S2-623220429,S3-377346773,S3-730194323,S3-966419079,S3-212324815
S1-260721569	S2-666042412,S2-18732259,S2-685139190,S2-323622296,S2-114735501,S3-175880306,S3-763172922,S3-585754364,S3-938148630,S3-758616445
S1-663791314	S2-78879916,S2-324937486,S3-150918469,S3-348910844
S1-635926654	S2-226452095,S3-816641028,S3-179732185,S3-694898760
S1-103266270	S2-300268260,S2-140126440,S3-629322375
S1-28753407	S2-454275234,S3-237978046,S3-884940940,S3-46432256,S3-419013944
S1-874989180	S2-208312223,S2-794155819,S2-255399898,S3-1758387,S3-296304162,S3-444468924
S1-852991021	S2-774605924,S2-136496763,S2-144737295,S3-876277532,S3-856068597
S1-351911081	S2-378507565,S3-445771207
S1-32904873	S2-526522135,S2-548477617,S2-219420575,S3-368044286
S1-51393238	S2-149312720,S3-928221167
S1-656080279	S2-167052102,S2-979506894,S2-539679584,S2-30398697,S2-549854450,S3-160129269,S3-496584699,S3-333973627,S3-487411619
S1-450484874	S2-633749107,S2-884425919,S2-986216103,S2-798763147,S3-543873308
S1-38521288	S2-195631099,S2-641128512,S2-990685215,S2-587203745,S3-399602444
S1-321912688	S2-937698744,S3-350712850
S1-938369807	S2-649758636,S2-358527303,S2-183728166,S2-123771488,S3-39489786
S1-247141447	S2-518180806,S2-47248403,S3-407191303,S3-515529061
S1-222648552	S2-729026536,S2-523530462,S2-649697695,S2-892326603,S3-17584498,S3-531342931,S3-548594248,S3-7403848
S1-11913052	S2-877481332,S3-387514988
S1-200379469	S2-740835281,S2-354877752,S3-663785712
S1-736519169	S2-24290646,S3-265767362,S3-255113587,S3-930910193,S3-12965638,S3-429834383
S1-958945174	S2-472602183,S3-902026119
S1-59945210	S2-791417170,S2-681204376
S1-398359228	S2-244296357,S2-610221033,S2-792929868,S3-664872567
S1-830851638	S2-354853832,S2-194300221,S2-113264569,S3-49734394
S1-776026815	S2-779932202,S2-157374282,S2-749787711,S2-554509577,S2-197978513,S3-597080148,S3-324017967,S3-426449254,S3-739612241
S1-310881080	S2-82931874,S2-534636337,S2-248790847,S2-66243851,S3-51535583
S1-432582649	S2-665055287,S3-232964877
S1-433429984	S2-796223690,S2-434248957
S1-946387315	S2-416423979,S2-859695457,S2-676610698,S3-526686914
S1-887032886	S2-613629997,S3-669480295
S1-766493639	S2-286981280,S3-489299104,S3-250897596,S3-899674636,S3-739931761,S3-46803813
S1-965536095	S2-104705371,S3-235001185,S3-949444967
S1-194972351	S2-163861848,S2-408678092,S3-438930047,S3-138445541,S3-616456704,S3-158587248
S1-60945949	S2-701730930,S3-546773136,S3-432641353
S1-210055060	S2-2119741,S3-248645632
S1-201314411	S2-869470649,S3-758271086
S1-835442203	S2-93367284,S2-411750648,S2-208401446,S3-304422058,S3-598280636,S3-248266920,S3-224333563
S1-500649497	S2-963987135,S2-34336748,S2-36230378,S3-440394561,S3-296676659
S1-134687791	S2-865076425,S2-764306412,S3-496444012
S1-284359792	S2-931392133,S2-752792436,S3-300832526,S3-946108661
S1-269522811	S2-189069197,S3-588932463
S1-778319491	S2-604505016,S3-840552255
S1-874346711	S2-459983017,S2-128532080,S2-151053965,S3-757036300,S3-87043167
S1-12637366	S2-476360266,S2-38381871,S2-387151064,S2-552007080,S3-652791751,S3-665891986,S3-433688563,S3-520610436
S1-209714607	S2-30558350,S2-65970971,S3-195305339,S3-784934523
S1-972807935	S2-70721416,S2-103345407,S2-806593963,S3-970244461
S1-667650975	S3-546904917,S3-565335664
S1-965626483	S2-402587721,S2-246864182,S3-797492178,S3-151272486
S1-339509868	S2-607037190,S3-174269994,S3-34927845
S1-694573212	S2-877762855,S2-399218455,S3-154124611,S3-275556972
S1-325088556	S2-972406876,S2-598298766
S1-204330479	S2-1908147,S2-52677430,S3-86918007,S3-381307625
S1-568983864	S2-616650582,S2-758564234,S2-433838770,S2-958182069,S2-88576446,S3-412449159,S3-649156781
S1-758753829	S2-281014675,S2-389292296
S1-371235478	S2-129784859,S2-106403217,S3-934322750,S3-250341557,S3-720474046,S3-169464122,S3-320599276
S1-165904258	S2-220563266,S3-667183568,S3-198642902
S1-387987609	S2-127427393,S2-220486654,S3-354873340,S3-47377845,S3-268714612,S3-44719725
S1-299999004	S2-959954588,S2-812910961,S2-544914828,S3-653537651,S3-318817670,S3-144299951
S1-237973516	S2-516734906,S2-444577772,S2-707010601,S2-374714708,S3-131648801,S3-793775275
S1-202803479	S2-820059401,S2-91544941,S2-15884734,S3-919270123,S3-588106050
S1-851848921	S2-100311805,S2-833728142,S2-914344070,S2-126023727,S2-74104761,S3-149334820,S3-75445308,S3-981164937
S1-354558460	S2-470781508,S3-221609863,S3-751717743
S1-20061869	S2-22096810,S2-310759083,S3-704429180,S3-266933329
S1-903943393	S3-142629177,S3-97110363
S1-528243838	S2-669714340,S3-616834664,S3-213871251
S1-963334977	S2-200585912,S2-421009825,S3-992553820
S1-257354578	S2-335657409,S2-118004878,S2-417618980,S3-681272425
S1-226025070	S2-397032979,S3-701915761,S3-103586925,S3-591361557,S3-519820352
S1-85091091	S2-869485661,S2-751809414,S3-945197736
S1-541097031	S2-104128704,S3-522033647,S3-922346976,S3-834236833
S1-802165957	S2-352908925,S2-681940656,S2-534250369
S1-297953656	S2-762769776,S2-420519754,S3-637934629
S1-966801323	S2-17674061,S2-420012499,S3-606775228,S3-287366312,S3-566281007,S3-640546138
S1-186461998	S2-650144539,S2-550144300,S3-748541294
S1-595615603	S2-895154918,S3-906238114
S1-146377667	S2-107057669,S2-54722859,S2-826233197,S2-238318593,S3-140849278,S3-855443353,S3-870637516,S3-800777052
S1-401473285	S2-50844047,S3-511694660
S1-156087540	S2-893679688,S3-865316633,S3-317010331
S1-142532242	S2-473821043,S3-795559036,S3-79764771,S3-93107333
S1-15989263	S2-186636608,S2-262073362,S2-928713028,S3-987950128
S1-426587396	S2-691347763,S3-353680273,S3-727408083,S3-415145828
S1-789124406	S2-354433954,S2-92219454,S2-101867567,S3-517760405,S3-381522270
S1-147226788	S2-646297080,S2-504584094,S3-330626788
S1-936608804	S2-530419895,S3-241759399,S3-744226307
S1-146814333	S2-549283410,S3-193798907,S3-894214096
S1-485702924	S2-15370019,S2-571135014,S2-150570780,S3-979838604
S1-619141069	S2-391820700,S3-707936779,S3-82837641,S3-436932860
S1-992514446	S2-997556206,S3-8466810,S3-580905436
S1-563222868	S2-527302603,S3-197329621,S3-605961263
S1-113185429	S2-686900361,S2-274131687,S3-768134209,S3-341485587,S3-343166795
S1-692988358	S3-527353253,S3-569879542
S1-52726701	S2-273890905,S2-764518159,S2-173073366,S2-742309841,S3-368542224
S1-855055018	S2-896509108,S2-206351508,S3-975053301,S3-206672399,S3-812751528,S3-524158204
S1-585473685	S2-128979840,S2-498366193,S2-16147050,S2-730738508,S2-583236461,S3-152268422
S1-969751498	S2-509538568,S3-672879316,S3-154489953
S1-592639816	S2-856369832,S2-833458798,S3-965138244
S1-408954112	S2-459147061,S2-455350724,S2-438997403,S2-21885900
S1-27486940	S2-956754031,S2-728285241,S2-816387769,S3-248041889,S3-452503348,S3-183249109
S1-150271103	S2-299008172,S2-543955885,S3-102886058,S3-685158421,S3-848475031
S1-585900138	S2-737581581,S2-419039360,S2-412687676,S3-233928093,S3-504908446,S3-845074913
S1-680996509	S2-353334832,S2-887243397,S2-514279325,S3-764958980,S3-939887499
S1-910148716	S2-822856303,S3-370136633,S3-73473041
S1-885675305	S2-799573637,S2-56483589,S2-905792249,S2-228381979
S1-579141674	S2-583450343,S2-344633281,S3-280410271
S1-471147602	S2-833947347,S3-273224132,S3-452040953
S1-185015181	S2-414038317,S2-184016751,S3-795037061
S1-222963935	S2-7588622,S3-986906976,S3-675736367,S3-98214711,S3-812628277,S3-13425290
S1-668174693	S2-18047301,S2-441579627,S2-697772570,S2-74270549,S2-858448314,S3-100831887,S3-449227835,S3-342493293
S1-160477017	S2-499590262,S2-105706071,S3-44578977,S3-70128810,S3-615745732,S3-810706760,S3-729800246
S1-68405431	S2-158420293,S2-821295510
S1-319593945	S2-525347549,S3-644125683,S3-801655843,S3-650699579
S1-885584003	S2-768990257,S3-660641427,S3-283553549,S3-277351340
S1-508434276	S2-621390991,S2-752332055,S3-812002491,S3-185478529
S1-484357580	S2-151357435,S3-994462950,S3-635995288
S1-33141764	S2-404626398,S3-237978271,S3-981599627
S1-687441949	S2-567823701,S2-851437209,S3-852059935,S3-204412972,S3-55678568,S3-911587685
S1-288073117	S2-772081196,S2-159877366,S2-737147193,S2-965482940,S2-225436818,S3-105152915
S1-919451307	S2-930491689,S2-215463468,S3-461290600,S3-444164265
S1-937171979	S2-57888857,S2-55383641,S2-65665938,S2-968258926,S3-411056397,S3-396075023,S3-528136963,S3-547549432
S1-612804179	S2-55291027,S3-547322574,S3-84733176
S1-728319056	S2-825856341,S2-771234059,S3-552859910,S3-842513864
S1-332132955	S3-128944139,S3-165692064,S3-280323441,S3-234556838
S1-472367559	S2-310675747,S2-272529198,S3-287911739,S3-327311210
S1-419031465	S2-184329903,S3-122874685
S1-950164559	S2-410128318,S2-917882780,S3-587427992,S3-767358432
S1-918736064	S2-499792414,S2-727481010,S3-187645561,S3-760314010
S1-641190202	S2-601320697,S2-81913314,S3-636257388,S3-2888856
S1-907234608	S2-272100833,S3-753580588,S3-122043976
S1-643262978	S2-37186750,S2-903789306,S2-125881042,S3-716389862
S1-588790477	S2-538571539,S2-45167542,S2-480204221,S3-599140313
S1-292464858	S2-423838362,S2-611386620,S3-25109396,S3-420619183
S1-22986126	S2-333976251,S3-275650897,S3-729768422,S3-906768373
S1-94242843	S2-566216648,S2-464042256,S2-371227972,S3-640461480,S3-369755443,S3-834813875
S1-697484344	S2-352250742,S3-915526638,S3-112075905
S1-961223006	S2-695433955,S2-599582669,S2-179763842,S3-78289877
S1-839279898	S2-573190060,S3-777932164
S1-790826715	S2-428218368,S3-627514334,S3-110470116
S1-438310845	S2-325574302,S2-623115065,S3-136905443,S3-324208628,S3-449412555
S1-722055245	S2-31472172,S3-716425576,S3-120165580,S3-749016324
S1-887464379	S2-427195403,S3-782579478,S3-738750607,S3-488700925
S1-643740587	S2-208932509,S2-845063917,S3-700119665,S3-330098031,S3-681720980
S1-470406548	S2-907292000,S2-750812548,S2-339382611,S2-900189247
S1-483341640	S2-237073546,S3-758605750,S3-911861296
S1-624393787	S3-879522341,S3-810610999
S1-207758231	S2-313347880,S2-966964539,S3-136022150
S1-780730628	S2-568960050,S3-697684742,S3-674536223
S1-565493516	S3-912052701,S3-933082194
S1-424338047	S2-741312454,S2-861459782,S2-11582884,S3-773510933
S1-855026659	S2-465806712,S3-112210385
S1-885801829	S2-276527468,S3-79166222,S3-716680134
S1-988068538	S2-101076185,S3-447365875,S3-810744775,S3-527559608,S3-991504356
S1-343769960	S2-268380244,S3-240136972
S1-197277642	S2-460589879,S2-581125499,S2-892354647,S2-346829556,S3-895021344
S1-649220181	S2-456184470,S2-505660169,S3-201556808,S3-418960480,S3-957495791
S1-301878841	S2-803248628,S3-245348499,S3-205887188
S1-807440175	S2-292924737,S3-71576661,S3-843929312
S1-469259818	S2-811396588,S2-2520765,S3-769064939
S1-833043912	S2-809156319,S2-570065587,S3-256402089,S3-441538798,S3-565894326
S1-356937728	S2-204561944,S2-619406868,S3-363182862
S1-476024275	S2-158891161,S2-630508125,S2-798864115,S3-996285435
S1-776987115	S2-160960167,S3-757187141
S1-673089073	S2-862616331,S3-680808143
S1-886579445	S2-630885365,S2-547961773,S3-480657777,S3-807594047,S3-426512694
S1-165179236	S2-894131889,S3-365540141,S3-987221689
S1-694576181	S2-121101396,S2-587381489,S3-945991985
S1-137820600	S2-759622390,S2-603938399,S2-742386891,S2-86216595,S3-616706265,S3-978167136,S3-406781398
S1-719737566	S2-353393611,S3-199262093,S3-868961034,S3-233529153
S1-800593000	S2-953525658,S2-879218963,S3-748780617,S3-601900886
S1-271031216	S2-659888693,S3-69829894
S1-362028816	S2-179023035,S3-958485274,S3-781791587
S1-428110820	S2-925874175,S2-772503496,S3-709906791
S1-499631520	S2-243089920,S2-934698757,S3-11412748,S3-810445728,S3-674431030
S1-841340774	S2-416144028,S3-120317580,S3-512084536
S1-968491164	S3-486367076,S3-917937300
S1-504336506	S2-920252914,S3-742842651
S1-347139752	S2-316538133,S2-244435405,S3-178347585,S3-326278032
S1-154307655	S2-195830619,S3-633626147,S3-924624988
S1-291522920	S2-477975466,S3-495633611,S3-381122383
S1-452838567	S2-671789981,S3-860707626,S3-214228400
S1-964928381	S2-652533783,S2-605497266,S2-901029474,S3-300040883,S3-499472466,S3-289019744
S1-628747355	S2-435120084,S2-857143411,S3-785908777,S3-83230832,S3-143503263
S1-852516140	S2-788609494,S3-469709348,S3-348711001
S1-372786375	S2-861459372,S3-992181757
S1-799305908	S2-346474530,S2-863384714,S2-881638503
S1-662983366	S2-722388489,S2-866183691,S3-897436887,S3-16397116
S1-182424960	S2-551060732,S3-454276288
S1-312189980	S2-935793911,S2-662778206,S3-646122052
S1-199227893	S2-851894355,S2-580384627
S1-288152453	S2-428863191,S2-813845435,S2-892003822,S3-150100196
S1-579421151	S2-268437887,S3-100607961
S1-306417641	S2-93697327,S2-983947906,S2-191494437,S3-896526204,S3-904080231
S1-43736321	S2-59496341,S2-85264358,S2-269874034,S2-256996491
S1-618843739	S2-736896352,S2-719503331,S2-257103897,S3-480473275
S1-792589390	S2-974593051,S2-422766424,S2-785421258,S2-754494477,S3-609231888,S3-899306079,S3-268187212
S1-907666216	S2-240342608,S2-351468989,S3-315943660,S3-226844043
S1-851422212	S2-792095792,S3-992665865
S1-401644371	S2-976618453,S2-240674317,S3-43017824,S3-35747845
S1-952701881	S2-1818834,S2-813628585,S3-377308735,S3-566746170
S1-783133760	S2-295006374,S3-544384951
S1-810147532	S2-293405027,S2-58225380,S2-920876127,S3-494968401,S3-649281488
S1-320138712	S2-266847049,S3-308392321,S3-95020948
S1-150248943	S2-583576955,S3-288981790,S3-29370429,S3-678432200
S1-966583939	S2-409390018,S3-475254043,S3-323663595,S3-295352931
S1-174518535	S2-757515516,S3-697125866,S3-737462123
S1-90382891	S2-182292851,S3-171090926
S1-212236522	S2-941210032,S2-309601164,S3-721009200,S3-231813607,S3-241343006
S1-413149261	S2-778933243,S2-270006994,S3-564504398,S3-674011303
S1-106695568	S2-781896376,S3-518272516,S3-252642813
S1-424461506	S2-307352755,S3-893324142
S1-124635230	S2-323562742,S2-456552624,S3-242541216
S1-214157942	S2-822356907,S3-684910710,S3-551511114
S1-334155036	S2-68214299,S3-997160503
S1-676262977	S2-406466439,S2-783621231,S2-929827834,S2-541071557,S3-384367437,S3-529813157
S1-510474632	S2-531170460,S3-780509692
S1-536175995	S2-250111679,S2-747838709,S2-234715423,S2-341390360,S3-620419335
S1-997166821	S2-255904136,S2-391237844,S3-32755451
S1-799381223	S2-705021752,S2-805393450,S3-340099832,S3-691994593,S3-702915555,S3-708576193,S3-284002378
S1-780599509	S2-910320576,S2-943477771,S3-599531491,S3-623142417,S3-946807192
S1-570276644	S2-703340915,S3-395619125,S3-479047899,S3-936007551
S1-983250020	S2-847444479,S3-203949231
S1-171585332	S2-290716742,S2-964580856,S3-828049620,S3-798976278,S3-527013364
S1-477473717	S2-332425378,S2-134757247,S2-99610792,S2-793613750,S3-112333261
S1-500223151	S2-936900502,S2-227066706,S3-832036218,S3-146337443
S1-793618002	S2-383991304,S2-491611818,S3-543423988
S1-273434554	S2-65501055,S2-589890064
S1-528771934	S2-177566450,S3-919395239
S1-799092037	S2-323623400,S2-538414379,S3-128851811,S3-741949639
S1-459263375	S2-749511125,S2-374042912,S2-452857893,S3-623748770
S1-973270562	S2-156403732,S2-536817800,S3-894826800,S3-533243956
S1-938430329	S2-418746794,S3-41160743,S3-456860893
S1-343149127	S3-487787121,S3-775513372,S3-644991831
S1-753843737	S2-389021312,S2-74235632,S3-878802464,S3-599628275
S1-280965583	S2-749886212,S2-436367613,S3-244855284,S3-104807791
S1-60389695	S2-396124782,S2-869722404,S2-50051116,S3-869376672,S3-775928426
S1-664895379	S2-668217092,S3-769597999
S1-250111496	S2-275317637,S3-650506776
S1-431520283	S2-898638563,S3-394727350,S3-264867433,S3-273500868
S1-635033078	S2-109243294,S3-856922847,S3-966405472
S1-949500245	S2-320521984,S3-543253626
S1-762543032	S2-222740273,S3-507322815,S3-281708086,S3-9392481,S3-92125566
S1-857273753	S2-751838071,S2-387601483,S2-500145585,S2-955244731,S3-333633261
S1-685018522	S2-169788407,S2-911949157,S3-743448870,S3-517506345
S1-970907744	S2-212253495,S2-840237026,S2-411546891,S3-461697371
S1-311076532	S2-761669927,S2-179773278,S3-484731447,S3-458055662
S1-477278645	S2-669028484,S3-121040826,S3-584787915,S3-275003003,S3-394983903
S1-99982067	S2-517654094,S3-426569926,S3-110383673
S1-130537587	S2-381414440,S3-74212240,S3-36518679
S1-918344320	S2-541441707,S3-458591212
S1-757679570	S2-665288308,S3-709751513,S3-277983655,S3-543984686
S1-862943022	S2-835869830,S2-179382330,S2-740566832,S3-688635826
S1-784068000	S2-629053099,S2-760891570,S3-45496723
S1-522715640	S2-9312121,S2-535985115,S3-239544131
S1-803708035	S2-575806686,S3-827467711
S1-253867919	S2-972269004,S2-587384662,S3-516377665
S1-264995284	S2-454347660,S2-580980256,S3-2384425,S3-442652056
S1-549087419	S2-760406156,S2-371459863,S2-583393945,S3-575962131,S3-897018532,S3-179135406
S1-379908151	S2-119856092,S3-881271509,S3-327160141,S3-57436345
S1-296282623	S2-159910393,S3-45680575
S1-911215432	S2-80406720,S2-555984938,S2-653750562,S2-904484402,S3-30073978
S1-231684657	S2-735704432,S2-644911276,S3-363380290,S3-548848799
S1-697091048	S2-981603910,S2-40310849,S2-707096199,S2-912106218
S1-558777311	S2-584769490,S2-966942363,S2-899834129,S3-951842100,S3-655505058
S1-755408771	S2-124592402,S3-104114235,S3-19038933
S1-929113090	S2-229256671,S2-931939187,S2-45188164,S3-379245450,S3-38593115
S1-660061219	S2-628706955,S2-54156802,S3-797005068
S1-394902991	S2-860799929,S2-647429862,S2-49984990,S2-842859809,S2-531817589,S3-6881720,S3-999151126
S1-711617350	S2-944728015,S2-408159701,S3-403351262,S3-252513535
S1-247697728	S2-205529196,S3-393054688
S1-851819883	S2-445961694,S2-132785446,S2-562009350
S1-245692994	S2-785874147,S3-871219094
S1-635526500	S2-868329200,S2-657437053,S3-656291352
S1-743531621	S2-738194329,S3-912809606
S1-853303216	S2-458677017,S3-280191802,S3-551207151,S3-833391925
S1-290464514	S2-565116849,S3-497184649
S1-191821386	S2-704110173,S2-731636094,S3-277656238
S1-359002455	S3-16513527,S3-886967572,S3-415182448
S1-554603486	S2-365946386,S3-168640368,S3-649772555
S1-131915069	S2-618018907,S2-108979443,S3-143671010
S1-524447012	S2-301950249,S2-77735413,S2-66442944,S2-1667264,S3-896885346
S1-662326547	S2-444622683,S2-589044021,S3-478765237,S3-702594833
S1-929203903	S2-347321937,S2-417938461,S2-122577987,S3-539607251,S3-500731489,S3-35748956
S1-638813436	S3-125549348,S3-269740559
S1-598741375	S2-397853840,S2-576807152,S3-814942845
S1-116736850	S2-684250773,S2-732360395,S3-570126795
S1-68175786	S2-866060143,S2-711927618,S2-356509964,S3-635421483
S1-972511083	S2-624454993,S2-304055331,S3-951246089,S3-537192957
S1-411263571	S2-758459514,S2-434074181,S2-169023494,S3-408508348
S1-590801633	S2-721562643,S3-501167684
S1-992292819	S2-282792494,S3-262791570
S1-725556845	S2-342174844,S3-161764388
S1-158811887	S2-934315175,S2-466086205,S3-818890409,S3-908300765
S1-154866549	S2-938796125,S2-306721553,S3-370147711
S1-474041819	S2-699162702,S2-430703340,S3-955914082
S1-782751359	S2-381468981,S2-474441061,S3-542991714,S3-183226747
S1-779295131	S2-868887126,S3-368247227,S3-61041195
S1-973993357	S2-196317772,S3-613061277,S3-923554248,S3-721552119
S1-992364449	S2-607472987,S2-741679373,S2-568493271
S1-981145675	S2-293599960,S3-193978287,S3-130975991
S1-757560995	S2-578958547,S2-698767785,S2-725515946,S3-275054112,S3-785063814,S3-159032581,S3-437141927,S3-447655313
S1-678553887	S2-699499464,S2-473549964,S2-210846047,S3-867278101,S3-369900875
S1-82537450	S2-394771408,S2-322969812,S2-947323938,S3-227753790
S1-963987635	S2-443782789,S2-597605998,S3-792326695,S3-70818180
S1-453499114	S2-998886572,S2-881965934,S2-580108900,S3-867326335,S3-19845561
S1-50465378	S2-588197222,S3-46806962,S3-87880109
S1-873011489	S2-658151541,S2-907320620,S3-124989373
S1-223338943	S2-560595333,S3-825985181,S3-203878267
S1-78012015	S2-791312967,S2-937653499,S3-378326354,S3-126086068
S1-134355179	S2-871436632,S3-647072323,S3-59982998
S1-157391367	S2-962559542,S2-818732815,S2-840451036,S3-415845159
S1-264264764	S2-299280678,S2-901839379,S3-41662780,S3-116779294,S3-859275641
S1-484099826	S2-629503804,S2-757256522,S3-8722462
S1-335221041	S2-177202739,S3-50179447,S3-307384050
S1-947349046	S2-347779246,S3-386434886,S3-611090077,S3-336599228
S1-431119869	S2-719273590,S2-251519481,S2-566488568,S2-232804275,S3-29326487,S3-450505898,S3-550568997
S1-890715579	S3-950386184,S3-677054671,S3-777801204,S3-239020021
S1-978281092	S2-746666828,S2-700914846,S2-219583156,S3-750870184,S3-823350116,S3-894571917
S1-799053193	S2-389806267,S2-228695557,S2-875506521
S1-225457192	S2-507222974,S2-141961427,S3-802083175,S3-801080267
S1-990045859	S2-764165922,S3-109250203,S3-295796692
S1-81226185	S2-326531022,S3-431408884
S1-254442231	S2-445257516,S2-860997687,S3-120304963,S3-964599379
S1-88919391	S2-161132669,S2-444377320,S3-867125426,S3-774811736,S3-592440448,S3-805675115
S1-819202052	S2-602177110,S2-904864882,S2-786179779,S3-387112046,S3-604724597
S1-605814942	S2-559088175,S2-344703359,S2-540678608,S3-27811355,S3-301502611
S1-546608618	S2-214061126,S2-791243908,S2-166091030,S3-107343491,S3-639407496,S3-597966381
S1-443319482	S2-668361595,S2-984388384,S3-354990644
S1-101612642	S2-618494832,S2-639419523
S1-949036591	S2-76652092,S2-115648874,S3-498019118,S3-413247068
S1-746228564	S2-797721678,S2-619251333
S1-600050562	S2-825839006,S3-139542500,S3-790875644
S1-170642943	S2-715119097,S2-391803558,S2-259476369,S2-989956811,S2-365842268,S3-28439181,S3-329291406
S1-473586447	S2-172560924,S2-582077879
S1-487755040	S2-185540864,S3-157302397,S3-345613309
S1-288395900	S2-82111057,S3-221965116
S1-788312576	S2-515834110,S2-361520719,S2-711268713,S3-961565537
S1-592699783	S2-536092847,S2-113876676,S2-868299071,S3-644688214
S1-579966184	S2-559639595,S3-227396481,S3-715238040,S3-447464587
S1-249526056	S2-264601202,S2-104587026,S3-401889430,S3-643671580,S3-267051629,S3-676965148
S1-623541998	S2-316852916,S2-398153649,S2-735927732,S3-498691752,S3-82943419
S1-141668159	S2-929708478,S3-14074771,S3-794275575
S1-817724519	S2-669203927,S2-945718704
S1-847693024	S2-605693595,S2-465528055,S2-171681337,S2-368625169,S3-1580380,S3-294130873
S1-841912393	S2-421199368,S3-763837743,S3-83565693,S3-603703273
S1-291711741	S2-482817551,S3-632738746,S3-663870046,S3-426243061
S1-432446655	S2-798334768,S2-480148344,S3-866207624
S1-254454689	S2-24708977,S3-835865174,S3-125436109,S3-542612733
S1-716226141	S2-620246341,S2-265927810,S2-644672100,S3-258926516,S3-260098261,S3-938095426,S3-423066845
S1-184394750	S2-7122661,S2-535031363,S2-704361841,S3-796179666,S3-290733727,S3-648116990
S1-131137758	S2-942376803,S2-997094392,S3-959683891,S3-714420254
S1-471118157	S2-285486978,S2-713488803,S3-849521605,S3-632610542
S1-943644238	S2-414254683,S2-160493394,S3-621956761
S1-986803343	S3-630969383,S3-565031092,S3-591342181
S1-263918447	S2-668937710,S3-287404727
S1-934945377	S2-341466447,S2-661621789,S2-247289715,S3-106938844
S1-90490613	S2-103085462,S2-527021779,S3-534369526
S1-862343289	S2-338770565,S2-466505054,S3-368028321,S3-414824322,S3-378528482
S1-707814433	S2-131968969,S3-602055141
S1-395565081	S2-704462219,S3-226083450,S3-357171658,S3-412835946
S1-821594008	S2-141489188,S3-721625612,S3-960547239
S1-680092242	S2-387243438,S3-144940793,S3-627036223
S1-613580776	S2-825515477,S2-748786917,S3-446561108,S3-628786338,S3-226686066,S3-159099475
S1-696785428	S3-938907518,S3-645786877,S3-587748257,S3-616093244
S1-477239730	S2-542875449,S2-25440087,S2-809526906,S2-81989861,S3-589521288
S1-451558250	S2-668375056,S2-449302226,S2-302597618,S3-207572323,S3-728981612
S1-351925964	S2-75294999,S2-712946912,S2-773074237,S2-386885731,S3-123913107
S1-889148130	S2-839546547,S2-172702884,S2-821770250,S3-671909002
S1-355953833	S3-229542393,S3-607137925
S1-901276433	S2-696675819,S2-701389913,S2-292864111,S3-61923148
S1-439555339	S2-675031465,S2-726980911,S3-449133541,S3-675459322,S3-247100387
S1-56967938	S2-640106192,S2-176290123,S3-792397900,S3-416593380,S3-672951130
S1-438577211	S2-301716006,S3-776007095,S3-444751431,S3-660277702
S1-299316783	S2-460670080,S2-51442388,S2-658942440,S2-976686663,S3-356032800,S3-461618137,S3-91976979,S3-117141424
S1-403374332	S2-675939350,S2-281490059,S3-742321076,S3-990587787
S1-190171028	S2-338824393,S3-380670303
S1-62778094	S2-931445357,S2-809425063,S2-177062420,S3-51125861,S3-571351367,S3-679366422
S1-386824396	S2-577396998,S2-287485938,S3-574322666,S3-99951604
S1-371671251	S2-808731146,S2-953533504,S3-885860390,S3-757567403
S1-720962054	S2-174615143,S2-256895431,S3-156633225,S3-995631529
S1-140787220	S2-985400732,S2-483267909,S2-437602324,S3-314562904
S1-806174316	S2-537095817,S2-580321840,S2-328459260,S3-364985803,S3-924497303,S3-294695908,S3-620875765
S1-780610908	S2-627909654,S2-388262026,S3-899887910,S3-171348742,S3-718010839,S3-441653084
S1-652687499	S2-676555627,S2-621321031,S2-943012936,S3-890584793
S1-176149370	S2-804535029,S3-727681406
S1-530486694	S2-553243364,S2-259273780,S3-433793871,S3-558777741,S3-75024777
S1-288620017	S2-520263617,S2-901193031,S2-595547254,S3-164928224
S1-769252764	S2-706776761,S2-474789923,S3-457536381
S1-413979860	S2-770260926,S2-803781584,S2-712666820,S3-980390065
S1-844990425	S2-913460143,S2-813070140
S1-616936016	S2-407625647,S3-809226831,S3-684911090
S1-868146685	S2-317694301,S3-704159078
S1-337942274	S3-38541039,S3-258541324
S1-547981538	S2-427721687,S2-273505535,S2-909248807
S1-682788804	S2-604027537,S3-75440227,S3-578852334
S1-252519449	S2-12994885,S2-158960285,S2-508115261,S3-259004769
S1-101383941	S2-392074898,S2-731261973,S2-176318413,S3-595064290,S3-990111933
S1-135585905	S2-442105435,S2-931139671,S2-381945496,S3-742294663
S1-758687312	S2-218252010,S2-184810725,S2-250136670,S3-945822380,S3-14504697,S3-400909552
S1-147699168	S2-521732804,S3-29019487,S3-227899746,S3-798021721
S1-241469232	S2-500267848,S3-516826572,S3-309200429,S3-492605032
S1-153374116	S2-822612407,S2-423284220,S3-361968794,S3-992530790,S3-149550337,S3-893409184
S1-284303705	S2-424275321,S2-72074769,S3-328417223
S1-313211661	S2-644235948,S2-389323813,S3-551333013,S3-117791501
S1-586691888	S2-28076871,S2-647425563,S2-261750439,S3-647711703,S3-195626540,S3-996058254
S1-394371859	S2-180930558,S2-77775833,S2-62229500,S3-635413700
S1-750311597	S2-731640435,S2-711236123,S3-433013546,S3-779327254
S1-998351985	S2-589519871,S2-732036549,S2-900475210,S3-733724587,S3-459374866
S1-812698028	S2-876109974,S3-360251352
S1-459025887	S2-83392617,S2-674101454,S3-145458537
S1-734609824	S2-507462492,S2-228346561,S3-176616715
S1-698680767	S3-816901823,S3-739753649,S3-7620031
S1-920469929	S2-793424156,S2-838576856,S2-254235643,S3-7739685,S3-927048504,S3-289767056,S3-268647930
S1-477335214	S2-573223752,S2-388504124,S2-957846592,S2-497039721,S3-354228253,S3-390010168,S3-762479736,S3-353728967
S1-368147968	S2-478810114,S2-343247685,S2-795832459,S2-697155286,S3-164869360,S3-739007787,S3-260612156
S1-373561231	S2-529823591,S3-806914201
S1-422317642	S2-194513426,S2-791374105,S2-880363268,S2-157445166,S3-253780334
S1-629638750	S2-138625914,S2-131326184,S2-255786735,S3-29422105,S3-858988624
S1-666984046	S2-939443303,S2-430849018,S2-901918952,S3-188125130,S3-14152017,S3-5239333,S3-761883590
S1-994034549	S2-778104233,S2-198679647,S3-936590521
S1-51732009	S2-304375991,S3-185028689,S3-137810752
S1-528731809	S2-685181647,S3-556281705,S3-190581862,S3-587297181
S1-128533869	S2-750296060,S2-290631516,S3-372693265
S1-506049966	S2-964754785,S3-578592797,S3-391176193
S1-28792523	S2-74232995,S3-360767556,S3-103643584
S1-160753427	S2-479597209,S2-929617850,S3-147936460,S3-914613049
S1-147609030	S2-31235344,S3-14892767
S1-147973901	S2-850635048,S2-509105902,S2-995663395,S3-974253708,S3-780300387
S1-740448875	S2-358308419,S3-277545453,S3-460499480
S1-14401156	S2-975119105,S3-802432504,S3-519858766
S1-535457222	S2-762695928,S2-441745802
S1-435164907	S2-820197304,S2-898049950,S2-750983410,S3-95923174,S3-48301030,S3-26361866
S1-263162594	S2-732993697,S2-119123911,S2-678109079,S3-732767628
S1-693551717	S2-567712118,S2-835629344,S2-265812946,S3-952821088
S1-121947881	S2-685590818,S2-744948106,S3-786592133,S3-643618429
S1-723799507	S2-105838443,S2-963985417,S3-106858497,S3-618408016,S3-993322547
S1-421884920	S2-492524590,S2-183496178,S3-231952806,S3-378359112,S3-142107229
S1-635571345	S2-581087082,S2-328921570,S2-850399675,S3-161558745
S1-808028141	S2-724323671,S2-153336788,S3-468985615,S3-116479040
S1-270658743	S2-592018681,S3-791907059
S1-902531289	S2-815082691,S2-922058037,S2-599378259,S3-589017435,S3-272140769
S1-977237764	S2-852208478,S2-130341308,S3-300921377,S3-509870765
S1-784217487	S2-692372366,S2-303916479,S2-869500390,S3-552490727,S3-380055126,S3-292896420
S1-849041264	S2-811910428,S3-214675875,S3-285982382
S1-997115785	S2-782799757,S2-69825548,S2-780554816,S3-854563451,S3-701303169,S3-738451353
S1-392418221	S2-203685079,S3-794069775,S3-875955192,S3-434958603
S1-640777860	S2-467243934,S2-503072071,S2-378175099,S3-810875367,S3-279708452
S1-732457262	S2-554283196,S3-92348523,S3-563297073
S1-268105563	S2-529115636,S2-56986599,S2-415166120,S3-971139452
S1-281416977	S2-720418441,S2-755477211,S3-162962837,S3-96246845,S3-545578644
S1-727608577	S2-168728423,S2-785762437,S3-903071722
S1-648048052	S2-121565081,S3-153718192,S3-513650481
S1-135993878	S2-973603158,S2-878355513,S3-61065019
S1-157896274	S2-900794853,S2-417438018,S2-443121180,S2-978011450,S3-639220613
S1-651527156	S2-526685352,S2-264993793,S3-676363218
S1-67400493	S2-316591498,S2-952505346,S3-45241864
S1-777406014	S2-277151022,S2-893119064,S3-823036091,S3-299470167
S1-597440537	S2-779243711,S3-251854580
S1-519309859	S2-690828284,S3-313829077,S3-97671000,S3-888148404
S1-461348063	S2-935796907,S3-872513394,S3-600934410
S1-949896930	S2-966270792,S2-582719615
S1-289161039	S2-946313855,S3-989698012
S1-586510483	S2-455054985,S2-778709933
S1-208252278	S2-826922406,S2-662686700,S2-923109642,S3-686070629
S1-36359711	S2-987441279,S3-293712972,S3-802572155,S3-138434237
S1-976555711	S3-359807492,S3-469502235
S1-220304619	S2-359856966,S3-684118869,S3-807959287,S3-189733176
S1-567236599	S2-468093921,S2-313375268,S2-379897317,S2-172797763,S3-305063149
S1-650295020	S2-20704763,S2-532998387,S2-403217872,S3-194767729,S3-785830608
S1-744526142	S2-842894771,S3-119032177,S3-715915477
S1-881986012	S2-24553978,S2-963532602,S3-517343077,S3-866761090
S1-203898702	S2-125406476,S3-205263349
S1-86063224	S2-485673009,S2-631886722,S2-5601478
S1-779376543	S2-290345956,S3-479271218,S3-674367922
S1-237815958	S2-754975893,S3-783325305,S3-323207465,S3-539566851
S1-911952336	S2-959950909,S2-838970705,S3-265808259,S3-446852400
S1-615309336	S2-444872948,S2-571398666,S2-403788100,S3-203873584,S3-706454295,S3-728886868
S1-707030921	S3-633150739,S3-110680422,S3-635310624
S1-723370149	S3-133260587,S3-652788710,S3-419353664
S1-654010259	S2-565974385,S2-617712463,S2-395691568,S3-949826683,S3-651398438,S3-515190860,S3-580832794
S1-119700350	S2-547138964,S2-115528371,S2-657997084,S3-696975463,S3-587105897,S3-228632765
S1-768875387	S2-237595908,S2-652346540,S3-718338712,S3-504385901,S3-949321910,S3-406067108,S3-958681582
S1-51089143	S2-395308292,S2-772152528,S3-583788335,S3-571555815
S1-695573007	S2-758191520,S3-266815202
S1-507548902	S2-747760807,S2-730807951,S2-241785082,S3-910765572,S3-768602063
S1-727625455	S2-793770152,S2-378918919
S1-587939195	S2-581165025,S2-505984699,S2-673903566,S2-978318500,S3-141327087
S1-916833727	S2-121357267,S2-567156546,S3-135636737
S1-911427642	S3-178327115,S3-365598841
S1-685509517	S2-558515367,S3-627805505,S3-505267228,S3-731679977
S1-443016232	S2-471874150,S2-742636876,S2-960705975,S3-426204431
S1-925023605	S2-204871412,S2-86214195,S3-123730489
S1-995855253	S2-652485386,S3-817908360
S1-3091962	S2-851745457,S2-963709968,S2-44133360,S3-132816184
S1-59451071	S2-723328500,S2-457346410,S2-376168627,S2-827301676,S3-416597444,S3-914804938,S3-992296173,S3-425794499
S1-897195593	S2-859507293,S2-278824944,S2-131326389,S3-926036378,S3-721478013
S1-599811277	S2-389361609,S3-645605893,S3-264245556
S1-725868315	S2-274308450,S2-137477945,S3-703178696,S3-972289583
S1-504170688	S2-885604736,S2-113183610,S2-685845728,S3-883730368,S3-748312401
S1-539507885	S2-445174527,S2-789927704,S2-840843688,S2-225206974,S3-401056963,S3-850103765,S3-200401255
S1-42936465	S2-172138225,S2-154269581,S3-132501388
S1-576647352	S2-228828215,S2-690230631,S3-302523611
S1-711295401	S2-280752438,S3-444045102
S1-549986417	S2-471470738,S2-890900699,S2-436439218,S3-875328598,S3-70012205,S3-694648268,S3-270159075
S1-418125199	S2-637728918,S3-51724571
S1-181511873	S2-16721791,S2-43750510
S1-992226346	S2-628156802,S2-384718122,S3-183427750,S3-840135025
S1-225059530	S2-254262363,S2-908376179
S1-715475848	S2-682087186,S3-897948273,S3-313364716,S3-147438366
S1-130274546	S2-355022726,S2-841260056,S2-837303677,S2-922804569,S2-357443475
S1-893735385	S2-901467309,S2-769126333,S2-564686042,S3-583105095,S3-194394377,S3-215933027
S1-392531396	S2-638407701,S2-297881845,S3-262913199,S3-367473845
S1-688632895	S2-387992652,S3-43590396,S3-205378388
S1-971994684	S2-843526792,S2-379325536,S3-303165145,S3-781768527
S1-40074475	S2-300229349,S2-775376076,S2-930275434,S3-755099878,S3-718493789,S3-864982203
S1-934116553	S2-995338917,S3-346821291,S3-273042219
S1-334471515	S2-184265422,S2-27716212,S2-542955250,S3-490766734,S3-544548762
S1-454746076	S2-66141893,S2-298039551,S2-437871309,S3-986353415,S3-111840012
S1-57789580	S2-125159774,S2-294151694,S3-370457780,S3-462823514,S3-440456041
S1-867248843	S2-989488114,S2-194148183,S3-871271482,S3-432780268,S3-167081169
S1-115330994	S2-120327764,S3-353951898,S3-562330491,S3-892488369
S1-110907259	S2-602330629,S2-161604084,S3-600425655
S1-886645661	S2-747283700,S2-78462963,S2-709780235,S2-978658067,S2-200497909,S3-744223658,S3-764031367,S3-46226429
S1-401687717	S2-163837530,S3-388276417,S3-666771756
S1-589264854	S2-344972710,S2-327855645,S2-675872026,S3-821675250,S3-979754339
S1-262670808	S2-820773732,S3-839707872,S3-346744399,S3-243243099
S1-135116027	S2-389794134,S2-301144430,S2-529916209,S3-663637806,S3-460966388
S1-226489149	S2-467255804,S3-70588097
S1-695706918	S2-56810137,S3-342275337
S1-182733315	S3-292654731,S3-160254951,S3-187461198
S1-894705929	S2-623226892,S2-827387073,S2-335867143,S2-42768325,S3-662840977
S1-557811450	S2-385915985,S2-762930748,S3-791675613,S3-341852094
S1-419562579	S2-493161274,S2-250362539,S3-965208159
S1-729986573	S2-961183010,S3-211335173,S3-996156688,S3-552082948
S1-455360342	S2-191332747,S3-327921589,S3-928917960
S1-598337997	S2-406244478,S2-328683576,S3-44261742
S1-153293352	S2-332134332,S2-161649521,S2-783480478,S3-997863855,S3-623389382
S1-809410041	S2-716158700,S3-399521274,S3-347499727
S1-670968063	S2-269013157,S2-288488255,S3-980679695,S3-194653241,S3-285580590,S3-594269217
S1-439084272	S2-567125477,S3-460806202
S1-302620635	S2-613098442,S3-619697935,S3-612979001,S3-466348555
S1-615693885	S2-969228702,S3-66923077
S1-292479695	S2-10481528,S2-899303708,S2-654142153,S2-388748717,S3-905769861,S3-393240315
S1-621444229	S2-119969038,S2-243693445,S2-848207087,S2-433011486,S3-273243165
S1-240779101	S2-591303349,S3-164482875,S3-648999624
S1-477516254	S2-548040498,S3-545182874
S1-111484490	S3-282250321,S3-363319435,S3-999027730
S1-292193330	S2-23663849,S2-505261492,S2-510350895,S3-373076376,S3-779483459
S1-566266370	S2-651186034,S2-212276841,S3-875403519,S3-449793765,S3-915017954
S1-797054329	S2-293223873,S3-844948026,S3-519974422,S3-862673414
S1-873713916	S2-549394518,S2-913822187,S2-191352952,S2-526609150,S3-877969772,S3-939485869,S3-907860802
S1-73197674	S2-754679112,S2-881319698,S3-508206528
S1-351625570	S2-989316181,S3-526722777,S3-520004671
S1-105782409	S2-878507075,S3-809650697
S1-791943793	S2-515193342,S3-16233153
S1-89592205	S2-759285814,S2-545344984,S2-740274587,S3-971967617,S3-78558628,S3-182368695
S1-514415209	S2-8613956,S2-221109495,S2-30751997,S2-347112876,S3-409318598,S3-421813878,S3-136849292
S1-882457304	S2-700022283,S3-774011048,S3-841115135,S3-178818280
S1-82403114	S2-403051497,S2-699538648,S2-202198093,S3-449085271,S3-256912514,S3-156928861
S1-994880695	S3-399381198,S3-545576520,S3-774320730
S1-866954720	S2-323806549,S2-445071631,S2-870519535,S2-756207773,S3-537611524
S1-929992693	S2-90849845,S3-653866260
S1-883573091	S2-654316040,S2-873941213,S3-312276763
S1-546965039	S2-897788334,S2-627688341,S2-450268078,S2-434036367,S3-513742535,S3-457245659
S1-237021832	S2-402188865,S2-415764813,S3-539785574,S3-735395104
S1-325011077	S2-178385664,S2-229722067,S3-264278871
S1-490985842	S2-984671100,S3-740950960
S1-225737264	S2-482854694,S3-256998404,S3-252943317
S1-325037135	S2-939345349,S2-655151123,S2-11238506,S3-499756144,S3-54035906,S3-857476016
S1-550659455	S2-339693525,S2-609122761,S3-730784841
S1-165784500	S2-106721783,S2-564673530,S2-761615601,S3-400024832,S3-500750859
S1-924500020	S2-272451638,S2-470545908,S3-715662633,S3-967772444,S3-805419281,S3-228010845
S1-563748681	S2-608338451,S2-333920167,S3-834054459,S3-142335016
S1-582223518	S2-995482495,S3-548925674
S1-101311260	S2-468790428,S2-605140605,S2-795206729,S2-26587058,S3-51140719
S1-892177364	S2-440296721,S3-342647920,S3-654994160
S1-400420756	S2-68353655,S2-488540707,S2-74162742,S2-204262602,S3-737807887,S3-72431053
S1-175914356	S2-619523903,S3-870382796,S3-880375034,S3-365857206
S1-232481189	S2-529557040,S3-86701982
S1-660554514	S2-472456167,S2-549325523,S3-448122645,S3-214299012
S1-549484703	S2-788428295,S2-267441409,S3-996536500,S3-228785429,S3-516281895,S3-447742895
S1-403028895	S2-55906035,S2-50539405,S3-479538873,S3-425532136,S3-872454510
S1-788088411	S2-233447286,S3-10575278,S3-128362519,S3-129016777
S1-313913838	S2-531087068,S2-220100424,S3-476710397
S1-332437295	S2-372853044,S3-350041712,S3-433179186
S1-222393227	S2-655801445,S3-477950076,S3-178987305,S3-361338337
S1-314777555	S2-138800836,S2-293839957,S2-344948589,S3-500258108,S3-794274073
S1-878816742	S2-46311083,S2-740191986,S3-56254858,S3-307657446,S3-383367164,S3-875250899,S3-751729707
S1-562417573	S2-950452887,S3-140083217
S1-788547286	S2-276922593,S3-773371715,S3-582402228
S1-63040218	S2-676286084,S3-33427387
S1-451380804	S2-116075601,S3-275948644,S3-812577541
S1-710041247	S2-641242932,S3-974435797,S3-408692377,S3-241281450
S1-926166235	S3-544370464,S3-35173694
S1-268343583	S2-265164586,S3-421148737,S3-740699383,S3-282756951,S3-523680454
S1-412152782	S2-839017430,S3-49035670
S1-842740087	S2-951480671,S2-869639821,S2-173057485
S1-360027600	S3-871580892,S3-178657117,S3-670159773
S1-890797262	S2-69694396,S3-607118566,S3-456278826,S3-961819302
S1-649953074	S2-109424847,S2-227771812,S2-448102584,S3-929894249,S3-153112073,S3-765981626,S3-93189077
S1-84196692	S2-429144066,S3-518423415,S3-135957989,S3-750010748
S1-865129575	S2-969910159,S3-142876817,S3-742406578,S3-660112884
S1-396756086	S2-695452629,S3-71287680,S3-261011874
S1-923376538	S2-824387529,S2-533972196,S2-192832333,S2-792111317,S3-143360907,S3-840802682,S3-28287246,S3-465733085
S1-839161948	S2-270266205,S2-668178002,S3-796091888
S1-286036600	S2-819546227,S3-982839539,S3-717434118,S3-758398134
S1-496664958	S2-156111889,S2-404244102,S2-20345810,S3-766981681,S3-844487959
S1-564382261	S2-34096898,S3-702742162
S1-481519414	S2-727350432,S3-83373487,S3-982011991
S1-562973427	S2-151857839,S3-125274764,S3-611384672,S3-740478790
S1-858261736	S2-328735979,S2-785926015,S2-844493322,S2-317639102,S3-70134860,S3-970196044
S1-373494446	S2-934433369,S2-279033235,S2-117056108,S3-755055516,S3-848931255,S3-578865231
S1-861570587	S2-287784111,S2-894318080
S1-196351648	S2-764408898,S2-709519374,S3-889742344
S1-610592543	S2-5358164,S3-478768834,S3-904543073
S1-499509552	S2-786370668,S2-386028961,S3-442180534,S3-87576861
S1-470131065	S2-749808153,S2-193138463
S1-736395101	S2-691110742,S2-412833039,S3-669007868
S1-777715178	S2-356203218,S2-36440018,S3-212062285,S3-186122765,S3-511834431
S1-854043820	S2-938751045,S2-355981569,S3-611402225
S1-402090258	S2-599325485,S3-37906173,S3-27078832
S1-521745023	S2-467412946,S2-983790489,S2-268654838,S2-665079195,S3-989677635
S1-666110770	S2-177243300,S2-380914004,S2-630992489,S3-985884594,S3-711109823
S1-375273376	S2-528460308,S2-159451086,S3-526731244
S1-814379999	S2-314655987,S3-86169330,S3-975638179
S1-842309770	S2-368794398,S3-362237161,S3-450948690,S3-608322300
S1-525793454	S2-943105028,S3-28420647,S3-458164657,S3-97689878
S1-68233179	S2-226591777,S2-587354659,S3-343258072
S1-457188752	S2-270171438,S2-748125661,S3-742884772,S3-504951417,S3-177836443
S1-584488533	S3-230290643,S3-977616898,S3-752045892
S1-505465592	S2-872364687,S3-651906402,S3-646100125
S1-278261066	S2-726104518,S2-197426841,S3-297478972
S1-482791612	S2-196231031,S2-708082341,S3-126719808,S3-305554795
S1-984429646	S2-220749359,S2-862561867,S3-975024769,S3-887261962,S3-458617417
S1-911454190	S2-366531063,S2-881430831,S3-233961467,S3-70837409,S3-426293082,S3-11976725
S1-235455160	S3-442032037,S3-588181468
S1-463921839	S2-619791209,S2-57857053,S3-516504423
S1-751355591	S2-351263987,S2-339616656,S3-231432118,S3-523234244,S3-669138482,S3-943947659
S1-600438147	S2-857000028,S3-119550935,S3-444477588,S3-201059819
S1-870017327	S2-768717219,S2-915121629,S3-420903634,S3-25787492
S1-194104004	S2-664136222,S3-853418081,S3-418112878
S1-379454412	S2-675657648,S3-87478679,S3-577195970
S1-186293875	S2-40585848,S2-861624605,S2-344239033,S3-640103486
S1-251054597	S2-306012953,S2-272829618,S2-520696769,S2-113110381,S2-21928380,S3-95979831
S1-99821876	S2-226325864,S2-866090544,S2-966181370,S3-912162599,S3-248807351,S3-517377652
S1-759096489	S2-122358961,S3-493971385,S3-800355106
S1-12470543	S2-969733282,S2-137088910,S2-365576581,S2-51487258,S2-854301826,S3-223230863,S3-561114878
S1-217250692	S2-943315577,S3-841295764
S1-686012398	S2-960273281,S2-614403167,S3-435219956
S1-490387913	S2-300603919,S3-989081655,S3-764480844
S1-518439166	S2-228470871,S3-130546332,S3-639569464
S1-886196683	S2-928878314,S2-650986414,S3-608256689
S1-882143033	S2-244930407,S3-128442428,S3-5773206
S1-468316699	S2-604653524,S2-926860542,S2-869408569,S2-398187326,S3-594642192,S3-451831734
S1-575385217	S2-532339705,S2-178103396,S3-246419974,S3-643583964
S1-231471806	S2-96934914,S2-594252811,S2-59728155,S3-850520993,S3-320700689,S3-688417701,S3-50413176,S3-529544099
S1-303712784	S2-586136304,S3-469222971,S3-169882820
S1-72752604	S2-623343563,S2-150314838,S2-983485856,S3-523710500,S3-319995085
S1-459423098	S2-974006308,S2-983249813,S3-46350432,S3-906337448,S3-514914492,S3-797511696
S1-481556005	S2-556262370,S3-312377867
S1-756955877	S2-52288038,S2-460129176,S2-833383699,S3-675644912
S1-39645366	S2-920111244,S2-880760541,S2-420566379,S2-812458037,S3-639651861
S1-96272615	S2-736634141,S2-209297329,S3-164185622
S1-386962474	S2-611528524,S3-13893537,S3-291191483,S3-530414507
S1-4804953	S2-520787082,S3-650596634,S3-360363591,S3-449030214
S1-379067780	S2-794186914,S2-347773956,S2-740744932,S3-128317708
S1-993781275	S2-150168110,S3-608647274
S1-2835161	S2-477877,S3-158484048
S1-7507517	S2-809242038,S3-810236785,S3-642141899
S1-377580343	S3-965804829,S3-728272899,S3-293802255
S1-803227224	S2-410467214,S3-472944329
S1-86142534	S2-71268356,S3-947263209
S1-437735058	S2-899829737,S3-538412757,S3-322650477
S1-240923377	S2-712441829,S2-536981942,S3-626404825,S3-519034547
S1-540283712	S3-689855974,S3-572727642
S1-736735359	S2-955701281,S2-150370226,S3-985021067,S3-957926074,S3-681480256,S3-212797687
S1-752828645	S3-179532635,S3-230933036,S3-620578299
S1-345050395	S2-936345053,S2-453093507,S3-312144066,S3-246129919
S1-174607733	S2-111247636,S3-429252103,S3-710705063,S3-954138230
S1-261203562	S2-763379734,S2-778851840,S2-641264244,S2-958088373,S3-473714238
S1-470440356	S2-638375081,S2-535524318,S2-750560290,S3-200314738,S3-6358324,S3-628429348,S3-264460744
S1-242614866	S2-12311183,S2-479295866,S3-886677552,S3-962492730
S1-857306855	S2-407056276,S2-980719928,S2-730316639,S3-696373748,S3-800000600
S1-930361720	S2-377621631,S2-639593319,S2-66289885,S3-31257073,S3-623488210,S3-82627760,S3-238836189
S1-630245805	S2-435097920,S3-822056975,S3-315300658
S1-346247823	S3-396477287,S3-566087494
S1-915019907	S2-412439128,S2-714671259,S3-45265006,S3-378559668
S1-267799189	S3-330225280,S3-296110782,S3-865895379
S1-194234394	S2-276265772,S2-969666192,S2-419755037,S3-275872451,S3-169014655
S1-529955816	S2-655086599,S3-468997001
S1-864957638	S2-401969737,S2-17686749,S2-243280163,S3-73299526
S1-983107219	S2-985613765,S2-473640259,S3-777332306
S1-877244418	S2-143208591,S3-831658696,S3-17496207,S3-618098504,S3-488767900
S1-316933794	S2-588431176,S2-345293395,S2-508577709,S3-585104169,S3-194484964,S3-236176273
S1-171491002	S2-410105279,S2-219358142,S2-651736575,S2-230145464,S3-832047385,S3-25586516,S3-202210140,S3-481752526,S3-677268701
S1-386409532	S2-437547684,S3-755462899,S3-323291207
S1-695310034	S2-57714094,S2-475846947,S2-963595224,S2-922547160,S3-727253823,S3-408347974
S1-467279	S3-167865820,S3-594997950
S1-331217929	S2-762212846,S2-351560920,S3-488633613,S3-522741117
S1-831756958	S2-57521507,S3-292764199
S1-293053147	S2-44616683,S2-554340383,S3-676043069,S3-359134924,S3-377214838
S1-400107688	S2-120075757,S3-345321381
S1-427689151	S2-276394404,S3-365040387,S3-119711695
S1-47645405	S2-516574539,S2-306599353,S2-779060309,S3-808456833,S3-458666077,S3-261838089
S1-488134407	S3-248402491,S3-923146784
S1-900128994	S2-310148760,S2-199426920,S3-661860782,S3-190365744
S1-628331624	S2-335273600,S3-949638345
S1-670923552	S2-810738553,S2-516493672,S3-122380683,S3-420698163,S3-203239984
S1-95641363	S2-905522736,S2-515314401,S2-35138550,S2-468586532,S3-732297909,S3-203045726,S3-488349369,S3-421818704
S1-79339099	S2-323161853,S2-954080099,S3-345796030,S3-918724061,S3-994888003
S1-256030904	S3-922037429,S3-932993580,S3-802390332
S1-205717764	S2-440482823,S2-435589628
S1-256215380	S2-298112170,S2-342924584,S3-992671889,S3-917712274
S1-70072397	S2-826603592,S3-56750320,S3-18213407
S1-608656264	S2-563180524,S2-11712806,S2-573594741,S3-42638263
S1-975259700	S2-108648633,S3-802300900,S3-906659264
S1-66290204	S2-926804630,S2-349143989,S3-669291481,S3-84326782,S3-957753876
S1-44855950	S3-62337248,S3-969994165,S3-128034387
S1-775419919	S2-426807165,S3-764704865,S3-5321109,S3-628090093
S1-889726702	S2-12917420,S2-363995462,S3-825879914
S1-56584228	S2-118365851,S2-581827778,S2-483886726,S3-4661815,S3-104633850
S1-879407774	S2-608062212,S2-956301445,S2-5694996,S3-939891284
S1-237235242	S2-886005592,S3-69448547
S1-163131216	S2-727087574,S3-665531311,S3-901461889
S1-102272412	S2-706223786,S2-472937813,S3-522599016
S1-398190066	S2-883837295,S2-694822420,S3-657902964
S1-251936138	S2-411003944,S2-387732723,S2-736962048,S3-218349816
S1-936748232	S2-615256743,S3-129637687
S1-463366083	S3-364553392,S3-169686164
S1-325135955	S2-302731004,S3-971416801,S3-166703984
S1-218900438	S2-810952507,S2-99671789,S2-374232113,S3-749000701,S3-53444273
S1-402607746	S2-220064177,S2-15555966,S2-425903818,S3-612969845
S1-609679770	S2-863375412,S2-321842342,S3-355061284
S1-635267917	S2-668490040,S2-978094844,S3-157886657
S1-194177931	S2-714310305,S2-956699598,S2-516526052,S2-928790656,S3-248787296,S3-264568095,S3-207858792,S3-882058454
S1-662716263	S2-433859241,S2-71846679,S3-60220266,S3-633708714
S1-752349310	S2-278583019,S2-10186519,S3-99395407,S3-414426034
S1-838573342	S3-308425691,S3-503522019
S1-185669044	S2-701957593,S2-903152200,S3-508211725,S3-912410700,S3-566964161
S1-977391531	S2-970419640,S2-752203722,S3-334791804
S1-411916610	S2-568389113,S2-774735018,S3-971649216
S1-987041442	S2-503357980,S3-73215962,S3-519015443
S1-577640855	S2-439918737,S3-811024314
S1-146486612	S2-351136868,S3-674279108
S1-834911894	S2-231753326,S3-347344294
S1-750325012	S2-915202013,S3-327748280
S1-671905259	S2-227699195,S3-769790151
S1-874731445	S2-173252846,S3-874040096
S1-329651140	S2-595579549,S3-149256590
S1-90794686	S2-161039047,S2-165059330,S2-917702271,S2-207084437,S3-563743385,S3-581704220
S1-859573566	S2-670704120,S2-445111922,S3-755386172
S1-451769549	S2-831781949,S3-655604758,S3-424756920,S3-215477771,S3-384242056,S3-454126490
S1-625282851	S3-172251972,S3-267718804
S1-848435765	S3-960969645,S3-678966592
S1-706248320	S2-604894446,S3-932257955,S3-598308497
S1-978613035	S2-731667830,S3-694603658,S3-319731435,S3-231250170,S3-784345110
S1-926985610	S2-900100537,S2-416483891,S2-399763909,S3-397842090
S1-629647369	S2-450544163,S2-117564473,S2-554199989,S2-251662017,S3-284951386,S3-525914739
S1-608122657	S2-79575917,S2-148723221,S3-853747345,S3-891372052
S1-902295700	S2-619977026,S3-905190503
S1-999128880	S2-93965153,S2-78635937,S2-546616340,S3-792794390,S3-795818020,S3-220600107
S1-183879512	S2-961153601,S2-820376449,S2-292447435,S2-456226758,S3-921597986,S3-832400820
S1-830698629	S2-357838615,S2-90430507,S3-65055151
S1-838553040	S2-47401551,S2-37710795,S2-612414500,S3-833121680,S3-273238052
S1-777276271	S2-67379523,S2-719854874,S3-833402121,S3-988975658,S3-654557796,S3-28672891
S1-129653718	S2-71255132,S2-663736337,S2-50223987,S3-884850140,S3-3423543
S1-587135847	S2-745449129,S2-350340024,S3-771774077
S1-736289238	S2-684699890,S2-841480746,S3-825428367
S1-661686256	S2-942403562,S3-598861863
S1-436173112	S2-665309735,S3-312292268,S3-732766169
S1-427294719	S2-484489548,S3-632922516,S3-22987456,S3-69665597,S3-310426163
S1-865099747	S2-567590877,S3-79761277,S3-384962662
S1-427733760	S2-706837950,S2-228594477,S3-851844676
S1-481858915	S2-113517846,S3-172631042,S3-835938637
S1-102419697	S2-515519908,S2-585101275,S2-325249636,S3-671560035,S3-11336508
S1-405657509	S2-95038649,S3-827008459,S3-256853607,S3-104654817
S1-276865568	S2-417448766,S3-865059501,S3-75566328
S1-535632603	S2-313256339,S3-214889275,S3-46173464
S1-178886978	S2-808137920,S2-934093084,S3-520797415,S3-838188643
S1-30022060	S2-397713566,S2-467040780,S3-478849214,S3-678118934
S1-700444937	S2-137440759,S2-732505043,S3-117148764,S3-709452878
S1-959170896	S2-158110392,S3-469394471,S3-325786363,S3-530794657
S1-680710372	S2-452223585,S2-892733794,S2-438400223,S3-446826755,S3-288433536
S1-868937805	S2-732257250,S2-340574298,S3-573333188,S3-275669542,S3-864749268
S1-492264089	S2-690215913,S3-227230163,S3-251937682
S1-623928762	S2-501417199,S3-79178806,S3-905461454
S1-474800849	S2-308078728,S3-163619081,S3-108937395,S3-614984250
S1-808178620	S2-407239396,S2-688749930,S2-6674974,S3-858688638,S3-861717917
S1-120201857	S2-415085622,S2-236172941,S2-808298328,S3-849511340
S1-977326336	S2-153892,S2-217642927,S3-711492631,S3-74383185
S1-897137109	S2-591435176,S2-842267576,S2-436158766,S3-547055048,S3-765835160
S1-815777388	S2-130509486,S3-619704969,S3-120658123
S1-465060454	S2-984254171,S2-100727164,S3-902995030,S3-636688164
S1-685682724	S3-262697108,S3-468387580
S1-635533302	S2-494175500,S2-679113652,S3-147768415
S1-446629186	S2-121357347,S2-27169208,S3-660282088,S3-147297686,S3-184542890,S3-33293090,S3-648710080
S1-548294352	S2-197152757,S3-681684971,S3-254327029,S3-241923291
S1-991352538	S2-625361270,S3-229622094
S1-264422991	S2-624705419,S2-263429643,S3-391264382,S3-103179937
S1-188488154	S2-436829181,S3-401518627
S1-442772253	S2-779334151,S2-502415734,S3-21247040,S3-430721464
S1-34556665	S2-409304471,S3-820219305,S3-250991948
S1-351539938	S2-898740161,S3-244441240,S3-952319279,S3-914095337,S3-227027381,S3-141902085
S1-138626547	S2-51417169,S2-980951251
S1-118920537	S2-824992232,S2-988100348,S2-261235393,S3-117290084
S1-359418305	S2-267126451,S3-56383975,S3-779243689,S3-37257867,S3-37072782,S3-925007006
S1-677326438	S2-437347294,S2-696292600,S3-726709998
S1-763896114	S2-622095036,S2-857947360,S2-998886717,S3-996041427
S1-418157070	S2-401004845,S2-854002231,S2-140767724
S1-712695680	S2-256424615,S2-745103028,S2-527729411,S3-793392634,S3-683047617
S1-643917440	S2-386590988,S2-663014842,S3-568314316,S3-330814087,S3-367287637
S1-537479461	S2-614870161,S2-789539460,S2-504775255,S3-730729927,S3-680257595
S1-673350164	S2-427195752,S3-513098023,S3-565917358,S3-746193068,S3-636132756,S3-747148806
S1-357333160	S2-881534912,S2-889157084,S2-162464267,S3-86559362
S1-892623102	S2-251957246,S3-781409467,S3-634994743
S1-15858316	S2-234380124,S2-206993311,S3-318004418,S3-903089765,S3-891775626
S1-874862886	S2-294110435,S3-648923912,S3-101242584,S3-863092893
S1-506230362	S2-948215596,S2-814847398,S3-751571968,S3-141295148
S1-897565666	S2-675530744,S3-213213068
S1-118352859	S2-900314389,S3-782239002,S3-277260918
S1-36755687	S2-671372943,S2-655539093,S3-661654930,S3-714145503
S1-894780032	S2-222964259,S2-153954972,S2-270495204,S3-307451723,S3-10168744,S3-483073593,S3-791917775
S1-648274069	S2-908352101,S2-785026442,S3-839818535
S1-803249203	S2-923129567,S2-83657205,S3-264311638,S3-775784862,S3-485135365
S1-90412176	S2-529303141,S2-295518951,S3-923677696,S3-240548072,S3-896535341,S3-413790948
S1-563500082	S2-329498537,S2-429970600,S2-851494430,S3-146538130,S3-394786614
S1-557150995	S2-59089021,S3-824925174,S3-765499235,S3-186075520,S3-970580145
S1-528381311	S2-395410165,S3-539008806,S3-92876309
S1-415683118	S2-518266487,S2-552217610,S3-258309404,S3-748361342
S1-392759927	S2-472018648,S2-815058104,S3-148709540
S1-964802014	S2-350403018,S2-22090703,S3-466028237,S3-901006701
S1-12880868	S2-857628797,S3-255972177,S3-569782469
S1-522117215	S2-348441055,S2-158437214,S3-131858855,S3-357998863,S3-265645148
S1-331812835	S2-803995791,S2-29539134,S3-427099027,S3-274696553,S3-289328143
S1-61049348	S2-314992375,S3-767730886,S3-791213412
S1-709104366	S2-754324044,S2-632071512
S1-11099950	S2-911954841,S2-866593540,S2-116511772,S3-190005124,S3-237239002
S1-238926669	S2-596527950,S2-627484778,S3-616581248,S3-743919246
S1-127698491	S2-375693565,S2-347606556,S3-138284334,S3-52976391
S1-904682969	S2-565329921,S2-12566951,S3-502535860,S3-789100680
S1-908220082	S2-37674086,S3-923850585,S3-757529775,S3-168270428
S1-886379892	S2-935687610,S3-460073632
S1-150313645	S2-906642828,S2-984441590,S2-214972060,S3-251457500
S1-930720453	S2-238075667,S3-453897713
S1-514712860	S2-521384364,S3-258561409,S3-15771616,S3-105293412
S1-543486601	S2-535922392,S3-609604344,S3-259877840
S1-970416619	S2-523387763,S3-701007509,S3-866795617
S1-478088814	S2-796156049,S3-840506343,S3-954674054,S3-829732669
S1-364617719	S2-783814818,S2-109427906,S3-244465528,S3-615266931
S1-245922535	S2-735011757,S2-965500796,S2-143397467,S2-628592135,S3-464850587,S3-993421667,S3-294036328,S3-571165165
S1-162788054	S2-451478440,S2-634570608,S3-864621508
S1-336189220	S2-801500133,S2-110891333,S3-590459910
S1-141069090	S2-206384637,S3-325788135
S1-754961766	S2-566529142,S2-884271899,S2-834699848,S2-309109197,S2-370452985,S3-276382963,S3-69888416
S1-213413432	S2-250425886,S2-657943744,S3-685455173
S1-756623307	S2-955690510,S2-799306907,S3-222536278
S1-816327848	S2-971838771,S3-130771175
S1-38014223	S2-598780331,S2-240252477,S2-127720698,S3-222239360,S3-778575661,S3-127124082
S1-525538092	S2-377440567,S3-874247142,S3-412807864,S3-173324344,S3-305957018
S1-369266697	S2-439100728,S2-400857791,S3-134694420,S3-526372537
S1-360764101	S2-115515880,S2-402502676,S3-115417525
S1-989249803	S2-467103825,S2-32154335,S3-586461243,S3-934108816,S3-539500528
S1-112804870	S2-908037232,S3-941033112,S3-614465273,S3-531548565
S1-593632049	S2-641350341,S2-356996917,S3-908314610,S3-711378439,S3-935654472
S1-765842742	S2-252624132,S3-389817931,S3-575525168
S1-613471053	S2-215047500,S2-307809676,S2-276977620,S3-332914648,S3-65907802,S3-760954178
S1-265432975	S2-316668569,S2-872170479,S2-230126634,S3-640556115,S3-407472407,S3-946021935
S1-10715701	S2-700371655,S2-754740971,S2-518883274,S2-562668456,S3-703703244,S3-871998077,S3-574924953
S1-442430569	S2-707753470,S3-371461086,S3-768391365
S1-761076594	S2-23127986,S2-306953885,S3-210695331,S3-707533088
S1-77989715	S2-940010825,S2-285649039,S3-547712737,S3-850513438,S3-794639955
S1-656357235	S2-345630525,S3-925488920,S3-973670636,S3-158075544
S1-932338932	S2-763676658,S3-970521001,S3-497927398
S1-653991300	S2-987679567,S2-713339538,S3-417605477,S3-645667076
S1-39294724	S2-91408921,S3-347704297,S3-941200419,S3-752365430
S1-470092510	S2-739684026,S2-341516462,S3-84387839,S3-229957412
S1-915688267	S2-285940334,S2-348859780,S2-925516998,S2-199093981,S2-875730459,S3-133874509
S1-278770318	S2-99917216,S3-994954655,S3-289552732,S3-343070671,S3-684797741
S1-898219070	S2-24016155,S2-883012615,S3-176621060
S1-716292708	S2-677442114,S3-302151583
S1-217656242	S2-38687237,S3-143355821
S1-785667899	S2-432015979,S3-992122945
S1-595458585	S2-631032968,S3-239351527,S3-890518289
S1-679791583	S2-680112949,S2-517883441,S3-120962127,S3-361318762,S3-546119628
S1-539350103	S2-152882472,S2-526362345,S3-577580163
S1-720704476	S2-886265873,S2-622878884,S2-546298629,S3-749115321,S3-688023337
S1-188798849	S2-587102524,S2-506162455,S2-514734947,S3-184755441
S1-966014938	S2-900159807,S2-305570356
S1-841139873	S2-479703221,S2-110251629,S2-171816341,S2-220683888,S3-828421947,S3-461974508
S1-389950998	S2-388088846,S3-212916538,S3-440468814
S1-490122371	S2-203547912,S3-43898050
S1-876832286	S2-118775067,S2-649064210,S2-115174220,S3-928595938
S1-248214510	S2-102412037,S2-17930726,S3-412086308,S3-965468989
S1-961743521	S2-823799030,S2-703260822,S3-317694142
S1-574787074	S2-314411743,S3-243353786
S1-904346236	S2-794038099,S2-44666807,S3-45283002
S1-29025493	S2-371226530,S3-266165285
S1-766949527	S2-112396326,S3-230740247
S1-466112635	S2-540296461,S3-605692415,S3-923620607
S1-914547330	S2-934671895,S2-722656036,S2-737404165,S3-449114792,S3-179288114
S1-79113857	S2-258880271,S2-829004723,S3-662796651,S3-988673318,S3-899486119
S1-758400553	S2-61885084,S2-530298275,S2-520643087,S3-71474741,S3-445669712
S1-936139204	S2-149808637,S2-338389253,S3-866401231
S1-832670105	S2-236491578,S3-928418825,S3-365866983
S1-405947121	S2-904651974,S2-393358883,S2-476209538,S2-110728138,S3-46583366,S3-454058766
S1-683782942	S3-562522025,S3-297591643
S1-361337714	S2-230905083,S2-270719357,S3-775212237,S3-666312474,S3-564804791
S1-7715275	S2-478259310,S2-239496710,S2-215976023,S3-262786074,S3-543833826
S1-301758125	S2-992719438,S3-256926500,S3-173749601
S1-920877411	S2-79621771,S3-956978077,S3-806656562
S1-95289319	S2-712680351,S3-801648885,S3-235609141,S3-655483594
S1-555125658	S2-105356989,S2-439412816,S2-234875820,S3-990260150
S1-351393445	S2-36591417,S2-386501735,S2-775879743,S2-64462436,S3-600831677,S3-586041790
S1-263995244	S2-559540895,S3-659967583,S3-581526894
S1-466416613	S2-768308863,S3-96090005
S1-401079927	S2-90957716,S3-556011455
S1-302333748	S2-902074940,S2-381491065,S3-236593715,S3-160916907,S3-116553377
S1-321371011	S2-378670649,S2-592679242,S2-221450076,S3-479728047,S3-921410840
S1-261700931	S2-750946295,S2-342341378,S3-747696848,S3-165956402
S1-208922920	S2-941976173,S2-809633712,S2-386526648,S2-309622064,S3-152001044
S1-319836277	S2-977478875,S3-237306707,S3-475643191
S1-452864579	S3-496127971,S3-67107184,S3-917181386
S1-534729834	S2-100491708,S2-766103921,S2-782620973,S2-344845594,S3-975805784,S3-899355044
S1-441159140	S2-282799766,S3-824819721,S3-363691517,S3-1664230,S3-777679350
S1-509393892	S2-93646420,S2-647452170,S3-839172227,S3-90682440
S1-644838600	S2-763463889,S3-487682473,S3-609767921
S1-91089464	S2-248420146,S3-756442495,S3-734529584
S1-178740023	S2-26747692,S2-850604586,S2-649336534,S3-103425334,S3-215456384,S3-158032642,S3-606139865
S1-633291467	S2-955620253,S2-902838768,S3-810912360,S3-147172588
S1-215334943	S2-789270237,S3-54893588,S3-508061040,S3-942051355
S1-213002982	S2-670676776,S3-353509484,S3-311128062
S1-242392316	S2-881682368,S3-751882251,S3-938050010
S1-749011473	S2-496511699,S2-220355349,S3-382645149
S1-448942184	S2-599449625,S2-642109283,S3-470528521
S1-26590365	S2-217152382,S2-467676336,S3-870689108
S1-746610434	S2-921841515,S2-398795926,S3-79067855
S1-516460039	S2-546934117,S2-12489622,S3-528918228
S1-556430412	S2-116602021,S2-683364654,S3-127028319
S1-395008402	S3-871645495,S3-507971819
S1-252422011	S2-312571576,S2-223107182,S2-293507753,S3-708208635,S3-220809032,S3-470631928
S1-27033122	S2-109099949,S3-153986596,S3-467092600,S3-499637808
S1-17678177	S2-318845772,S3-944933855
S1-250072148	S2-935583741,S2-307024035,S3-873999572
S1-443185021	S2-256961283,S3-147627232,S3-663470120
S1-72635954	S2-8593271,S2-721856429,S3-262391827,S3-999478048
S1-788117609	S2-25239156,S3-693597608,S3-913053563
S1-923768388	S2-57470239,S3-363022175
S1-407717673	S2-447527937,S2-337435294,S2-266048211,S2-315612773,S3-298006914,S3-945094566
S1-260794224	S2-755718010,S2-633819920,S3-464579605
S1-716961059	S2-572227771,S3-465882841,S3-782795690,S3-104256835
S1-185946940	S2-244498676,S2-363203145,S2-297903272,S3-233775670
S1-287165725	S2-214834681,S2-297688924,S3-253475572,S3-429795756
S1-175393818	S2-211274669,S3-994384955
S1-771350895	S2-991542472,S2-617883903,S2-908584569,S3-965283496,S3-661838141
S1-610044786	S2-996146818,S3-398785028,S3-399358915
S1-612171762	S2-736478978,S3-829310758
S1-332140500	S2-952515167,S3-977320142
S1-11149261	S2-403285685,S2-687126755,S3-687929254,S3-490410867
S1-545761759	S2-167295748,S2-145828145,S2-554666444,S3-42003799,S3-384261115
S1-935176981	S2-418284878,S2-556280954,S2-194473687
S1-927414114	S2-296574231,S2-266787818,S2-893237366,S2-883031911,S3-742143782,S3-281628003,S3-542430064,S3-927376958,S3-100903184
S1-589644824	S2-968957391,S3-923648091
S1-481441612	S2-747171182,S3-344428367,S3-918136619,S3-502626182,S3-531163454
S1-180442187	S2-896488252,S3-682047553
S1-82836722	S2-968134760,S3-644922328
S1-384465417	S2-898652563,S3-891645411,S3-723769746,S3-194424143
S1-970955561	S2-516283690,S3-772862925
S1-197348944	S2-266689861,S3-551502490
S1-834591136	S2-908130456,S2-587190094,S2-4162246,S3-759726904,S3-492107881
S1-82299321	S2-537574013,S3-86588138
S1-850995535	S2-700008482,S2-195116484
S1-697910316	S2-369119219,S2-978075354
S1-911508934	S2-908681192,S2-580560002,S2-36768723,S3-368936366
S1-893506890	S2-45513829,S3-952861305
S1-879203325	S2-833212616,S2-467858962,S3-295683713,S3-763134186,S3-422420342,S3-993276506
S1-22082367	S2-896809730,S2-350415696,S2-774102615,S3-262982506
S1-982958390	S2-705572919,S3-320038067,S3-831828532,S3-876094267,S3-272578070,S3-262374238
S1-508927240	S2-63281925,S3-637224702,S3-574836212
S1-783227460	S2-653333340,S3-682656161,S3-225142472
S1-2509125	S2-470375776,S3-125780566
S1-46568584	S2-46732275,S3-582524021
S1-542647294	S2-82742876,S2-955738710,S3-913402560,S3-6375946
S1-931013109	S2-3052552,S2-449810159,S3-148812237,S3-545154026
S1-435173597	S2-506112221,S3-491569702,S3-660663983
S1-13614949	S2-588012419,S3-459283685,S3-589469253,S3-555625736
S1-259573929	S2-117973734,S3-820470002,S3-93949113
S1-470084488	S2-938163599,S2-877303853,S3-707066079,S3-272952259,S3-756805620
S1-175568515	S2-486341248,S2-231528000,S3-463624470,S3-35984545
S1-390977400	S2-186757047,S3-818467381,S3-377683762
S1-767458009	S2-914981113,S2-733171633,S3-412046446,S3-748964801,S3-549670909
S1-914829043	S2-573566961,S2-174758284,S2-331391467,S3-737683956
S1-497491866	S2-888032525,S2-720482919,S3-439663930
S1-445355925	S2-406407731,S3-846670998,S3-499420061
S1-90924933	S2-587779913,S3-471682999,S3-357689903,S3-503233115,S3-461171800,S3-293728055
S1-827031207	S2-821848135,S3-935738393
S1-557945351	S2-669693083,S2-831737564,S3-680521828,S3-194072693
S1-222140309	S2-516599258,S2-702034813,S3-207079098
S1-980222090	S2-514781796,S2-254151637,S3-869835026,S3-759932288
S1-795535217	S2-149204064,S3-869232540,S3-851873794
S1-614293224	S2-632798222,S3-92117581,S3-711543006
S1-108119314	S2-691998332,S2-529718848,S3-777441461,S3-619192116
S1-814830455	S2-235432215,S3-412156731,S3-386072771
S1-551483246	S2-591203696,S2-824736590,S2-876624187,S3-108177677
S1-784057652	S2-946637923,S2-592129152,S2-386814562,S3-384334271,S3-176527459
S1-279177673	S2-290712944,S3-477294888,S3-228171075
S1-567464097	S2-992987337,S2-577219127,S3-902793983,S3-169676496
S1-233632317	S2-472369716,S2-344086434,S2-321361236,S2-865384266,S3-851276241,S3-455447771
S1-4373086	S2-115161439,S2-559627407,S3-196469585,S3-620928169,S3-782375003
S1-764234422	S2-13885940,S3-495696613,S3-421953093
S1-571115728	S2-349650299,S2-790637929,S3-874589282,S3-781988756,S3-962547298
S1-445783386	S2-450348652,S2-919828506,S2-743301969,S3-211440462
S1-885491951	S2-490368352,S2-809409751,S3-895040979,S3-722969908,S3-50487182
S1-978079876	S3-794762224,S3-412011592
S1-524784352	S2-838022893,S2-738494509,S3-159886272,S3-199616189
S1-595772485	S2-533489643,S2-993669081
S1-875456438	S2-858248820,S2-52986581,S2-175824448,S2-917934358,S3-794196972,S3-276794789
S1-867089680	S2-540044755,S3-788765697,S3-852453362,S3-803421719,S3-184617402
S1-208388003	S2-252529620,S2-706331996,S3-549614536,S3-518526342
S1-808273352	S2-634807555,S2-706854595,S2-355724797,S2-133364596,S3-877755267,S3-668262232,S3-187898017
S1-598297607	S2-62308293,S2-644717023,S3-638859766,S3-86978978,S3-175551906
S1-860039210	S2-237531818,S2-94655691,S3-283616239
S1-708426546	S2-245959953,S2-88623323,S3-986155716,S3-594757965,S3-557543256,S3-451111106
S1-932091358	S2-656992770,S2-331444966
S1-985202116	S2-418125633,S3-410241082
S1-43418544	S2-595146601,S2-759505013,S3-303893914
S1-169369103	S2-986335673,S2-639921238,S2-544772738,S3-393973584,S3-577068764
S1-994895264	S2-992883109,S3-879504564,S3-440969989,S3-19564683
S1-51502973	S2-499562436,S2-216098204,S3-996918357
S1-428954182	S2-94452567,S3-29800126
S1-354529466	S3-637928472,S3-105389256
S1-545206005	S2-998240405,S3-953190521,S3-795616863
S1-18864967	S3-938752590,S3-381409815
S1-93954704	S2-886237998,S2-869778708,S2-501842184,S2-635585633,S3-728620962,S3-571680364,S3-479308652
S1-923208784	S2-487754508,S3-486287741,S3-443291691
S1-598419666	S2-637985159,S2-733215026,S3-562737528,S3-908250351,S3-618714947
S1-984089168	S2-958862586,S2-345827558,S2-51051907,S2-808428700,S3-295293108
S1-432105985	S2-503767287,S2-509596617,S3-506710964,S3-724412982
S1-450644747	S2-924521335,S3-899052622,S3-404689173,S3-479520936,S3-811167707,S3-150734486
S1-579048336	S2-383332162,S2-482478316,S3-114355994
S1-517502323	S2-73750148,S3-634448671
S1-387962280	S2-53984032,S2-660017173,S2-767888510,S3-910819564,S3-107446367
S1-304145357	S2-401032037,S3-40465109
S1-847198511	S2-129660413,S2-471650652,S3-523991399,S3-658762156
S1-622978318	S2-495470384,S3-562048846,S3-991889275,S3-755609317
S1-546688054	S2-956498357,S3-191492674,S3-909059674
S1-466333379	S2-308846449,S2-872126182,S3-891514460,S3-908335101,S3-445234693,S3-506627624,S3-560663481
S1-962718041	S2-154584112,S2-60064566,S2-189462361,S3-260639279
S1-176661001	S2-920655631,S2-776480579,S3-470471671,S3-521772643
S1-93569156	S2-562909140,S3-830733302,S3-418287183
S1-724138105	S2-429102133,S3-609015023
S1-888566824	S2-222011206,S3-27301566
S1-522367377	S2-376936479,S2-77005781,S2-648626812,S3-665366790,S3-915396603
S1-762146313	S2-94902379,S2-50282335,S2-123642231
S1-956501605	S2-772903040,S2-655996531,S3-358988470,S3-964272341,S3-546607428
S1-616035062	S2-607236637,S2-953524788,S3-620284706,S3-867191184,S3-889207742,S3-316810802
S1-633882842	S2-137100943,S2-864064574,S3-80334845
S1-117587845	S2-152505119,S3-228261129,S3-362147191
S1-873159250	S2-455333297,S2-138772566,S3-458680100
S1-232080553	S2-136668142,S3-526848771,S3-27659224,S3-408448788
S1-244417735	S2-54400604,S2-88210474
S1-94149068	S3-916110664,S3-387082385
S1-778380686	S2-79022633,S2-320796299,S3-497768812
S1-201522737	S2-743212674,S2-86560629,S2-285555373,S3-9337667,S3-288786471
S1-202146158	S2-573488493,S2-102354807,S3-91366912,S3-582246403
S1-22889168	S2-531129052,S2-155183410,S3-233883450,S3-803560597,S3-999835624
S1-424900170	S2-786484115,S3-153494323,S3-8074721
S1-564511593	S3-438350053,S3-838259336
S1-490665390	S2-39009191,S3-748835848,S3-325974794
S1-147926771	S2-345237591,S2-561065410,S2-212902002,S3-718964186,S3-245106238,S3-529388440
S1-816549800	S2-612058311,S2-843053641,S3-321220922
S1-697663757	S3-360970534,S3-909821025,S3-692665092
S1-252863613	S2-307604661,S3-931337882,S3-483572114
S1-700980308	S2-881497022,S2-468512806,S3-128188013,S3-916637803
S1-126377163	S2-293983287,S2-427060014,S3-170493575,S3-677985923,S3-650857362,S3-909481725
S1-585858343	S2-232649212,S2-584784421,S3-448496283,S3-40505341,S3-228239048
S1-892947998	S2-257478589,S3-517647089,S3-222440290
S1-610435211	S2-438053301,S2-13210885,S2-686992676,S3-794252494
S1-921964318	S2-978624964,S2-661749681,S2-785069387,S2-631172060,S3-602052035,S3-778058374
S1-601273952	S2-407121987,S2-369578319,S3-498332986
S1-380902449	S2-437791933,S2-846324312,S2-844922825,S3-387039204,S3-540602103
S1-102436095	S2-205725858,S3-886927406,S3-490014143
S1-821576546	S2-542346853,S2-209245899,S2-997036554,S3-611673961,S3-906598467
S1-622012651	S2-145586110,S3-583895210
S1-991778399	S2-874871543,S2-708523816,S2-131224888,S2-301998895,S3-229524480
S1-251090779	S2-493508298,S2-844120502,S3-574287448,S3-861010194,S3-799093359
S1-951955342	S2-513237146,S3-7865053,S3-151822858
S1-621519232	S2-728724987,S2-280220011,S2-674383380,S3-489125826,S3-240101523,S3-686377618
S1-618196842	S2-915550216,S2-817993301,S2-733380280,S3-442206380
S1-465722346	S2-45235504,S2-23267100,S2-171167407,S2-824747263,S3-569650406,S3-484548933,S3-671883707
S1-430203906	S2-421963336,S3-235390766
S1-451307235	S2-928119440,S3-340606867,S3-763149700,S3-464235548
S1-250878554	S2-433104559,S2-22295478,S3-148106114,S3-423300043
S1-703418089	S2-263057398,S2-452059173,S3-757471026,S3-340744949,S3-34448397
S1-603714891	S2-998151116,S3-523335726
S1-880376815	S2-498131075,S2-856171864,S3-88412896,S3-1240189
S1-697012293	S2-76136038,S2-741588037,S3-388818881
S1-459799506	S2-53214709,S2-869896838,S2-709238247,S2-257595674,S2-638734335,S3-517866445
S1-335446757	S2-319392072,S2-269286362,S3-842218396,S3-830095949
S1-54325388	S2-470655557,S3-157663701,S3-642738958,S3-527452757
S1-252035662	S2-808471701,S2-689112756
S1-956308888	S2-586708507,S3-739625127,S3-359404940,S3-222682136
S1-976269356	S2-350383721,S2-515514437,S3-214740347,S3-754604451
S1-94715392	S2-281400205,S3-784256709
S1-820101475	S2-935635043,S2-753855529,S2-850216583,S2-842573788,S3-570939582,S3-171244518
S1-513975467	S2-569022234,S2-941981335,S2-546451191
S1-724335753	S3-153099131,S3-239614608,S3-662333335
S1-81300085	S2-209134679,S3-728871407
S1-175472432	S2-168671255,S2-314142561,S2-478006457,S3-222728464
S1-716532380	S2-835812643,S3-471947310
S1-955314366	S2-765094316,S3-503805483
S1-475280134	S2-207036600,S2-678433245,S2-763442944,S3-298863618
S1-870563535	S2-958387747,S2-695598274,S2-631788715,S3-215740695,S3-233892656
S1-413221059	S2-827569625,S2-35806792,S3-713934598
S1-224449128	S2-416089307,S3-437092715,S3-696670170
S1-190654943	S3-845219903,S3-181418524
S1-768109276	S2-692008620,S2-240112744,S3-419400892,S3-3098975,S3-315058292
S1-668808000	S3-248681739,S3-602748911,S3-995848915
S1-752000918	S2-128186496,S2-775638851,S3-475728628,S3-426454957,S3-767577710
S1-987639264	S2-273474883,S3-468895073,S3-185644165
S1-907198904	S2-727514873,S3-8539392
S1-989596438	S3-502191213,S3-386879412
S1-353481984	S2-23786946,S3-603765740
S1-987572415	S2-337656134,S2-841761423,S2-431665322,S3-78038856,S3-750717184,S3-269401415
S1-319804053	S2-427598460,S2-289387793,S2-533740802
S1-663485205	S2-140727443,S3-50829252,S3-619024882,S3-812031383
S1-429297138	S2-777329519,S2-616072671,S2-419126456,S3-120449549
S1-384215972	S2-691421466,S2-502732620,S2-1612818,S2-749586302
S1-521752234	S2-48291104,S2-227271598,S2-373662667,S2-877649847,S3-556734407,S3-84730774
S1-709435335	S2-265903598,S2-82190999,S3-382010263
S1-32195644	S2-427650551,S3-562256364
S1-974411199	S2-144310877,S3-386296717,S3-394619056,S3-834235744
S1-905035675	S2-388273635,S2-476911441,S2-639948997,S2-137943529,S3-313516074,S3-340085000,S3-757577457
S1-699749169	S2-280273517,S2-452350743,S2-314645994,S3-993574535,S3-866231741
S1-73156772	S2-798617260,S2-174640422,S3-965034016,S3-460730257
S1-930670529	S2-609203883,S2-838755857,S2-33081523,S3-425566918,S3-364748014,S3-87192315,S3-363853493
S1-997590738	S2-702197669,S2-903529852,S3-497960707,S3-436085718
S1-400759086	S2-971430823,S3-93443374
S1-791232607	S2-460385027,S2-733889980,S2-629544836,S3-398917268,S3-161563712,S3-896344550
S1-324213118	S2-392392486,S3-451180281,S3-514376683,S3-395797278
S1-240738886	S2-563204244,S3-1129843,S3-444363297
S1-413734284	S3-892907568,S3-920953230
S1-837797661	S2-869355766,S3-472608370
S1-94306373	S2-10589476,S2-559263561,S2-740705183,S3-554128674
S1-239614818	S2-223603615,S2-816226834,S3-511182755,S3-377992264
S1-279726112	S2-544290164,S2-598897700,S2-531668609,S2-666506557,S3-199841219,S3-817133841
S1-810867956	S2-565337269,S3-210414532
S1-377666711	S2-757276356,S3-568345117
S1-280941860	S2-455056475,S2-390724994,S2-349448616
S1-525246680	S2-168963363,S2-442866619,S2-885491846,S3-185896915
S1-444157685	S2-255092329,S3-663397419
S1-701423717	S2-882169051,S3-987270164
S1-215598590	S2-926827792,S2-800832614,S2-590008788,S2-748902057
S1-461870674	S2-545028964,S3-450985840,S3-946940621
S1-349863447	S3-342985581,S3-935353038,S3-299959085
S1-838751351	S2-380925845,S2-354763742,S3-787670920
S1-747248158	S2-19172709,S2-623012840,S2-100963147,S3-816528633,S3-656627944
S1-940441447	S3-747466490,S3-147654043,S3-113826464
S1-29749329	S2-313465228,S2-922386831,S2-516960377,S3-474996216,S3-499960325
S1-265588493	S2-869178560,S2-75775052,S3-53822362,S3-280775679
S1-610159625	S2-480630414,S3-945942968
S1-530424806	S2-245490990,S2-246365869,S3-180767187
S1-354344465	S2-573627596,S3-424962641
S1-724581517	S2-689164703,S3-301090858
S1-364845156	S2-590884013,S2-822063959,S2-236097272,S3-947124347,S3-661424255,S3-290045474
S1-523182155	S2-762265123,S2-737977439,S3-738526276
S1-198118541	S2-159586215,S3-728560254
S1-532088238	S2-767437176,S2-585145577,S3-895749459,S3-287682633
S1-535331855	S2-885868389,S3-662530910,S3-358100429,S3-131210931
S1-485395444	S2-168532321,S2-867438825,S2-478880311
S1-14313642	S2-563868047,S2-389890651,S3-483584852,S3-808202063
S1-760763458	S2-405985385,S2-197884773,S3-488313483,S3-637404840
S1-987183411	S2-153365902,S3-944137353
S1-466170908	S2-239835314,S2-448572638,S3-907217033,S3-992621374,S3-567915119,S3-796576487
S1-22313992	S2-836246260,S3-127689495
S1-901447734	S2-834813941,S2-188795378,S3-747476839
S1-986074065	S2-423835745,S3-471371867
S1-706846164	S2-466323574,S2-268665503,S2-911543412,S3-87807171,S3-361215044,S3-396678213
S1-995912421	S3-951763984,S3-721267033,S3-282612490,S3-352889067
S1-9056911	S2-510111231,S2-939332645,S3-945218599
S1-67127228	S2-960706583,S2-296328759
S1-125740741	S2-887231186,S2-209393924,S3-776959173,S3-499738976
S1-192219844	S2-261770054,S3-455171579,S3-295821800
S1-105263849	S2-275775969,S2-555821621,S3-558280796,S3-70111733,S3-563985322
S1-580952930	S2-679942207,S2-758161992,S2-17827844,S2-589223490,S3-503761879,S3-995028473
S1-568370943	S2-234072451,S2-598578420,S3-479375822
S1-57113167	S2-635172369,S3-821172864
S1-825610205	S2-867753628,S3-700735451,S3-529614589,S3-64226600
S1-429139772	S3-56427600,S3-217589075,S3-407324183
S1-811732377	S2-879008100,S3-36983798,S3-453925716
S1-661270235	S2-138584383,S3-599609182,S3-593267192
S1-855025208	S2-612588959,S2-675738715,S2-659787032,S3-538953041
S1-453007460	S2-997784567,S3-806743193,S3-549009203
S1-129381062	S2-465240282,S3-743639287,S3-946438178
S1-659532233	S2-21214903,S3-569140208
S1-692145856	S2-501908402,S2-634460307,S3-829962414
S1-804444988	S2-898529098,S2-178966314,S2-252559757,S3-459038386,S3-309522196,S3-590700647,S3-918481780
S1-380230846	S2-399415372,S3-407391146,S3-862716558,S3-117748871
S1-383788105	S2-537283029,S2-711212693
S1-709488530	S2-628136689,S2-111393213,S2-50482436,S2-309831344,S3-11487563,S3-846170691
S1-959586348	S2-579296397,S3-961116801
S1-91171253	S2-574057902,S3-304176868
S1-482213411	S2-307386749,S3-123844702,S3-773237021,S3-217579509
S1-709283802	S3-691965651,S3-765526523
S1-821816693	S2-398279673,S2-158333244,S2-645203277,S3-185680287,S3-180493773,S3-914412552,S3-865824688
S1-516871678	S2-164534775,S2-637411522,S3-355519923
S1-656970703	S2-157591696,S2-101840118,S2-524317153,S3-548530855
S1-518756803	S2-416491101,S2-468967058,S3-423281592
S1-44321260	S2-271658830,S3-944099428,S3-413304082
S1-802710551	S2-468305857,S2-720735265,S2-962584449,S3-664421949,S3-692124239,S3-355426664
S1-434291995	S2-619946664,S2-935478762,S2-333820561,S2-453265716,S3-26054518,S3-610636818
S1-727855691	S2-836019083,S2-521901469,S2-443312373,S2-232856377,S3-893914255
S1-328504124	S3-252515788,S3-557967682,S3-365594549
S1-296836145	S2-960694363,S2-388332427,S2-570983981,S2-749210735,S2-24958007,S3-438386361
S1-325897614	S2-281867734,S3-282982230
S1-69576315	S2-872142491,S3-914874040
S1-699369421	S2-838362426,S3-156203789,S3-640903426
S1-295415850	S2-337738682,S2-645483267,S3-357090058
S1-114406426	S2-659635039,S2-240066914,S3-51329821,S3-73236253
S1-701066582	S3-316987580,S3-623874975
S1-580125173	S2-311452400,S2-981889325,S2-122927821,S3-492503634
S1-991420608	S2-48643645,S3-836099238,S3-15956196
S1-434152732	S2-381777294,S2-743354492,S2-724746629,S3-53516815,S3-776523125,S3-931114439
S1-448167330	S2-23849265,S2-933076727,S2-878983713,S3-834531827,S3-899600290,S3-821126045
S1-723303933	S2-746473225,S3-373128498,S3-697353688,S3-196837297,S3-178268512
S1-351766139	S2-16428444,S3-840971639
S1-501633359	S2-315179014,S3-649809339
S1-63478102	S2-808151908,S3-43914251,S3-909511940
S1-124482869	S2-398475167,S2-424883896,S2-711920433,S3-521220032,S3-539428371,S3-583654280,S3-880914483
S1-323050016	S2-494253685,S2-568898608,S3-901772666,S3-615773833,S3-318678367
S1-464841563	S2-872850482,S2-580087675,S3-456428054
S1-359256283	S2-926809607,S3-724101756
S1-995534071	S2-511548545,S3-495196637
S1-997239128	S2-869602330,S3-925351098,S3-623065706,S3-830603175,S3-953071133,S3-982976882
S1-439195263	S2-941552514,S2-176266232,S3-719443170
S1-156575912	S2-132762302,S3-331758682
S1-990744864	S2-840015624,S2-826818555,S3-139859832
S1-131860200	S2-550364529,S2-378110775,S2-681067665,S2-975634606,S3-997216260,S3-705949351,S3-892178523,S3-884766081
S1-180073318	S3-91080158,S3-925995212,S3-608695528
S1-236859611	S2-897472454,S2-68136490,S2-854599759,S3-56751183,S3-408361639
S1-994490658	S3-237977060,S3-888891438
S1-459385904	S2-916287482,S2-226103110,S3-457834321,S3-903334250,S3-849401272
S1-586173216	S2-319233100,S2-993999447,S2-959640214,S2-579318980,S3-411254339
S1-733846685	S2-103159007,S3-685837592,S3-663872009
S1-766586475	S2-415999253,S2-117819750,S3-784545401,S3-680591386
S1-878311714	S2-850356656,S3-529755985,S3-576394092
S1-116143349	S2-77988166,S3-216221655,S3-910030110
S1-41659072	S2-141862401,S3-379696551,S3-139274709,S3-908125728,S3-952260148
S1-846251841	S2-543052036,S3-814784114,S3-338696301,S3-140905597,S3-815185519
S1-899116460	S2-259393662,S2-282044229,S2-891222454,S3-115124941,S3-868611368,S3-936966170,S3-588939937,S3-964416185
S1-95462093	S2-796986029,S2-507405229,S3-543969689,S3-295464138
S1-976555911	S2-43986218,S2-390935201,S2-512475739,S2-374711449,S2-504263281,S3-318147536,S3-859611042
S1-969398905	S2-688304238,S3-660114487
S1-598795810	S2-694761280,S2-352077306,S3-456999820,S3-624485578
S1-308562248	S2-705146620,S2-520784314,S2-431027020,S3-864847188
S1-461022627	S3-807558643,S3-7468781,S3-572339424
S1-662651531	S2-82387692,S2-698779781,S3-258290572
S1-347096039	S3-5696921,S3-257163913,S3-900687017
S1-380238780	S2-282321142,S3-73951613
S1-479512770	S2-442131460,S3-714447745,S3-387426743,S3-572401273
S1-140382871	S2-743429337,S2-515356398,S3-60550968
S1-472944603	S2-547773867,S3-650444721,S3-103217117
S1-155263688	S2-307489830,S3-801397767,S3-445111576
S1-682706632	S2-740149565,S3-28940537
S1-74987397	S2-77929753,S2-878543015,S3-207831094
S1-804966961	S2-278851508,S2-26802558,S2-21802812,S3-581840147
S1-311425782	S2-941512614,S3-784222660,S3-113753746
S1-389266769	S2-285318525,S2-153207217,S3-241264374,S3-866631040,S3-635997990
S1-427749387	S2-533344530,S2-988211882,S2-873640996,S3-554813461,S3-948756416
S1-103237639	S2-387834350,S2-750432501,S2-946164852,S3-618684946,S3-120620837
S1-935704998	S2-698199904,S3-773670134
S1-995678222	S2-195348353,S2-423362849,S3-877498380,S3-902496337
S1-249382760	S2-777480192,S2-400788127,S2-295721081,S3-449279872
S1-550803238	S2-268097390,S3-900867595
S1-667860262	S3-55108852,S3-798120261,S3-136826694
S1-832924504	S3-434288411,S3-553200843,S3-247106093
S1-123253147	S2-790291976,S2-342424366,S3-415097874,S3-852029215
S1-908334535	S2-316377225,S2-553846464,S3-130856001,S3-227866476
S1-813448750	S2-352934399,S3-532152875,S3-350340669,S3-286487475,S3-878298510
S1-687860137	S2-996545062,S2-651371772,S2-911262393,S3-479940387,S3-73336211,S3-442991243
S1-188160920	S2-408102498,S3-617292436,S3-241934062
S1-778721007	S2-70297794,S2-40674271,S2-4322304,S3-561741502
S1-71819438	S2-181702464,S2-221688460,S3-243926449,S3-673004032
S1-440761387	S2-315806490,S3-765004940,S3-731633075,S3-568306999
S1-753570011	S2-810158912,S2-298052047,S3-519943804,S3-764275136
S1-965852210	S2-833598952,S2-841225002,S2-656721142,S2-284916873,S3-744766351,S3-954135914
S1-666474984	S2-62057654,S2-328401245,S3-479580528,S3-606075456,S3-630681816
S1-163367252	S2-893881037,S3-311479630
S1-832770125	S2-662658234,S3-104741573,S3-281789373
S1-968027374	S2-318077001,S2-170916307,S2-979686015,S2-264678983,S3-597609214,S3-187565390,S3-238333022
S1-135947589	S2-425454890,S3-479772623,S3-660182054,S3-177261691,S3-971845081,S3-562337184
S1-14800692	S2-125024541,S2-791499401,S2-790688004,S3-189381183
S1-569106277	S2-476862467,S3-507915009
S1-832544932	S2-84219315,S2-675568411,S2-40794939,S2-580499232,S3-999851283
S1-238561702	S2-840247065,S2-194078690,S2-360681388,S3-317485886,S3-777683071,S3-223139088,S3-409722532
S1-43816069	S2-534433356,S3-455259782,S3-214213535
S1-950199400	S2-211945122,S3-92296140
S1-289860447	S2-225195576,S2-438376151
S1-370367475	S2-544313558,S2-9528584,S2-5353052,S3-924200309
S1-734657255	S2-126319131,S3-440650669,S3-416141131,S3-823736167
S1-969953671	S2-989540229,S2-258754812,S2-151427043,S2-593649628,S3-338585733
S1-183717919	S2-184735213,S3-941137206,S3-775529741,S3-174737645,S3-827928262,S3-654758696
S1-832253972	S2-199283556,S2-282911514,S2-497961533,S3-239155494,S3-951618176
S1-465413876	S2-134174458,S2-269906450,S2-289942487,S2-583684518
S1-772020622	S2-432185517,S2-902660430
S1-527875087	S2-242518531,S2-924776895,S3-608884936,S3-405318641
S1-110861538	S2-881282138,S2-919892201,S2-28732430,S2-814780454,S2-919148484,S3-162908220,S3-998301751
S1-642219669	S2-161718706,S3-98628200
S1-512044554	S2-694447480,S2-241383362,S3-49997649,S3-962982173,S3-976495889,S3-968535740
S1-777489736	S2-856997347,S2-373096175,S3-4405841,S3-760631944
S1-272341428	S2-103051751,S3-26745660,S3-134928834
S1-954835791	S2-801028790,S2-937355212,S3-234254859,S3-125199589
S1-585694137	S2-707606875,S2-837821053,S3-189978157,S3-696927297,S3-260537819,S3-398440736
S1-832373938	S2-441004920,S2-349551398,S3-422632630,S3-998118513,S3-90955161
S1-953506731	S2-67983624,S3-282394447
S1-713762082	S2-985130879,S2-978253451,S3-359074753,S3-973078979
S1-420510022	S2-799989828,S2-405637241,S2-848028957,S2-450932722,S3-351671862
S1-705025426	S2-671315226,S2-718332627,S3-955470577
S1-569419490	S2-287288647,S3-474900640
S1-925744385	S2-955572591,S2-77795626,S2-275870990,S3-525949451
S1-74165464	S2-249325431,S2-350754193,S3-377145704,S3-381186285
S1-257050409	S2-587219816,S3-539541090,S3-719608852
S1-323342936	S2-951861796,S2-805647729,S3-138368347
S1-293674009	S2-746877423,S2-31711256,S3-772577534,S3-212353836
S1-793725956	S2-786534542,S2-3958665,S2-553027578,S3-654405964,S3-975305102
S1-811104302	S2-262938574,S2-227401427,S2-708502830,S3-867316574
S1-966726278	S2-188760822,S3-287138350,S3-821260127,S3-594469101
S1-385234094	S2-897118549,S3-980647250,S3-493519906
S1-738313676	S2-801027533,S2-734966685,S3-779392735
S1-874875657	S2-306043325,S2-732264344,S3-416569561
S1-266084296	S2-344119434,S2-634650571,S2-611981800,S3-137699052,S3-138866084,S3-112247377
S1-413865176	S2-253669217,S2-297572779,S3-428049624,S3-174507874,S3-244435764,S3-483880406
S1-987622553	S2-638179537,S2-666226874,S2-124523752,S2-335760790,S2-72549147,S3-387750443,S3-461604714
S1-119805319	S2-581136828,S2-694039487,S3-618603071,S3-181179169
S1-606104698	S2-657014816,S2-415801557,S2-368318609,S3-111297978,S3-488563206
S1-607715865	S2-894035000,S2-534213959,S3-261256515,S3-474171581,S3-216322141
S1-969884307	S2-86408660,S2-601058516,S3-526544336,S3-222670378
S1-269875609	S2-289453502,S3-562178007,S3-686179027,S3-262495565
S1-838280638	S2-825155642,S3-441591328,S3-634603703,S3-271471384
S1-175480872	S2-629412617,S2-948757915,S2-760263931,S3-559964455,S3-278604014
S1-144518403	S2-317704731,S3-198035303,S3-216094040
S1-586070209	S2-150254423,S2-305220103
S1-163558740	S2-73458085,S3-910721082,S3-982654950
S1-167756409	S2-264888739,S2-750280755,S3-899107622
S1-512883635	S2-712091440,S2-25726974,S2-513563785,S3-20124152
S1-692077538	S2-200143835,S2-575327021,S3-689088769,S3-31025363,S3-177348140
S1-63861541	S2-394396472,S2-938176574,S3-574204882,S3-920196516,S3-28477839,S3-86347668
S1-211743104	S2-595832786,S3-308290851,S3-887332597
S1-538764589	S2-75912392,S2-455109339,S3-408850646
S1-458223634	S2-649469467,S3-973944191
S1-820085965	S2-994877815,S2-485825043,S2-751721437,S3-148320743
S1-139305086	S2-777696498,S2-467636613,S2-616266763,S2-954638712,S2-80159151,S3-887285845,S3-828512054
S1-196059519	S3-945832832,S3-822605859
S1-904129232	S2-708450950,S2-611215114,S2-848450707,S3-198644888,S3-813921900
S1-746560367	S2-184889148,S2-174056825,S3-714375167,S3-960163387
S1-531434354	S2-711289257,S3-661838829,S3-609416507,S3-838776242,S3-11522493
S1-184291269	S2-37884320,S3-899204941
S1-609375650	S2-731029373,S3-164405925,S3-77224098,S3-854726096
S1-199160201	S2-2309639,S2-517300845,S3-450742807,S3-255671751,S3-259758779,S3-652944118
S1-426895717	S2-511296628,S2-252345769,S2-614542513,S3-736085803,S3-720546062,S3-396241611
S1-969499515	S2-65212952,S2-989532462,S3-838714103,S3-205067136,S3-225723475
S1-348948344	S2-283425964,S2-798772424,S3-999148316,S3-58677235,S3-499698921,S3-969276832
S1-83333056	S2-196366926,S2-20372725,S3-146638058,S3-342588993
S1-137844529	S2-21383927,S2-561762556,S3-188296545
S1-475891942	S2-465655362,S3-214150811
S1-14513608	S2-945039517,S2-5689509,S2-125414116,S3-526089040,S3-388112875,S3-450640351,S3-267094375
S1-220816161	S2-215503851,S3-503509180
S1-539956591	S2-641929590,S3-701333147,S3-231461512,S3-743329544
S1-856710532	S2-206193424,S2-867601724,S3-704679319,S3-22451241,S3-633645735
S1-158464239	S2-131328223,S2-258637079,S2-899143093,S2-93399379,S2-373464753,S3-892727489
S1-788568375	S2-587849481,S3-288698922,S3-166280098,S3-552415604,S3-490561092
S1-655615869	S2-297644137,S2-492797813,S3-587530203,S3-625006669
S1-199827976	S2-538883974,S2-625809778,S3-974706273
S1-182711485	S2-313566441,S2-274761248,S3-347876906
S1-339591022	S2-366840091,S2-200141997,S2-306320050,S2-118695761,S3-438949684,S3-314849931
S1-551961115	S2-212760604,S2-369793662,S2-408474059,S2-725240572,S3-103766652,S3-871597636
S1-707496496	S2-64359572,S3-303920755,S3-489634818,S3-386581303
S1-9413864	S2-97636933,S3-408888652,S3-214584048,S3-45019493
S1-890445323	S2-413183141,S2-474521697,S3-346065875,S3-206724995
S1-107217504	S2-863530721,S2-682260144,S2-861321105,S3-308826603,S3-829995704
S1-25653499	S2-57346704,S3-966460516,S3-735099283
S1-384460030	S2-544509449,S3-966016812,S3-936809634,S3-122054458
S1-494149960	S2-25694609,S3-881090001,S3-293978177,S3-740023911
S1-569034042	S2-344671379,S2-132398829,S3-826399515,S3-769108171,S3-143982888,S3-844360571,S3-171724272
S1-74917077	S2-253009591,S3-605146469
S1-662831240	S2-136801660,S2-297228587,S2-557474550,S3-455636361
S1-984599202	S2-112373691,S2-946187181,S3-906381396
S1-404834744	S3-793562487,S3-328335102
S1-780892267	S2-324675362,S2-414742153,S3-94968320,S3-946790058
S1-304080519	S2-15163380,S3-293372649,S3-816551997
S1-600870539	S3-241014530,S3-761950362
S1-718913230	S2-771124117,S3-698917868,S3-267621176,S3-570135718
S1-277790744	S2-27138106,S2-827421424,S3-866324860
S1-707949891	S2-947697294,S2-968515842,S2-889626054,S2-794020803,S3-881741035
S1-75343875	S2-415636043,S2-319670181
S1-392300627	S2-833060932,S2-738731807,S3-527996176,S3-162629741
S1-616692477	S3-628660254,S3-27879818
S1-176466883	S2-751981961,S2-604859177,S2-297947793,S3-94373634,S3-348601593,S3-272363454
S1-388836869	S2-358162787,S2-613617519,S3-726045473,S3-709417018
S1-212488971	S2-53054271,S2-985017651,S2-476380576,S3-560555824
S1-849760124	S3-120329215,S3-825173950
S1-402561445	S2-750588528,S2-735427211,S3-284386422
S1-778515181	S2-205768732,S2-243181760,S2-885923818,S2-779595589,S3-386740717
S1-991238140	S2-147942172,S3-933432957,S3-113404465
S1-346184762	S2-975237320,S2-8973481,S2-789884214,S3-510947812,S3-177089111
S1-736735340	S2-274423930,S2-943470884,S2-221039818
S1-625409722	S2-963113672,S3-492722520
S1-281382247	S2-619111090,S2-128238298,S2-705083356
S1-606217736	S2-444643360,S2-421668487,S3-213818135,S3-230513578,S3-294543980
S1-87296475	S2-454374086,S2-230866671,S2-48470898,S3-769720702
S1-399511900	S3-400154729,S3-968993151
S1-907162897	S2-28418390,S2-324027746,S3-897722320,S3-116962901
S1-992065767	S2-986830240,S2-826808918,S2-72139295,S3-459597590
S1-824859974	S3-92102388,S3-107819763,S3-70974987,S3-560375728,S3-87909792
S1-334038715	S2-633200704,S2-336286093,S2-656093437,S3-63963004
S1-971093855	S2-185120943,S3-10288950,S3-806125520,S3-629551026
S1-844089163	S2-325653412,S2-782955461,S2-420628241,S2-164231862,S3-741921939,S3-311926019
S1-903800568	S2-297989857,S2-560337071,S3-162953033,S3-204816536,S3-977060939,S3-541382788
S1-333967572	S2-333141309,S2-928880694,S2-120267438,S3-261299068,S3-621853285
S1-609302562	S2-296348523,S3-989210011
S1-332216140	S2-239073115,S3-450879883,S3-938542839
S1-848861083	S2-107616278,S2-228669218,S3-471365458,S3-583931256,S3-92928278,S3-202588324
S1-709261836	S2-387685064,S2-1009350,S2-735768944,S3-184129804,S3-9959457
S1-860239934	S2-411964864,S3-321301897,S3-8479410,S3-285307367,S3-175650242
S1-611288601	S3-969381027,S3-805109868
S1-186520938	S2-830870401,S2-582925619,S3-760272768
S1-908288522	S2-311039563,S2-766743218,S3-366899180
S1-441642201	S2-387262827,S2-357928505,S2-669848428,S2-191021471
S1-321483941	S2-232947382,S2-943512870,S3-179947947,S3-450707390,S3-867800289
S1-290876718	S2-918521900,S2-824702805,S3-246979170,S3-165374740
S1-524167611	S3-993880760,S3-883548992,S3-90907244,S3-838458871
S1-334519170	S2-106503750,S3-584920108,S3-13102830,S3-247206547
S1-297715787	S2-460592689,S2-39352438,S2-157137361,S3-678761660,S3-566971883
S1-868148729	S2-632310443,S2-283709337,S3-989115141,S3-596620672,S3-471234840
S1-316074319	S2-269981431,S3-460848489,S3-367396263
S1-197396470	S2-923493849,S2-399134884,S2-143249470,S2-914267086,S3-555103776
S1-335825931	S2-894564374,S3-455630670
S1-491396191	S2-447891074,S3-237647617,S3-463814027
S1-76043250	S2-414585756,S2-525854724,S3-66142008,S3-107883728,S3-491493561,S3-521455297
S1-392586199	S2-767269401,S2-877308685,S2-239504528,S2-169227700,S3-641533550,S3-505402310
S1-183375720	S2-246459151,S2-700950583,S2-378521313,S3-239132019,S3-484288810
S1-176825272	S2-750992922,S2-667439770
S1-710499363	S2-934098748,S3-591307307
S1-43163707	S2-830175277,S2-555658433,S3-415569169,S3-203017216
S1-244575324	S2-600490760,S2-105306650,S3-953570426,S3-262149872
S1-846639963	S2-391707618,S2-465172635,S2-614002516,S3-312282280
S1-102491705	S2-192195477,S3-39276606
S1-344706477	S2-29706812,S2-50595492,S2-993156228,S2-670526572,S3-8966419,S3-157331593,S3-331592903,S3-540474122,S3-33758078
S1-637423038	S2-959766303,S2-48318570,S2-684862531,S3-780806072
S1-938967123	S2-19789725,S2-181759887,S3-733903773
S1-376268482	S2-256508233,S2-156330483,S2-516727124,S3-874030724
S1-222295391	S2-855287231,S3-231668125,S3-471813990
S1-977807508	S2-719275723,S2-215602501,S2-914511062,S3-322828810
S1-836498505	S2-514617440,S2-189007798,S3-430271068
S1-155944741	S2-701458679,S3-511295654,S3-898160636,S3-17442355
S1-863383578	S2-380777536,S3-193602412,S3-485594420
S1-218521884	S2-371836834,S2-665599874,S2-43389378,S3-941221789,S3-557856157
S1-568096444	S2-383341108,S2-824141347,S3-30570515
S1-526259352	S2-782657149,S2-201416838,S2-788948557,S2-825710528,S3-389339134,S3-490610743
S1-800334363	S2-526141554,S2-129390964,S3-646385452,S3-102482445
S1-565801609	S2-32229992,S3-89618745,S3-523771747
S1-284204620	S2-286962244,S2-905514726,S2-383739174,S3-794979307
S1-794537027	S2-622276305,S3-503086128,S3-892494139
S1-210911878	S2-156637199,S2-655541457,S2-52406896,S3-240328349
S1-427129138	S2-606334938,S3-609317335
S1-873052791	S2-964516202,S2-374134417,S3-534326826
S1-473727903	S2-901500522,S2-182791475,S3-988116075
S1-978954900	S2-690916669,S3-595712649,S3-163977436,S3-862368462
S1-169059011	S2-865052054,S2-362923814,S2-516676634,S2-43122796,S3-212590042,S3-323086490,S3-178517391
S1-565725740	S3-518083504,S3-831505780,S3-127116738
S1-732350504	S2-8131699,S2-303178973,S2-877041266,S3-773483980,S3-204672320
S1-78722777	S2-284215253,S3-158836539,S3-888230493,S3-709606611
S1-24314010	S2-899109401,S3-349339400,S3-60162257
S1-263302204	S2-380220564,S2-211250912,S3-349860740,S3-233902827,S3-669015590
S1-976084868	S2-151489582,S3-672430268
S1-916777116	S2-76481279,S2-632209967
S1-264397673	S2-83319607,S2-954005321,S3-44326481,S3-798640478
S1-638980185	S2-203678345,S3-350002843
S1-463482754	S2-144616379,S2-980117212,S2-561639610,S2-605442527,S2-374214159,S3-695646031
S1-306687303	S2-203809121,S2-274205700,S3-666971466,S3-769054412,S3-666298005,S3-963493106
S1-213689674	S2-907083868,S2-4900459,S2-220874216,S3-802320845,S3-893591942
S1-403791005	S2-959732318,S2-714958293
S1-902957074	S2-65405762,S3-483128317,S3-82448264,S3-462132034,S3-239378636
S1-714204357	S2-126919293,S2-427213127,S2-394071887,S2-83253477
S1-994233185	S2-510565246,S3-921620061,S3-650533893
S1-219884719	S2-726048575,S2-150244917,S2-642767707
S1-956796994	S2-685705537,S2-496694155,S3-649319761
S1-532922406	S2-622139148,S2-872067909
S1-624362429	S2-135078255,S3-431281246
S1-405232471	S2-240841894,S2-786013392,S3-652579822,S3-20007074,S3-213624980,S3-90998834
S1-586193508	S2-575034915,S2-499478893,S2-921270645,S3-969657989
S1-100482017	S2-989657668,S2-552770999,S3-293249596
S1-64288988	S2-817841774,S3-162919687,S3-97898963
S1-166453645	S2-735641226,S2-864366023,S2-711493456,S3-685803028
S1-748196217	S2-323742948,S3-1434454,S3-247169340,S3-522635603
S1-323872887	S2-901846369,S3-803461757
S1-404116243	S2-133365935,S3-372463357,S3-746429667,S3-857308987
S1-513372461	S3-334515941,S3-914293686
S1-1616838	S2-257194868,S3-566829409
S1-888947718	S2-414553353,S3-612140012
S1-851292590	S2-624874195,S3-389566107
S1-307429809	S2-776668763,S2-873615457,S2-304923330,S3-669643367,S3-150159496
S1-617240221	S2-601085938,S2-561280768,S3-207176143,S3-539949333
S1-930212107	S2-509831646,S2-183191766,S2-294654251,S2-617020018,S3-42510095,S3-689837894,S3-39383043,S3-975200131
S1-682080762	S2-453813504,S3-407752787,S3-241298784
S1-175615596	S2-806426544,S2-76493590,S2-564504132,S2-385705003,S3-993490785,S3-825868100,S3-377249156,S3-453893593
S1-428015718	S3-652100733,S3-805510299,S3-880625059
S1-908345343	S2-834861891,S2-38247870,S3-196977382,S3-970744477,S3-725723061
S1-324779194	S2-843936942,S2-685691993,S3-703980276,S3-291657859
S1-404068900	S2-808918780,S3-115404203
S1-615691550	S2-780882375,S2-535494681,S3-759952393,S3-637830723,S3-695039540,S3-966722500
S1-237962532	S2-339889548,S3-534745984,S3-779714265,S3-261735538,S3-171893985
S1-938326755	S2-686941121,S2-625770352,S2-136625889,S3-513137483,S3-598186689,S3-698820773,S3-285761798
S1-867545198	S2-893449496,S2-408469463,S2-246314434,S3-837112076
S1-443520802	S2-13023098,S2-792375626,S3-40740086,S3-368472891
S1-383622687	S2-790899489,S2-410630454,S3-308429442,S3-69942199
S1-748045705	S2-406474080,S3-370974730,S3-973469932
S1-720715401	S2-540586404,S2-564331809,S3-927783784,S3-5159110
S1-860679227	S2-797835855,S2-376338066,S2-646218494,S3-369004682
S1-619536525	S2-911255362,S2-134903694,S2-639054434,S3-731899362,S3-552702022,S3-556203302,S3-492968066
S1-126824160	S2-866234901,S2-781584668,S3-619221033,S3-729480676
S1-83774781	S2-903310891,S2-743489301,S3-817027655,S3-853005806
S1-827405404	S2-885926611,S3-683343963,S3-357234955
S1-142695275	S2-336944241,S2-651161916,S3-569039081,S3-374420552,S3-78328503,S3-741375973
S1-167766999	S2-945976778,S3-299225111
S1-776321235	S2-600588935,S2-826334573,S3-990123507,S3-964253524,S3-67546571
S1-677306915	S2-206004538,S3-541116276
S1-589874141	S2-135558276,S3-524311824,S3-76578074,S3-38218188
S1-366167087	S2-243926775,S3-742144317,S3-930815800,S3-376648468,S3-571947215
S1-431421788	S2-136976285,S2-757615007,S3-687852582
S1-931109165	S2-679647005,S3-817678570,S3-26786482,S3-150559863
S1-418508534	S2-335213107,S3-885449981,S3-508017488
S1-675514688	S2-583763955,S3-990626760
S1-896442982	S2-325773013,S2-708901733,S2-501337214,S3-233498025,S3-178334795
S1-697559337	S2-304462154,S2-701262661,S3-857925785
S1-551536024	S3-439340269,S3-326074721
S1-375118115	S2-933305411,S2-951871005,S3-365733369,S3-604996655,S3-130327365
S1-17037106	S2-420538414,S3-650737126,S3-86685323
S1-633359598	S2-527072529,S2-226948045,S3-654488309,S3-482358920
S1-954821863	S2-244164541,S3-921554135,S3-150956523
S1-828472859	S2-148057129,S2-527501652
S1-412605239	S2-437318728,S2-493198259,S3-22955226
S1-283633319	S2-837495285,S2-417442610,S2-658947180,S3-438763595,S3-181710674
S1-271562954	S2-953695525,S2-480901912,S2-409153041,S3-778685210,S3-841756933
S1-319182197	S2-87279506,S2-215130457,S3-173104172
S1-172546984	S2-787198392,S3-937714627
S1-992128159	S2-393568500,S3-834381186,S3-622531014
S1-838518403	S2-187990581,S3-314189165,S3-947138086,S3-461807088,S3-424075990,S3-386638049
S1-10573838	S2-156629661,S3-531883277,S3-583515355,S3-3361327
S1-150967389	S2-924789165,S3-121820781,S3-417005425
S1-873600030	S2-532836483,S2-539388257,S3-67429608,S3-390004694,S3-987838032
S1-506980381	S2-673865676,S2-387170322,S3-748559981
S1-459681106	S2-269594980,S2-189303140,S2-639733877,S3-827439364
S1-188465249	S2-212952944,S3-731490643,S3-307788890,S3-815939008,S3-732636492
S1-403054748	S3-186860943,S3-177171747,S3-740093920,S3-765018961,S3-19440166
S1-871166917	S2-572803504,S2-340167977,S3-276395322
S1-742978894	S2-328391662,S2-564672342,S2-532754902
S1-306070067	S2-858188876,S3-24395530,S3-883980139
S1-871422436	S2-282932923,S2-157382090,S3-860782176
S1-628776852	S2-947127053,S2-834765735,S3-708220988,S3-511539372,S3-966036106
S1-714763745	S2-163980918,S2-951168187,S3-542341397
S1-723757715	S2-208368056,S2-800670916,S2-377268540,S2-696680216,S3-254366217,S3-827609514,S3-629308972
S1-583945710	S2-709922512,S3-610858719,S3-580566764,S3-999477358
S1-396858972	S2-195334144,S2-686961562,S2-10698172,S3-995353102
S1-415967130	S2-717032700,S2-276031025,S2-642407416,S3-130090064
S1-538647318	S2-950877245,S3-17876889
S1-46700578	S2-252620282,S2-232313282,S2-402655272,S2-255630339,S2-641433450,S3-920131277,S3-675531877
S1-958003457	S2-268025747,S3-890288011,S3-437574130
S1-87979411	S2-419592140,S2-60810439,S2-666156066,S3-406546445,S3-323175448,S3-927707148,S3-184288083
S1-865409611	S2-584868969,S3-187383456,S3-642806545,S3-879345743
S1-413945472	S2-990257824,S2-694270456,S3-934851786,S3-437597405
S1-112026676	S2-636117324,S3-675874114,S3-530413264
S1-294573152	S2-196542549,S3-927981208,S3-747996089,S3-243777176
S1-55247270	S2-982418339,S2-266736114,S3-222461642
S1-396954787	S2-317244694,S2-435359354,S3-288317555,S3-372942361
S1-656355344	S2-163499946,S3-520522250
S1-437072567	S2-284643792,S2-2719389,S3-950449836,S3-631269680,S3-51285223
S1-44415959	S3-235042453,S3-292306260,S3-737967531,S3-849170259
S1-506520179	S2-525088471,S3-412915866
S1-476445299	S2-890946411,S2-583501162,S3-491718407,S3-155824371
S1-788094842	S2-288523939,S2-294098947,S2-24952835,S3-5448610,S3-922217244,S3-257355305,S3-355398085
S1-82827127	S2-860789593,S3-888209653
S1-877210246	S2-949117249,S2-409202640
S1-277410684	S2-327591872,S2-336463239
S1-504608418	S2-394934617,S2-910681765,S3-537860948,S3-165855327,S3-153533809
S1-249561272	S2-110031682,S2-490290938,S3-139866428,S3-613986145
S1-411559037	S2-371637296,S3-392113077,S3-952517495
S1-514045940	S2-535135544,S2-296568512,S3-413997504
S1-935063553	S2-751753008,S3-155569059,S3-547331157,S3-382135772
S1-649155742	S2-711796067,S2-380705570,S2-209083398,S2-343808048,S3-228648910,S3-799128481
S1-495537038	S2-996745789,S2-447367342,S3-533286628,S3-737111161,S3-663513266,S3-464024279
S1-738345352	S2-199651771,S2-130951802,S2-611898207,S3-277307846,S3-92567137
S1-1606841	S2-467386340,S2-173712878,S3-856436038,S3-838412031
S1-945528288	S2-454423212,S3-109745428
S1-399483440	S2-263035949,S2-674700707,S3-7149845
S1-382999845	S2-542287549,S3-300365666,S3-452732006,S3-441173007
S1-647230448	S2-818724312,S3-510078886,S3-389884121,S3-269980084
S1-468214089	S2-381190901,S3-354032647
S1-357032828	S2-67980239,S3-997363496,S3-500839673,S3-21429627,S3-111461749
S1-357424667	S2-71460422,S2-931202347,S3-399839281,S3-929143377,S3-253111219,S3-760468044
S1-618742293	S2-342777464,S2-264462993,S3-168547771,S3-451274426,S3-23720524,S3-933669819
S1-339380893	S2-746927363,S3-630183762,S3-776351016,S3-501137247,S3-313727111,S3-115436039
S1-437825996	S2-910063203,S2-162056972,S2-468072769,S2-519288825,S3-757267517
S1-621701755	S2-951861418,S2-748746820,S2-231953511,S3-68318986
S1-453501400	S2-662808980,S2-859231786,S2-268626704,S3-522160538
S1-947684809	S2-282362329,S2-865770000,S2-882997385,S3-380950375,S3-50173146
S1-705740817	S2-124853139,S2-90748798,S2-215529960,S2-139643648,S3-490364280,S3-792458763,S3-987469790
S1-674661496	S2-281239210,S2-148500446,S2-322331661,S3-180062459
S1-812927347	S2-436752088,S2-670585874,S3-469929243,S3-316843411,S3-361376424
S1-182212269	S2-388579665,S2-88345619,S3-294247583
S1-383077712	S2-259128178,S3-754752115,S3-559712349,S3-395016443
S1-703968443	S2-122202995,S3-772015298,S3-630638132
S1-406149953	S2-856670805,S2-865876373,S2-153145772
S1-303337265	S2-95031728,S3-863158424,S3-553558821
S1-194599563	S3-931214129,S3-572707304
S1-160325437	S2-395254981,S3-186395238,S3-845605888
S1-670025499	S2-594348588,S2-780425236,S3-70542982
S1-844186375	S2-693378157,S2-603772936,S2-755426799,S3-451655760,S3-646161731
S1-52774444	S2-179961029,S2-6595518,S2-301275768,S3-970713027,S3-857145701
S1-60541973	S2-785840219,S2-276335367
S1-877773434	S2-949302782,S2-785993872,S3-231761712,S3-13528256
S1-852943936	S2-103030374,S3-417587087,S3-844223283
S1-923106068	S2-282426632,S3-209727061,S3-282023681,S3-450885060
S1-79300134	S2-455977348,S3-89650833
S1-984763453	S2-706093125,S2-828777720,S3-306250479,S3-838346030
S1-197164493	S2-697258890,S2-67228376,S2-110065624,S2-662025846,S3-404742653,S3-697325328,S3-517157469
S1-764585778	S3-472143023,S3-430281109,S3-916981867
S1-169635135	S3-240967282,S3-598632933,S3-416247888,S3-116665456,S3-333843455
S1-668241420	S2-201256547,S2-162051094,S3-475055008,S3-879435520
S1-543498628	S2-266787998,S3-978735607,S3-984085186,S3-936889855,S3-621356922
S1-602812686	S2-473232203,S2-895408636,S3-276062613
S1-301051159	S2-199720785,S3-313741999,S3-335017247
S1-850508369	S2-171105166,S2-673536818,S3-994031110
S1-495683628	S2-772124273,S3-220970769
S1-996384625	S2-376791505,S2-720521034,S2-475658796,S2-70562000,S3-125925652,S3-170815426,S3-221555375
S1-545576995	S2-441921935,S3-803760246,S3-485411616
S1-128178761	S2-151766828,S2-352882132,S2-63215657,S3-503391115,S3-793049014
S1-204502871	S2-249550438,S2-641635184,S3-432196880
S1-762414106	S2-9865083,S2-230686563,S2-258636498,S3-371915261
S1-622908702	S2-206504464,S3-809180080,S3-659128318
S1-768478227	S2-865670350,S2-712210016,S3-862660933
S1-234755863	S2-211359524,S3-500567956,S3-656200104
S1-995848375	S2-51532179,S2-669917566,S3-872384236
S1-153857952	S2-564646096,S3-985083885
S1-749354379	S2-476017846,S2-224775212,S2-134454075,S3-588656965
S1-540118767	S3-658137585,S3-25632726
S1-172837779	S2-24795282,S2-567270722,S2-79245700,S3-408533593,S3-154872755,S3-686256959
S1-359039319	S2-751647377,S3-892155137,S3-743328050,S3-197646508
S1-807338425	S2-862289189,S2-791105815,S2-761403486,S3-147618106,S3-694449926,S3-718287117
S1-509977550	S2-93527466,S2-633454027,S2-457774336,S3-776275539
S1-667199464	S2-908289198,S2-207782362,S3-499865763,S3-4884102,S3-255042649
S1-732382254	S2-570702102,S2-700222735,S2-73860654,S3-523316246
S1-309727141	S2-903823612,S2-485851323,S3-348916951
S1-279356620	S2-746495750,S2-861051219,S2-19012121,S2-308019674,S3-859845778,S3-601453471
S1-759503101	S2-279347449,S3-474532171
S1-735793421	S2-636028766,S2-38925284,S3-719472859,S3-111782903,S3-931986947
S1-616486054	S2-895002364,S2-451359785,S3-222832141,S3-386997114,S3-481820495
S1-834307496	S2-815595993,S3-450534889,S3-719603514,S3-261457936,S3-474441203,S3-671937301
S1-718236878	S2-726596511,S3-98689648,S3-914752360
S1-307415138	S2-790246590,S3-542959122
S1-172540892	S2-286906545,S3-782087685,S3-562316642,S3-826158431,S3-80217220
S1-992843232	S2-187365411,S2-806200848,S3-594347725,S3-417212251
S1-430501554	S2-90282506,S3-878903039
S1-412197597	S2-325768,S2-333651743,S3-398587790,S3-627064946
S1-104936118	S2-197778130,S2-46177008,S2-281203584,S3-823615578,S3-686749829
S1-71915141	S2-24333497,S2-338092590,S2-420385749,S3-500898053
S1-794621941	S2-791283848,S3-662434861,S3-193228247
S1-306425405	S2-490492861,S2-114772290,S3-499934924,S3-271757824,S3-38071161
S1-244752867	S2-763940235,S3-254113909
S1-398324769	S2-660788151,S3-508490928,S3-71187032
S1-40296158	S2-782885775,S3-331715517
S1-194989925	S2-512207288,S2-803533418,S3-507522649
S1-493054559	S2-481210059,S2-208446343,S2-722162809,S3-123094718,S3-614907916,S3-113614728,S3-605300066
S1-429369283	S2-49386704,S2-318696974,S2-160698293,S3-540369655
S1-851465325	S2-806169271,S2-471411313,S2-535080416,S3-476520981
S1-57374038	S2-614107737,S3-266528183,S3-232667434
S1-185614250	S2-241578244,S3-283290426
S1-750622664	S2-170083159,S3-499785591,S3-210131885
S1-398340428	S2-532612540,S2-749310843,S3-922916534
S1-13645603	S2-628415091,S3-955670572,S3-865621060
S1-461608247	S3-576366912,S3-896363283,S3-232966793
S1-984242201	S2-525790242,S3-849295797
S1-936165437	S2-532215130,S2-566273232,S3-84439362,S3-122055718
S1-402765359	S2-937304298,S2-707689880,S3-836768304,S3-987436100
S1-612738906	S2-420155599,S3-374651402
S1-907268025	S2-110955497,S2-173960873,S3-66622929,S3-103323183
S1-975682624	S2-378504065,S2-24337129,S3-685498416
S1-795377021	S3-976117341,S3-249853308,S3-317103368
S1-169696654	S2-121965106,S2-735919412,S2-950388741
S1-144229617	S2-891866118,S3-764039641,S3-688542485,S3-531054787
S1-235271240	S2-295509286,S2-295016662,S2-751462944,S2-765349768
S1-960108413	S2-686086375,S2-709303825,S2-724004271,S3-79824972
S1-387325651	S2-57384217,S2-482457683,S3-803763512
S1-94845652	S2-684460396,S3-835341943,S3-707584956
S1-512844251	S2-824625824,S3-484382163
S1-466027538	S2-979092023,S3-850323480,S3-649626217
S1-692582227	S2-70267233,S3-3933369
S1-806226769	S2-520281808,S3-469107116,S3-994365441,S3-229305920,S3-775216325
S1-680902202	S2-325654161,S2-670799632,S3-950659497,S3-330710815
S1-429032549	S2-878983625,S3-753364615
S1-713256384	S2-178339076,S3-860578193
S1-267028745	S2-524964630,S3-365476639,S3-863959668
S1-555287791	S2-361266281,S3-241953324,S3-509188055
S1-493955580	S2-200973088,S2-287505418,S3-392927881,S3-76287954
S1-366775766	S2-74202091,S3-980088835
S1-399194168	S2-288675401,S3-309020197,S3-266277203
S1-422567861	S2-101281152,S2-919139925,S3-518134814
S1-988524107	S2-889036380,S2-247876955
S1-599950033	S3-131698237,S3-706219302
S1-517899219	S2-161689992,S2-480059099,S2-252747494,S2-967335506,S3-635104953,S3-191266811
S1-959751340	S2-470559358,S3-710570084
S1-759582548	S2-955937978,S3-678937157,S3-567771562
S1-946429269	S2-101722266,S3-801857246,S3-402719976,S3-493205679,S3-432500571,S3-821883988
S1-174416957	S2-314639528,S3-716174967
S1-360804305	S2-966309117,S3-816354033,S3-202636232
S1-466186069	S2-537353295,S2-715425889,S3-223990055,S3-305940324,S3-54558518
S1-952469114	S2-707387188,S2-539914377,S2-355150430,S3-431037193,S3-700135108
S1-135152734	S2-358788913,S3-281613220
S1-12963971	S2-441717529,S2-440472564,S3-91994157
S1-322444399	S2-564082869,S3-534299247,S3-702516068,S3-537368181
S1-469555076	S2-78956032,S2-984165244,S3-541143729
S1-307122009	S2-73674410,S2-359014527,S2-426389341,S3-188653794,S3-40533082
S1-503970479	S2-356584838,S3-589649421,S3-240547672,S3-523665415
S1-709929517	S2-130604751,S3-172442840
S1-666076445	S2-951799986,S3-462352463
S1-747925164	S2-807113800,S2-174087621,S3-844977346,S3-86008288
S1-825798860	S2-380687629,S3-956305307,S3-623404361
S1-446028840	S2-34545891,S2-570196098,S3-319478269
S1-292575332	S2-705607259,S2-418905490
S1-776599090	S2-388579570,S3-429532825
S1-92146381	S2-801889890,S2-126554735,S3-883863409,S3-556178045,S3-640203343
S1-413670123	S2-953167702,S2-337705176
S1-97304070	S2-541430277,S3-387750299
S1-110959974	S2-175676398,S3-459956959,S3-979288971
S1-155289791	S2-150135955,S2-540222916,S3-575876198,S3-983452792,S3-423095768
S1-150649158	S2-673739909,S2-934495077,S3-527544145
S1-131012194	S2-717456027,S3-618289883
S1-634533845	S2-235041702,S3-373821159,S3-849853423
S1-941860360	S2-795896295,S2-6804179,S2-447670025,S2-785679095,S2-621270347,S3-56420100
S1-3332954	S2-324601318,S2-19008799,S2-317922739,S3-410488147,S3-751061237,S3-75621961
S1-188787678	S2-401696091,S3-972521359
S1-136582499	S2-892538920,S3-209261765,S3-466207542
S1-558291390	S2-152436135,S2-243359365,S3-587838449,S3-997285334,S3-596245388,S3-124185279
S1-17441970	S2-331597394,S2-125248271
S1-342508896	S2-483481103,S2-982794484,S2-630319691,S2-197289615,S3-967991235,S3-949593035
S1-691038794	S2-12479205,S2-633969132,S3-697018147,S3-81664868,S3-362348373
S1-837477811	S2-4779736,S2-610079995,S3-404886754,S3-361343244,S3-234597382
S1-306699130	S2-496938634,S2-722507378,S2-54906995
S1-96368636	S2-82341346,S3-51063549
S1-551086265	S3-464156246,S3-750473342,S3-894272663,S3-40507818
S1-845852935	S2-574516457,S3-536889288
S1-955005155	S2-213002117,S3-110151009,S3-912663859
S1-551460416	S2-732333672,S2-174255047,S2-138785544,S3-145153499
S1-906932949	S2-826014091,S2-474186443,S3-233223030,S3-504693257,S3-572940256
S1-481655417	S2-29954699,S2-893609141,S2-97180475,S2-679412145,S3-262099499
S1-95713481	S2-222949164,S2-102498883,S3-678308581,S3-209478396
S1-839248277	S2-137428552,S3-389683752,S3-112455718
S1-346241986	S2-378010876,S3-910555391
S1-79146097	S2-208221187,S3-933377535,S3-727455218
S1-954732883	S2-578166346,S2-464481382,S3-462040717,S3-283624520
S1-413535310	S2-996974267,S2-716368494,S3-463815607,S3-788135566,S3-499189849,S3-262898936
S1-454312820	S2-900066920,S2-577971753,S3-775247094
S1-186509450	S2-751404229,S2-11730245,S2-574677645,S3-415901175,S3-472828191,S3-66197883,S3-155462105
S1-671836086	S2-462060921,S2-503464167,S3-545717704,S3-600382248,S3-590167997,S3-625612626
S1-479551169	S2-640901325,S2-92955297,S3-4259595,S3-267998761
S1-809689699	S2-218288205,S2-463879399,S3-854927300,S3-725361871
S1-318698222	S2-97692015,S3-806430905,S3-760524780,S3-500604013
S1-84964149	S2-208187549,S3-860178788
S1-188344758	S2-709344003,S3-464759282,S3-156651702,S3-741726850
S1-867531895	S2-798026586,S2-104438725,S2-186011262,S3-112943766
S1-191724541	S2-404551041,S2-218178083,S2-535833713,S3-101642424,S3-756062491,S3-782404605
S1-35623777	S2-192383664,S2-129631753,S3-95796766,S3-175257017,S3-233762772,S3-353469347
S1-10202361	S2-336614936,S2-38870308,S3-766827812,S3-985997399,S3-505711247
S1-972191642	S2-754575107,S3-239276990,S3-80180753
S1-839835247	S2-51782798,S2-516847107,S2-987614028,S3-456350828
S1-783900965	S2-741161968,S2-235452316,S3-229235266
S1-279683456	S2-30288341,S3-701504754
S1-994433014	S3-488504317,S3-386167654,S3-73825393
S1-664690106	S2-772773151,S3-920716062,S3-136443716,S3-162059854
S1-515001180	S2-832407403,S3-971253366,S3-459348105
S1-73809397	S2-688997981,S2-784379682
S1-810102170	S2-66722160,S2-838224436,S3-13932404,S3-658276423
S1-654045888	S2-693798885,S3-538634259,S3-142850241
S1-824919785	S2-659758890,S3-403559080,S3-135195993,S3-781959230
S1-298150437	S2-729344012,S3-870739356,S3-809074991
S1-963389509	S2-457243112,S2-547471762,S2-713828617
S1-266826488	S2-168735963,S3-653501706
S1-523432186	S2-683767753,S3-84218073
S1-292152543	S2-651643478,S3-837020070
S1-89228178	S2-541461317,S2-572997436
S1-567890750	S2-128031584,S2-608393225,S3-322798765
S1-973393842	S2-987900978,S2-801192122,S3-581901171
S1-519031774	S2-899630344,S3-575514806
S1-650779218	S2-541982253,S2-90976418,S3-35318264,S3-814340577
S1-806968992	S2-225862666,S3-140442020,S3-286690899
S1-955282190	S2-120537139,S2-933215860,S2-798629987,S3-156274120
S1-539119399	S2-555904243,S2-418365163,S3-503246694
S1-959098204	S2-796055027,S2-233653102,S2-887938480,S3-249879453,S3-36857354
S1-873004842	S2-441936542,S2-788632505,S2-522227606,S3-698217163,S3-982715052
S1-436292120	S2-575963163,S2-534225247,S3-355405556
S1-742236239	S2-843606034,S2-68357510,S3-728683048,S3-763083724,S3-565271192
S1-690627867	S2-714673367,S2-900899916,S3-461741521,S3-904952816
S1-460832607	S2-553838667,S2-779649419,S3-288293889,S3-993998787,S3-926963442
S1-361849388	S2-330048525,S3-97047505,S3-3831599,S3-726215617
S1-308959634	S2-18014021,S2-867259927,S2-182959662
S1-906004287	S2-141039331,S3-343649845
S1-82565157	S2-346083412,S3-365547382
S1-679913754	S2-928649765,S2-694093913,S2-230792655,S2-22106132,S3-922592639
S1-580314276	S2-123549860,S2-146655180,S2-777045143,S3-437477452,S3-978934684
S1-840384769	S2-635943271,S2-202178474,S2-524022421,S3-863580299,S3-194051884,S3-48035343
S1-745923829	S2-254368464,S3-601207981
S1-166735390	S2-201575884,S2-271991664,S2-884081661,S3-836820772,S3-229854754
S1-29694367	S2-719063956,S3-759288372,S3-888560281
S1-956126468	S2-207495310,S2-631632217,S2-530309666,S3-255425386
S1-132948544	S2-899917124,S2-111189224,S2-673565452,S3-305420880,S3-620875808,S3-699466200
S1-922528057	S2-506850145,S3-387518568,S3-280279013
S1-338978485	S2-523105637,S3-241777568,S3-287732926
S1-631017521	S2-330583514,S2-282327264,S2-847004609,S3-374157710,S3-743161040
S1-356976992	S2-325538063,S2-828309959,S3-884262160,S3-431660752,S3-149420379
S1-336176065	S2-691766618,S2-82379084,S2-171116564,S3-812187463
S1-868023277	S2-328672999,S2-53866650,S3-896698717,S3-581203745
S1-744642501	S2-473665438,S2-982566548,S2-73203257,S2-67805638,S3-47939808,S3-877459791
S1-788032195	S2-415886731,S3-731420467,S3-659112841,S3-931891631
S1-325340972	S2-174364340,S2-95272106,S3-153179753,S3-703757109,S3-71949620
S1-35927717	S2-466260708,S2-685660647,S3-104164437,S3-639414006
S1-947496465	S2-905366209,S2-767962071,S2-233248859,S2-739568257,S3-934229329,S3-488521608
S1-958395817	S2-771723293,S3-339024096,S3-186026360
S1-576548593	S2-525553438,S2-264574577,S3-731637578,S3-447355498
S1-856021113	S2-593843185,S2-487707029,S2-553299925,S3-991897194,S3-732277024,S3-585551714
S1-796945271	S2-438727088,S2-142668601,S2-426415487,S3-553652289,S3-363464658
S1-11471027	S2-938176563,S2-349398490,S2-850387516,S3-549209131
S1-400904401	S2-310210603,S2-959244434,S3-283424961,S3-145800126,S3-21689595
S1-134548701	S2-252514285,S2-113828903,S2-875301637,S3-125892336,S3-396921501
S1-421717316	S2-343658857,S2-550280596,S2-296321972,S2-158326102,S3-779567925,S3-160027313,S3-98538929
S1-850054495	S2-680445448,S2-810974544,S3-499369152
S1-33428947	S2-253221986,S3-946578494,S3-142513785,S3-601741145
S1-316058259	S2-862349784,S2-102328408,S3-793730978,S3-638679068,S3-260765323,S3-239897463
S1-525786063	S2-802173139,S3-924935608,S3-671292142
S1-594924758	S2-116835063,S2-30758424,S3-343476548
S1-11096178	S2-748422910,S2-327928151,S2-216420804,S2-183109738,S3-83331969
S1-646994028	S2-145582867,S2-102087580,S2-966128643,S3-517387535
S1-416285645	S2-533325950,S2-37555060,S3-33482529
S1-48123323	S2-546591336,S2-793197331,S3-614642579
S1-968431579	S2-97086545,S2-802015108,S2-309806789,S3-939593491,S3-651769054
S1-764027079	S2-341313325,S2-981981338,S3-494551851
S1-769231331	S2-509572214,S3-650672606,S3-605422797
S1-684398987	S2-784435821,S3-491507561,S3-451931188,S3-119282554
S1-137474598	S2-116084492,S2-155636800,S2-631401532,S2-216736212,S3-792249275
S1-398991131	S2-743537384,S2-572159959,S3-61931145,S3-4110485,S3-9331752,S3-606649784
S1-392807308	S2-845013250,S2-451444015,S2-645021287,S2-775753944,S3-32082196,S3-418887720
S1-26238122	S2-752781480,S3-947670420,S3-386626418,S3-955868097
S1-489376171	S2-32363497,S3-325475228
S1-789069666	S2-589721186,S3-596595682
S1-988740829	S2-534807902,S2-206315110,S3-192827226,S3-686556610
S1-876086756	S3-548674563,S3-39514993
S1-807867402	S2-529248233,S3-939567153,S3-462177079,S3-466336957
S1-931148869	S2-442849196,S2-833151402,S2-181815194,S3-415450737,S3-84516148,S3-212616992
S1-184482911	S2-765202653,S3-227126264,S3-759789845,S3-3748962
S1-820087503	S2-667623294,S2-470404689,S2-806043003
S1-505333712	S2-794740680,S3-974680002,S3-961377077
S1-562044334	S2-326748662,S2-194924652,S3-826561037
S1-38855375	S2-350709340,S3-819432208,S3-479011166
S1-781161714	S2-456371426,S2-274606756,S3-446885115
S1-733861761	S2-727251164,S3-276829224
S1-626902427	S2-964856026,S3-298771451,S3-280858512,S3-32769405
S1-942927878	S2-477569030,S2-688538353,S3-598421053,S3-109782105,S3-397095324
S1-635198125	S2-36199090,S2-143697368,S3-961750151,S3-788416470
S1-671961364	S2-116611945,S2-779128652,S2-829011938,S2-489793310,S3-596891647,S3-985466076
S1-676145023	S2-526368609,S3-456097265
S1-865362367	S2-887202084,S2-954108627
S1-234117841	S2-74183473,S3-445576835,S3-474741975,S3-625415733
S1-841693387	S2-434355018,S2-617767814,S3-902667543,S3-165168083,S3-440582211
S1-261367755	S2-148782525,S3-984271148,S3-405099625
S1-708562744	S2-719760065,S2-980896935,S3-893393371
S1-703643195	S2-26777433,S3-821392730,S3-635203171
S1-365374221	S2-728843766,S2-254908831,S3-468142156
S1-506517690	S2-746253598,S2-527870331,S2-117564045,S3-486256255,S3-953437062
S1-48428333	S2-131622844,S3-827776069,S3-327240236,S3-655391361
S1-760743735	S3-889489463,S3-691274730
S1-689984279	S2-117700211,S2-242454228,S2-604646760,S3-769826035
S1-439422572	S2-955648804,S3-254026666,S3-782466430,S3-808572656
S1-897478893	S2-498128686,S3-25796109,S3-79683049,S3-671296141,S3-311291342
S1-633137129	S2-775490307,S2-246455547,S2-705186242,S3-245612343
S1-440993679	S2-844863355,S2-587814959,S3-913857874,S3-315691554
S1-431004519	S2-279927608,S2-703211168,S2-220986235
S1-701762366	S2-537118957,S2-921410965,S3-406112885
S1-895029531	S2-700014849,S2-196777108,S2-121490662,S3-528429283
S1-34214377	S2-161654347,S2-454095302,S3-93533018
S1-730528537	S2-792696280,S3-949795019,S3-764951773
S1-852341989	S2-375978948,S2-600128797,S3-91698252,S3-458738893
S1-234733374	S2-936640803,S2-180601847,S3-572546469,S3-796638824,S3-321737364
S1-139831768	S2-13228873,S3-668187121
S1-265610966	S2-159917784,S3-141902279,S3-315748467
S1-621374685	S2-390176522,S2-403515246,S3-437615219
S1-951445336	S2-889568702,S2-81029729,S2-555738309,S3-266704459,S3-23559328,S3-148483569
S1-479312070	S2-509380283,S2-539976384,S3-116592917,S3-491580506,S3-688024779
S1-682065215	S2-315074532,S3-578507109
S1-58288076	S2-76567947,S2-711756611,S2-133676323,S3-485564958,S3-866855743
S1-385837844	S2-166049589,S2-761366322,S3-856367598,S3-21194796,S3-903328738
S1-245996797	S3-732550203,S3-90296956
S1-318301984	S2-673876287,S2-897561548,S3-955509402
S1-696864384	S2-440159135,S2-162482126,S3-746775857,S3-486967224
S1-148445549	S2-304646917,S3-538064632,S3-875498732,S3-502794573
S1-120939542	S2-434216440,S2-731164708,S2-122923983,S3-515310732
S1-615374585	S2-560449902,S3-607383893,S3-899830250
S1-236384340	S2-45888845,S3-449222839
S1-166993995	S2-953940093,S3-988721072
S1-828933415	S2-43349838,S2-160257780,S2-51486369,S3-317126702,S3-228162295,S3-142495338
S1-989081015	S2-273107430,S2-707256043,S3-783056243,S3-2109882,S3-59424894
S1-429684614	S2-351014455,S2-942933499,S2-303587796,S3-101355209,S3-365642797
S1-940855379	S2-815537483,S2-53725449,S2-307753187,S3-390447994
S1-154258177	S2-274338168,S2-558246154,S3-327555317,S3-541786942,S3-476579950
S1-952502509	S2-383483125,S2-379038232,S3-255430208,S3-661818432
S1-708430249	S2-396780096,S2-718524557,S3-556335631,S3-476054108
S1-180421054	S2-564376874,S3-299853121,S3-264873144
S1-413237805	S2-266938342,S3-407074862,S3-739597696,S3-800186005
S1-46170743	S2-447203125,S2-586748942
S1-428479027	S2-348107805,S3-468741976,S3-225045313
S1-571746429	S2-11623795,S3-114429575
S1-847668105	S2-190146070,S2-236135905,S2-898810723,S3-301708249
S1-414692978	S2-206929370,S3-271232745,S3-673708452,S3-852474912
S1-896692597	S2-641351999,S3-818640796,S3-156705710
S1-815318368	S2-166500168,S3-995762822,S3-697135810
S1-57004759	S2-780416758,S3-580940037
S1-274785679	S2-625942862,S3-731106082
S1-29827420	S2-994504687,S3-237998229
S1-5490790	S2-521872232,S2-192434048,S3-35823884
S1-951944104	S2-840122418,S2-701857730,S2-729646876,S3-742609613
S1-181294168	S2-674054433,S3-852858071,S3-330677092,S3-168919909
S1-547533640	S2-100616179,S3-120290390
S1-51867219	S2-893241548,S3-539133699,S3-675043754,S3-844931821
S1-473232326	S2-167094562,S2-247438208,S2-164837671,S3-614322065,S3-793454921
S1-974951549	S2-264872270,S3-998790318
S1-717134970	S3-323182766,S3-39045072
S1-388986896	S2-598571261,S3-245602690,S3-297691613,S3-718537656,S3-883606374,S3-534414830
S1-211169625	S2-188076797,S3-187312525,S3-716393397
S1-646401673	S2-823961841,S2-464011614,S3-786900394,S3-423827916,S3-942849386
S1-523306037	S2-737849891,S2-755123937,S2-747754084,S3-355391494
S1-990411301	S2-778834080,S3-634870678,S3-552053305
S1-471621594	S3-235174395,S3-912251707,S3-731961875
S1-735785240	S2-888252685,S2-329808632,S3-122578004,S3-456535276
S1-331281884	S2-963809941,S3-353102363,S3-543630780,S3-883140970
S1-932311236	S2-201771256,S2-692347980,S3-541293930
S1-950829183	S2-487959,S3-190247831,S3-322197612,S3-992586649
S1-987512326	S2-813956963,S3-684802125,S3-720743219
S1-440540594	S2-360658583,S3-534903397,S3-919985954
S1-957452429	S2-944549972,S3-181000581,S3-142453986
S1-436637454	S2-314227961,S3-240543806,S3-626972882,S3-658229088,S3-608668320
S1-28452587	S2-889897568,S2-900516578,S2-797663819
S1-70723113	S2-176609828,S3-499958897,S3-761518578,S3-362009859,S3-117062229,S3-982292659
S1-273289590	S2-572765307,S2-279234512,S3-681506174
S1-614854486	S2-760268258,S3-820025080,S3-665477577,S3-921720317,S3-993788531
S1-19099893	S2-840902853,S2-677906703,S3-759703089,S3-923970597
S1-227742888	S2-75697205,S2-677261793,S2-536228399,S3-648623113
S1-664093438	S2-521939480,S2-538106646,S3-440675588,S3-510643962,S3-164136680
S1-74886322	S2-309663223,S2-493548919,S3-192199573
S1-585092479	S2-919844933,S2-594031752,S3-771362816,S3-467013764,S3-478628261
S1-261739032	S2-625808436,S2-461177911,S2-228429176,S3-666667153,S3-353955079,S3-319194511
S1-776605397	S2-198948485,S2-58484739,S3-289920759
S1-804390774	S2-814549469,S3-426316119
S1-179767425	S2-185406372,S2-54616829,S3-364084737,S3-274497912,S3-779421201
S1-200016350	S2-678125679,S2-810122969,S3-862756820,S3-640422853
S1-67912169	S2-332556720,S2-199267544,S2-197584689,S2-545564743,S3-48224877
S1-870498727	S2-75983930,S3-161486406,S3-10469257
S1-901045951	S2-644849683,S2-600489848,S2-312289195,S3-58478669
S1-407661695	S2-661886653,S2-492459556,S2-406769257,S3-790774891,S3-569477504,S3-841312299
S1-115649502	S2-474672250,S2-273147889,S3-342164887,S3-687483732
S1-681456506	S2-653564735,S2-564438576,S3-458177527,S3-443918880,S3-616423971
S1-427039039	S2-125869342,S2-94877996,S3-380980907
S1-115009560	S2-128034220,S2-256987989,S3-440471661,S3-6736413,S3-839468114
S1-369859179	S2-699105861,S2-368442166,S2-531916510,S3-950205392
S1-73781809	S2-887396066,S2-766481142,S2-628707612,S3-422626933,S3-915633402,S3-445844518
S1-406083020	S2-366548883,S2-702200257,S2-595956141,S3-610425287,S3-765759640
S1-506292163	S2-937836655,S3-536996382,S3-312561939
S1-97555498	S2-171173874,S2-62270543,S3-129175286,S3-250226967,S3-551993090
S1-358991005	S2-342388030,S3-17302331
S1-381255175	S2-234065037,S3-366966140,S3-509182621
S1-334397117	S2-106351494,S3-195641459,S3-213964468
S1-869432099	S2-916658286,S3-20728334,S3-551146117
S1-191433262	S2-816773604,S3-316841929,S3-912951475
S1-739868128	S2-755047361,S3-719214349,S3-451365429
S1-390992970	S2-335486833,S3-160735776,S3-507886584,S3-136316786
S1-678358571	S2-465983475,S2-835662079,S2-826825867,S3-168200336
S1-325526761	S2-672845291,S2-935459998,S2-207292886,S3-389528311,S3-462696283,S3-470876060,S3-558255694
S1-996395668	S2-628005306,S3-910398336
S1-166834336	S2-82811059,S2-827636491,S2-544673375,S2-488847552,S3-567318096
S1-864365793	S2-538368561,S3-109574375,S3-674493925,S3-574383914,S3-255601170
S1-856748238	S2-106252477,S2-18314683,S3-380073363
S1-232635593	S2-805494093,S2-942847669,S3-921535774
S1-679720997	S2-640050060,S3-969719660,S3-774307297,S3-683753921
S1-975799763	S2-339749558,S2-348090026,S3-336128607,S3-202304557
S1-675653943	S2-605874204,S2-774624255,S2-440153257,S3-764303461,S3-702731425
S1-610264296	S2-676115612,S3-26889465,S3-994145530,S3-526961714
S1-548595965	S2-699620678,S3-752765998
S1-416478867	S2-527568577,S3-576650741,S3-193126069
S1-679946606	S2-634065319,S2-416212599,S2-401188880,S3-806576311,S3-259124715
S1-741142628	S2-684530459,S3-165804764
S1-192731854	S2-600268074,S2-512059558,S3-591888533
S1-226128307	S2-941168277,S3-923819534,S3-607113630,S3-285761831
S1-114338495	S2-513532110,S2-826375841,S3-141117233
S1-54920192	S2-974945186,S3-278490837,S3-299797541,S3-577892611,S3-301096429,S3-82733416,S3-247841879
S1-848472724	S2-71106762,S3-50615329,S3-566661326
S1-919293909	S2-79960925,S3-324878255,S3-57304067,S3-282285625
S1-110626050	S2-742229302,S3-215130678,S3-746314039
S1-150554963	S2-859161843,S2-149878562,S3-34008668
S1-227622534	S2-12271106,S2-576195617,S2-34520836,S3-728268368,S3-17818183
S1-498376297	S2-780707827,S2-924052585,S2-647225608,S2-794776408,S3-822952198,S3-918899050
S1-297420937	S2-159277334,S2-874362323,S3-625697618
S1-52035032	S2-427594772,S3-327967134
S1-710812384	S2-491022119,S3-735319575,S3-755723107
S1-231609382	S2-608844055,S2-130246347,S3-727925713,S3-728043158
S1-12940739	S2-517612913,S2-519342154,S3-129531786,S3-667447560
S1-893377882	S3-602674799,S3-259631532
S1-783166214	S2-37938311,S3-118538762,S3-618966505
S1-392313639	S2-23647148,S3-148061485
S1-153244532	S2-624311927,S2-631486982
S1-746497359	S2-61947324,S2-709075034,S2-128506843
S1-202122338	S2-293323972,S3-791786910,S3-722650287
S1-23329708	S2-691058410,S3-540841464,S3-888738284,S3-942676260,S3-291499522
S1-880783024	S2-44525260,S2-787940734,S3-650649832,S3-500142981
S1-276295880	S2-540202523,S3-433030687,S3-132330930,S3-777669915,S3-583166304
S1-680557416	S2-793558348,S2-629855662,S2-786606203,S2-809424378,S3-37304663,S3-45814943,S3-66896824
S1-915158897	S2-975859703,S3-611248645
S1-278061495	S2-467774584,S3-669628543
S1-431427939	S2-339698117,S2-185990581,S2-531439224,S3-413946140
S1-301791762	S2-934784699,S2-634829553,S3-917722615,S3-487094879
S1-487723512	S2-319639508,S3-725070773
S1-810695194	S3-6836923,S3-308828776,S3-669285745
S1-235821880	S2-859938712,S3-106445358,S3-947255589,S3-4446168
S1-954633068	S2-510004514,S2-546707003,S2-570915617,S3-92354090
S1-742385448	S2-456601777,S2-884914623,S2-546870325,S3-419193457,S3-423127869
S1-383694692	S2-709415198,S2-247611707,S3-313695832
S1-182887910	S2-84212526,S3-163841343
S1-731021829	S2-62451613,S3-436643398,S3-519839199
S1-575663038	S2-268905519,S2-332774549,S3-913907768,S3-20395565,S3-23578078
S1-658281615	S2-53117667,S2-153686903,S2-126601276,S3-56560623,S3-650500956
S1-912337984	S2-231698343,S2-55931957,S3-937810059,S3-974589450
S1-617727358	S2-929645347,S2-282882365,S3-976819907,S3-779557670,S3-851534323,S3-113445383
S1-315887518	S3-308340520,S3-587373298,S3-971616532
S1-221841245	S2-730233985,S2-509681390,S2-686759858,S3-481849636,S3-48788879
S1-667038657	S2-358267475,S2-18748598,S3-12844995,S3-356053160
S1-44721051	S2-126204081,S2-761775213,S3-973060361,S3-810283275
S1-3334888	S2-647135604,S2-304023244,S2-870433977,S3-112050058
S1-415724844	S2-570926970,S3-848855792,S3-128325130
S1-798113939	S2-916208941,S2-186295808,S3-667008097
S1-733299248	S2-703825594,S2-968231003,S2-91615839,S2-434769008,S3-73745925
S1-161283432	S2-232173474,S2-995961704,S2-351860280,S3-969241731,S3-186388446,S3-678040883
S1-726766008	S2-401791912,S3-823587505
S1-989711080	S2-771250368,S2-783443906,S2-796424967,S3-830635717
S1-318364307	S2-669077246,S3-489944940,S3-614831535
S1-662336790	S2-834538234,S2-535340738,S3-309622792,S3-935465462
S1-565453383	S2-275100562,S2-945533775,S2-351643235,S3-692445735,S3-560936093,S3-974026956,S3-764839883
S1-823583580	S2-302108433,S2-419782344,S2-475475148,S3-845793214,S3-523826526
S1-684985832	S2-908737733,S3-590407570,S3-940672280
S1-953204681	S2-301159740,S2-293374312,S3-109437517
S1-802749090	S2-800558427,S2-152266176,S3-362634268,S3-405685443
S1-287407170	S2-601481531,S2-480509488,S2-116289412,S3-657275980,S3-150174046
S1-201437170	S2-9891213,S3-116053349
S1-658665975	S2-906506485,S2-537695454,S2-991357765,S2-378786406,S3-687426772,S3-240006340
S1-113075624	S3-864665551,S3-414908657,S3-812409889,S3-603339794
S1-807001194	S2-484111142,S2-623284252,S2-40401477,S3-744291267,S3-867577232
S1-568077233	S2-814596166,S3-2503862,S3-736038272
S1-503747546	S2-879745583,S2-875756253,S2-605055698
S1-120664041	S2-188001753,S2-246441094,S2-677554251,S3-598001470,S3-437611204
S1-475984718	S2-261412608,S3-207320131
S1-868848782	S2-667400198,S2-963284475,S2-6241322,S3-884886134,S3-724310554,S3-178300371,S3-48826037,S3-521775075,S3-295188813
S1-401708001	S2-216819313,S2-210353738,S2-121256372,S3-205129784,S3-357064592,S3-507208769,S3-115875342
S1-110265171	S2-400162210,S2-695750805,S2-654307608,S2-510723347,S2-790337173,S3-540580526,S3-571421430,S3-7562759
S1-406169596	S2-116412096,S2-605745508,S3-520600011,S3-368621292
S1-641229083	S2-832119334,S2-116459075,S3-477800878,S3-692761276
S1-857176334	S2-701610988,S3-257731155,S3-531679914,S3-555423654
S1-730853271	S2-678694424,S2-398484027,S3-786135097
S1-702261960	S2-88952637,S3-938376037
S1-832954513	S2-441162932,S3-594272939,S3-711211613
S1-852588393	S2-273229180,S2-323170715,S3-645747128,S3-567870269
S1-316431649	S2-370115581,S2-208258697,S2-243084668,S3-930028836
S1-236341765	S2-897505995,S2-460663291,S2-388151033,S3-904273461,S3-752578073
S1-227987004	S2-813761305,S2-835937457,S3-417515753
S1-807049666	S2-343269869,S3-154452558,S3-427839106
S1-534983021	S2-368584265,S3-556587490
S1-782774912	S2-114336055,S3-536412129,S3-888687407
S1-825241607	S2-928170744,S3-432655804
S1-554499724	S2-403444078,S3-662953264,S3-775382291
S1-149095415	S2-507868146,S2-39446792,S3-857910050
S1-558320660	S2-259823031,S3-804281432
S1-878946767	S2-233098547,S2-105208021,S2-903010863,S2-463790223,S3-237388215,S3-701682562
S1-924970400	S3-496449507,S3-663439930
S1-525120134	S2-734353570,S3-376792722
S1-370816476	S2-377486721,S3-89546634,S3-288220568,S3-196051216,S3-968301177
S1-395018283	S2-87152556,S2-985851167,S3-308294296
S1-496823241	S2-220048059,S2-503033341,S3-996548572,S3-336443478
S1-181770021	S2-953258678,S2-194101032,S3-740144297,S3-432245015,S3-961731485
S1-897305540	S2-939486140,S2-268705051,S2-366124745,S2-424992715,S3-648951922,S3-302206439
S1-348443849	S2-403481639,S3-598284308
S1-202685157	S2-688621256,S3-457299929,S3-270319117,S3-938332940,S3-603641152
S1-321818285	S2-971391405,S2-125937692,S2-155464190,S2-221477896,S2-825953048,S3-276543174,S3-363043711,S3-890269573
S1-637916441	S2-614015585,S3-101121939,S3-311927637,S3-469667276
S1-600860030	S2-831231291,S2-695881138,S3-732515499,S3-473462557
S1-144602809	S2-25106676,S3-258618347,S3-630099398
S1-950517584	S2-937695117,S2-958102191,S3-394404103
S1-842980527	S2-593900978,S3-57448851,S3-290612984
S1-154362333	S2-782825241,S3-750119115
S1-139391892	S2-544503688,S2-450838372,S3-228375790
S1-97634019	S2-326514726,S3-685884644,S3-172579781
S1-627549559	S2-765579726,S3-574822817,S3-744178511,S3-621631915
S1-179807437	S2-183207223,S3-495992115,S3-695796712
S1-584702454	S2-392724963,S2-880303300,S2-837950230,S2-642649656,S3-461475781
S1-563911299	S2-156057838,S2-680426248,S3-13151886
S1-728827291	S2-817076431,S2-552130372,S2-417721336,S3-847053392
S1-403223357	S2-190577015,S2-303907139,S2-357136197,S3-26576721
S1-977266842	S2-508848211,S3-903753034
S1-948215387	S2-907961744,S3-929402256
S1-863924349	S2-714084375,S3-27148187
S1-484406899	S2-953909218,S3-735530696,S3-9879152
S1-9556654	S2-21301263,S3-865358805,S3-248231452
S1-617118626	S2-532416575,S3-766784784,S3-74034674,S3-839111997
S1-22059385	S2-136975091,S2-730968906
S1-387803285	S2-485963051,S3-376521633
S1-105804676	S2-323917580,S2-561308513,S3-825785459,S3-234495095
S1-265948605	S2-647614983,S3-33166049,S3-617406180
S1-81721698	S2-362732595,S3-860475816,S3-257321489
S1-324951316	S2-351587369,S3-655555281,S3-258259900,S3-470503575
S1-553405733	S2-500563433,S3-631475999
S1-295653247	S2-461035064,S3-699694922
S1-576524070	S2-582710853,S3-606253241,S3-853806177,S3-934451726,S3-865714855,S3-884031303
S1-511073849	S2-166329257,S3-886522783
S1-80750207	S2-455173551,S2-278392735,S2-677437628,S3-857940581,S3-141403366,S3-230604748
S1-235355934	S2-20455669,S2-166287805,S3-816983513,S3-640595366
S1-420543547	S2-680082018,S2-623670242,S3-471462753
S1-295304145	S2-238487168,S2-849842278,S3-148482290
S1-34201500	S2-587621093,S2-572280271,S2-227028641,S2-695972003,S3-487246114
S1-560601678	S2-993178479,S3-692466375,S3-134713325
S1-669360834	S2-501555124,S2-29928995,S3-820993492,S3-715221636
S1-204009599	S2-354496566,S2-758791470,S2-127176090,S3-239438775,S3-226536449,S3-385784624
S1-15421480	S2-58464244,S3-862055623
S1-62444142	S2-312340376,S3-449199305,S3-934390942
S1-950578799	S2-404491706,S3-5653464,S3-111818726,S3-157098747
S1-776118770	S2-187177509,S3-935678967
S1-893077528	S2-833665696,S3-483372870
S1-585581384	S2-354991775,S2-658144113,S3-383254390,S3-501551592
S1-951815956	S2-158651910,S2-453346590,S2-868175674,S3-217344429,S3-236133606
S1-548488276	S2-420000335,S3-423205132
S1-747297543	S2-742286207,S2-758212139,S2-465088336,S2-473754465,S3-930021230
S1-757395079	S2-960484224,S3-788243189
S1-889595360	S2-795111677,S2-381630427,S3-756770690
S1-734326200	S2-798248763,S2-870924001,S3-746176562,S3-196401022,S3-777083148,S3-920428269,S3-34026945
S1-937353985	S2-244103200,S3-373788226
S1-913212191	S2-762821637,S3-61890395,S3-105551955,S3-881059283
S1-256989740	S2-451144723,S3-308408017,S3-293727533,S3-13954879,S3-441287528
S1-21325387	S2-651368307,S3-484722839,S3-815737474
S1-240587009	S2-97970180,S2-48200537,S3-563681457
S1-384547697	S2-851915268,S2-782177506,S2-813658490,S3-242998565
S1-721300186	S2-159269167,S2-854500499,S2-283100390,S3-374690323,S3-719543639
S1-219884923	S2-978102293,S2-886818913,S3-330284285
S1-228875568	S3-522797554,S3-527333087,S3-506255124
S1-130225247	S2-194020234,S3-543140671,S3-975921488
S1-893852371	S2-45431958,S3-939223367,S3-741856100
S1-885236971	S2-204566097,S3-608395378
S1-11555977	S2-244567797,S2-592603679,S2-889723764,S2-666531985,S3-716472596,S3-234700363
S1-209262995	S2-175454520,S2-682158174,S2-11399511,S2-666664086
S1-832567799	S2-573852806,S3-989064801
S1-667085689	S2-326078706,S2-582967416,S2-23132109,S3-179612513
S1-395361210	S2-697560945,S3-745703563,S3-956619259,S3-721329642,S3-468380255
S1-364941877	S2-32946197,S2-821972881
S1-727470221	S2-964063810,S2-179580287,S2-446096445,S2-117579641,S3-47060858,S3-619645123,S3-443590825
S1-550869932	S2-793217886,S2-504820064,S2-681299148,S3-751523875
S1-892559433	S2-924649726,S3-537299152,S3-478489945
S1-947338952	S2-488382141,S3-201236361
S1-30526591	S2-459445028,S2-782174990,S2-649475762,S2-532987392,S3-958710052,S3-88243396
S1-398635314	S2-263600880,S3-552078464,S3-35985159,S3-553190810,S3-417677415,S3-83720470
S1-463923977	S2-41071537,S2-48107540,S3-714601503,S3-154805524
S1-70555295	S2-129756728,S3-465892092
S1-450786636	S2-691576178,S2-304050836,S3-368945504,S3-331051969
S1-540425039	S2-132168101,S2-408078295,S3-570852569,S3-434981362,S3-594647720
S1-72661190	S2-285291527,S2-336793026,S3-804436455,S3-113585258
S1-161869890	S2-642907320,S3-39589137,S3-747790954,S3-326402301
S1-5983187	S2-439542965,S2-911632857,S2-490231522,S3-82322670
S1-751847536	S2-927318192,S3-299433599
S1-831414274	S2-878932428,S2-221632730,S3-53757714
S1-210533680	S2-861159883,S2-547523403,S3-367198734,S3-477549219,S3-959919125
S1-913830621	S2-73796711,S2-174136981,S3-727034125
S1-674520130	S2-489066367,S2-296303629,S3-27091411
S1-694321151	S2-226883784,S2-235787428,S2-411747375,S3-418246959
S1-256278489	S2-32215530,S3-195298207,S3-198488077,S3-250515768
S1-513810543	S2-567204116,S2-883034719,S3-637031500,S3-856608788,S3-655927291
S1-380905413	S2-773760816,S3-592242887,S3-606422351,S3-80202679
S1-410406844	S2-880044199,S2-558462107,S2-305958607,S3-851099678
S1-884045175	S2-643897004,S2-734423680,S3-721936863
S1-43174688	S2-234934739,S2-14116990
S1-165838610	S2-797427959,S3-919824620
S1-236993845	S2-209763534,S2-947281169,S3-309838102,S3-751906552
S1-953275076	S2-2144283,S3-932813561,S3-303892092
S1-180541154	S2-17699198,S3-689052369,S3-419490461
S1-991981666	S2-550362794,S3-755083393
S1-689420591	S3-630494802,S3-43247913
S1-335297056	S2-500650303,S2-958320893,S3-52934451
S1-358061892	S2-317993662,S2-556074772,S2-460725520,S2-705186832,S3-713680617,S3-372090575
S1-825633312	S2-965197221,S2-332565588
S1-705829011	S2-877487024,S2-383695534,S3-941836113
S1-322570952	S2-132468139,S2-671938296,S2-928761400,S2-185897449,S3-201790287,S3-418631004
S1-165803897	S2-723520465,S2-301409570,S3-980354593,S3-26120376
S1-652221687	S2-427921930,S2-664805671,S2-806011604,S3-953651081,S3-772748049,S3-337725629
S1-189641412	S2-910131536,S2-759487174,S3-649161476
S1-822795786	S2-10471208,S2-430946697,S3-84338836,S3-450121495
S1-429932440	S2-110772736,S2-298630447,S2-502021251,S3-71227995
S1-792052940	S2-15499438,S3-110576462
S1-523494228	S2-585720588,S2-497281468,S3-77179335,S3-497053349
S1-644883771	S2-88235805,S2-943404881,S3-853911769
S1-980103851	S2-413668347,S2-976573071,S2-738602755,S3-93045696,S3-919156956,S3-588751258
S1-164752426	S2-822936504,S3-279108283
S1-401252292	S2-894601101,S3-99451609,S3-727547232
S1-162433474	S2-701350317,S2-523017497,S2-853579147,S3-657812195,S3-94637805
S1-516246438	S2-453913113,S3-177949766,S3-542307382
S1-365430363	S2-183700426,S3-452689978
S1-549455646	S2-223908894,S3-465053102,S3-804880592
S1-330822172	S2-734945851,S2-499424910,S3-50170893,S3-749079415
S1-622332638	S2-674291821,S2-919425966,S3-233850825
S1-923350732	S2-582880924,S3-552177850
S1-460321732	S2-277753125,S2-463215313,S3-338134273,S3-187747604,S3-205033361
S1-638714777	S2-710519968,S3-17908828,S3-938354797
S1-390433212	S2-614951386,S3-129934896,S3-647339779
S1-924783930	S2-600185521,S2-465854440,S3-981105453,S3-886011350
S1-314921286	S2-889376188,S3-452339680,S3-324453333,S3-268940612
S1-679283967	S2-930861152,S3-821622028,S3-998424117,S3-732932594
S1-428580194	S2-317240261,S2-830015331,S2-166936605,S3-517336198,S3-155298370
S1-79720758	S2-337822013,S2-783415890,S2-319498125,S3-475932162,S3-263613656,S3-896155841
S1-703937171	S2-411148400,S2-888652432,S2-604033322,S3-447101697
S1-792324969	S2-943770662,S3-616443833,S3-119749078
S1-829156630	S2-266194936,S2-397352031,S3-86838415
S1-983505850	S2-722349696,S2-594911397,S3-20984582,S3-888725112
S1-377509798	S2-555293348,S2-701700507,S3-356497328
S1-851180391	S2-204031250,S2-142573941,S3-421143189
S1-97938883	S2-679467322,S2-227062822,S3-879018214
S1-616608576	S2-336593292,S2-248654968,S3-772277735,S3-201151104
S1-915080416	S2-317612204,S2-216062230,S2-763466120,S3-338932974
S1-351656385	S3-115290762,S3-67566564
S1-234974591	S2-49092506,S3-735092769,S3-865809575
S1-685752601	S2-424088303,S3-295254458
S1-649616587	S2-562238242,S2-641145624,S3-944625439
S1-547454565	S2-853673451,S2-91918359,S3-301113863,S3-74389785
S1-527808709	S2-979764921,S3-985511793,S3-422392509
S1-244763880	S2-513985007,S3-816906534
S1-167269296	S3-603956935,S3-669332915,S3-831295024
S1-477755458	S2-711661807,S2-66431835,S2-82913585,S2-511177367,S2-648373393,S3-998670084
S1-773475343	S2-502437797,S2-399311509,S2-796556796,S2-343156234,S3-419895998,S3-727775341
S1-732510395	S2-872248746,S3-827942244
S1-914175606	S2-168285845,S2-947342250,S2-367902211,S3-478124409,S3-494805977,S3-300191627
S1-25367562	S2-62176821,S2-761824610,S2-380904655,S3-178574641,S3-522952567
S1-728366598	S2-915446748,S3-534610401,S3-35408527,S3-212543981
S1-909327031	S2-794188619,S2-223320573,S3-109597770,S3-859472257
S1-820542685	S2-324053324,S3-359969911,S3-579211802
S1-291300103	S2-982148493,S3-755293395,S3-437366447
S1-987651331	S3-723401093,S3-371275992
S1-91521037	S2-816644158,S3-828645240,S3-39272216,S3-641035908,S3-552017530
S1-894941749	S2-469617437,S2-587042685,S3-180334315,S3-840705277,S3-253914134
S1-319879103	S2-785051175,S2-175650275,S2-836996266,S2-367052830,S2-620112331,S3-277607584
S1-833935685	S2-79079020,S2-224087875,S3-813050123
S1-830610123	S2-357917405,S3-894211080,S3-700707742
S1-2120931	S2-512434635,S2-1861422,S3-892250517
S1-336598537	S2-953619305,S2-964099658,S2-862554619,S2-103106647,S3-210765318
S1-940673372	S2-83887020,S2-792782558,S3-369488198,S3-777351885,S3-121596553
S1-842655023	S2-309977708,S2-898114258,S3-240238896
S1-822599384	S2-706370876,S2-599542362,S3-520238222
S1-828947408	S2-476466969,S2-522375395,S2-315572642,S3-444909738
S1-554467266	S2-95356165,S2-556173575,S2-814949408,S3-130764650,S3-133782143
S1-433962250	S2-309942998,S2-242420278,S2-170026373
S1-192098859	S2-859369100,S2-162664517,S2-947919288,S2-284343842,S2-811960003,S3-254329808,S3-923804244
S1-458284378	S2-567622956,S3-442514831,S3-487929584
S1-696680740	S2-444551982,S2-841621811,S3-154816359
S1-207335088	S2-889761984,S3-32603668
S1-217464332	S2-241016848,S3-117556708,S3-407434380
S1-982727978	S2-9449964,S2-150709407,S3-42970542,S3-806366868
S1-712322665	S2-489726496,S2-186420780,S2-924666958,S3-959907412,S3-631480695
S1-350663050	S2-619660465,S3-878082176
S1-714715499	S2-284315886,S2-65173197,S2-797027511,S2-926137902,S2-19007393,S3-856558060,S3-794991206,S3-25353897
S1-768292524	S2-972105901,S2-761932607,S3-706800106
S1-780629451	S2-603663325,S3-864623162
S1-240828857	S2-114017647,S2-14627031,S2-229008645
S1-33426914	S2-143291109,S2-694917313,S2-300097668,S3-759797979,S3-615828159
S1-916865561	S2-429482293,S2-387031339,S3-916217695,S3-146989714,S3-31072194
S1-919399202	S2-136924713,S2-101160439,S3-615558609
S1-152544186	S2-880989046,S2-477043733,S3-247451249,S3-32840727
S1-718466467	S2-257871772,S2-396085543,S3-107734303
S1-240113219	S2-629994627,S3-994844539,S3-573638125
S1-841424354	S2-317940148,S2-52368911,S2-761476238,S3-455837243,S3-575750046,S3-957627673,S3-425132072,S3-849157923
S1-489683556	S2-914380301,S2-391211335,S2-249586759,S3-276310027
S1-756227385	S2-623502628,S2-708365311,S2-409936408,S2-724835750,S2-646429739,S3-895031653,S3-142929416
S1-518380405	S2-707956076,S3-47661540,S3-764545065
S1-382663415	S2-55174289,S2-2736361,S3-848194412
S1-69333104	S2-756485987,S2-626835015,S3-535726389,S3-882516070
S1-440738074	S2-776575769,S2-529090872
S1-649561149	S3-904745911,S3-270983457
S1-469789771	S2-974635973,S3-181033192,S3-933744476,S3-193531735
S1-77890820	S2-690824073,S2-907123259,S3-313733721,S3-308597130,S3-212102980
S1-269662096	S2-519424426,S2-676340940,S3-907967880
S1-803897695	S2-551068910,S2-731717950,S3-247941077,S3-516540034,S3-152644062
S1-880152338	S2-868753923,S3-714461256,S3-841064949
S1-646888610	S2-125440547,S2-30385528,S2-130117302,S3-528580712
S1-381873133	S2-468096192,S2-102487978,S3-942582272
S1-706306762	S2-582251296,S3-67450768,S3-692034791
S1-630178053	S2-16997082,S2-396676841,S3-837733083
S1-33713167	S2-66225847,S3-701799565
S1-603834450	S2-204714168,S2-749366835,S3-463838892,S3-219866349
S1-836805173	S2-361743042,S2-509216346,S2-865423602
S1-974391882	S2-436926732,S2-366849618,S2-144113754,S2-197076316,S3-860972461
S1-934289782	S2-99996100,S3-278584999
S1-515849124	S2-198168302,S2-888421413,S3-759922225,S3-570378812,S3-171593636
S1-923992831	S2-268202421,S3-743277571,S3-664346423
S1-65683170	S2-999475232,S3-862373954,S3-292335750,S3-879311966
S1-137206307	S2-240276746,S3-134862956
S1-319806222	S2-711972245,S2-468709697,S3-909504643,S3-442836090
S1-125559359	S2-476222241,S3-351452240
S1-708475349	S2-111987053,S2-2521078,S3-430828137,S3-82406517,S3-640889555
S1-803897725	S2-140038841,S2-722122351,S2-318430928,S3-405473349
S1-771574271	S2-186859171,S2-66965718,S2-771083588,S3-381228121,S3-99192953
S1-667661012	S2-446420052,S2-368583617,S2-530784579
S1-12391406	S2-884549420,S3-100323621,S3-783232237
S1-808125066	S2-940392156,S2-612337475,S3-917577339,S3-587997938,S3-131394843
S1-711964730	S2-719778817,S2-240451219,S2-609066086,S3-76654101
S1-821399616	S2-236664799,S3-795840465
S1-201005864	S2-841640131,S3-851598403
S1-974726412	S2-720031743,S2-730411980,S2-497105375,S3-52383947,S3-355338938
S1-344795493	S2-728272665,S3-823660053
S1-410018269	S2-367986003,S3-957475318
S1-908231011	S2-457532126,S3-610546952
S1-528718587	S2-536563500,S2-520195853,S3-148163657,S3-646466804,S3-339464331
S1-282171136	S2-845341814,S2-360358134,S3-35730895,S3-288767112,S3-120604707
S1-272727693	S2-264622350,S3-181421155,S3-738664969,S3-998378675,S3-394964725
S1-144779327	S2-196045708,S3-371129773,S3-890090861,S3-769761486
S1-488180981	S2-40646292,S2-713077849,S2-423543140,S3-327480994,S3-617302398
S1-336714736	S2-30824317,S3-840969169
S1-559533049	S2-617436034,S2-4813332,S2-909999409,S2-364675547,S3-625683083,S3-508586378
S1-845825915	S2-720442248,S2-664850709,S3-336511065,S3-898288265,S3-807693650,S3-132446391
S1-85413984	S3-223282896,S3-966946605
S1-230927550	S2-42787929,S2-975850943,S3-750961977
S1-377806035	S3-474557817,S3-790337146,S3-370001655,S3-528129053
S1-749225745	S3-792822692,S3-562757782,S3-321135450,S3-103525687
S1-735801252	S2-253698441,S2-847705044,S2-693237153,S3-188405913,S3-996787045,S3-570263143
S1-469062270	S2-101140679,S3-833590383
S1-395769586	S2-909796381,S2-325114457,S3-268776372,S3-512943749,S3-921916683
S1-134284681	S2-8105518,S2-344575529,S2-159419435,S3-579808376
S1-717951792	S2-800477149,S3-430614442,S3-545159697
S1-148197187	S2-558770810,S2-949126137,S3-283513865
S1-64621239	S2-603793672,S2-36759957,S2-745915756,S3-613818616
S1-574752508	S2-510155934,S2-552833168,S3-486598517,S3-284462008,S3-800982686
S1-69244055	S2-820109507,S3-983167360
S1-71791437	S2-678852031,S3-148921443,S3-998224010
S1-413929600	S2-750630045,S3-663783636,S3-158690605,S3-562193565
S1-694345537	S2-603337432,S3-108265779,S3-564811818,S3-769078842
S1-355441545	S2-197369522,S3-694903011,S3-163691912,S3-709345393,S3-179859415
S1-89607014	S3-908851743,S3-765851723,S3-331516528,S3-996766535
S1-934450180	S2-112301268,S2-98644875,S3-215780000,S3-855359400
S1-482169018	S2-674905819,S2-737712321,S3-384432158
S1-859761119	S2-978653533,S2-570624984,S2-252362197,S3-506357491,S3-806506960
S1-93765983	S2-998562480,S2-55666396,S3-636597148
S1-852798404	S2-652185140,S3-811989723
S1-636753598	S2-339978412,S2-781967079,S2-296580481,S2-10090751,S2-292020210,S3-969250781
S1-753774125	S2-642859754,S2-263330364,S3-684214603,S3-10035936,S3-264219660
S1-701584330	S2-334899958,S3-384828786,S3-470723260,S3-133269764
S1-248912389	S2-721291934,S3-993794637
S1-424974552	S2-882924253,S3-220957174
S1-261130770	S2-655496890,S2-713977703,S2-480081446,S3-816414492,S3-694924252,S3-351254134
S1-158270214	S2-499593250,S2-170383399,S2-888470138,S3-372674982,S3-127881067
S1-726131648	S2-876665112,S3-92224633
S1-840412640	S2-242920238,S3-882866461,S3-434011837
S1-328234501	S2-409763686,S3-96834493,S3-235698662
S1-146831633	S2-700144515,S2-126478243,S3-168746221
S1-368900982	S2-450750974,S2-703905938,S3-689172981,S3-640168086
S1-977057041	S2-147898454,S3-194234788
S1-389818777	S2-458540027,S2-772839658,S2-358341861,S3-666688240
S1-616130349	S2-854428957,S3-377108797,S3-760796090
S1-419479874	S2-766962272,S2-866253216,S2-241956337,S3-800146209,S3-681943956
S1-370221460	S2-934350672,S3-179953811
S1-705071525	S2-295758760,S2-459155145
S1-217695948	S2-929696518,S2-401247949,S3-721562871
S1-251575993	S3-21406935,S3-353079895
S1-444456369	S2-319318099,S2-546584876,S3-155118057,S3-270968627
S1-213358232	S2-149760402,S3-363845336,S3-9357338
S1-9003523	S2-567655950,S3-306033929,S3-208401546,S3-569997077
S1-954181683	S2-896801892,S3-809964874
S1-874499243	S2-813636007,S2-730546290,S3-40297751,S3-859641392,S3-129572099
S1-301069017	S2-691579200,S3-516822971,S3-353424758
S1-685211178	S2-90513610,S2-701768030,S2-763046135,S3-70435061,S3-167342207
S1-303891628	S2-663832178,S2-98330288,S2-441304219,S3-705532906,S3-907059999,S3-714400608
S1-612614709	S2-675529965,S3-147089797,S3-540924099
S1-17841379	S2-937368733,S2-91271128,S3-782125530,S3-79879223,S3-397022168
S1-5885313	S2-825522844,S2-4436306,S3-271478311,S3-29044743,S3-921161801,S3-225032523,S3-553816259
S1-945120460	S2-322783877,S3-639953687
S1-929414038	S2-106912132,S3-620871611
S1-225283562	S2-446910370,S2-156279779
S1-461541923	S2-671416940,S3-412355868,S3-126056630,S3-80789297
S1-891096969	S2-63693115,S2-140541553,S2-538341884,S3-366399939,S3-183601794
S1-22659428	S2-172495171,S2-411038775,S3-673379992
S1-914184785	S2-895901122,S3-421795307
S1-877271257	S2-999681380,S3-280003359
S1-817659256	S2-843586401,S2-153513671,S3-171842831
S1-11632218	S2-228330782,S2-522274799,S2-314901381,S3-325764734
S1-506604178	S2-891748787,S2-2441350
S1-860691096	S2-456391223,S2-719022711,S3-970630683,S3-583558723,S3-66345388,S3-814094405,S3-399304001
S1-236319678	S2-348840245,S2-273584671,S3-881479527,S3-310150461,S3-855682578,S3-347278174
S1-655505287	S2-204360887,S2-385492343,S3-715813467
S1-856572280	S2-269966367,S2-887894260,S2-260088231,S2-909045047,S3-541884307,S3-246768842,S3-394935112
S1-187461399	S2-663557767,S3-660522190,S3-41476849,S3-876150071
S1-60692380	S3-440008779,S3-477981418
S1-686771371	S2-800327513,S2-847627539,S3-46019788,S3-97677137,S3-473826972,S3-767691308,S3-490736491
S1-37491501	S2-711850451,S2-561911372,S3-508122049,S3-313673675
S1-315841512	S2-676499891,S3-499329517
S1-761690016	S2-393907038,S3-184076691
S1-806558932	S3-857940589,S3-533218178,S3-973414898
S1-710753654	S2-671703493,S2-50182020,S2-67590652,S3-755958913,S3-799989376,S3-95328721
S1-535296190	S2-443253192,S3-489276617,S3-124964213,S3-771774292
S1-580511976	S2-612089189,S3-282048455,S3-628697213,S3-750066591,S3-144296789
S1-830029577	S2-647898239,S3-237050841,S3-857076489
S1-952671815	S2-710797199,S3-473103115
S1-386149014	S2-167843939,S2-217659319,S3-743073736
S1-932565696	S2-17622904,S2-340483727,S3-578205770
S1-706470436	S2-254236466,S2-394951869,S2-162308185,S3-735721111,S3-668551285
S1-338592186	S2-19882843,S3-261976071
S1-841674455	S2-769737458,S2-262036433,S3-997682432,S3-181374382
S1-452742712	S2-705297578,S2-4647961,S2-11534922,S3-772556752,S3-871910172
S1-493230765	S2-120105126,S2-48302043,S2-325757076,S3-380212704,S3-962393921
S1-724088018	S2-180743490,S3-654835043,S3-244711615
S1-928153130	S2-5669297,S2-251504319,S3-594566074
S1-604794944	S2-490883609,S3-235490708,S3-352583881,S3-472958193
S1-468382952	S2-460968343,S2-383321629,S3-609798835,S3-242261221
S1-973909417	S2-374870775,S3-295635906,S3-470282596
S1-744079830	S2-971474848,S3-356251414
S1-906704002	S2-925757125,S2-855001855,S2-584391682,S3-140965307
S1-831210601	S2-188843049,S2-783203286,S2-213864447,S2-557332102,S2-431357139,S3-459057880,S3-542670353
S1-71274594	S2-333704753,S2-575342113,S3-902782131,S3-930661983,S3-826334221
S1-426008074	S2-578091292,S2-327174836,S3-818390252
S1-157018729	S2-209408254,S2-164610130,S2-833625881,S3-479739561,S3-137850078
S1-320463536	S2-243060723,S2-449464365,S2-373783998,S3-668673225,S3-394194643
S1-185837606	S2-684041606,S2-333758312,S3-531534242,S3-511062192,S3-891064649
S1-130259349	S2-629043886,S2-923228441,S2-75109867,S3-387273155
S1-207788220	S2-140747019,S2-233977935,S3-844078499
S1-282709488	S3-436251585,S3-302808676
S1-887107735	S2-64450863,S3-97793110
S1-709221461	S2-596656160,S2-986897638,S2-777481704,S3-111907054
S1-188693112	S2-275997564,S2-892418342,S3-983160483,S3-603686234,S3-448005672
S1-634562632	S2-538089932,S2-168593815,S3-598415898
S1-633978474	S2-36980661,S3-286735868,S3-19520442,S3-825066661
S1-979371169	S2-136865599,S2-494991905,S2-89724696,S3-140762018,S3-922793971
S1-959031597	S2-718880992,S2-931854513,S3-607908825,S3-539259717
S1-252105165	S2-157717824,S2-618250232,S2-597944273,S3-879457436,S3-786936082
S1-378031778	S2-416785928,S2-406763397,S3-456139118
S1-20886832	S2-909044410,S2-707009419,S2-400422759,S3-916060521,S3-207205798,S3-361487891,S3-674941177
S1-381161160	S2-313622395,S3-555817605,S3-58682582
S1-763163599	S2-126485502,S3-572539757
S1-720046243	S2-806315386,S2-44300154,S3-444894208,S3-342166783,S3-759362549
S1-285854499	S2-423424620,S2-656477756,S2-990994361,S3-828763846
S1-160522907	S2-23478753,S3-990229007
S1-786428654	S2-90446350,S3-500579373,S3-16453300
S1-471357027	S2-500494298,S2-30740066,S3-92925326
S1-488904263	S2-892512814,S2-601552717,S3-434708361,S3-84522220,S3-267952355
S1-720317099	S2-59084715,S2-243295833,S3-390464337,S3-702589976,S3-912094469
S1-391863426	S2-582871026,S2-822045609,S3-318607058,S3-217062776,S3-685717298,S3-437818570,S3-102835361
S1-727809449	S2-471590462,S3-135504865
S1-283654510	S2-145152263,S2-353094240,S3-548404113,S3-803122329,S3-559739036
S1-84958895	S2-269239647,S2-145265614,S3-786079888,S3-607748940
S1-247276428	S2-268800693,S2-32684269,S3-88340929,S3-865576219,S3-905151241
S1-485781472	S2-910911455,S2-531377619,S2-822376707,S3-944523262
S1-919384011	S2-969107318,S3-856663818,S3-94657945
S1-182059724	S2-872034105,S3-341741784
S1-291267011	S2-103455186,S2-546514809,S2-216993696,S3-602665050
S1-823453515	S2-688359214,S2-569890007,S3-417630805
S1-700001576	S2-443370732,S3-283602771,S3-330584275
S1-912550059	S2-814955169,S3-135038190
S1-233419946	S2-65548544,S3-979424724,S3-961379579
S1-192479774	S2-342706088,S3-197122500
S1-554386717	S2-816812044,S2-144340631,S3-125947814
S1-457754369	S2-286284270,S2-56972900,S3-610055050,S3-704619547,S3-541692030
S1-685220668	S2-510339752,S2-861813231,S3-12194610
S1-711568501	S2-943525231,S2-937532192,S3-443074049
S1-31832921	S2-828330445,S3-125335395,S3-804075505
S1-488320497	S2-775069062,S3-156399743,S3-634015284
S1-556064649	S2-914494544,S3-707628024,S3-821059100
S1-436807107	S2-140104981,S2-263901724,S2-207286894,S3-154244510,S3-580547244,S3-126848137
S1-732518513	S2-686558710,S2-32377174,S2-38899018,S3-354595010,S3-182480594
S1-122144908	S2-481463818,S2-947055679,S2-632911301,S3-979263892,S3-281833664
S1-628097639	S2-38375816,S2-4070698,S3-662583731,S3-205764962
S1-340311211	S2-435308264,S3-766577377
S1-349541976	S2-994320997,S2-581605172,S3-223458509
S1-473330834	S2-828482974,S3-315522453,S3-548000550
