entity_id	business_name	business_address	country
S1-252242682	Aggie E. Nagle, L.C.S.W.	11900 54th Avenue, Plymouth, MN	US
S1-960158214	Tinoco Institute of Technology Inc	27418 Fairway Oaks Drive, Huffman, TX	US
S1-164072881	Bennett's Transport	46 Village Gate Boulevard, Delaware, OH	US
S1-582550646	U A & O Securities PLLC	514 Snow Mass Lane, Yakima, WA	US
S1-692096873	Surgical Partners, L.L.C.	972 1285, Clinton, UT	US
S1-369859179	United & Brothers Center	C/O Malasiya Brothers, Temple Road, Rishabdeo, Udaipur., Udaipur, Rajasthan	India
S1-771350895	Eastern Projects Limited	S-2, Kurinchi 66 New Avadi Road, Chennai, Tamil Nadu	India
S1-824919785	AL Transport Private Limited	Tamil Nadu, Manasarover Oyster Bay Anand Farms Muttukadu Village, Chingleput Taluk, Kancheepuram, House No.24	India
S1-300116004	Shelton Graf Inc	812 Whipporwill Road, Conroe, TX	US
S1-694137400	1 800 Got Junk	VA, Carroll County, 13 Litteral Valley Park	US
S1-344907589	Ge Institute	Delhi, Cottage Road Adarsh Nagar, D-12, Delhi	India
S1-231764347	Northern Learning Center	8300 Dax Drive, Edmond, OK	US
S1-990411301	Products Prabh Hospitality Limited	Crime Sandhya, Shop No.03, Saidwar Co-Op Hsg. Soc. Navghar, Vasai, Thane, Maharashtra	India
S1-689135051	Crystal Bridge Private Limited	Jaipur, 108, Rajasthan, First Floor, Soni Paris Point Complex A-26-A, Sawai Jaisingh Highway, Banipark, Jaipur	India
S1-783148417	Eagle Plastics Private Limited	Jafala Road, P. O. Inda Kharagpur, Dist. Paschim Medinipur, Kharagpur, Midnapore, West Bengal	India
S1-866560305	Brodrick's Financial	5211 Lincoln Street, KS, Topeka	US
S1-236993845	Aces Nursing Home	H No. 8-3-430/1/15, Telangana, Hyderabad, A-2, P No. 15, Sai Ganesh Residency, Yellareddyguda	India
S1-424538610	Classic Supply LLC	604 S Elk Creek Road, Drain, OR	US
S1-54624388	Horizon Textile Innovations LLC	14403 Artery Lane, Unit UNIT 34, Prince William County, VA	US
S1-184484093	Stewart Spa, LLC	691 Main Street, Unit 1/2, Marion, OH	US
S1-748867572	Britt Best Willow LLC	16955 Toronto Avenue, Unit Apartment 115, Prior Lake, MN	US
S1-269676422	Fleur's United Machine Works	118 146th Street Court, Tacoma, WA	US
S1-651396775	Arellano & Wagner Pennymac	NY, 6853 Club Road, Castile	US
S1-415302257	Value Blackrock, Inc.	126 Meadowlake Drive, Hendersonville, TN	US
S1-267028745	Hyderabad Degree Pvt Ltd	Nsl Centrum, 2Nd Floor, Lift Lobby-4, Plot No.S1 Sy. No.1043 & 1048, Phase 1 & 2, Kphb Co, Lony, Hyderabad, Rangareddy, Telangana	India
S1-411013981	Reach Kraft Private Limited	180, V.M. Complex, Shop No. 6 Arisipalayam Main Road, Salem, Tamil Nadu	India
S1-169564752	Highland Opportunity LLC	207 Chalet Lane, Ankeny, IA	US
S1-917246075	Diamond Design Systems, Inc	2713 22, Patterson, NY	US
S1-334487253	An Memorial Trust	Pune, Sr No. 171C Flat N B -301 Sai Chintan Aprt, Phursungi, Maharashtra, Pune	India
S1-169459586	Pediatric Dentistry Partners	7005 Lampkins Crossing Drive, Williamson County, TN	US
S1-861422873	Klarika Mucci Star Precision LLC	216 Santa Fe Trail, Unit 1067, Irving, TX	US
S1-629968168	Oneal Highland Beijing	2433 Arrowhead Circle, South Bend, IN	US
S1-33141764	Sach Cosmetics Partners	Plot No. 32, Back Portion, Block A, Naraina Inustrial Area, New Delhi, South West Delhi, Delhi	India
S1-682591208	Custom Diamond Pennantpark Inc.	5212 71st Place, Kansas City, MO	US
S1-861499657	Tarwater, Christie D., Ph.D. PLLC	214 Lawley Drive, Alabaster, AL	US
S1-954492074	Small Trading Private Limited	555B Kasturba Path Gandhi Nagar, S.K.Puri, Patna, Bihar	India
S1-409356989	Swastik Infra Private Limited	Mumbai, A-503, Maharashtra, Vertex Vikas Bldg, Sir M V Road, Mumbai	India
S1-2835161	Saisrushti Brothers Private Limited	Shirines Ariyallur P O, Malappuram, Malapuram, Kerala, Door No: 20/190, Malappuram	India
S1-790587310	Nexis Silicon LLC	7583 White Overlook Drive, Breezy Point, MN	US
S1-944575225	Garg Decor Pvt. Ltd.	B-42, Tarang Apartments, Plot No. 19, I.P Extn., East Delhi, Delhi	India
S1-101650418	Adams and West Machine Works P.C.	10838 Miami Avenue, Tolleson, AZ	US
S1-179784912	Buell, Hernandez & Mancera Square Inc	9089 Bush Avenue, Leeds, AL	US
S1-847693024	Guru Bombay Consulting Private Limited	Shop No.314-315, Exxoniic, Jahangirpura, Surat, Gujarat	India
S1-901584216	Empire Endocrinology Co	1021 Edgewood Trail, Fort Worth, TX	US
S1-432799895	Devashish Greens (India) Private Limited	Flat No. 6, Gulmohor Court Lane B, Koregaon Park, Pune, Maharashtra	India
S1-415587950	Winn's Ventures	127 Bradford Street, Provincetown, MA	US
S1-402561445	Universal Systems Private Limited	Kerala, Ernakulam, Palliport P.O, Door No.3/920 Near Mini Harbour	India
S1-662021555	Dominica's Deli	358 Dover Cliffs, Ellettsville, IN	US
S1-312189980	Dynamic It Private Limited	H No 8-611-H No 8-611-Cts, No 2942 & 2941, Glb, Bangalore North, Bangalore, Karnataka	India
S1-439422572	New Products Private Limited	Mumbai, Maharashtra, 34 Quay Street New Darukhana, Mumbai	India
S1-368112409	Star Certified Wealth LLC	19728 Oakwood Avenue, Lynwood, IL	US
S1-737325393	Orthopedic Prime Health Corp	6941 Greenbriar Drive, Owasso, OK	US
S1-758172530	Delta Merchants	25 D Sea Breeze Lane, Nahant, MA	US
S1-76836627	Consolidated Marketing Union LP	2015 Gweneth Drive, Spring Hill, TN	US
S1-359858135	Itech Pl Private Limited	F/4, Municipal Shopping Centre Maharshi Dayanand Marg, Anand, Gujarat	India
S1-166048101	Lopez & Ma, LLC	221 King Street, Alexandria City, VA	US
S1-666076445	Sai Ventures Pvt Ltd	Milkat No.2, Nilgaon Rode, Bidkin Paithan, Paithan, Aurangabad, Maharashtra	India
S1-873837225	Straight Edge Tavern	4631 N Lee Highway, Cleveland, TN	US
S1-656357235	GC International Public Limited	P-12 Sanjai Gandhi Puram, Lucknow, Uttar Pradesh	India
S1-884582916	Nielsen Nuclear LLC	7589 Sylvan Creek Court, Citrus Heights, CA	US
S1-700444937	Bangalore Foundation Pvt Ltd	6, 5Th Cross. H.S. Road Wilson Garden, Bangalore, Karnataka	India
S1-463273528	Overholt Aurora	7710 Ashmole Lane, Houston, TX	US
S1-706132959	Children's Fund LLC	4425 2nd Avenue, Seattle, WA	US
S1-954571166	Florella Boulay Braemar LLC	25710 385th Avenue, Aitkin, MN	US
S1-589644824	Arihant Power LLP	590 A Naurangabad, Near Hardaul, Etawah, Etawa, Uttar Pradesh	India
S1-635687692	Vazquez Financial Associates	3815 Maplewood Avenue, Austin, TX	US
S1-467346231	Urology Medicine of Tempe LLC	1101 Warner Road, Unit 105, Tempe, AZ	US
S1-886645661	Fortune (India) Engineering Corporation	No D-405, Sathangadu, Iron And Steel Market, Ambattur, Tiruvallur, Tamil Nadu	India
S1-930813457	Mcmurray Kongsberg, LLC	IL, Loves Park, 6050 Broadcast Parkway	US
S1-198368079	Big Yoga Partners	105 Short Street, Pearl, IL	US
S1-412422423	Orthopedic Partners of Cambridge	Cambridge, VT, 465 Sterling Ridge Drive	US
S1-414902854	Harbor Alliance	1066 Oak Street, Loxley, AL	US
S1-954821863	Euro Technologies LLP	Plot No W-126, Midc, Ttc Indl. Area, Pawane, Koparkhairane, Navi Mumbai, Maharashtra	India
S1-62436864	Golden Iron LLC	3700 Sunnyside Avenue, Seattle, WA	US
S1-461348063	Bombay Restaurants Public Limited	D.No.275/A/C/M. Mla Cly, Telangana, Road No.12, Banjara Hills, Andhra Pradesh, Hyderabad	India
S1-861082905	Feix, LLC	13455 Oatfield Road, Unit #11B, Milwaukie, OR	US
S1-958462888	Urgent Care Medicine Clinic	95 Main Street, Annabella Town, UT	US
S1-726448757	NC Transition Group	1537 Leavitt Street, Chicago, IL	US
S1-254442231	Products Smart Smart Private Limited	No.7, Vidya Ashram, Arunachalapuram, 2Nd Street, Adyar, Chennai, Tamil Nadu	India
S1-988068538	Blue International Private Limited	170, Pushpanjali Enclave, Delhi, East Delhi, Delhi	India
S1-74917077	Golden City Enterprises Private Limited	Ts No.83, Beside Ramnagar Ward-32, Bellary, Karnataka	India
S1-669922898	Midwest Trust III	4 Candlewyck Drive, Unit Unit C2, Ithaca, NY	US
S1-639933000	Regional Value, Inc	7602 Market Street, Gibsonville, NC	US
S1-607727064	Cathie Hargrave Metropolitan Catering, LLC	KY, 2579 121, Mayfield	US
S1-605335384	Clear Royal	21 White Pine Drive, Brookfield, CT	US
S1-650396210	Flossy Price, M.D.	2106 3rd Street, City Of Wausau, WI	US
S1-429032549	Prime Technologies	Thane, 1/1403 Mahadev Complex Chs Ltd Ramdev Park Road Miraroad East, Maharashtra	India
S1-973215147	Pediatric Physicians L.L.C.	45 Forest Street, Unit 2, Chicopee, MA	US
S1-843685317	Precision Valley Cal LLC	2024 Lexington Avenue, Indianapolis, IN	US
S1-213689674	Sunrise Estate Private Limited	63/335 Part Of Ward No 30/3, Hasib Villa Naya Tola, Line Bazar, Purnia, Purnia, Bihar	India
S1-234974591	Future Infrastructure Private Limited	D-1/103, Vastu Khand, Lucknow, Uttar Pradesh	India
S1-817560084	Bonilla & Lane Inc	801 Robertson Street, San Benito, TX	US
S1-979288927	West Franklin	690 Row River Road, Cottage Grove, OR	US
S1-667767486	Ledesma Pbc LLC	2420 Vermont Avenue, Unit 102, Hyattsville, MD	US
S1-315045159	Shelley's Midwest Salon	4836 Trade Winds, Parker, AZ	US
S1-813720358	Griffin Interests	930 Langford Trail, New Prague, MN	US
S1-72977678	Debi K. Garton, M.D.	31 Hummingbird Lane, Upper Providence Township, PA	US
S1-417193911	Lacie L. Cook, CPA	224 Rogge Drive, Kilgore, TX	US
S1-924527011	Saloni Securities Ltd	32G, Gali No.5, East Azad Nagar Krishna Nagar, Delhi, East Delhi, Delhi	India
S1-621282687	Nexyx Capstone	Memphis, TN, 2440 Cardigan Drive	US
S1-284172512	Davis Environmental Services LLC	4617 Cinnamon Hill Drive, Fort Worth, TX	US
S1-848067159	Hanuman & Co Private Limited	4114 Santorini, Sobha Cit, Thanisandra Main Road, Heg, Bangalore North, Bangalore, Karnataka	India
S1-347891463	Diamond Infrastructure LLC	253 4th Avenue, Grand Meadow, MN	US
S1-929289723	Cultural Network	6 Vienna Court, Lake Saint Louis, MO	US
S1-628331624	Tops Sustainable Private Limited	Uttar Pradesh, Plot No 32 Bangla No 1984 Civil Lines, Jhansi	India
S1-76775041	Sharma Solutions Private Limited	Jaipur, Kashinath Ji Ki Gali, 583, Rajasthan	India
S1-505242350	Aditya Ventures Private Limited	Z-1, Third Floor, Rajouri Garden, New Delhi, Delhi	India
S1-764585778	Janki (India) Secure Private Limited	672/673 2Nd Floor Chhala Maholal Rustampura Near Parag House Ring Road, Surat, Gujarat	India
S1-270601210	Rudy, Donnelly and Mcfadden Compass LLC	713 Gilbert Road, Bolivia, NC	US
S1-880928614	Pediatric Dental Group	22337 Camacho Road, Queen Creek, AZ	US
S1-593411552	Fields Clear Pennantpark LLC	3340 Kettle Moraine Road, WI, Town Of Hartford	US
S1-521458401	Jarlova Big-Lowell	131 Varnum Avenue, Lowell, MA	US
S1-957452429	Pulimoottil Vidyalaya	10, Gitanjali Co. Op. H. Soc. Ltd., Nr. M.J.Library, Ahmedabad, Gujarat	India
S1-996714627	Precision Highland Forefront L.L.C.	13 Newland Avenue, MA, Bellingham	US
S1-941905340	Baba Developers Private Limited	New Delhi, Plot No. 154, South Delhi, Third Floor, Jasola Pkt-1, Delhi	India
S1-401079927	Modern Technologies Private Limited	North West Delhi, E-890 Saraswati Vihar, Delhi, First Floor	India
S1-682253157	Iqbal & Garcia Starry LLC	486 Williams Creek, Grayson, KY	US
S1-967404560	Bay Center	219 6th Street, Mulberry, KS	US
S1-347484566	UP Industrial Private Limited	Unit No. 205, Gandhi Nagar, Gujarat, Gandhinagar, 2Nd Floor, Signature Building, Block -13 B, Zone-1, Gift Sez, Gift City	India
S1-56584228	Harihara Consultants Corporation	No:11/B4 Red Cross Street, Near School, Vilva Nagar, Cuddalore, Tamil Nadu	India
S1-23329708	Adrian Precast Pvt Ltd	Pune, Sector R 8 T 98 2004 Amanora Park Town Sadesatra Pune City, Pune, Maharashtra	India
S1-603295224	Jackson and Levasseur Merger, LLC	1348 98th Street, Chicago, IL	US
S1-379931487	Orelee Bale United Gss	Clyde, NC, 44 Winding Branch Trail	US
S1-242996878	Anchor	16299 Foothill Boulevard, Fontana, CA	US
S1-895029531	Eco Industries Group Pvt Ltd	590-Eldeco Udyan-1, Bangla Bazar, Near Swami Vivekanand School, Ashiyana, Lucknow, Uttar Pradesh	India
S1-264575261	Grace Church	3075 Hunters Ridge Loop, Billings, MT	US
S1-811957774	Integrated Vehicle	AZ, Safford, 711 11th Street	US
S1-624393787	Jay Power Private Limited	Cts 275, Solapur Bazar Ketty Mansion, Pune, Maharashtra	India
S1-626902427	Mv Associates (India) Private Limited	C/O Sunita Sah, D. P. Colony, R.P. Road, Bhagalpur, Bihar	India
S1-766974954	Gingerich Americas, Inc	9205 Six Mount Zion Road, James City County, VA	US
S1-101434419	Perfect Media Private Limited	C/O Rekha Vijay Manatkar Ho No 219 At Gorva, Akola, Maharashtra	India
S1-414286380	4939 Third Drive Apartments LLC	547 Plyleys Lane, Unit 49, Chillicothe, OH	US
S1-188282119	IY Platinum Nippon, Inc	7915 Crawford Road, Auburn, KS	US
S1-85136368	Ellettsville Urgent Care Integrated Center	423 Tulip Tree Court, Ellettsville, IN	US
S1-30571593	Maa Investments Pvt Ltd	Tamil Nadu, New No. 17, Seethammal Road, Seethammal Colony, Alwarpet Chennai, Old No. 9, Chennai	India
S1-884045175	Seven Consultancy Private Limited	Gujarat, Ahmedabad, 1103, Ahmedabad, Shivalik Satyamev, Nr. Vakilsaheb Bridge, Ambali Bopal Road	India
S1-799053193	My One Exports Private Limited	4929, Main Bazar 6 Tooti Chowk, New Delhi, Delhi	India
S1-443180463	Peridus Wilco LLC	7907 Diamond Trail, Leander, TX	US
S1-409302317	Vkl & Brothers Associates	1040, Tower- T3, Golden-I, Sector- Techzone Iv, Gautam Buddha Nagar, Uttar Pradesh	India
S1-765925206	OHE Better Globa LLC	369 Clover Hills Drive, Brighton, NY	US
S1-767825346	Metro Health Center	9056 Howcroft Road, Richmond, NY	US
S1-791976303	India Deccan Farms Private Limited	P 57 Jodhpur Park, Kolkata, Calcutta, West Bengal	India
S1-319191433	Michal Butterfield Chain PLLC	305 Pine Ridge Road, Sartell, MN	US
S1-678553887	Raj Trading Private Limited	F6, Delhi, East Delhi, Pvt Office No. 1, G/F, Vijay Block, Lotus Tower, Laxmi Nagar, East Delhi	India
S1-941211093	Mois LLC	276 Brown Camp Road, Mountain View, AR	US
S1-876922338	Dancy Heritage Hospitality LP	Unit Unit 218, MN, 856 Woodgate Drive, Vadnais Heights	US
S1-999640449	Urban Tavern!	8534 Van Pelt Drive, Dallas, TX	US
S1-91931715	Behavioral Health Physicians of Seattle	5002 35th Avenue, Seattle, WA	US
S1-405595466	Ironworkers Union Local No 346	Saint Louis, Fl 0, MO, 1114 Red Bud Tree Court	US
S1-995678222	TRY Visual LLP	A-200, Ganga Nagar, Mawana Road, Near Sd Mall, Meerut, Uttar Pradesh	India
S1-149739118	Urology All Center, LLC	Village Of Salem Lakes, 10109 278th Avenue, WI	US
S1-633324339	Rosanna Buchheit Frontier Chile	5272 Lake Beach Court, Shoreview, MN	US
S1-753735450	Vision Clinic of Oakwood Inc	65 Delta Drive, Oakwood, IL	US
S1-666474984	Shining Constructions	220 Park View Plaza 32Park Area Karol Bagh, New Delhi, Central Delhi, Delhi	India
S1-446770	CT Golden	2333 Osborn Road, Phoenix, AZ	US
S1-845592571	Stotler Highland Calamos LLC	3250 Q Street, Washington, DC	US
S1-28049247	Pioneer Management	114 Velie Road, La Grange, NY	US
S1-498152809	Basalt LLC	3 Bogey Lane, Unit Apt 12, Little Rock, AR	US
S1-130989946	American Association	33 School Street, Ashville, OH	US
S1-481279986	Falcon	10 Harbor Point, Port Isabel, TX	US
S1-649616587	Vapi Constructions Pvt Ltd	Bunglow No.101 B, B/H Radhakrishna Apartment., Residential Area, Gidc., Vapi, Valsad, Gujarat	India
S1-826502543	Transcontinental Materials Collective Inc	243 Meridian Avenue, Unit UNIT 45, San Bernardino, CA	US
S1-933473014	Primary Care Ace Physicians LLC	8006 Wildrock Drive, Arlington, TX	US
S1-748938307	Pink Academy Pvt. Ltd.	85 A, Pocket- R, Dilshad Garden, Delhi, East Delhi, Delhi	India
S1-418474385	Ewing Rocky Launchpad Corp	1654 Desert Oasis Court, Benson, AZ	US
S1-238926669	Stavya Producer Private Limited	West Bengal, Kolkata, 9 Harin Bari 1St Lane, South 24 Parganas	India
S1-186380719	Lumora Liberty, L.L.C.	210 Sixth Street, Lansdale Borough, PA	US
S1-3002352	Surprise Scholarship Ministries	25909 171st Drive, Surprise, AZ	US
S1-442254819	Foot & Ankle Harbor Partners L.L.C.	1410 30th Avenue, Unit Apartment 8108, Minot, ND	US
S1-724278615	Saylor Shanghai	3701 Mckinley Street, Unit B1, Omaha, NE	US
S1-839279898	Indian Systems Private Limited	507, Sodepur Brick Field Road Haridevpur, Thakurpur, Maheshtola, Kolkata, Kolkata, Howrah, West Bengal	India
S1-338517599	Dejager Trinity Inc	103 Drake Avenue, Saratoga Springs, UT	US
S1-728249529	Johnson Best Ncr LLC	2244 Flagstone Lane, Carpentersville, IL	US
S1-579141674	Great Impex Limited	6/51 Street No 4Vishwas Nagar Shahdra, New Delhi, East Delhi, Delhi	India
S1-63861541	Hitech Finance Limited	272, Padmavati Colony A, Kings Road, Nirman Nagar, Jaipur, Rajasthan	India
S1-522451646	Cornerstone Affiliated Inc	720 Licking Pike, Wilder, KY	US
S1-141621886	Safe Evolution	3371 Ridge View Avenue, Bullhead City, AZ	US
S1-25496671	Lauralee Carswell Egh Group	28W 710 Army Trail Road, West Chicago, IL	US
S1-485823484	Rocky Mountain Xcel Inc	2775 Bradbury Road, Attica, IN	US
S1-438159039	Forge	WA, 4214 188th Street, Lynnwood	US
S1-237583778	Eye Partners LLC	300 Ingram Lane, Forks, KY	US
S1-77641653	Green Foundation	Pune, New No.25/2A, Pune, Maharashtra, Old No.6/2 Tuljabhavani Nagar, Pimple Gurav	India
S1-771744735	Stanley Muniholdings Co	MN, 1333 7th Street, Unit Unit 201, Moorhead	US
S1-9413864	Jaya Consultancy Private Limited	Tcg-3/3 Vibhuti Khand Gomti Nagar, Lucknow, Uttar Pradesh	India
S1-904435722	Vision Blue Care Associates LLC	410 Foust Street, Payne, OH	US
S1-528540834	Prairie Investments Inc	5001 Collins Road, Port Orchard, WA	US
S1-653991300	Ravita Services Private Limited	No.165, First Floor, Doddatumakuru Doddaballapura Taluk, Doddaballapura Taluk, Bangalore Rural, Karnataka	India
S1-598797816	Caron's Medical	435 Broadway Street, Bradley, IL	US
S1-255683974	Global Star Builders	House No. 60 Village And Post Office Chamanpura, Jhajjar, Haryana	India
S1-635198125	Ranveer Trading Private Limited	No 43/1 Paddy Field Roadperambur Chennai 11, Chennai 11, Chennai, Tamil Nadu	India
S1-986952607	Keystone Telecom Works Inc	1 B Sunrise Road, Danbury, CT	US
S1-956786250	Merla Harris Apex Wireless, LLC	352 Roxy Road, Venus, TX	US
S1-164492941	Federal Health Center LP	10889 412, Linden, TN	US
S1-688216085	Saturn Educational Society	Bijnore, Uttar Pradesh, Limited., Noorpur Road, Chandpur, C/O Chandpur Enterprises, Bijnor	India
S1-381873133	Prime Logistics Private Limited	177, Ff, Santdevidas Society, Nr Shantivan Society, Sarthana Jakatnaka, Surat City, Surat, Gujarat	India
S1-85413984	Western Hotels Pvt. Ltd.	Annexe 47, Siddharth Enclave, New Delhi, Delhi	India
S1-799263763	Global Jersey, Inc.	636 Graham Street, Memphis, TN	US
S1-820087503	Universal It Limited	28/1179/1, Beside Srk Ice Factory Mypadu Road, Nellore, Andhra Pradesh	India
S1-150271103	Zero Bearings	P.No. 65, Snehvardhini Co.Op. Hou Soc Jawahar Colony, Aurangabad, Maharashtra	India
S1-774724916	Midwest Amc Inc	2318 Greenwood Drive, Frisco, TX	US
S1-100113777	Anchor Security Ventures Inc	9707 Dry Creek Court, Richmond, TX	US
S1-44730026	Luque Lionheart	Amherst, 462 Campus Drive, NY	US
S1-759582548	Ganesh Projects (India) Private Limited	A-176, Surajmal Vihar, Delhi	India
S1-651214022	Electrical Buildtech Private Limited	Flat No 12 Sunrise Apartments Senapati Bapat Road, Pune, Maharashtra	India
S1-855055018	Aarav Producer (India) Corp	Maharashtra, F-8 B Achraj Tower Iichindwara Road Chhaoni, Nagpur	India
S1-930593792	Custom Environmental International Inc	6835 Camelback Road, Unit APT 8017, Scottsdale, AZ	US
S1-141069090	Trimurti Traders Ltd	758 Anna Salai, Chennai, Tamil Nadu	India
S1-920756296	Williams's Couriers	OR, Marion County, 5737 Ibex Street	US
S1-701718008	Okeefe, Arreguin and Sawyer Pebblebrook Inc.	1406 Bayside Avenue, Unit UNIT 9, Prince William County, VA	US
S1-534729834	Unique Trust	Sardar Nagar 14 Corner, Nr. Dr. Bharat Kakadiya, Rajkot, Gujarat	India
S1-557668554	RSR Productions Clinic	123 26th Street, South Bend, IN	US
S1-535698891	Crystal Colonial Opendoor, LLC	605 2nd Street, Findlay, OH	US
S1-916276074	Valley Heartland Kensington Ltd	6876 Rose Acres Lane, Felton, CA	US
S1-328803382	Cooperative Business Dynamics Inc	825 Lynn Street, Sidney, OH	US
S1-87757464	Dennis's Cascade Deli	4936 Bellaire Avenue, Kansas City, MO	US
S1-393629323	Uptown Coffee	220 Cedar Street, Clayton, NM	US
S1-780629451	Crescendo Trading Limited	1301, Tanishq Heights, M G Road, Ghatkopar East, Mumbai, Maharashtra	India
S1-26681171	SO Northern Inc	2589 Jordan Road, West Alexandria, OH	US
S1-684931165	Great Pediatrics	2225 7 Road, Richfield, KS	US
S1-43736321	India Technologies LLP	301, Ekvira Apartment Lokmanya Nagar, Thane, Maharashtra	India
S1-102834989	Metro Signature Brc	426 Glendale Avenue, Tilton, IL	US
S1-768918873	Arceo, Bryant and Ramos Quest Inc.	1214 Polk Avenue, Lovington, NM	US
S1-74727457	Horizon Transit Advisors	14115 Luthe Road, Houston, TX	US
S1-363506116	Jay Foods Private Limited	New 12/ Old. 10/1, Voc Nagar 3Rd Street, Perambur Purasawalkam, Chennai, Tamil Nadu	India
S1-344698276	Standard Cargo Digital Inc	Bldg N, South Jordan, 5197 Black Twig Drive, UT	US
S1-919196806	Reliable Electronics Studios LP	239 Orchard Road, Brookhaven, NY	US
S1-20543973	Custom Engineering Partners	W5271 44, Town Of Kingston, WI	US
S1-349541976	Ansari Nursing Home Corporation	Kurissummoottil Buildings, Room No. 398 /23 Ward, Mc Road Mazhuvangad, Tiruvalla, Pathanamthitta, Kerala	India
S1-381255175	Nagpur Industries Private Limited	Flat No 201, Kabir Palace, Zingabai Takali, Nagpur, Maharashtra	India
S1-81812107	Dareon Inc.	1329 Oakley Boulevard, Chicago, IL	US
S1-893739473	Diamond Star Residential PC	Towson, 7 Leadburn Court, MD	US
S1-621502725	Pediatric Dentistry Center of South Point	32 Twp Rd 1428 E, South Point, OH	US
S1-144151338	All Investment Limited	Plot 11, Daffodils Flats, 2Nd Floor Earikkarai Strt, Tambaram, Kanchipuram, Tamil Nadu	India
S1-261558912	Capital Dynamic Hartford LLC	275 4th Street, Coal City, IL	US
S1-334471515	Creative Media Private Limited	Residency Road, Behind Icici Bank, Rajasthan, Jodhpur, Bhansali Towers	India
S1-282294669	Welch, Noyes and Brow LLC	246 J Street, Casper, WY	US
S1-662664493	Chetna Software LLP	Door No 20/903-A, Karanthur, Kunnamangalam, Kozhikode, Kerala	India
S1-467150046	Infinite Investment	555, Main Road, Bihar, Araria, Plot/Khesra No. 554	India
S1-889776734	Sorensen Thayer LLC	6825 Arthur Court, Chino, CA	US
S1-389277132	Ridge Fellowship III	130 13th Street, MT, Laurel	US
S1-560948264	Smart Venture LP	Unit Unit 4, WI, City Of Pewaukee, W240N2532 Parkway Meadow Circle	US
S1-998381577	Dynamic Developers Private Limited	House No. 290, Shiroshi, Jawhar, Thane, Maharashtra	India
S1-629368895	Hilliard Enterprises LLC	8302 Cover View Road, Tucson, AZ	US
S1-357627607	Berry Apple LLC	2400 Pleasant Valley Road, Unit 107, Oxnard, CA	US
S1-451380804	Mtk Industries Private Limited	Kolkata, 8A/8B, West Bengal, Howrah, Kabi Bharat Chandra Road, Narayani Tower, Block-A, 4Th Floor, Flat-B, Dum Dum, Kolkata	India
S1-116143349	Tapti Services Private Limited	Old No.9, New.No.445, Kalkere Main Road Horamavu Post, Ramamurthynagar, Bengaluru, Bangalore, Karnataka	India
S1-574151865	Gee Tourism LLP	D1/D2 Krishna Chssubhash Rd (A) Vile Parle E, Mumbai, Maharashtra	India
S1-216795471	Nava Ridge Metal LLC	69 Brunswick Street, Unit Unit 3, Rochester, NY	US
S1-578934207	Chesterfield County Connection	6517 Bolles Landing Court, Chesterfield County, VA	US
S1-778380686	Imran Consultancy	On-11, Sn-2549, Bhakti Plaza Aundh Police Chowky, Aundh, Pune, Maharashtra	India
S1-838178443	Physical Therapy Cascade Associates Center	2537 Lake Houston Parkway, Kingwood, TX	US
S1-361100518	Noreen Marrero Exchange	921 La Villeta Street, Mexia, TX	US
S1-862309228	Meriel A. Craig, L.C.S.W. Corp	538 64th Street, Birmingham, AL	US
S1-214035024	Cube & Sons Private Limited	G 602 Param Creast, Near Param Green Bill, Vadodara, Gujarat	India
S1-603397192	Peor	1899 Alabama River Parkway, Millbrook, AL	US
S1-936389534	Precision Investment Labs Inc	669 Stony Brook Road, Brewster, MA	US
S1-265820361	Cordova Eureka LLC	1274 Meadow Lane, City Of Neenah, WI	US
S1-396938179	Muniz Harbor Debt LLC	629 State Street, Bristol City, VA	US
S1-439326052	Joelie Stewart Advertising	5661 Farmington Road, Gas City, IN	US
S1-548595965	Pine Trading Private Limited	Thane, Maharashtra, 1111B, Thane, Plot B Lodha Supremus, M Corp Thane West	India
S1-279745948	Perez, Ramirez and Teague	1016 Dawson Road, Gould, AR	US
S1-73350036	Western Allied Rail Inc	Kokomo, IN, 1031 Main Street	US
S1-698603256	Oliver Greenland LLC	30 Wildwood Drive, Prescott, AZ	US
S1-660217374	KC Telecommunication	713 Second Street, Uniontown, KY	US
S1-23181292	ZG Oil Private Limited	L-125-C Pkt L Dilshad Garden, Shahdara Near Dear Park, Shahdara, Delhi	India
S1-116736850	Santacruz (West) Cropscience Private Limited	3Rd Floor, Office No-46-47, S. V. Road, Santacruz (West), Dheeraj Heritage, Mumbai, Maharashtra	India
S1-11677997	Punjab Management (India) LLP	Third Floor, Plot No 3 J&K Block Extension, Laxminagar, Delhi, East Delhi, Delhi	India
S1-436292120	Cnm Traders Private Limited	A 103, 1St Flr, Mangalya, M M Road, Marol, Andheri (E), Mumbai, Mumbai City, Maharashtra	India
S1-822296831	Deoband Sanjay Private Limited	Uttar Pradesh, Saharanpur, Advocate Colony Near Pillar No. 2, Sdm Court, Deoband, Gt Road	India
S1-204636612	Wilson, Stoltz and Stark Services	470 Bunkers Ln, Middlesex County, VA	US
S1-634562632	Urban Marketing Limited	113, Uday Park, Ground Floor, New Delhi, South Delhi, Delhi	India
S1-735275619	Gordon Institute of Technology P.C.	Hope, 1228 South Street, IN	US
S1-866223201	Gillan's Communications Pullman	127 Webb Street, Unit NUMBER A, Pullman, WA	US
S1-257305751	Koepke Long PC	962 Lead Drive, Louisville, IL	US
S1-376697912	General Learning Networks LLC	1336 Webster Street, TN, Gallatin	US
S1-157964912	Seven Energy Pvt Ltd	3Rd Floor, Office No A321, Master Mind 4, Royal Palm, Goregaon East, Mumbai, Maharashtra	India
S1-297806600	1969 Washington Lane Partners	AR, Pangburn, 905 Fisk Street	US
S1-622012651	Baba Traders Private Limited	No. 53, Havanur Extn., Yeshwanthpura Hobli, Bangalore North, Bangalore, Karnataka	India
S1-278756766	Guru Producer Private Limited	M-46 Midc, Jalgaon, Maharashtra	India
S1-726296963	Surat City Chakraborty	Flat No 4A 4Th Floor Raj Vaibhav Apartment, Near Commissioner Bunglow Athwalines, Surat City, Surat, Gujarat	India
S1-883916751	Temple Ministries	104 Mill Street, Donnelsville, OH	US
S1-113355384	Peres Mortgage	18 Holden Drive, New Castle, DE	US
S1-934450180	Janvi (India) Solutions	118/219 / Kaushalpuri / Kaushalpuri, Kanpur, Uttar Pradesh	India
S1-701762366	Bangalore Shipping Private Limited	H. No 07 K No 279 Near Stephan School K G Halli., Bangalore, Karnataka	India
S1-471357027	Sugandh Public School	3/3, Mcd Flat Andrews Ganj, New Delhi, South Delhi, Delhi	India
S1-209891461	Fresh Bistro	879 Dickinson Street, Fall River, MA	US
S1-875421850	2080 Lake Road Owners Corp LLC	2671 Laughlin Court, Merced, CA	US
S1-1835685	Radosevich, Parsons and Shaw, LLC	Houston, 5637 Cedar Creek Drive, TX	US
S1-304310584	Select Better Business Group	Conroe, TX, 11203 Baron Carrington Place	US
S1-713396252	Royal Lodging, Inc	322 Lake Shore Drive, Lindenhurst, IL	US
S1-493708541	Historical Society Inc	210 Comet Drive, Jarrell, TX	US
S1-359941825	Eye Premier Medicine Care	9610 Old Retriever Trail, Charles City County, VA	US
S1-102436095	Shree Retails Limited	Pt 203, Jaya Nagar, Kukatpally, Hyderabad, Telangana	India
S1-266427009	855 Lincoln Boulevard Partners LLC	3001 288th Street, WA, Unit 292, Federal Way	US
S1-243729640	Cypress Hovnanian	8243 Oconner Crescent, Norfolk City, VA	US
S1-47177054	Davis, Peter & Degroot Foods Inc	901 H Street, Unit 809, Washington, DC	US
S1-164095705	IER Rocky Canadian	18 Millstone Court, Mansfield, MA	US
S1-82827127	Laxmi Management Pvt Ltd	Room No-7, #33, 9Th Cross, 8Th Main Sbm Company, Mathikere, Bangalore, Karnataka	India
S1-322444399	Ram Products Private Limited	1236, Abhay Palace Lunahar, Salipur, Cuttack, Orissa	India
S1-114005598	Elisabeth Voelker Coastal Corp	662 Morgan Bay Road, Surry, ME	US
S1-935637132	Uta Stafford Bioscience	1700 Cardwell Lane, Frankfort, KY	US
S1-399483440	Sanjeevini Tea Ltd	Flat No.301/2, S Block, Anand Vihar Apartments Saikpet, Tolichowki, Hyderabad, Telangana	India
S1-657145861	Budyne L.L.C.	5439 Buffalo Run Road, Patton Twp, PA	US
S1-950199400	Tech Software Private Limited	A-285, Main Bhishm Pitamah Marg Defence Colony, Delhi, New Delhi, Delhi	India
S1-985154847	Universal Transit Digital LLC	4101 Flat Ridge Court, Unit 418, Raleigh, NC	US
S1-994974866	National Edison, Inc	1051 Maverick Street, Fl 1, Chandler, AZ	US
S1-89879526	Hilliard Pioneer Northland Inc.	168 Danvers Road, Congerville, IL	US
S1-803222780	Keystone Meridian PC	201 Hannum Avenue, Rossford, OH	US
S1-236319678	Future Business Private Limited	Shop No.3, Ground Floor, Real Towers No.51-52, Royapettah High Road, Mylapore, Chennai, Tamil Nadu	India
S1-666402950	YQ National Owl LLC	3245 Alcony Conover Road, Casstown, OH	US
S1-307962356	Nieder, Stimpson & Coleman Churchill LLC	858 Kirkwood Avenue, Nashville, TN	US
S1-80750207	Guru Builders Private Limited	Govind Prajapat S/O Bhagwan Lal Rathasen Chonk, Sinhad, Nathdwara, Rajsamand, Rajasthan	India
S1-407040692	Amherst County Veterans Network	516 Monitor Road, Amherst County, VA	US
S1-782973508	Sterling Digital Industries Clinic	112 Alexander Avenue, White Plains, NY	US
S1-670786923	Korie Thao Cell	WV, Masontown, 181 Hundley Street	US
S1-346274005	Manuel Genesis	39880 Washington Drive, Salome, AZ	US
S1-846724546	Perez Garden LLC	800 Grace Avenue, Battle Ground, WA	US
S1-655244596	Velriis LLC	218 Spruce Glen Drive, Newark, DE	US
S1-998351985	Seven Developers Private Limited	Ayswarya Illam, Tamil Nadu, Chennai, Plot No.25, Oor No.5/174 Sulochana N Sulochana Nagar, Moulivakkam, Kundrathur, Road, Chennai	India
S1-526315632	Sv & Associates	Dss No. 384-P, Sector 16-17, Hisar, Haryana	India
S1-566266370	Maitri Housing Co	93, Gyan Khand Indrapuram, Ghaziabad, Uttar Pradesh	India
S1-662934488	Peggi's Foods	139 Blueberry Lane, Carroll County, VA	US
S1-520829562	Chiropractic Care	7818 Sea Eagle Circle, Zionsville, IN	US
S1-830932250	Asm Infrastructures Ltd	Ahmedabad, Gujarat, E-5 Divine Highland Parte, Sola Science City Road, Daskroi	India
S1-412033175	Shiva Exports	Lakhi Industry House, L B Shastri Marg Bhandup, Mumbai, Maharashtra	India
S1-547522751	Rauch Aberdeen Corp	5612 Helen Way, Sacramento, CA	US
S1-618620665	Garcia and Green	2719 Artesian Avenue, Chicago, IL	US
S1-192012523	Vaayuva Auto Private Limited	H No. T6 1105, Park View Residency, Sector 3 Palam Vihar, Gurgaon, Haryana, Gurgaon, Haryana	India
S1-321214578	Housing Council Inc	3376 Rd 12, Leipsic, OH	US
S1-886196683	Ram Marketing Private Limited	3Rd Floor, Howrah, West Bengal, Kolkata, Purbasha Apartment Atghara, Gopalpur, Kolkata	India
S1-32957164	Commission on Veterans Affairs	7178 184th Street, Lakeville, MN	US
S1-780892267	Thanvi Sciences Private Limited	No.304, Nakshetra Apartments, Rajiv Gandhi Road, (Old Mahabalipuram Road), Thoraipakkam, Chennai, Tamil Nadu	India
S1-23707983	IC Services Private Limited	304/10179 Ravinder Plaza, Abdul Aziz Road, Karol Bagh, New Delhi, Delhi	India
S1-604795319	Primary Care Group	404 Sharon Drive, Rotterdam, NY	US
S1-531160669	Krishna Projects	No 35/5041/1, 2, Ground Floor, Subramaniam Arcade, Gosaikunnu, Kuriachira P O, Thrissur, Kerala	India
S1-113185429	Rachna Nursing Home	H.No. 124, New Delhi, Block A, Bhagwati Vihar, Uttam Nagar, Delhi, New Delhi	India
S1-732060138	BW Modern Technologies Corp	8800 Walther Boulevard, Unit APARTMENT 3269, Parkville, MD	US
S1-673599972	Urology Associates LLC	TX, 339 Naples Lane, Austin	US
S1-475037609	Courtright School of Medicine LLC	155 Henderson Road, Mineral Wells, TX	US
S1-784269394	Wanda Turner Legacy Beyond Inc	UT, City Of Holladay, 4744 Naniloa Drive	US
S1-298591274	Kolhapur Supply Private Limited	1182/127 Bl. No. 9 Amey Co-Operative Housing Society, Mali, Colony, Kolhapur, Maharashtra	India
S1-156085383	Rocky Certified Foods Inc	304 Prospect Street, Villisca, IA	US
S1-100482017	Exim International School	247, 1St Floor, Orchid R Mall, A Wing, Royal Palms Aarey Colony, Goregaon (East), Mumbai, Mumbai City, Maharashtra	India
S1-550441590	Idea LLC	13477 Arkansas Lane, Iowa Park, TX	US
S1-103259591	Keystone LLC	OH, Centerville, Unit 104, 1805 Piper Lane	US
S1-442903295	Happy Yoga LLC	211 Jatag Road, Vanceboro, NC	US
S1-971093855	Marco Industries Private Limited	Plot No. N3/394, Irc Village, Nayapalli, Bhubaneswar, Khordha, Orissa	India
S1-495945260	Precision First Spade Inc	6525 Breezy Knoll Lane, Huntingtown, MD	US
S1-402607746	Unique Technologies Private Limited	B 102 A, Kalkaji, New Delhi, Delhi	India
S1-197126578	South Pennymac LLC	100 Hill Street, Athens, TN	US
S1-438686567	Lower Silver Range Inc	29 Wellington Street, Bessemer, AL	US
S1-759178426	Behavioral Health Center L.L.C.	4900 Palmer Avenue, Baltimore, MD	US
S1-891256014	Complete Health Systems	18207 West Road, Wellington, OH	US
S1-4276658	Ear Nose & Throat Care LLC	211 2nd Street, City And Borough Of Wrangell, AK	US
S1-319234794	Houston Global Highview PC	5821 Eagle Valley Drive, Fl 0, Saint Louis, MO	US
S1-252519449	Arcadia Trading Ltd	Tamil Nadu, Madhavaram High Road, Perambur, Madras;11, 56	India
S1-429684614	Hotel Super Foundation Private Limited	Door No. 3-18, Main Bazar Mandadam, Tadepalle, Guntur, Andhra Pradesh	India
S1-523091030	Urology Health Inc	43-56 160 Street, Flushing, NY	US
S1-571791593	Cascade Council III PLLC	Unit UNIT H, Saint Louis, MO, 7416 Triwoods Drive	US
S1-39038360	Chiropractic Complete Care Associates Inc	6085 Tippecanoe Road, Youngstown, OH	US
S1-4694392	20/20 Optical Center	10567 Sunrise Bluff Lane, WA, Bainbridge Island	US
S1-635533302	Hitech Mercantile (India) Pvt Ltd	14/7C, Kallur, Ayankalam, Malappuram, Ponnani, Kerala, India, Ponnani, Malappuram, Malapuram, Kerala	India
S1-704698894	Cohen, Graf & Felix Affiliated Inc	OH, 46375 Buckio Road, Woodsfield	US
S1-333551347	Nieves & Fulkerson Rising LLC	374 Delavan Avenue, Buffalo, NY	US
S1-622908702	Ember Finance (India) Private Limited	Plot No 265, Garage No 2, Sanman C Hsg, Adarsh Coty Malad W Est, Mumbai, Maharashtra	India
S1-602018748	Green Green Cable LLC	134 Kingston Street, Nashville, TN	US
S1-387483555	Murray United Energy LLC	IN, 4162 25, Greencastle	US
S1-701074816	Araiza Apogee LLC	215 Kentucky Street, Trenton, IL	US
S1-660061219	Gap Learning Pvt Ltd	C/O Sanju Devi, 6/258, Amar Vihar Khora Colony, Ghaziabad, Uttar Pradesh	India
S1-429297138	Arihant Systems Private Limited	14-B, Gorakhpur Sadar, Mahadev Jharkhandi Tu No.1, Mahadevpuram, Tehsil Mahadevpuram, Gorakhpur, Uttar Pradesh	India
S1-92145671	Precision Modern Enbridge L.L.C.	WV, 120 Cannery Lane, Winfield	US
S1-341380364	Vision Advanced Specialists	6326 Lochwood Drive, Town Of Fulton, WI	US
S1-898298217	Dupuis, Heim and Franco Innovation	3401 343rd Street, Fl 0, Cheney, KS	US
S1-168213698	Platinum Apparel Inc	11829 Larkspur Drive, El Mirage, AZ	US
S1-911508934	Old P B Road Foundation Partners	2101/26-27, M M Chembers, Old P B Road, Kolhapur, Maharashtra	India
S1-962184094	Silver Tavern	710 22nd Street, East Saint Louis, IL	US
S1-642752390	Harris's Deli	Bella Vista, Unit Ste 104, 1713 Forest Hills Boulevard, AR	US
S1-503837160	Ali, Chung and Saephan Analytics	5858 Utica Road, Lebanon, OH	US
S1-880026621	Annmarie Williams Prime Medical LLC	1888 Cr 25, Unit 162, Bellefontaine, OH	US
S1-266782277	Johnson Frontier Columbia, LLC	4 Grant Road, Gorham, ME	US
S1-97555498	Inscape & Co	Plot No. 737, Gidc Manjusar, Savli, Vadodara, Gujarat	India
S1-44186457	Primary Care Specialists LLC	572 Oak Circle, Warren, OH	US
S1-118940021	Zeniex Inc	1221 Church Avenue, Brooklyn, NY	US
S1-7715275	Unity Solutions Pvt Ltd	Shop No.F-162, First Floor Third Phase, Spencer Plaza, 768/769, Anna Salai, Chennai, Tamil Nadu	India
S1-135993878	Kadapa Food Pvt Ltd	Cuddapah, # 3/337, Sunkesula Road Khajipeta, Andhra Pradesh, Kadapa	India
S1-597964561	Sotomayor & Clarke Consultants LLC	5109 Lemon Tree Path, Austin, TX	US
S1-724138105	United Ss Healthcare Limited	70 Ganesh Chandra Avnu1St Flr, Kolkata, Calcutta, West Bengal	India
S1-37562422	Stilwell's Sterling Produce	307 Glengarry Drive, Unit 3, Nashville, TN	US
S1-469663352	Le Life Company	Tamil Nadu, Tiruvallur, Ambattur, 3/86E Ambattur Industrial, Estate Aiema Road	India
S1-339597742	East International Private Limited	2/76, Lucknow, Uttar Pradesh, Vishal Khand Gomti Nagar	India
S1-150649158	Ramel Travel Limited	Vasundhara Enclave Dharamshila Cancer Hospital, East Delhi, C-1/7 Mod Apartment, Delhi	India
S1-508724538	Shandeigh Bowen Biopharmaceuticals Inc.	OH, Chardon, 6 Susan Lane	US
S1-28846217	Hill Federal Iris LLC	6045 Crown Royal Circle, Fairfax County, VA	US
S1-298031980	Metro Summit Corp	Magnolia, DE, 120 Carnation Drive	US
S1-864141617	Pediatric Medicine LLC	1 Aragon Lane, Tijeras, NM	US
S1-432417889	Abhinandan Logistics Pvt. Ltd.	C/O Latabai Atmaram Khekale, At Bhokardan Jalna Perjapur, Jalna, Maharashtra	India
S1-938425902	Northern Occupational Therapy Corp	3310 Meadow Oaks Drive, Garland, TX	US
S1-790985841	Wolfe Systems Inc	52842 Cr 227, Fresno, OH	US
S1-630281768	Morris Partners	9 Calderwood Avenue, Greenville, RI	US
S1-457482667	Smart Snow LLC	1106 Wall Street, Durham, NC	US
S1-754954572	Modern Foods Private Limited	102, Sree Swathi Anukar, Beside Aditya Trade Center, Ameerpet, Hyderabad, Telangana	India
S1-179641994	Oncology Associates LLC	18526 Grade School, Unit 0, Caledonia, IL	US
S1-716226141	Scan (India) Sree Private Limited	Plot No.34, Sr. No. 23/P, Shivpuri Near Amaan Urdu School, New Nandanvan Colony, Aurangabad, Maharashtra	India
S1-24363561	Vargas and Ford	504 Matthew Drive, Ofallon, IL	US
S1-356706315	Ridgeline Gores Inc	943 Fremont Street, Washington City, UT	US
S1-556190240	1059 Lake Road Partners Inc	817 Bumble Bee Street, Fl 1, Medford, OR	US
S1-263530198	Ellis Federal Group	11400 Argyle Road, Irvington, AL	US
S1-176251157	Whittaker Animal Hospital	Goodyear, 1490 Pebblecreek Parkway, AZ	US
S1-199227893	Mouse Nidhi Private Limited	131, Almeida House, Thomas Mary Villa, Church Pakhadi, Mumbai, Maharashtra	India
S1-574044449	Kamal & Brothers Pvt Ltd	No. 2024, 16Th Main Road, Hal 2Nd Stage, Kodihalli, Indira Nagar, Bangalore, Karnataka	India
S1-74576372	GG Enterprise	7200 Midland Circle, Unit 110, Maiden, NC	US
S1-534236281	Creative Wealth LLC	113 Babcock Street, Hartford, CT	US
S1-324584200	Behavioral Health Integrated Clinic Corporation	CA, 6967 Park Boulevard, Joshua Tree	US
S1-897619072	Ace Keystone Pan Group	IN, 6333 Centerton Drive, Fort Wayne	US
S1-408649885	Cristionna Anderson Siddhi, LLC	Dayton, 8855 Washington Colony Drive, OH	US
S1-880760646	2569 Second Street Associates LLC	12422 Ramla Place Trail, Houston, TX	US
S1-276216492	Nesta Garland Rockwool LLC	Winston-salem, NC, 5920 Odenton Lane	US
S1-175352413	Fresh Seafood	4159 Buffalo Street, Fl Floor 3, Orchard Park, NY	US
S1-449904825	Cordell Optimal Art LLC	Kenai Peninsula Borough, AK, 50155 E End Road	US
S1-812927347	Dwarka Design Private Limited	Flat No-22, Bharat Jagriti Appts Cghs, Sector-12, Plot No. 22, Dwarka, Delhi	India
S1-276029089	Schmidt Rock	WI, City Of Muskego, W177S8111 Brennan Drive	US
S1-658384505	Schmidt Municipal	1197 Country Fields Lane, Clarksville, TN	US
S1-936748232	Swastik Engineering Limited	Shop No 128, City Mall, Link Road Andheri West, Mumbai, Mumbai City, Maharashtra	India
S1-612190338	Twisted Book Store P.C.	132 Wellington Drive, Madison, AL	US
S1-569701545	Meon Energy LLC	6305 Kapford Drive, West Valley City, UT	US
S1-689472009	Nolan System LLC	760 Stewart Loop, Bozeman, MT	US
S1-420160775	A Cure 9 IT	8725 Maple Avenue, Hesperia, CA	US
S1-531753360	Bautista Veterinary Clinic LLC	56 Kennedy Drive, Carpentersville, IL	US
S1-882457304	Acorn Steel Pvt. Ltd.	Flat 312, Floor 3, Ekveera Apartment Old Nagardas Road, Andheri East, Mumbai, Mumbai City, Maharashtra	India
S1-836894038	Royal Foundation	B-1-11A/69 Sector-K Aliganj, Lucknow, Uttar Pradesh	India
S1-777292163	Velque Secure Hawaii	Zionville, NC, 1196 Silverstone Rd	US
S1-963987635	Tirupati Guru Logistics	H.No. 1-8-2/2, Trunk Road, Khammam Municipal Corporation, Khammam, Telangana	India
S1-850705232	Congregation Ministries	2952 219, Anna, TX	US
S1-84498572	Stefania Shanahan Cornerstone Security Inc.	4368 Windridge Court, Trinity, NC	US
S1-938369807	Trueworth Pmt Private Limited	12 Tarun Plastic Ind Estate, Maharashtra, Mogra Pada New Nagardas Rd, Andheri (E) Near Plasti, C Industry, Mumbai City, Mumbai	India
S1-341983168	Reed Hills	2662 Val Vista Road, Apache Junction, AZ	US
S1-405704441	Temple Baptist Church	3939 Chenoweth Sq, Saint Matthews, KY	US
S1-303665135	K+ Five	6637 Del Sol Drive, Glendale, AZ	US
S1-99885866	Humphreys Kimco	4330 Lugo Avenue, Chino Hills, CA	US
S1-528515735	Falcon	5635 Capito Street, Roanoke County, VA	US
S1-136343040	Fresh Research Inc	12 Main Street, Owls Head, ME	US
S1-221267220	United Pediatrics LLC	Petersburg, IN, 3127 57	US
S1-757566701	Bright Vertical Corp	802 Elm Street, Benton, KY	US
S1-634653424	Apex Rush LLC	8791 Us Hwy 421, Vilas, NC	US
S1-931341377	Hughes Illinois	Loudoun County, 43321 Chokeberry Square, VA	US
S1-940483992	Creative Star Energy	H .No 102 At Bhendala, At Bhendala, Aurangabad, Maharashtra	India
S1-76109382	Commission on Parks and Recreation	2100 Cielo Drive, Hobbs, NM	US
S1-408996445	Valiant Therapies Private Limited	58 Ub Ist Floor Jawahar Nagar, Delhi, North Delhi, Delhi	India
S1-596502181	Mackey Sterling Cambridge LLC	261 Rolling Meadows Lane, NC, Chapel Hill	US
S1-448691973	Zakarian Silver Centurion Inc	W15534 Garfield Road, Town Of Curran, WI	US
S1-852614243	Patriot Hawaii	941 8th Avenue, Unit APT 11, La Grange, IL	US
S1-537839025	Surgical Health of Aurora	1056 Asbury Drive, Aurora, IL	US
S1-430540284	Heartland Bankshares	706 Morris Court, Lakemoor, IL	US
S1-202685157	Two Institute	West Delhi, Janak Puri, B1/51, Delhi, New Delhi	India
S1-25963725	Greensville County Heart Committee Inc.	5540 Moores Ferry Road, Greensville County, VA	US
S1-519194586	Silver Hair Studio	291 Main Street, Waterville, ME	US
S1-791489404	Neer Infrastructure Private Limited	Jambukheda Nakor, Pratapgarh, Chittorgarh, Rajasthan	India
S1-25367562	Projects North Software LLP	Club Road Ps- Club Road, Muzaffarpur, Muzafarrpur, Bihar	India
S1-23656581	Gulf Fund	1830 Corona Vista, Bullhead City, AZ	US
S1-102419697	Pancham Nidhi (India) Private Limited	First Floor, Shop No. 19, Nwa Market Club Road, Punjabi Bagh, Delhi, West Delhi, Delhi	India
S1-174352949	Porter Chemical Inc	5 Charles Street, Unit 4, Methuen, MA	US
S1-765416539	Boyett & Griggs Lake LLC	10 Carmel Street, Unit 3, Boston, MA	US
S1-167168780	Rodriguez, Werner & Mulherin	301 Penny Street, Garner, NC	US
S1-213769418	Midha & Co Center	N-1/70, Flat No.105 Upper Ground Floor, Budh Vihar, Phase-1, Delhi, North West Delhi, Delhi	India
S1-129653718	Hs (India) Solutions Pvt Ltd	Princep Street, 3Rd Floor P. S. Hare Street, West Bengal, Kolkata, 4, Howrah	India
S1-508347600	Dobbins Better Pennantpark LLC	1417 Weeping Willow Court, Fl 0, Grants Pass, OR	US
S1-756987791	Cure Hypnosis	9101 Pine Street, Tulsa, OK	US
S1-843703526	QC Autotech Limited	Hootagally Industrial Area, Plot No.76/S Khata No.82/76S, Sy.No.188, Kasaba Hobali, Mysuru, Mysore, Karnataka	India
S1-261052276	Education Guild	640 Federal Street, Chicago, IL	US
S1-402090258	United Brothers Private Limited	F94, Ark Arcade, D.N. Nagar Shree Ashtavinayak Chs Ltd., Ganesh Chowk, Andheri West, Mumbai, Mumbai City, Maharashtra	India
S1-924970400	Meenesh Management	Kanpur, 117/H-1/93, Uttar Pradesh	India
S1-673076860	Patil & Sons Pvt. Ltd.	203, Okhla Industrial Estate, Phase Iii, New Delhi, Delhi	India
S1-216327770	Atlantic Family Practice	139 Sportsman Lane, Midland, CO	US
S1-35617258	Painters Local Union 48	3712 M, Jefferson City, MO	US
S1-643172392	Laufer Oyj Co	NY, 1915 19 Street, Brooklyn	US
S1-573194865	Dollins Spruce Inc	1016 Village Road, Crystal Lake, IL	US
S1-757605417	Silver Hospitality Dynamics	109 Franklin Road, Henderson, NC	US
S1-700980308	Jai Pharma LLP	House No. 35, Mohali, Punjab, Phase 3A Mohali, Sas Nagar	India
S1-68108592	Mayberry Edison LLC	212 San Lorenzo Street, Los Banos, CA	US
S1-159502975	Metro Rocket LLC	250 Almond Road, Locust Grove, AR	US
S1-197210577	Johnson's Motors	2400 Mellwood Ave, KY, Unit 1302, Louisville	US
S1-10014495	Pediatric Dental Care of Cross Plains	4716 Greer Lane, Cross Plains, TN	US
S1-734243993	Dermatology Medicine	555 Swope Road, Stanford, KY	US
S1-222618678	Crissy Blair Seas	39 Garwood Lane, Waterbury, CT	US
S1-663485205	Nimble Rice Private Limited	C/O Upendra Kumar, Purey Baba Hathi Gawan, Kunda, Pratapgarh, Uttar Pradesh	India
S1-894071942	Vox Seva Samiti	Gandhinagar, Gandhi Nagar, Plot No. 529/1, Sector-23, Gujarat	India
S1-254888563	Olive Foods Private Limited	Arvi Road, Kelkar Wadi Teh:Wardha, Wardha, Maharashtra	India
S1-361829286	Nexon Ventures Inc	667 Apple Grove Road, Laceys Spring, AL	US
S1-833284222	4141 Church St Holdings	1217 Ugugu Drive, Brevard, NC	US
S1-533091964	Beacon Unified Plains Inc	104 Avenida Pizarro, Rancho Viejo, TX	US
S1-91640874	Heartland Partners	136 Everman Court, Glen Daniel, WV	US
S1-729049221	Chapa's Textiles Group	112 Blue Ridge Court, Newark, DE	US
S1-553732913	Auray Algonquin LLC	6755 Mcdowell Road, Unit 2302, Phoenix, AZ	US
S1-553236846	Yamuora Software Pvt Ltd	577/861, Muthiganj Near Gaughat Police Station, Allahabad, Uttar Pradesh	India
S1-361413983	Liberty Altisource PLLC	13101 Maple Hill Lane, Diana, NY	US
S1-838048712	Kit Ferguson Algonquin, LLC	58 Hackett Road, Windham, ME	US
S1-132130622	Corner Hypnosis of La Porte	TX, La Porte, 209 1st Street	US
S1-159514378	Pacific Drugs LLC	Unit 18, 8 Tide View Path, Plymouth, MA	US
S1-794379014	Syndion Equity Partners LLC	TX, 2301 Ross Avenue, Fort Worth	US
S1-314777555	Creative Ventures Private Limited	Bangalore, Near Total Mall, Behind Vishwaratna H Otel, Sarjapur Road, 471/3 Kaikondrahalli, Karnataka, Bangalore	India
S1-436969491	Martinez Animal Hospital	522 Broadway Boulevard, Bloomfield, NM	US
S1-65705269	Enter Vidyalaya Pvt Ltd	Uttar Pradesh, Sec-23, Ghaziabad, P.40	India
S1-163269613	Chhatrasal Pharma	A-1/12, G/F Safdarjung Enclave, New Delhi, South Delhi, Delhi	India
S1-725404469	Kuntz, Hall and Lopez Inflection LP	837 Griffith Avenue, Massillon, OH	US
S1-340597244	Miia Willow Inc.	2025 Glen Ross Road, Silver Spring, MD	US
S1-191304020	Stanton's Holdings	Duluth, MN, 4646 Datka Road	US
S1-767329231	GA Gold Inc.	5983 Ropes Drive, Cincinnati, OH	US
S1-536896285	Future Enterprises Private Limited	D. No. 7-2-1740, Ware House No. 14&15, Opp. Fire Station, Main Road, Sanath Nag, Ar, Hyderabad, Telangana	India
S1-799238234	Legacy Staffing Partners	569 Cook Hill Road, Killingly, CT	US
S1-182858893	Viraj Services (India) Private Limited	Plot No-272, Sec-28, Faridabad, Near Divine School, Village Navada, Tigaon, Faridabad, Haryana	India
S1-589558675	Rapid Pharmaceuticals LLC	22025 Rock Wren Road, Spicewood, TX	US
S1-822830414	Lindsey Dbdr Inc	4663 Killen Lane, AK, College	US
S1-658714311	Kati Baar Legacy Wellness Inc	1 Miller Street, Unit 218, Asheville, NC	US
S1-987572415	My Foundation Private Limited	Po: Jamuria Bazar Jamuria Bazar, Jamuria, Bardhaman, West Bengal	India
S1-182424960	Zulu International Pvt. Ltd.	267 Sector 22, Gurgaon, Haryana	India
S1-988524107	Steel Buildcon Private Limited	Vimalalayam, S E Thazhava S.R.P Market P O, Kollam, Kerala	India
S1-448006808	Beex LP	6547 Ridgeview Circle, Dallas, TX	US
S1-959295560	Bharatnagar Producer Private Limited	Rishi House, Plot No. 113-116, Industrial Area, Ward No. 6, Bharatnagar, Gandhidham, Gujarat	India
S1-857965145	Trinity Catholic Church	157 Saranac Avenue, Buffalo, NY	US
S1-39548589	Shubha Constructions Pvt Ltd	Govind Sharan Agrawal Main Market, Farah, Mathura, Uttar Pradesh	India
S1-432582649	United Logistics LLP	5-Ep/8Railway Road Nit Faridabad, Haryana, Faridabad, Haryana	India
S1-801089140	Mcclain Rre Inc	3102 Harvard Street, Irving, TX	US
S1-490963029	Ranique Marquina, Esq., P.C.	1998 Tyrone Drive, Shakopee, MN	US
S1-900177849	Valley Heritage Vine Inc	2029 Cookeville Highway, Livingston, TN	US
S1-41815655	Kochman Golden Municipal L.L.C.	760 Fairly Street, Unit 16, Laurinburg, NC	US
S1-695442581	Heritage Platinum National Inc	120 Academy Street, Guymon, OK	US
S1-3425137	Pediatric Supreme Care Inc	1160 52nd Street, Birmingham, AL	US
S1-356156624	Waid Angel	25 New City Street, Essex, CT	US
S1-188101967	Zephic Sun	2174 Antelope Road, Snowflake, AZ	US
S1-93569156	Sai Estate Limited	1103 20Th Cross 14Th Main Road 3Rd Sector Hsr Layout, Bangalore, Karnataka	India
S1-706227367	Taa Navios	507 Moonlight Lane, Rutherfordton, NC	US
S1-640777860	Hari Technologies Private Limited	A-7, 2Nd Floor, Flat No-8, Jawahar Park, Devli Road, New Delhi, South Delhi, Delhi	India
S1-489961360	Indian Care Pvt Ltd	G No -67, Plot No 11/C, Waluj Maha, Aurangabad, Maharashtra	India
S1-165047520	Clean Pioneer Foods Corp	100 Glenhaven Court, Vine Grove, KY	US
S1-147926771	Vasista Brothers Corporation	01, Madhya Pradesh, Ujjain, Sagitla Gali, Khachroad	India
S1-67912169	Mody & Co	T C No 42/937 3Asan Nagar Vallakkadavu, Thiruvananthapuram Dist, Trivandrum, Kerala	India
S1-296082774	Housing Association	Lombard, 232 Troy Lane, IL	US
S1-19430609	TC Star Renewables	Ogden, UT, 6048 2400	US
S1-804390774	CS Weld Private Limited	Flat No- 101 Carnic Nyati Eternity - 2 2 Sr No 24 25 Pune, Pune, Maharashtra	India
S1-595413172	Panidyne Liquor	2327 Via Seville Road, Albuquerque, NM	US
S1-47052539	MB Shiv Associates	Vii/189 C5, C6, C7 & C8 Mangalam North End, Idukki Road, Thodupuzha, Iduki, Kerala	India
S1-392425361	Khalid Keystone Invest LLC	7200 Russell Place, Chandler, IN	US
S1-441101671	Drain Peak Mortgage	14006 Mary Sue Court, Sugar Land, TX	US
S1-204364524	3667 Commerce Plaza Associates Inc	13213 Mesquite Flat Spring Drive, AZ, Vail	US
S1-993781275	Industrial Brokers Limited	Khasra No. 440/5, Diksha Nagar, Bagmugaliya, Huzur, Bhopal, Madhya Pradesh	India
S1-187327100	Held Third	10303 Jan Avenue, Mesa, AZ	US
S1-924783930	Cumbum Petroleum	Plot Nos. K22/Ia And K22/Ib, Sipcot Industrial Estate, Phase Ii, Mambakkam Vi, Llage, Sriperumbudur, Kancheepuram, Tamil Nadu	India
S1-985914050	East Peoria Housing Initiative	1110 Springfield Road, East Peoria, IL	US
S1-937353985	Mind Renewable Ltd	380, West Bengal, Prince Anwar Shah Road 3Rd Floor, Kolkata, Howrah, Kolkata	India
S1-504367657	Dermatology Medicine	5145 Sixteen Mile Road, Southside, WV	US
S1-279812909	Shiv Global Limited	259, 322, A To Z Industrial Estate, Ganpatrao Kadam Marg, Unit No.229, Maharashtra, Lower Parel, Mumbai	India
S1-528250728	One Exports Pvt Ltd	2C, Chandra Residency, Opp Ashok Gardens Bowenpally, Secunderabad, Hyderabad, Telangana	India
S1-442334045	Optimal Wellness International	5411 Orange Drive, Unit B16, Glendale, AZ	US
S1-711465355	Thane India Private Limited	Room No.1569, Near Samaj Mandir Digha, Airoli, Navi Mumbai, Thane, Maharashtra	India
S1-683884569	Boswell and Bromberg Logistics Inc.	1869 Marne Road, Bolingbrook, IL	US
S1-5654930	Sager, Robbin H., DPM, PC	150 Christi Road, Unit 4, Dickson, TN	US
S1-31832921	Sitala Exports Private Limited	96/3427, Near Hotel Palheights Jayadev Vihar, Bhubaneswar, Khordha, Orissa	India
S1-173858761	Lucky Cafe	2116 Christian Street, Hartford, VT	US
S1-438577211	Al Estate Private Limited	D-16A, Second Floor, Right Side Ashoka Enclave Main, Sector-35, Amarnagar, Faridabad, Haryana	India
S1-245687898	Holy Emanuel PLLC	2901 Cucamonga Avenue, Ontario, CA	US
S1-658665975	Aditya Software Pvt Ltd	Satyalaya Door No.266 (Old No.80), Ward No 1 Behind Taluk Office, Sandur, Bellary, Karnataka	India
S1-809078562	Trusted Supreme Nuclear LLC	609 Capitol Mall, Unit 718, Sacramento, CA	US
S1-871166917	Sunita (India) Motors Private Limited	25/87 S/F, Gali No. 14, Vishwas Nagar, Shahdara, Delhi	India
S1-544878197	Allied Altenergy LLC	TX, Ballinger, 205 4th	US
S1-513975467	Sawhney & Sons Private Limited	B- 406, Pranik Chambers Owners Co.Op. Premises Soc. Ltd, Sakivihar Road, Sakinaka, Anhd, Heri East, Mumbai, Mumbai City, Maharashtra	India
S1-623476676	Harbor Group	3224 Le Moyne Street, Chicago, IL	US
S1-199145365	Livvie's Ridge Associates	7247 Mountain View Lane, Leeds, AL	US
S1-736519169	Shakti Consultancy Private Limited	Virendravillas City Centre, Dtr Virendra Villa Pole-7, Madhya Pradesh, Gwalior, F-301, Gwalior	India
S1-845262812	Laxmi Management Private Limited	Gh-3/145 Paschim Vihar, New Delhi, West Delhi, Delhi	India
S1-9433462	Main Street Bistro	3466 Boxdale Street, Memphis, TN	US
S1-949303841	Cheatham Health Center Inc	12701 Scottsdale Road, Unit STE 108, Scottsdale, AZ	US
S1-686585822	Perea Sunstone	2726 Baughman Avenue, Columbus, OH	US
S1-935176981	Royal Marketing Private Limited	Ground Floor, Gattani Sqauare, Hari Das Ji Ki Magri, Girwa, Udaipur, Rajasthan	India
S1-728319056	Om Tech Private Limited	C-29/A, Sf, 31, Khasra No99, Gali No. 2 Jyoti Colony, Shahdara, Delhi	India
S1-588116362	Cultural Center	108 Gary Avenue, Unit APT 1, Ponca City, OK	US
S1-525786063	Saubhagya Fiscal Limited	K.No-556 Para Alam Nagar, Lucknow, Uttar Pradesh	India
S1-687441949	Indian Creative Consulting LLP	201, 2Nd Floor, Shalin Complex, Sector-11, Gandhinagar, Gandhi Nagar, Gujarat	India
S1-302752018	Cascade Charities	65 Picardy Street, Mobile, AL	US
S1-111420779	Al Silver Consultancy Limited	836, Madurdaha Lp 213/78/1, Kolkata, Kolkata, Howrah, West Bengal	India
S1-36359711	Perfact Clinic	Plot No 116 Kh No 24/9/1 1, Ground Floor Village Mundka Gauri Shankar Enclave-2 Prem Nagar Ph 3, New Delhi, West Delhi, Delhi	India
S1-229965481	Organic Enterprises Corporation	Pune City, Sr. 37, Maharashtra, Flat No 16, Bldg No. 3, Patil Complex Aundh Road Aundh, Pune	India
S1-451307235	Iqra Tech Private Limited	Dhruv, Himmatbahaddarparisar, Tarabaipark, Kolhapur, Maharashtra	India
S1-671273977	Montgomery, Breen and Flores Bread Inc	460 Carl Miller Drive, TN, Nashville	US
S1-69674240	Shrey Academy	No. 132, Vgp Nagar Mogappair, Chennai, Tamil Nadu	India
S1-319836277	Trade Global Pvt Ltd	B-1, Flat No 11, 01St Floor Girnar Society Amol Nagar, Post Juchandra Naigaon Vasai, East, Thane, Maharashtra	India
S1-562454894	Dyanne's United Book Store	8700 Birch Bark Drive, Sylvania, OH	US
S1-643374289	Storage	99 Tide Mill Lane, Unit BLDG 10, Hampton City, VA	US
S1-739868128	Ss Systems Private Limited	Amaraja Jothi School Road, Kolar, Mulbagal, Near Sathyanarayana Swamy Temple, Karnataka	India
S1-874903994	Robbinsville Community Association LLC	191 P And J Road, Robbinsville, NC	US
S1-403028895	Properties Choudhary Supply Limited	408, 5Th Floor, West End Mall Janakpuri District Center, Delhi, West Delhi, Delhi	India
S1-358202937	Brandais's Star Book Store	4057 Cloverleaf Drive, St Peters, MO	US
S1-962718041	Anilya Alloys Private Limited	10/7 Moti Nagar, New Delhi, North Delhi, Delhi	India
S1-704698854	Industrial Textile Advisors LLC	412 St George Street, Hope, AR	US
S1-336043915	Quality Energy Corporation	629 Shannon Road, Charlotte, TN	US
S1-310881080	Megh Estates Limited	2Nd Floor, Bm Sarani, Dangi Para, Batagali, Siliguri, Darjiling, Darjeeling, West Bengal	India
S1-559528830	Williams, Stevenson and Galindo Marketing Inc	9046 30th Street, Tulsa, OK	US
S1-167584441	MML Health Private Limited	Koshlya Appartment, Block-A, Ground Flooor 14, Bhairab Dutta Lane, Salkia, Howarah, Howrah, West Bengal	India
S1-291236916	Sapphire's Solutions	3000 Bellewood Avenue, Cincinnati, OH	US
S1-873011489	Green International Private Limited	H-129, Mohammadpur, Opposite Bhikaj Cama Place, Delhi, South Delhi, New Delhi	India
S1-205917938	Value Semiconductor Dynamics	3201 Calumet Drive, Unit F, Raleigh, NC	US
S1-25493866	Mumbai Rehabilitation Private Limited	Office No. 203-A, 2Nd Floor, Gandhi Bhuvan Chsl, Chunam Lane, Off Dr. D Bhadakamkar Marg, Grant Road, Maharashtra, Mumbai City, Mumbai	India
S1-753843737	City Developers Pvt Ltd	313, Solaris Ii Chs, Opp, L&T Realty Emerald Isle, Mumbai, Maharashtra	India
S1-514585324	GAV Exports Pvt Ltd	2/1005 F, T.R. Chambers, Chettikulam, Kozhikode, Kerala	India
S1-58225726	Middleton School of Medicine	7137 Talman Avenue, Chicago, IL	US
S1-397995186	Unique Foods Private Limited	Maharashtra, Mumbai, Masjid (E), Commercial Manor, Clive Cross Road, Danabunder, 402-B	India
S1-30426600	Ratliff Supreme Wellness L.L.C.	903 2nd Street, Unit STE 103, Marble Falls, TX	US
S1-249283642	Merideth and Williams Inc.	3320 Manchester Circle, Bedford, TX	US
S1-704655499	Frontier School of Medicine	200 Alameda Road, Phoenix, AZ	US
S1-813330118	Kaushal Girl Private Limited	Gyanpith Compound, Sri Mahindra Mohan, Sampatchak, Patna, Bihar	India
S1-403595865	Zora Miller Architecture LLC	South Jordan, 10842 1255, UT	US
S1-238561702	Ventus Transtrade (India) Private Limited	K.V.Rangareddy, Telangana, Villa 125, Subishi, Iris Villas, Mokila, Rangareddy	India
S1-734657255	Bright Bpo Pvt Ltd	302, B Wing, Jeevanprakash Building No.55, Nehru Nagar, Near Police Station, Kurla East, Mumbai, Maharashtra	India
S1-977266842	Coastal Traders Corp	Plot No.-784/786, Lane-3, Bijupattanaik College Road, Jaydev Vihar, Bhubaneswar, Khordha, Orissa	India
S1-995998098	Dermatology Custom Physicians LLC	83-42 263 Street, Glen Oaks, NY	US
S1-33144710	Hanna Care LLC	23 Old Skinner Street, East Hampton, CT	US
S1-896692597	Hari Impex Private Limited	1/881, Opposite New Patel Nagar Sharda Nagar, Saharanpur, Uttar Pradesh	India
S1-518380405	Arihant Studio Private Limited	F-206, Mayflower Apts, Mallapur Apts, Nacharam, Hyderabad, Telangana	India
S1-406201870	Keystone Electronics Networks Co	20826 Little Bear Creek Road, Woodinville, WA	US
S1-45222658	Main Street Pizza	1801 Rimrock Road, Unit UNIT R22, Barstow, CA	US
S1-969168108	Eastern Technology Private Limited	Maharashtra, Office Premises No. 141 To 144, Nariman Point Mumbai, 14Th Floor, Free Press House, Free Press Journal Mar, G, 215, Mumbai City	India
S1-942523664	Scruggs, Barclay & Stanley Encore	700 James Street, Jacksonville, AR	US
S1-299897487	Liberty Metropolitan Twelve Inc	5981 Pisa Lane, Frisco, TX	US
S1-892177364	San & Brothers Private Limited	H. No. 86, Sainik Society, Sarojini Nagar, Lucknow, Uttar Pradesh	India
S1-339098775	Kim Holden Ace Crown LLC	13367 Gerald Drive, Middleburg Heights, OH	US
S1-230456344	Sage Residential Inc	506 Tenth Street, Melrose, NM	US
S1-166469126	Dream Power Private Limited	No. 3763/65, Ground Floor, Qatar Plaza, Nadakkavu, Kozhikode, Kerala	India
S1-488180981	North Impex Private Limited	Building No .1430, 1432, First Floor Gali Arya Samaj, Sita Ram Bazar, Delhi	India
S1-351936856	Reliable Consumer Worldwide Inc	35544 White Pine Court, Earlham, IA	US
S1-130050983	Historical Initiative P.C.	1503 Stevens Road, Barton, VT	US
S1-476363271	Diamond Maintenance LLC	2004 Randleman Road, Unit A, Greensboro, NC	US
S1-680989411	Proehl Builders	18100 Ed Anna Court, Milwaukie, OR	US
S1-955392143	007 Materials LLC	14 Custer Street, Rockland, MA	US
S1-87296475	Properties Adler Products Private Limited	15, Hasan Manzil Chawl, Asalpha Vill., Ghatkopar W, Mumbai, Maharashtra	India
S1-873880824	Harrison Quality Briacell LLC	6509 Havenview Court, Fort Worth, TX	US
S1-809181867	Dalesandro and Scott Inc.	Xenia, OH, 1740 Deer Creek Drive	US
S1-60720291	Electricians Local Union 893	25169 Waghorn Road, Poulsbo, WA	US
S1-198774237	Cornerstone Rocky Clough Partners	1870 1101, Grethel, KY	US
S1-15117710	Iot & Brothers Private Limited	D/9 Nehru Nagar, 6Th Lane, Guntur, Andhra Pradesh	India
S1-243792531	Rakow and Green LLC	5833 Birdcage Street, Unit APT 253, Citrus Heights, CA	US
S1-927586316	Saus Inc.	531 W Hills Way, Salem, OR	US
S1-334155036	Sanjha Advisors (India) Private Limited	No6 1St Floor Bhoopsandra, Bangalore, Karnataka, Main Rd, Sanjaynagar, Bangalore North	India
S1-66230141	Shireman Dynamic Lifesciences	370 Herron Drive, Nashville, TN	US
S1-660299121	Carnation Services Pvt Ltd	13787, North East, Delhi, New Delhi, Bhagwanpur Khera Ramnagar Shahdara	India
S1-71872047	Jacquie Avila Smart Republic Inc	228 Chimney Rock Drive, Waxahachie, TX	US
S1-535412085	Wardell's Golden Accounting Group	NY, 134 Gun Lane, Hempstead	US
S1-195921920	Eye First Associates P.C.	1216 74 Street, Brooklyn, NY	US
S1-191724541	Services Parekh Systems Private Limited	A/2 Tulsi Apartments, Navghar Road, Bhayandar (East), Thane, Maharashtra	India
S1-926601453	Clear Table Partners	North Canton, OH, 145 Far View Road	US
S1-987651331	Devona Business Private Limited	New Delhi, Delhi, S 492 / A Greater Kailash-1, South Delhi	India
S1-500641090	Capital Liberty Jaws P.C.	222 Fourth Street, New Cumberland Borough, PA	US
S1-669360834	Shakti Finance Pvt Ltd	G5-1104, Sector-1, Supertech Eco Village-1, Bishrakh, Gautam Buddha Nagar, Uttar Pradesh	India
S1-925491277	Swastik Accessories Private Limited	2Nd Floor, Asmi Square, 2Nd Mile, Sevoke Road, Siliguri, Darjeeling, West Bengal	India
S1-231457432	Superior Equity Union	6 Brevoort Drive, Unit Unit 2C, Haverstraw, NY	US
S1-319593945	White Ventures Private Limited	212, Mahipalpur, New Delhi, Delhi	India
S1-197430605	Lanae Turnage Physical Therapy Inc	Brookshire, TX, 428 Pinewood View Way	US
S1-127878864	Precision Mobility LLC	56-35 A 175 Place, Fresh Meadows, NY	US
S1-530856774	Web Visual Pvt Ltd	L2/94 Shastri Nagar, Delhi, West Delhi, Delhi	India
S1-935588725	Donaldson America, Inc	WA, Bothell, 20208 94th Avenue	US
S1-924081822	Edwards Biotherapeutics LLC	34 South Street, Bethel, CT	US
S1-806558932	Kalp Nursing Private Limited	76 / 612, Motilal Nagar No-1, Behind Post Office, Goregaon (West), Mumbai, Mumbai City, Maharashtra	India
S1-646859656	Junia's Digital Group	528 Marsh Duck Way, Virginia Beach City, VA	US
S1-421804430	Ankit Mutual Private Limited	Plot No.16, Village Kirari, Landmark Near Kirari Bus Stop, Delhi, North West Delhi, Delhi	India
S1-488904263	Chintamani Holdings	No. 2054/1913, N.N.T Extension, Ward No. 25, Chintamani, Kolar, Karnataka	India
S1-153911090	Ahm & Sons Private Limited	Lower Parel, 1004 Phoenix Towers, Mumbai, B Tower Senapati Bapat Marg, Maharashtra	India
S1-22986126	Arihant Power Private Limited	417, 1 Phase, 12Th Main, 3Rd Stage Manjunath Nagar, Bengaluru, Bangalore, Karnataka	India
S1-846639963	Media Nishu Ecological Private Limited	Bajaj Bhavan, Plot P-2, M.I.D.C. Area, Station Rd, Aurangabad, Maharashtra	India
S1-620272809	Safe Infrastructure Dynamics LP	3144 River Birch Drive, Indianapolis, IN	US
S1-832670105	Mihir & Co Private Limited	First Floor, Embassy Point, No. 150, Infantry Road, Bangalore, Karnataka	India
S1-165362462	Creative Bio	12323 Waterstone Lane, Unit 510, Perrysburg, OH	US
S1-640607451	Secure Research Digital Inc	259-28 148 Drive, Rosedale, NY	US
S1-706797008	Scholarship Society	5105 El Rancho Court, Arlington, TX	US
S1-169369103	Golden Business Private Limited	Hubli, Dharwar, Karnataka, Bardansal	India
S1-722808668	Galaxy Universal Industries Limited	641, Kamal Vihar Appartment Plot No. 5, Sector-7, Dwarka, New Delhi, Delhi	India
S1-879968622	Family Secure Care LLC	2538 Main Street, Ventura, CA	US
S1-955785092	Modern Cloud Associates	TX, 19231 Spanish Needle Drive, Houston	US
S1-51901619	Teixeira and Faulkner Jackson Co	4324 Knob Hill Court, Sioux Falls, SD	US
S1-525562175	Malerkotla Digital Limited	Sangrur, Vill.Walaitpura, Malerkotla, Punjab, C/O Bejinder Singh	India
S1-546084163	Alpha Products LLP	Madhya Pradesh, Indore, Maloo01 Scheme 94, Sector C Near Velocity Cinema Ring Road, 404, Indore	India
S1-59894676	Le & Johnson Spac LLC	525 County Road 061, Jasper, TX	US
S1-930670529	First Management	6-3-630/A, Anand Nagar Colony, Khairathabad, Hyderabad, Telangana	India
S1-39163390	Verrari Construction	3346 Tradewinds Avenue, Riverside, OH	US
S1-466186069	Smart It	44, Sammillani Park, P.O. Shantoshpur, Kolkata, Howrah, West Bengal	India
S1-342309446	Rathbone Therapy	30404 Jackknife Road, Eagle Creek, OR	US
S1-595458585	DQ Balaji LLP	Mumbai, Mumbai City, 12 14 Samarth Nagar Chunabhatti Station, Maharashtra	India
S1-656513892	Fresh Engineering Innovations P.C.	2022 Summerall Court, Richmond, TX	US
S1-521923008	Mukta Engineers (India) Ltd	New Delhi, 1St Floor, Building No. 2, Post Office Street, Opp. Tivoli Garden, Chattarpur, Delhi, South Delhi	India
S1-266826488	Salem Media Private Limited	Tamil Nadu, Gandhi Road Seerangapalayam, Salem, Old No. 7, Salem	India
S1-631491081	Metropolitan Patriot Trading Inc	224 Lake Street, Brooklyn, NY	US
S1-279177673	Global Black Infotech Private Limited	Bangalore, Karnataka, Lmcpl, 57/1A, 1St Floor, Unit-71, Devarabisanahalli Junction, Outer Ring Road, Bellandur Pos, T, Bangalore	India
S1-631179602	Primary Care Clinic of Bellevue LLC	WA, 1150 124th Avenue, Bellevue	US
S1-452544008	PFS Great Bold	8202 Thrush Hollow Lane, Chattanooga, TN	US
S1-335446757	Varanasi Prachar Private Limited	Plot No 21 Savitri Bhawan, Oadash Nagar Patel Nagar, Varanasi, Uttar Pradesh	India
S1-610044786	Oma Pharma Corp	First Floor S-518, School Block, Shakarpur, Delhi, East Delhi, Delhi	India
S1-148980503	Lumic Fashion Inc	427 Crandon Avenue, Calumet City, IL	US
S1-353481984	Patna Management Pvt Ltd	G - 6, Surya Vihar Appartment Exhibition Road, Patna, Bihar	India
S1-126824160	City Industries Private Limited	C/O-Joginder, Offc No-220, Likhiram Market, Sec-27, Noida, Gautam Buddha Nagar, Uttar Pradesh	India
S1-618646298	Super Consultancy Private Limited	Sf/202, Bakrol Square, Nr. Vaibhav Cinema, Village- Bakrol(Part), Taluka- Anand, Anand, Gujarat	India
S1-679947729	Total Preservers Private Limited	Delhi, 26/91 Gf Front Side Shakti Nagar, Delhi, North Delhi	India
S1-992065767	Kuldeep Holdings	Survey No.108, Plot No.15/1, T.P.6, Santorinisquare, Nr.Abhishri Comp, Jodhpur, Satellite, Ahmedabad, Gujarat	India
S1-248285652	Vanna Sosa Iron LLC	14015 Tanning Road, AR, Maumelle	US
S1-481441612	FUS Opportunity LLP	Uttar Pradesh, Shop No 3 & 10, Madhusudan Complex Baghpat Road, Meerut	India
S1-220411625	General Intelligence Technologies LLC	601 Inca Drive, Pueblo West, CO	US
S1-534615426	Nss Vidyalaya Group	Plot No-1835/2526, At-Antarkiari, Banpur, Khordha, Orissa	India
S1-844186375	Mumbai Cool Corp	Flat No. 301, Mumbai, Mumbai City, Maharashtra, 3Rd Flr, Victory Park-B, Nr.Om Shanti Chawk, Chandawarkar Road, Borivali (West, )	India
S1-358489829	Taylor Breeze, LLC	Unit 14, Chandler, 312 Alma School Road, AZ	US
S1-250072148	Indrayani Foods Ltd	# 12, Bangalore, Nti Layout, I Cross, I Main, Dollars Colony, Rmv Iistage Extension, Karnataka	India
S1-594157605	Advanced Intelligence Worldwide LLC	1533 Ellis Road, Unit F202, Durham, NC	US
S1-541097031	Indo Foods Private Limited	D.No.6-1, Gairammapeta, Lothugedda, Mentada, Vizianagaram, Andhra Pradesh	India
S1-680996509	Annai College	1/D, Juhu Spreme Shopping Cen.O, Gulmohor Cross Rd Jvpd Scheme, Juhu, Mumbai, Maharashtra	India
S1-712106816	Fresh Diner-Watervliet	1034 Nineteenth Street, Unit Apartment 1, Watervliet, NY	US
S1-973674182	Triplett All Ashford	2520 Old Johns River Road, Collettsville, NC	US
S1-587003768	Best Finance Limited	Maharashtra, Nagpur, 201, A Wing, Arihant, Arcade Ii, Karnerwar Layo, Nagpur	India
S1-688398923	Callaway Trust	1118 Kentucky Avenue, Washington, IA	US
S1-328087791	Norton & Hall	West Valley City, UT, 6960 Parkway Boulevard	US
S1-236341765	Swarna & Brothers Private Limited	90/31B First Floor, Malviya Nagar, Malviya Nagar (South Delhi), New Delhi, South Delhi, Delhi	India
S1-156087540	Life Logistics Limited	Bl. 101, Shree Hari Nagar, Guj Housing Board Sidc Rd, Kotda Sanghani, Rajkot, Gujarat	India
S1-607820448	Creative Cloud Systems	80 Wakefield Drive, Atlanta, GA	US
S1-650779218	Shivalik Traders Pvt Ltd	A-7/10 Cdf Chherat, Anupshahar Road, Aligarh, Uttar Pradesh	India
S1-283353832	Custom Transit Group	1901 Westside Drive, Cleveland, TN	US
S1-201935836	Animal Welfare Project PLLC	4635 Gatewood Ford Road, Fentress County, TN	US
S1-292721418	Astra Evans Custom Air Inc.	1018 Thornsby Lane, NC, Matthews	US
S1-25300540	Behavioral Health Heartland Specialists P.C.	CT, East Lyme, 4 Flanders Road	US
S1-725291199	Synix Capital Partners Inc.	15 Strawberry Hill Road, Acton, MA	US
S1-884494962	Little Yoga	12104 Jacobs Road, SC, Seneca	US
S1-507182445	Electronic Payment Works Partners	4872 Lichfield Place, Unit 102, Waldorf, MD	US
S1-863831504	Coex LLC	209 Spot Road, Powells Point, NC	US
S1-432914735	Geurts Tri-State Sprott	Turpin, OK, 1257 Mile 56 Road	US
S1-141674435	Ear Nose & Throat Complete Specialists LLC	243 Cortland Circle, Vallejo, CA	US
S1-819071155	Kshetra Designs Private Limited	Gopalpuri, Mirzapar Main Road, Mirzapar, Taluka - Bhuj, Kutch, Kachchh, Gujarat	India
S1-790469021	Silver Agro	D-159/A, Ganga Path, Jaipur, Rajasthan	India
S1-748031974	Grand Lease Inc	1079 Aurora Road, Aurora, OH	US
S1-293800488	Gonzalez & Wade	1303 Grand Avenue, City Of Janesville, WI	US
S1-586980138	Pacific Investment Solutions Inc	669 Mawman Avenue, Lake Bluff, IL	US
S1-250506967	Voice Money Private Limited	D. No.4-1-1, First Floor, Lakshmipuram, 4Th Line Koritepadu, Guntur, Andhra Pradesh	India
S1-416966863	Bureau of Consumer Affairs	5717 Howell Road, Salcha, AK	US
S1-759219771	Lucilia B. Conard, DDS	17270 State Highway 76, Lindsay, OK	US
S1-790956512	O/I Direct LLC	9409 Crestwood Manor Drive, Fl 0, Saint Louis, MO	US
S1-686384950	Wright, Lorianne, Esq.	739 Hingham Street, Rockland, MA	US
S1-22587558	Empire Direct Earths Inc.	7190 Blackjack Drive, Kingman, AZ	US
S1-135152734	Maa Producer	Dahlia-402, Tropical Lagoon, Anand Nagar, Kavesar, Thane(W), Thane, Maharashtra	India
S1-623450418	Srb Merchant (India) Private Limited	Delhi, New Delhi, Dda Shed Okhla Industrial Area Ii, A 133, North East	India
S1-928226877	Cates and Baker Public LLC	11734 Margarite Street, Prince William County, VA	US
S1-79146097	International Agro Limited	Dl/202 Dongarkhandala, Maharashtra, D. Khandala, Buldana, Buldhana	India
S1-685806421	Brooks & Easter Inc	34 Ottawa Street, Lowell, MA	US
S1-765923939	Prabhu Consulting Private Limited	Arcot Ladavaram Main Road Mangadu, Arcot Taluk, Vellore, Tamil Nadu	India
S1-568721953	Pediatric Dentistry Frontier Physicians	1216 64th Drive, Kansas City, KS	US
S1-228668930	Global Staffing Ventures Inc	2540 Farmers Market Way, Winston-salem, NC	US
S1-983377027	Zhu, Lynnea, D.D.S., PC	843 Nolan River Road, Cleburne, TX	US
S1-244417735	Urban Ace Builders Limited	178 Jodhpur Garden Ist Floor Near South City Mall, Kolkata, Howrah, West Bengal	India
S1-406938371	Carver, Hong & Keller Guaranty LLC	281 Gardner Avenue, Unit Unit J1, New London, CT	US
S1-263953060	Cosmos Metal Pvt. Ltd.	Rajasthan, Jaipur, O-3 Iii Floor Amber Tower Sansar Chandra Road Jaipur, Jaipur	India
S1-450773974	Livingston Rare	1181 St Dominic Place, Mobile, AL	US
S1-460832607	Ahmedabad Modules Private Limited	Gujarat, 203, Ahmedabad, 2Nd Floor, Pramukh Plaza Complex, Polytechnic Road, Near State Bank Of Indi, A, Ambawadi, Ahmedabad	India
S1-377859784	Romero, Russell & Blackman LLC	11834 Emery Village Drive, Champlin, MN	US
S1-841037225	Cassey Chang, Esq. LLC	3311 52nd Street, Des Moines, IA	US
S1-731896861	Gold Finance Private Limited	701, Panchvatika Chs Ltd, Off Yari Road, Andheri (W), Opp. Fishries Univercity Tr, Ust, Mumbai, Mumbai City, Maharashtra	India
S1-315463838	River Inc	17 Louis Way, Harwich, MA	US
S1-624915560	Urban Tattoo LP	6504 Addison Woods Drive, Mobile, AL	US
S1-43174688	Suryaora Shetkari Private Limited	S No. 273 P1, Gala-Shapar Road, Gala, Morvi, Rajkot, Gujarat	India
S1-464277971	Urban Cafe	30 Cottage Place, Unit Apartment 5, Tarrytown, NY	US
S1-6345918	Venegas Resources LLC	107 Nescliffe Court, Frederick County, VA	US
S1-419461412	Scholarship Guild	50 590, Wolcottville, IN	US
S1-638278427	Gardner Holdings	1420 Third Street, Village Of Pepin, WI	US
S1-680902202	Premier Solution Private Limited	Burnpur, West Bengal, C/O Snehasis Talukder Upper Puranhat, Bardhaman, Burnpur	India
S1-961743521	Tenet India Ltd	Flat No: 502, Sree Sesha Sai Nivas, Khairatabad, Hyderabad, Telangana	India
S1-867248843	Jai Universal Consultancy Limited	C/O Inderpal Chug Allhoran Gate, Camp Road, Nabha, Patiala, Punjab	India
S1-131915069	Chikmagalur Sciences Pvt. Ltd.	Basavanahally Main Road, Near Aruna Nursing, Chikmagalur, Chickmagalur, Karnataka	India
S1-619712485	Precision Lifestyle, LLC	901 Hidden Valley Drive, Unit 7204, Round Rock, TX	US
S1-936253041	George Enterprises	7874 Bicentennial Place, OH, Cincinnati	US
S1-862321015	Nanine's National Construction LLC	20270 Michigan Road, Argos, IN	US
S1-458037350	Complete American Sky LLC	7674 Alta Vista Drive, Port Orchard, WA	US
S1-522559323	Associates (India) Studio Private Limited	A-105, Shree Vihar Colony Behind Hotel Clarkes Amer, J.L.N. Marg, Jaipur, Rajasthan	India
S1-417131721	Ena Services LLP	1549/B Tilak Road, Fl-204/207, Pune Pune, Pune City, Pune, Maharashtra	India
S1-881689529	Central Packaging Products	1335 Camden Place Court, Winston-salem, NC	US
S1-990864109	Uptown Barbershop LLC	CA, Ontario, 403 Plaza Serena	US
S1-107417859	White Finance	Maharashtra, Mumbai, 202 Rajendra Chambers 19 Nana Bhai Lane Fort, Mumbai	India
S1-955600509	Royal Soren Inc	Cedar Falls, IA, 3311 Homeway Drive	US
S1-224028659	Sterling Pacific Rice LLC	1501 Wish Way, TX, Wylie	US
S1-754023596	Doten, Johnson & Tipton Alpine L.L.C.	7071 Forsyth Boulevard, Fl 0, Saint Louis, MO	US
S1-798249065	Integrated Talent Industries LLC	10232 Main Road, Ripley, NY	US
S1-900581305	Back Alley Auto Body	NY, 63 Crescent Place, Yonkers, Unit Apartment 3	US
S1-442379760	Zeva Group	26 Main Street, Stockbridge, MA	US
S1-610376793	Value Diagnostic Studios Inc	26 Fox Hollow Drive, Southampton, NY	US
S1-984599202	Vfm & Co	B-78, Third Floor, New Delhi, West Delhi, Delhi	India
S1-890375424	Clock Channel Limited	Dwarka, Delhi, Pocket-C-8, Sector-17, Plot No. - 154	India
S1-983421692	National Coalition Associates	5819 239th Street, Douglas County, NE	US
S1-881402695	@ Style 5 It	38 32nd Street, Richmond City, VA	US
S1-931837446	Duke Animal Hospital	87 Summit Lane, Coxsackie, NY	US
S1-47557504	Faon Fortis	4636 Honey Bee Lane, Village Of Maine, WI	US
S1-476849929	Benitez, Preston and Ballard, LLC	2015 Maple Street, Sioux City, IA	US
S1-216260520	Youth Council	308 Royal Avenue, Covington City, VA	US
S1-222209826	Emilie Lamb Muzero Oracle LLC	952 Javelina Street, Oracle, AZ	US
S1-708842625	Upper Products LLC	318 5th Street, Pryor, OK	US
S1-222735016	Delta Wireless LLC	Fairfield, 1318 Center Drive, IL	US
S1-307316623	Montari Land Inc	10044 Telluride Street, Roxborough Park, CO	US
S1-639803837	Industrial Retail Labs	50 Reservation Street, Buffalo, NY	US
S1-86390766	Brandstetter & Pence Corp	90 Farm Drive, Cumberland Hill, RI	US
S1-643740587	New Delhi Properties Private Limited	New Delhi, First Floor, Guru, Harkrishan Nagar, Paschim Vihar, West Delhi, M-231, Delhi	India
S1-844089163	Maatri Realcon	C/O- Pramod Kumar Mati, Qr.No- L-67, Bda Colony, Khurda, Khordha, Orissa	India
S1-890273003	Pacific Center Inc.	2580 Brookview Drive, Maplewood, MN	US
S1-359256283	Bandra Products Pvt. Ltd.	C/O Indrajeet Kumar Singh, Narayanpur, Block-Musahri, Bandra, Muzaffarpur, Bihar	India
S1-468950230	Pediatric Dentistry Care Associates of Pasadena LLC	6408 Georgianna Drive, Pasadena, TX	US
S1-194177931	Vision Projects Limited	7A, Bentick Street Room No. 403, 4Th Floor, Kolkata, Howrah, West Bengal	India
S1-777489736	Golden Trading Limited	Sr No 15/20/21B-8, Shop No 4, Vighnaharta Kunj, Haveli, Pune, Maharashtra	India
S1-965370462	Eye Choice Medicine Inc	457 White Mulberry Lane, Holly Springs, NC	US
S1-303712784	Ragavendra Super Private Limited	106, Station Road, Radha Nagar, Chromepet Chennai-600 044 Chromepet, Chennai-600 0, 44, Chromepet, Chennai-600 044, Tamil Nadu	India
S1-428015718	Sarayu & Sons Pvt. Ltd.	Flat No B-10, 1St Floor, Abdulla Manzil, Jp Road, Mumbai, Maharashtra	India
S1-171164804	Castillo Prairie Textiles LLC	7230 Campeachy Lane, Houston, TX	US
S1-211743104	Fortune Consultants Private Limited	Mumbai, Gr Floor Dharm Jyot Bldg96 Kazi Sayed Street Masjid Bunder, Mumbai, Maharashtra	India
S1-194788356	Daque Starwood, Inc	9087 Shipyard Lane, Blaine, WA	US
S1-194209201	Ship Batteries Pvt Ltd	C/O Akash Jejurkar, At Naigaon Taluka Sinnar, Sinnar, Nashik, Maharashtra	India
S1-694573212	Meta Traders Ltd	1312-1313, Shivalik Satyamev, Nr. Ambali Bopal Junction, Nr Vakil Saheb Bridge, S P Rin, G Road, Ahmedabad, Gujarat	India
S1-45050651	Choudhary & Brothers Private Limited	C/O Abdul Rasheed Cheruthara House, Malappuram, Malapuram, Kerala	India
S1-114338495	Vasundhra Management Private Limited	A-401, Park View Sec-5, Vasundhra, Ghaziabad, Uttar Pradesh	India
S1-37436465	Bajwa Medical Centre	Bg-7/49, Third Floor Paschim Vihar, New Delhi, Delhi	India
S1-98974881	Indraksh India Corporation	H.No 38, Vpo Bhoda Kalan Dhani Nandhiaali, Near Water Supply, Gurgaon, Haryana	India
S1-656355344	Gain Marketing	C/O-Sangita Kundu, Barwaritolla Lane Dakshin Thanamakua, Sankrail, Howrwh, Howrah, West Bengal	India
S1-358991005	Kolkata Movie Pvt Ltd	West Bengal, Lp- 503/7 Podrah, Kolkata, Howrah	India
S1-97360924	Urology All Associates Inc	IL, Crestwood, 5444 139th Street	US
S1-861258755	Lampley and Lowrie, PC	72 First Street, Unit 1, The Plains, OH	US
S1-87601150	Crystal Bird Private Limited	C-65 A, Priyadarshi Marg Tilak Nagar, Jaipur, Rajasthan	India
S1-226284081	Dynamic Consulting Private Limited	Kozhikode, Kerala, Valayanad Mankavu, Kozhikode, Kozhikode, Room No: 24/1253	India
S1-831414274	Tayal (india) Private Limited	304E, Bagmari Road Ground Floor, Kolkata, Kolkata, Howrah, West Bengal	India
S1-639787407	Wrinkle Software Limited	Kb 44 Kavi Nagar, Ghaziabad, Uttar Pradesh	India
S1-474955546	Burnett and Osborne, LLC	502 Belden Street, Sherman, TX	US
S1-420393556	Modesty Polytechnic	Mangyawas, New Sanganer Road Mansarovar, Jaipur, Rajasthan	India
S1-378067930	D+ Tge	2987 97, Redmond, OR	US
S1-399041562	Kesteus Home Care-Lake Mills	905 Grant, Lake Mills, IA	US
S1-537479461	Innovative Power	13Th Floor, Block Harsingar Shipra Srishti Society, Ahinsa Khand-2, I, Ndirapuram, Uttar Pradesh, Ghaziabad, Flat No 1403	India
S1-400107688	Star (India) Manufacturers Private Limited	Pune City, Sr.No.113/4, Spiro Eleganc, Nr. Ganraj Mangal Karyala, Pune, Maharashtra	India
S1-573586866	Signature Chemical Works L.L.C.	7 Litchult Court, Airmont, NY	US
S1-913517602	Urology Great Care	IN, 4032 Louisiana Street, Gary	US
S1-527808709	Everest Clothing LLP	2/170, Kattukottaiperiyariatturtn, Atur, Salem, Tamil Nadu	India
S1-79927854	Wood Term LLC	559 Victoria Street, San Bernardino, CA	US
S1-641556771	Austin Behavioral Health Specialists	8701 Bluffstone Cove, Austin, TX	US
S1-116652221	Sung Atlantic Investment	6585 James Lee Drive, Hughesville, MD	US
S1-214873781	Health Trusted Alliance LLC	64 Cottage Street, Hampden, ME	US
S1-853189318	Cascade Duke Inc	800 Main Street, Augusta, IL	US
S1-186918992	Shaner Bumrungrad Corp	3315 17th Street, Unit Apartment 103, Fargo, ND	US
S1-192527016	Internal Medicine Health LLC	9 Woodfield Drive, Scarborough, ME	US
S1-848194269	Colon, Bunge & Carlson	585 Fifth Avenue, Clifton, IL	US
S1-711673816	Sweet Cleaning Service	18678 Poling Road, Bldg 11266, Marysville, OH	US
S1-686012398	Systems Meet Capitals Private Limited	229, A.J.C. Bose Road, 6Th Floor, Crescent Tower, Kolkata, Howrah, West Bengal	India
S1-208922920	Jain Surya Technologies Pvt Ltd	4-1-370, Kunda Estate, Abids, Hyd. Abids, Hyd., Abids, Hyd., Andhra Pradesh	India
S1-694222193	First Media Advisors LLC	5155 Midway Road, Vacaville, CA	US
S1-389765395	Tobin Classic Software	19 Maxwell Court, Oyster Bay, NY	US
S1-989659686	Rush Chicago PC	12715 Lovett Road, Central City, LA	US
S1-613580776	Mpa Educational Society	Office No. 608 To 615, 6Th Floor, Satamev Elite Bopal Ambli T Circle, S. P. Ring Road, B, Opal, Ahmedabad, Gujarat	India
S1-258944461	Mcclain Sierra Corp	5280 Otter Lake Road, Saint Paul, MN	US
S1-862491918	Twisha Trading	Flat No. 14, Jankalyan Appartment Sahkari Hart, Waghawadi Road, Bhavnagar, Gujarat	India
S1-979546053	AR Enhanced Inc	395 11th Street, Dawson, MN	US
S1-870498727	Exquisite Real Private Limited	G-2, Vamsi Sadanplot No.265, Phase Ii Kamalapuri Colony, Srinagar Colony, Hyderabad, Telangana	India
S1-68175786	Vanraj Consultants	Plot No. 818/2502 Gobindeswar Road, Orissa, Old Town, Bhubaneswar, Khordha	India
S1-232121181	Ear Nose & Throat Highland Specialists	10334 Briar Hollow Drive, Unit APT 2, Saint Louis, MO	US
S1-854081707	Anchor, LLC	292 Webb Lake Drive, Grayson, KY	US
S1-971843158	Chiropractic Care Associates	22526 Wilderness Acres Circle, Loudoun County, VA	US
S1-296898665	Moss Manufacturing Inc	11447 Forty Corners Street, Massillon, OH	US
S1-885456451	Martin Deutsche LLC	2717 V Street, CA, Unit APT A, Sacramento	US
S1-97662762	Great Liberty Mexico LLC	840 White Plains Road, Charlotte, NC	US
S1-132707681	Longshoremen Local 247 LLC	3256 5th Street, Underwood, ND	US
S1-351911081	Fw Institute of Technology	1799, Basement, Wazir Singh Street, Paharganj, New Delhi, Central Delhi, Delhi	India
S1-326626722	TY Cap Inc	IL, Bolingbrook, 623 Boughton Road, Unit 130	US
S1-290087116	Schmidt Allied Tower PLLC	1204 Roberts Drive, Paragould, AR	US
S1-302582847	Friend, Carroll & Corder LLC	CO, 11995 Belleview Drive, Dakota Ridge	US
S1-211346743	Coster Santander Partners	3000 122, Marble Falls, TX	US
S1-903376625	Sauseda Hospital Corp	15503 Kevin Cove, Unit LOT 33, Northport, AL	US
S1-874875657	Modern Consultants Private Limited	Sr No 66/67 Colver Villag, York Terrace Row H No 1, Pune City, Pune, Maharashtra	India
S1-384215972	Arihant Constructions Private Limited	Plot No.1759/2523, First Floor, Hanspal Ps. Balaianta, Bhubaneswar, Khordha, Orissa	India
S1-481933997	Northern Devices	La Grange, IL, 24 Kensington Avenue	US
S1-551126306	Moore, Walters & Hawkins	237 Goundry Street, Unit Apartment 7, North Tonawanda, NY	US
S1-380855344	Vaayuika Exim Pvt Ltd	Pardeep Sood House No :-1423 Sector -15, Sonepat, Haryana	India
S1-969116959	Sidonnie Starnes Unified Pmv, Inc	MN, Minneapolis, 3428 Cheatham Avenue	US
S1-80378135	Shana Timbers (India) LLP	House No110, 4478 Kalimberia Uttarraipur Budge Budge I South 24 Paraganas, Kolkata, Kolkata, Howrah, West Bengal	India
S1-448176908	Kay Skin Care LLC	795 Mountain Road, Newington, CT	US
S1-47656486	Physical Therapy Center	316 Inagehi Lane, Loudon, TN	US
S1-949463283	Doralia Smith Westin	4713 Old Lemay Ferry Road, Imperial, MO	US
S1-758614457	Schmitt & Cornell Kochav	20684 Quail Hollow Drive, Portland, OR	US
S1-433429984	Rv Caterers	Ccsgf0209 Nh-31 Uttorayon, Township, Matigara, Siliguri, Darjiling, Darjeeling, West Bengal	India
S1-20061869	Ventures Goel Publications Ltd	Sathya Inn, Mammiyur, Temple Road, Guruvayoor, Thrissur, Kerala	India
S1-305592254	Brewing	103 Dawn, Unit 2/G, Hsb Llano Co, TX	US
S1-99210075	Coimbatore Global Private Limited	5Th Floor Malabar Gate34/59Ua Edappally Kochi, Ernakulam, Kerala	India
S1-393216516	Clarisse Lindamood Crown LLC	68 Dodge Street, Augusta County, VA	US
S1-197991159	Molina Partners Inc	505 Gilman Street, Unit Apartment 110, Sheffield, IA	US
S1-972393738	Pasand Nursing Home Private Limited	Shop No Sf-8 Sy No94/2A1, Madhav Square Malamaddi, Dharwad, Dharwad, Dharwar, Karnataka	India
S1-339870949	Womens Health Allied Care Associates LLC	CT, Voluntown, 422 Rockville Road	US
S1-300576213	Sayre Martin Better Steel	6329 Chickering Circle, Williamson County, TN	US
S1-738370411	Schultz, Holmes & Gravley LLC	11007 Drumm Avenue, Kensington, MD	US
S1-659195716	Alert Brothers Pvt. Ltd.	19-6-T-434/2(1) Cozy Corner, Bldg Hoighe Bazar Road, Mangalore, Dakshina Kannada, Mangalore, Karnataka, Mangalore, Dakshina Kannada, Karnataka	India
S1-416663842	Elite Tri-State Laboratories LLC	4941 Forest Avenue, Downers Grove, IL	US
S1-13853671	Cardiology Specialists	1013 Main Street, Ft Towson, OK	US
S1-451159577	Innovative Wealth Studios LLC	2009 Beringer Road, Unit #200, Suffolk City, VA	US
S1-916833727	Secunderabad Commerce Private Limited	Mch:2-4-38/46, Madhura Enclave Macha Bollaram, Secunderabad, Hyderabad, Telangana	India
S1-608122657	TX Services Private Limited	Guntur, D No 2-24-6, Kakinada, Andhra Pradesh, Suryasoudha Apartments Srinagar	India
S1-238512971	Jarlyn Rmg LLP	11629 Cherry Street, Kansas City, MO	US
S1-930212107	Shyam Industries Private Limited	5-9-250 To 257/C/31 To 34 Second Floor, Unity House, Abids, Hyderabad, Telangana	India
S1-173165284	Star Elite Purecycle LLC	600 15, Boylston, NY	US
S1-649561149	Sameera & Co	20Th Floor 2004, Omkar 1973 Tower B, Pandurang Budhkar Marg, Worli, Mumbai, Mumbai City, Maharashtra	India
S1-430295141	Ramirez Mountain Sun PC	229 Mill Stream Drive, Bolingbrook, IL	US
S1-722481097	Prime Artificial	1316 Davis Street, Dallas, TX	US
S1-214019184	Osterhout Platinum Group	13665 Normal Avenue, Riverdale, IL	US
S1-131884699	Capital Society	5833 Rolling Hills Boulevard, Lincoln, NE	US
S1-88919391	Aanand Infotech	S-45, Second Floor, Okhla Phase-2, New Delhi, South Delhi, Delhi	India
S1-296406160	Surgical Specialists LLC	1000 Santa Fe Avenue, Salina, KS	US
S1-784260834	Sibbie Chavarria Green Boutique	VA, 4022 Runnymeade Lane, Roanoke County	US
S1-792036982	Zephyn Karbon, Inc	Springtown, 176 Lowrey Circle, TX	US
S1-670923552	Shiva Health Private Limited	New Atul Engg.P.Ltd, Company Gogte Wadi, Aarey Road, Mumbai City, F/1St Floor, Maharashtra, Goregaon	India
S1-252863613	Great Baba Business Private Limited	Sy No. 210, Arakere, Byrapura Road, Yelahanka, Doddaballapura, Bangalore Rural, Karnataka	India
S1-222196829	Bisaia Clean Airport	82 Suffern Lane, NY, Haverstraw	US
S1-821816693	Digital Consultancy	Maharashtra, Plot No 3 Radhakrushna, Colony, Jalgaon	India
S1-124615943	Division of Consumer Affairs	701 University Avenue, Little Rock, AR	US
S1-332437295	India Niti Solutions Pvt Ltd	Karnataka, House No 5-1-231/21-Y-19 Balajinagar Near Prerana College Yadagiri, Yadagiri, Gulbarga	India
S1-146814333	Chandravi For Private Limited	506, 513, 5Th Flr, 17G, Vardhaman Chambers, Fort, Mumbai, Maharashtra	India
S1-939542566	Shull & Janson LLC	10572 Flatlands 9 Street, Brooklyn, NY	US
S1-566819073	Division of Finance	1129 62nd Street, Tacoma, WA	US
S1-321170581	Cancer Society LLC	3325 Moosewood Avenue, Cincinnati, OH	US
S1-991984918	Person Medical Center	1013 Peace Rose Avenue, Garland, TX	US
S1-123159865	Swastik Al Trading Private Limited	4, 4Th Floor-Grd, Plot No 38, Pallavi Chs Manikrao Lotlikar Rd, Kings Circle, Matun, Ga, Mumbai, Mumbai City, Maharashtra	India
S1-714204357	Life Software	C\O Rajendra Achutrao Futune At Neknoor Tq & Dist Beed, Beed, Bid, Maharashtra	India
S1-137474598	Golden It Private Limited	B-74 Okhla Ind. Area, Phase 2, New Delhi, Delhi	India
S1-954181683	KZM Care Private Limited	D-590, West Vinod Nagar, I P Extension, New Delhi, East Delhi, Delhi	India
S1-985853272	Williford Worldwide Inc.	2601 2nd Street, Sioux City, IA	US
S1-700357065	Ujjatech Foam Private Limited	B-340, Second Floor, Old No-B-63, New Ashok Nagar, Delhi, East Delhi, Delhi	India
S1-948543060	Dailey Suma LLC	7614 Waterford Glen Loop, Unit 611, Charlotte, NC	US
S1-935834381	Calinque Management LLC	803 Oregon Street, Kannapolis, NC	US
S1-924760267	Foot & Ankle Health of Delhi LLC	16788 Ott Drive, Delhi, CA	US
S1-675514688	ESY Digimark Care	Kolkata, Rajdanga Main Road, Kolkata, Howrah, West Bengal, 1516	India
S1-228046116	Keystone Unified Integrated P.C.	4421 Donerail Run Dr, Unit 303, Louisville, KY	US
S1-538297892	Darden & Klumpp Corp	1809 Prairie Lane, Deer Park, TX	US
S1-55417708	Huffman Hawk	1543 Pickwick Avenue, Springfield, MO	US
S1-567938319	Lynnell's Quality Bistro	1313 8th Avenue, Kelso, WA	US
S1-242392316	Wellman & Sons Private Limited	215/10C, Sarjapur Main Rd, 1St Floor Trinity Complex, Anekal, Bangalore, Karnataka	India
S1-708034524	Black, Emerson & Green LLC	302 Pine Avenue, Canby, MN	US
S1-752442435	Madras Bridge Corp	J-115, 02Nd Floor Main Market, Rajouri Garden, New Delhi, Delhi	India
S1-458339441	Robertson Centurion LLC	7623 63rd Avenue, Brooklyn Park, MN	US
S1-880355018	Longshoremen Local 717	1403 Congress Street, Middletown, IN	US
S1-330372609	Mahan's Bakery Inc.	3726 Sicily Drive, Unit UNIT D, Fort Irwin, CA	US
S1-344795493	Bali Institute of Technology	41-B, Pasu Marthy Street, United India Colony, Kodambakkam, Chennai-24., Tamil Nadu	India
S1-931109165	Mumbai Systems	Prathamesh Co Op Society, Sahar Chakala Road, Andheri East, Mumbai City, C-701, Maharashtra, Mumbai	India
S1-797054329	Tech Gloster Water Limited	Telangana, Secunderabad, Manjeera Homes Road No.6, West Marredpally, Hyderabad, 304	India
S1-539448222	Al Investment Private Limited	169 Victoria Street Tuticorin, Tuticorin, Thoothukudi, Tamil Nadu	India
S1-707265173	Grace Israel Group	Canton, 2900 Richmond Avenue, OH	US
S1-682080762	Jain Hospitality Limited	Banka, Bihar, Patna, Arvind Kumar, 36 Jaiprakash Nagar Jaiprakash Nagar	India
S1-997411933	Mounds View Federal Ofs Corp	5730 Cabot Drive, Mounds View, MN	US
S1-788012947	Coastal Certified Resources	3210 Belmont Place, Canton, OH	US
S1-10317317	Main Street Seafood	260 Black Bear Lane, Bigfork, MT	US
S1-49316621	Renae G. Mackie, DPM, P.C.	1600 Union Meeting Road, Unit Unit 253, Whitpain Township, PA	US
S1-623310052	Guru Foods Pvt Ltd	Ul-03, First Floor, Eros Ef3 Mall Plot No-12 Sector-20A, Faridabad, Haryana	India
S1-892258990	Platinum Media Alliance LLC	492 900, Etna Green, IN	US
S1-953204681	Quotient Brothers Company	43, 3Rd Floor, Unit No. 304, Nalini Sett Road, Kolkata, Kolkata, Howrah, West Bengal	India
S1-509440648	Honey Trust Company	No 1, Rajaji Street Anna Nagar, Pammal, Kancheepuram, Tamil Nadu	India
S1-523306037	Ayush Consultants Private Limited	Vishwakarma Wood Works Compound Opp Jivabhai Patel Farm, Iocl Petrol Pum, P, Vadodara, Gujarat	India
S1-90412176	Vijay International Hospitality Private Limited	Kh No-16/1, Vill-Mandoli, North East Delhi, Delhi	India
S1-923350732	Wealth Trust	No.8/266, Vadasseriyil House Cherai P.O., Pallipuram, North Paravoor, Ernakulam, Kerala	India
S1-136754396	Raj Infotech Private Limited	376/8, Prem Nagar, Ambala City, Ambala, Haryana	India
S1-242535926	Montgomery Industries	9135 Creede Trail, TX, Fort Worth	US
S1-524447012	Prime Trading Private Limited	First Floor, Shri Radha City Goverdhan Road, Uttar Pradesh, Mathura, 102, Mathura	India
S1-31951970	Dental Associates Inc	1480 Thomas Hollow Road, Lucasville, OH	US
S1-753570011	Alpha Hospital	Perambalur, Tamil Nadu, 450B5, Mettu Street, Elambalur Road	India
S1-798133204	Dianne's Digital Inc.	13247 Ballad Drive, Sun City West, AZ	US
S1-157896274	Mumbai Organics Private Limited	102 Narayan Buildingardeshwar Dadi Street Near C P Tank Circle, Mumbai, Maharashtra	India
S1-675018360	Family Royal Care Associates	10003 Michaele Ln, Jeffersontown, KY	US
S1-990702713	Grace Lutheran Church	1407 Mcdonald Street, Fayetteville, TN	US
S1-610696271	Express Bny	TX, Bridge City, 345 White Oak Trail	US
S1-929992693	Modern Enterprises	Mohammad Imran At Krashi Mandi Ke Samne, Bhopal Road Begumganj, Begamganj, Raisen, Madhya Pradesh	India
S1-848809161	Erna Bowles Premier Angel PC	150-70 Booth Memorial Avenue, Flushing, NY	US
S1-699369421	Gracious Projects Co	Mumbai, Juhu Versova Link Road Andheri (We, St), Maharashtra, Flat 17 5Th Floor Shree Sanman Chs Near Renassance Club, Mumbai City	India
S1-257371623	NC Virginia, Inc	2305 Penn Avenue, Minneapolis, MN	US
S1-966135223	United Bright Latin	3945 10, Littlefork, MN	US
S1-99982067	Real Construction Private Limited	No. 26-44-78/A, 5Th Lane, Venkata Ramana Colony, Guntur, Andhra Pradesh	India
S1-582454948	Lucknow Products Pvt. Ltd.	305/23, Taksal Road Chowk, Lucknow, Uttar Pradesh	India
S1-894787314	Wilson Guardian PC	2536 Violet Theo Lane, Round Rock, TX	US
S1-10900199	Holloway Coastal Silicon	6200 Dividend Street, Little Rock, AR	US
S1-255904943	Custom Education Innovations Inc	5420 Olympic Circle, Lincoln, NE	US
S1-755796754	East Yorkville	3846 22nd Street, NC, Hickory	US
S1-579487892	Barbaraanne's Tax	3195 Portland Road, Unit 8, Salem, OR	US
S1-701159849	Tomko Veterinary Clinic	1839 Meadowlawn Drive, Columbus, OH	US
S1-452742712	Industries Manu Infosystems Pvt Ltd	Mumbai, Mumbai City, Maharashtra, Vaishali Industrial Estate, Balkrishna Tawde Rd, Dahisar (W), B/210	India
S1-997354542	Dilinum Wireless	2038 4010, Lehi, UT	US
S1-624916511	Superior Logistics Labs LLC	26279 870 Road, Cashion, OK	US
S1-346584773	Silver Biomedical Innovations, LLC	759 East Street, Amherst, MA	US
S1-449915089	Advanced Medical Partners	127 Travis Street, Bowling Green Town, VA	US
S1-411263571	Unique Consultants Private Limited	No.12, 2Nd Floor, Narayan Reddy Colony Anaswamy Mudaliar Road, Bangalore, Karnataka	India
S1-927414114	South Food Private Limited	Qtr No 7 Type 2 Block-G, Mirdard Road Near Maulana Azad Dental College, Delhi, Central Delhi, Delhi	India
S1-413979860	Vikrant Energy Private Limited	Godown Survey No. 337/4, 339 P.H.N. 05 Plot No. 21, Tigaria Badshah Sanwer Road, Indore, Madhya Pradesh	India
S1-393183859	Brown & White Nmp LLP	2200 Main Street, Unit 530, Durham, NC	US
S1-709470635	Lantern Inc	Parrottsville, TN, 3315 Long Creek Road	US
S1-112026676	Nerkundram Laminates LLP	No.110/A Poonamallee High Road, Nerkundram, Chennai, Tamil Nadu	India
S1-137820600	Kamal Institute	Tc 56/1325-1, Aanandam, House No 8, Cgs Nagar, Thiruvananthapuram, Thiruvananthapuram, Trivandrum, Kerala	India
S1-564146502	St. Zion	741 Cedar Street, Luverne, MN	US
S1-857273753	Shivam Producer Private Limited	490E, First Floor, Nh-47 Punnapra North, Paravur, Alappuzha, Kerala	India
S1-433962250	Dream Tech Private Limited	D-19, Ground Floor Main Road, Kanti Nagar, Delhi, East Delhi, Delhi	India
S1-22576104	Apex Logistics Limited	Delhi, New Delhi, House No-130 B, Flat- A1, G/F, R/S, Gautam Nagar, South Delhi	India
S1-987243716	Select Broadcast Holdings	Unit 2, Boston, MA, 50 Green Street	US
S1-368700357	Koncept & Sons Private Limited	Mouza Laliapur, Bhawanipur, Gorola P.O. Sainthia, Sainthia, Birbhum, West Bengal	India
S1-148340610	Memorial Signature Ministries	102 10th Street, Ellis, KS	US
S1-987824019	Cascade Stone Inc	1 Moreland Trail, Chili, NY	US
S1-161869890	Buddy & Brothers Private Limited	H.No.204/4/8, Kashida Niwara Housing Society, Kopargaon, Ahmednagar, Maharashtra	India
S1-842486046	Vanguard Nutrition Alliance LLC	4261 Kathryn Place, Grove City, OH	US
S1-298150437	Asian Consultancy Private Limited	K Kodanda & Rajgopal #6 Doddakanahalli2, Bengaluru, Bangalore, Karnataka	India
S1-427129138	Karur Software Private Limited	38/42 Gowripuram East, Karur, Tamil Nadu	India
S1-153896235	Physical Therapy Medicine Inc.	4690 Lakeshore Drive, Unit 3051, Tempe, AZ	US
S1-158811887	Informatics Sangh	704 Palm Court, Sector 16, Dlf Phase 3, Sector 24, Industrial Estate, Gurgaon, Haryana	India
S1-436996198	Dynamic Seas Inc	IL, Elmhurst, 111 Willow Road	US
S1-816428265	Peterson Green Plumbing LLC	200 39th Street, Kansas City, MO	US
S1-217978450	Tandi Hollis Home Inc	6810 Center Road, Wilmington, OH	US
S1-887870207	Lyda S. Johnson, D.O.	TX, 12422 Cr 185, Alvin	US
S1-467576241	Fong & Hull	4703 Friendly Avenue, Greensboro, NC	US
S1-442533716	North Best Third Corp	806 Highland Trail, Chapel Hill, NC	US
S1-925744385	Jayant Wellness (India) Pvt Ltd	Sts 631, Star Tower Sector 30, Silokhera, Gurgaon, Haryana	India
S1-856021113	Best Projects Limited	C/O Franclin Desayose, 2706/8, Alby Cottage, Thennoorkonam, Kottapuram P.O., Thiruvananthapuram, Neyyattinkara, Thiruvananthapuram, Trivandrum, Kerala	India
S1-137113629	Athena Plant	Ahmed Nagar, Maharashtra, Sangamner, Home No. 2015, Ghulewadi, Tal. Sangamner	India
S1-95289319	Sanjay (India) Farmer Pvt. Ltd.	Sy No-48 0 Lingampally Riapole Manchal Mandal, Hyderabad, Telangana	India
S1-644047883	Uptown Coffee	1609 Shady Court, Jefferson City, MO	US
S1-851820307	Guru Infra Private Limited	12/A Abdus Samad Road Gorabazar, Berhampore, Murshidabad, West Bengal	India
S1-766271443	Projects Plastics Center Group	23 Conuvent Road, Kol, Calcutta, West Bengal	India
S1-612643688	Velrio Gabelli	2541 3rd Lane, Town Of New Chester, WI	US
S1-261203562	Hitech Management Private Limited	Shed No. C-1-B / 336 /23 Gidc Makarpura, Baroda, Vadodara, Gujarat	India
S1-797895637	Coll Investments	1099 Broadway Road, Lexington, TN	US
S1-974658416	Lenore Jones Capital Cohen LLC	9115 Spyglass Place, Unit B, Charlotte, NC	US
S1-816065397	Burns & Woolard	6 Caitlin Circle, Salisbury, MA	US
S1-351393445	Siddhi (India) Consulting Private Limited	Gurgaon, Haryana, House No. 700, Ground Floor Sector 38, Gurgaon	India
S1-284092542	Murari India of Bangalore North	59, Ii Floor, Ad Associate, Work Adda, Double Road, Bangalore North, Bangalore, Karnataka	India
S1-731194282	Maldonado, Frady & Tatem Inc.	TN, 770 Burrowtown Road, Mason	US
S1-26441908	Platinum (India) Consulting Private Limited	Rajasthan, Jaipur, 6/Sc/2/19 Indira Gandhi Nagar, Jaipur, (M. Corp)(Part) I.G. Nagar, Jagatpura	India
S1-134059817	Innovative Cargo Dynamics LLC	4204 Olive Branch Lane, New Hill, NC	US
S1-735861892	Liberty Companies	173 Marshall Street, Waynesville, NC	US
S1-718671756	Diane-Marie Kersey Telecom	136 Dyer Road, Roan Mountain, TN	US
S1-596265179	Erena Maynard Restaurant Inc	De Witt, 103 Schallhorn Street, AR	US
S1-726396845	Robertson Safe Labs LLC	6820 Mark Twain Drive, Fl 0, Derby, KS	US
S1-259573929	UEF Technologies Private Limited	G/F Plot At Kh No-38/18/2, Chhawla Extn Trishul Colony, Gali No-8-A, Newdelhi, New Delhi, Delhi	India
S1-446538926	Jimenez Select Venture Inc	6123 Kildare Avenue, Chicago, IL	US
S1-958366136	Valley Bitcoin Inc	1716 Colson Court, Virginia Beach City, VA	US
S1-738125500	Redwood Origin Inc	703 Antietam Drive, Hagerstown, MD	US
S1-195926564	Stewart Flagstar LLC	131 Steamboat Lane, Unit APT 304, Ballwin, MO	US
S1-301627893	Bales, Esquibel & Torres Granite Inc	Arlington, 11910 292nd Street, WA	US
S1-718466467	Fortunate Management Private Limited	H/O P Padhi Baghara Roadinfront Of Employment Exchange Baripada, Mayur Bhanj, Mayurbhanj, Orissa	India
S1-430558896	Tilinia	1113 Carter Circle, Irving, TX	US
S1-21400312	Silver Developers Private Limited	H No 108 K P Nagar Sinnar, Nasik R 91 K P Nagar, Sinnar, Nashik, Maharashtra	India
S1-437731360	Perfect Solutions LLP	149 Andul Roadpo Botanical Garden Sibpore, Howrah, West Bengal, Howrah	India
S1-272341428	Ziraiya Hitech Center	Office No 7, A Wing, Achalgiri Building, Padmavati Nagar, 150 Feet Road, Thane, Maharashtra	India
S1-802704278	Foods	3998 Mote Road, Wethersfield, NY	US
S1-765258592	Jupiter Sheetgrah Private Limited	Lucknow, Uttar Pradesh, Apna Bazar, Gomti Nagar, Lucknow, Shop B-26, Lucknow	India
S1-738313676	MZ Global Pvt Ltd	Rh No. 46, Gut No 49, Royal Park Amberna East Ambernath, Ambernath, Thane, Maharashtra	India
S1-62143833	Haley Heartland Foods	508 Pickering Street, Houston, TX	US
S1-554720203	Premier Trading Laboratories	3614 1000, Pleasant View, UT	US
S1-474276645	Christ Presbyterian Church	2414 Laurel Street, Fl 0, Wichita, KS	US
S1-6055646	Sterling P.C.	852 Centurion Lane, Unit RM 216R, Houma, LA	US
S1-404368796	Thompkins Dynamic Community Inc.	262 Village Hill Road, Willington, CT	US
S1-452067504	Freedman Works	1321 Bose Street, Dyersburg, TN	US
S1-662882192	Humphries and Sanders Trg Partners	29145 Fox Creek Drive, Unit 2A, Walbridge, OH	US
S1-266078485	Nevins & Holladay Inc	45 Hamilton Court, Manchester, TN	US
S1-700223220	Upper Arch Care	1882 Landstrom Lane, Fuquay-varina, NC	US
S1-454626718	Ice & Bedwell, LLC	208 Oak View Avenue, Oak View, CA	US
S1-144646577	Indian Exports Private Limited	Office No 909, 9Th Floor, Plot No 273, Sector 10, Kharghar, Panvel, Raigarh, Maharashtra	India
S1-428954182	Frank & Sons of Hyderabad Ltd	Telangana, Vishnupuri Colony, 4Th Left, Malkajgiri, Hyderabad, Hno 24-143/10/1, Hyderabad	India
S1-323924082	Kang Nature Private Limited	57/3, Gousala Road Liluah, Howrah, West Bengal	India
S1-987041442	Minds Memorial Trust	601, Parasrampuria Chambers Anand Road, Opp Malad Station, Malad Wes, T, Mumbai, Mumbai City, Maharashtra	India
S1-794082069	Essary Beyond PC	104 Springhill Circle, Carl Junction, MO	US
S1-896902527	Health Project	7440 Claire Drive, Fargo, ND	US
S1-134189301	Shakti Jay Investment Private Limited	# 78, Shilpa Brindhavanam, Yellammabanda, Tirumalagiri, Hyderabad, Telangana	India
S1-307042811	Mumbai Brothers Private Limited	305, 3Rd Floor, M.M. Plaza Mini Market, B-1 Janak Puri, New Delhi, Delhi	India
S1-705829011	Bhilwara Gases Corporation	Delhi, H-113, Delhi, Shakarpur	India
S1-504336506	Modern Aditya Impex Private Limited	Dr Birendra Kumar, S/O Anandi Pd Singh Narayana Colony, Mayaganj Hospital Road, Bhagalpur, Bihar	India
S1-63570445	Gandhinagar Business Private Limited	E-002, Pramukh Pride, Bhi- Pratik Mol, Vill-Reandesan, Gandhinagar, Gandhinagar, Gandhi Nagar, Gujarat	India
S1-47393232	Sommerville Learning Center	17511 Quartz Street, Granite Falls, WA	US
S1-910798628	Dermatology Partners	101 Godfrey Street, Mineral Wells, TX	US
S1-129381062	LPZ Buildtech Private Limited	Salhawas Jhajjar, Haryana, Jhajjar, Haryana	India
S1-66290204	Apps Public School Group	1203/17, Faridabad, Haryana	India
S1-926985610	Blue Creative Construction Private Limited	18/A Flowers Road, Kilpauk, Chennai, Tamil Nadu	India
S1-226523827	Red Hypnosis! LLC	6703 Colville Place, Indianapolis, IN	US
S1-772080548	Matrix People Private Limited	Maharashtra, Mont Vert Apex Office No., 302, Sr No 131/1, Hno 1365, Pune City, Pune	India
S1-749011473	Ventura Rights Private Limited	H.No.-595 Ward No.-14 Shiv Nagar, Hisar, Hissar, Haryana	India
S1-119014511	North Capital Health LLC	1531 Normandy Road, Tullahoma, TN	US
S1-876108246	Barker & Harris Safeguard	York, 1878 Voyager Road, SC	US
S1-929404506	Dk Marketing Private Limited	13 Penn Court, Kolkata, Calcutta, West Bengal	India
S1-138601524	Kesarinandan Logistics Private Limited	Sco 134 Sf, D Block Ranjit Avenue, Amritsar, Punjab	India
S1-153575048	Creative Systems Private Limited	Off No. 313, 1 Aerocity Safed Pull, Near Sakinaka Mtnl Off, Sakinaka, Andheri East, Mumbai, Mumbai City, Maharashtra	India
S1-987512326	Bishnupur Infra Pvt Ltd	102, Ganesh Niwas, Bhende Layout, Bhamtee, Nagpur, Maharashtra	India
S1-191917138	Continental Charities	6411 E Gate Drive, Elkridge, MD	US
S1-319182197	Cmr Infra	7-32/1, Reddy Coloney, Hanuman Temple Chevella, Pin, Chevella, Rangareddy, Telangana	India
S1-188344758	Vijay Ventures Private Limited	Egmore Nungambakkam, The Metrozone, 44, Pillayarkoil Street, Tamil Nadu, Chennai, D901	India
S1-628814134	Ear Nose & Throat Atlantic Partners LLC	13818 Randa Parkway, Northport, Unit LOT 278, AL	US
S1-766319382	Kolkata Chit Pvt Ltd	C/O Tirupati Vinimoy Pvt.Ltd126 Hazra Road 1St Floor, Kolkata, 126 Hazra Road., Kolkata, Howrah, West Bengal	India
S1-140794673	Caldium Dollar LLC	907 Pitt Avenue, Medford, Fl 1, OR	US
S1-981999325	Sumukha Technologies (India) Private Limited	C/O Jahandad Ahmad, Ground Floor, At-Afzalpur, Mahendru, Near Patna Univers, Patna, Bihar	India
S1-859404932	Rozina N. Collins, D.C.	11 1/2 Fourth Avenue, Whitehall, NY	US
S1-31517121	Pacific Deutsche	2113 Richwoods Boulevard, Peoria, IL	US
S1-421835544	Behavioral Health Group	117 Shadetree Lane, Grifton, NC	US
S1-863167587	Doyen Minerals LLP	Flat No 433, Cghs Sargodha Apartments, Plot No 13, Sector 7, Dwarka, Delhi, South West Delhi, Delhi	India
S1-994490658	Balaji Healthcare Pvt Ltd	Plot No. B-108 Sf Uttam Nagar Rama Park Sfnerar, Pillar No. 763, New Delhi, West Delhi, Delhi	India
S1-991413530	Gaines's Painting Inc	650 Mission Avenue, Berclair, TX	US
S1-716817406	Kinslow & Shea, LLC	1318 Forbes Street, North Tonawanda, NY	US
S1-174081424	Shah & Hawkins	2025 Alamo Road, Carrollton, OH	US
S1-740448875	Ruchi Hospital	602-D/19-F/A Mehrauli, Ward No. 3, 4Th Floor, New Delhi, South Delhi, Delhi	India
S1-235288264	Ho Infraproject Private Limited	Plot No 68, New Delhi, Delhi, South Delhi, Okhla Phase 3	India
S1-484099826	Vikas Marg Extension Consultants Ltd	Delhi, A-14 Pushpanjali, Delhi, Vikas Marg Extension	India
S1-303337265	Punjab For Ltd	M-204/2F, Samridhi Grand, Avenue, Gh-09D, Techzone-4, Bishrakh, Gautam Buddha Nagar, Uttar Pradesh	India
S1-697663757	Indu Technologies Limited	302, Atmaram Darshan, Near Sambhaji Maidan, Mulund East, Mumbai, Mumbai City, Maharashtra	India
S1-904460082	4648 Washington Drive Associates LLC	190 Mandarin Circle, Vacaville, CA	US
S1-850017866	South 24 Parganas Life LLP	Jayanpur, Udjayini, 1 No Gate, Dingelpota, South 24 Parganas, West Bengal	India
S1-275597592	Dental Green Medicine LLC	1217 60, Franklin, NY	US
S1-874385641	Metropolitan Communications	1109 Gordon Drive, Sioux Falls, SD	US
S1-208289329	Troyer Highland Daedalus	104 Shire Lane, Perkiomen Township, PA	US
S1-279683456	Real Black It Limited	5Th-Fr, Fl-501, Uttar Podrah, Jorapukur, Dhar, Chunavati, Howrah, West Bengal	India
S1-849206369	Supreme Education Networks	3114 Crystal Bend Drive, Pflugerville, TX	US
S1-499408637	Stag Clinic	1111 Cleveland, Magnolia, AR	US
S1-570554444	Quesada Assets LLC	28549 36th Avenue, Auburn, WA	US
S1-394259794	Moraga Urban LLC	113 Herbert Court, Bear, DE	US
S1-295774850	Oncology Quality Center Inc.	North Richland Hills, 5424 Galway Lane, TX	US
S1-328937297	Lyndsie's American Tire Shop	2150 High Bridge Road, High Bridge, KY	US
S1-882380356	Scholes Telecommunication, Inc	18237 Hadley Street, Goodyear, AZ	US
S1-122472906	Leex LLC	10912 Coverstone Drive, Unit UNIT C4, Prince William County, VA	US
S1-275011493	Avie's United Consultants	3620 Warner Street, Tacoma, WA	US
S1-889084042	Tri-State Institute	Vashon, WA, 23931 Dockton Road	US
S1-924089629	Maex Farms PC	NY, 850 Vine Street, Salina, Unit Apartment 6E	US
S1-407364507	Prairie Municipal Inc	12841 Quarry Court, Lemont, IL	US
S1-511670977	Om Ventures Private Limited	Office No - 2 Ramchandra Mkt Main Road Vill- Dairin, Ecotech - 3Rd Tahsil Dadri Gr Noida Gautam Budh Nagar, Noida, Gautam Buddha Nagar, Uttar Pradesh	India
S1-791232607	Association Ecommerce	3A Lake Avenue, Kol, Calcutta, West Bengal	India
S1-110308619	Richardson Safe of Norman P.C.	501 Trinidad Drive, Norman, OK	US
S1-525822848	LB Structures Pvt Ltd	3/75A, Mattaparai Pudur Kathapalli, Namakkal, Tamil Nadu	India
S1-698265084	Pediatric Associates of Pearland PC	2241 Oday Road, Pearland, TX	US
S1-589743853	National Investment Enterprises	2011 Bess Town Road, Bessemer City, NC	US
S1-407661695	First Estate Pvt Ltd	House No 204, Plot No 1, Aggarwal Chamber, Sector-5, Delhi, North West Delhi, Delhi	India
S1-420510022	Cubit Law Chambers Care	68/982, First Floor, Poozhikuzhi Paramba, Kozhikode, Kerala	India
S1-215547460	Harbor First Public LLC	9853 Puddenbag Road, Fl 1, Germantown, OH	US
S1-986596965	Mozelle Baker, P.A.	Shipshewana, IN, 6690 900	US
S1-808125066	Rastogi Institute of Technology Private Limited	13, 3Rd Floor, 5Th Main, 6Th Cross, Jayamahal Extension, Nandi Durga Main Road, Bangalore North, Bangalore, Karnataka	India
S1-929793030	I C & K Waste	4410 99th Avenue, Unit 2014, Phoenix, AZ	US
S1-509721557	Miranda Systems LLC	1327 Jackson Hollow Road, Thorn Hill, TN	US
S1-284751271	Tucson Economic Development Trust	1410 Santa Cruz Lane, Tucson, AZ	US
S1-7534062	Clarice's Horizon Supply	8316 Alston Court, Joshua, TX	US
S1-569812275	Behavioral Health Rapid Specialists	1042 Barbados Drive, Marion, OH	US
S1-841161519	Eidson Irenic	302 Axis Dr, Unit 312, Louisville, KY	US
S1-75356862	Adeline Quiroga, D.C. Corp	55 Heath Street, Somerville, MA	US
S1-421009450	DKF Enterprises Private Limited	No 385/3, Tulasi Theatre, 4Th Cross, Bangalore North, Bangalore, Karnataka	India
S1-449277673	Den Brass (India) Private Limited	901-902, Regent Chambers, Jamnadas Bajaj Road Above Status Restaurant, Nariman Point, Mumbai, Mumbai City, Maharashtra	India
S1-515849124	Jai South Media Pvt Ltd	Plot No-31(P), Khata No. 54 Pokhariput, Bhubaneswar, Khordha, Orissa	India
S1-459484371	Heritage Association	AL, 7400 Mockingbird Road, Cottondale	US
S1-863153912	Midwest Heartland Table L.L.C.	1220 High Street, Rockwell City, IA	US
S1-122144908	Jubilant Developers Limited	32/1 Lenin Sarani, Kolkata, Calcutta, West Bengal	India
S1-87963025	U 9 Trusted Abony	1153 Main Street, Rockford, IL	US
S1-602021544	Clarion & Co	East Patel Nagar Ground Floor, East Patel Nagar, 26/1, Delhi, South West Delhi	India
S1-879618621	Ivenon Dollar	20 Parkway Drive, Rye, NY	US
S1-321942123	Pediatric Dental Center of Elizabethtown	300 Sherwood Drive, Elizabethtown, KY	US
S1-925071264	YMW Pioneer Acquisitions	4322 Majestic Lane, Fairfax County, VA	US
S1-74505865	Surgical Center	Bishopville, MD, 12202 Duck Lane	US
S1-967010347	Metro Midwest Bancorporation Inc	Unit Apartment 2A, 144 Church Street, NY, Smithtown	US
S1-755766401	Continental Precision Stock LLC	MT, Butte-silver Bow, 3317 Kennedy Avenue	US
S1-146909321	612-613 East Owners Corp	108 Brookstone Drive, NC, Mount Holly	US
S1-492488045	Precision Clean Metal, Inc	TX, City Of El Paso, 409 Stotts Avenue	US
S1-1411476	Pediatric Dentistry Certified Associates Tompkins	741 Franskevicz Road, Tompkins, NY	US
S1-382827322	Physical Therapy Medicine, Inc	5730 Gail Drive, Fl 1, Chandler, AZ	US
S1-706031325	Peak Hospitality Global LLC	5129 Ivy Wood Lane, Fort Worth, TX	US
S1-205072396	Christ Cathedral Inc.	IN, 1005 Seaport Drive, Cicero	US
S1-225457192	WEZ Medi Ltd	Pno-A, Allwyn Colony, Telangana, Hyderabad, Tirumalagiri, H.No 1-32-896	India
S1-902344103	Back Alley Barbershop	814 Tree Bend Drive, Westerville, OH	US
S1-230927550	Solutions Amg Chits Private Limited	No-3/381, Akdr Towers, 4Th Floor Rajiv Gandhi Salai Omr, Mettukuppam, Chennai, Kanchipuram, Tamil Nadu	India
S1-72860763	Earthwise Radha	64A, Hemanta Basu Sarani 2Nd Floor, Room No. - 219, Kolkata, Kolkata, Howrah, West Bengal	India
S1-766949527	Richard Homoeo Private Limited	D.No. 23, Shop No. 2S/170, Krishna, Andhra Pradesh	India
S1-155644195	Tirupati Projects Pvt Ltd	7/88 Tilak Nagar 502 Eldorado, Kanpur, Uttar Pradesh	India
S1-599642974	Greens Music Private Limited	B-43 G F B/P B Sect P B Sect Vishal Enclave, New Delhi, West Delhi, Delhi	India
S1-508391494	Menefee American Auto LLC	1003 5th Street, City Of Superior, WI	US
S1-182804464	Sykes Clean Charter	637 90, Schulenburg, TX	US
S1-576933260	Highland Foundation	3526 Dona Drive, Unit APT 7, Roanoke City, VA	US
S1-185669044	Infrastructure & Co	A/36 Aali Extension, Sarita Vihar, South Delhi, Delhi	India
S1-143519660	Clemmy Lora Cornerstone Chile LLC	11633 Warpaint Drive, Phoenix, AZ	US
S1-489586702	Kelsey R. Richard, DPM	33 Seakist Road, Port Lavaca, TX	US
S1-520358269	YJ Compliance Private Limited	Uttar Pradesh, Bishrakh, Ugf-03 Rise Shoplex, Tech Zone Iv, Gautam Buddha Nagar	India
S1-69614368	Lee, Chiu & Hubbard Clinic	8215 192nd Avenue Place, Bonney Lake, WA	US
S1-97432483	Beth Lutheran Church	14 Judith Ann Road, Dennis, MA	US
S1-686196086	Streator Retail	1690 4 N 17th Road, Streator, IL	US
S1-730747637	Redwood LLC	128 Elda Lane, Frederick County, VA	US
S1-794994524	Alpha Infra Limited	Eb Office Road Kaakkanji Street, Permalpattu, Thiruvallur, No.138/1, Tamil Nadu, Thiruvallur	India
S1-985543380	Trusted Value Atlantic LLC	21924 Estate Drive, Siloam Springs, AR	US
S1-954835791	Southern Builders Limited	Udaipur, 47 Panchwati Saheli Marg, Rajasthan	India
S1-85530543	Ottappalam Info	Veluthakkathodi, Kuruvattur, Ottappalam, Palakkad, Kerala	India
S1-999237985	Urban Consultants Private Limited	Hyderabad, Pt No 4 And 5, 303 Jg S, Aishwarya Khanamet, Telangana, Serilingampally	India
S1-117091387	Direct Summit Solarius Inc	54 200, American Fork, UT	US
S1-633235882	Services Victory Retail Pvt Ltd	Colony Z534-/07, Huzur, Bhopal, Plot No 112 Durgesh Vihar, Madhya Pradesh	India
S1-324912820	Space Medical (India) Private Limited	1 - 2 - 476, Domalguda, Hyderabad, Telangana	India
S1-416045941	Isaac, Marroquin & Watts LLC	8702 Shepherds Ct, Louisville, KY	US
S1-894830000	Rocky Superior Iron Works	2319 Hillside Drive, Wellington, UT	US
S1-610852954	Global Rapid Apogee Inc	5030 George Green Drive, Montgomery, AL	US
S1-14328426	Strategic Wholesale Concepts LLC	Unit 602, TN, Nashville, 908 Division Street	US
S1-543623233	Molnar Equity Partners PLLC	4221 Thorngate Drive, Fort Wayne, IN	US
S1-181511873	FSB Products Private Limited	207, 2Nd Main Road, Singsandra, Hosur Road, Bangalore, Karnataka	India
S1-311487038	Ollie Bower Platinum Worldwide	14791 710th Avenue, Taopi, MN	US
S1-535331855	Krishna Buildcon Corporation	C/O Nasir Ali, 3 Amaria, Pilibhit, Uttar Pradesh, Amaria, Pilibhit, Uttar Pradesh	India
S1-901349187	Commercial Talent Technologies, LLC	427 Utica Road, Utica, NY	US
S1-161185009	Black Exports Limited	Bangalore, Flat No. 202, Prakash Recidency, 313-6C, 6Th Cross Road, Ombr Layout, Banaswadi, Bengaluru, Karnataka	India
S1-104978097	Savoia Commodities LLC	1617 Bringhurst Street, Houston, TX	US
S1-580520638	Horizon Intelligence Works	Mint Hill, NC, 3411 Marchers Trace Drive	US
S1-260644882	Tior Accounting Inc.	1220 Little Big Horn Road, Alto, NM	US
S1-827751814	M & N Royalty Inc	34479 Wood Road, Clayton, NY	US
S1-781805670	Stern, Pinkham & Bauer LLC	6904 Cordially Way, Elk Grove, CA	US
S1-408305670	East Institute of Technology	Rushville, 832 Main Street, IN	US
S1-832567799	WZT Flora Private Limited	605, 6Th Floor, Sl Tower Alpha Commercial Belt, Sector Alpha 1, Greaternoida, Gautam Buddha Nagar, Uttar Pradesh	India
S1-722288325	Summit Program	1201 Churchville Road, MD, Bel Air	US
S1-569537641	Orthopedic Prime Physicians LLC	13014 Televista Drive, Houston, TX	US
S1-835067329	Covington and Pacheco, L.L.C.	NY, Orleans, 42521 100	US
S1-398324769	Globex Commodities Private Limited	#25, Jaggi Garden Colony, Naraingarh Road, Ambala, Haryana	India
S1-733760690	Sandin Prime Pmv LLC	947 Heather Drive, Peosta, IA	US
S1-278261066	Om Ventures Private Limited	Plot No 910, Gidc Halol, Halol, Panch Mahals, Gujarat	India
S1-788088411	Tirupati Properties Private Limited	Plot No.24, 2Nd Floor, New Vasavinagar, Karkhana, Secunderabad, Hyderabad, Telangana	India
S1-388103913	Redd Solana, LLC	1000 Woodlawn Boulevard, Unit APT 1209, Wichita, KS	US
S1-112499490	Modern Allied Aeon Co	860 9, Schroon, NY	US
S1-890715579	Engineering Vivaan Nath Private Limited	Shanti Nivas, 3Rd Floor, # 40/83, 12Th B Cross 6Th Block, Gubbanna Layout, Rajaji Nagar, Bangalore, Karnataka	India
S1-109152545	M S Vargas Coinshares Inc	11250 Kilarea Avenue, Unit 264, Mesa, AZ	US
S1-466318324	Shivam Industries Private Limited	6Th Floor, Parakh House, Boat Club Road, Bund Garden, Sangamwadi, Pune City, Pune, Maharashtra	India
S1-147566666	Southern Athene LLC	PA, 108 Poplar Street, Masontown Borough	US
S1-418170497	Watson Capital LLC	6910 Narrow Creek Ct, Prospect, KY	US
S1-504277218	KM Tours Co	Hyderabad, Charlapalli, Telangana, Plot-7/D Phase-5 Ida, Rangareddy	India
S1-698639356	Winny Spillman Multimedia Inc.	271 8057, Concho, AZ	US
S1-649857324	Spangler Harbors Inc.	233 Commonwealth Avenue, Unit 10, Boston, MA	US
S1-855110023	Golden Realty Collective LLC	2521 Coral Avenue, Unit 116, Salem, OR	US
S1-32904873	Fortune Investments LLP	Plot No 13, Phase Ii, Mythri Nagar, Madeenaguda, Tirumalagiri, Hyderabad, Telangana	India
S1-966943178	Cornerstone Investment Dynamics Inc.	Millsboro, DE, 25873 American Avenue	US
S1-295224181	Williams Oriental	4250 Terrace Avenue, Oxnard, CA	US
S1-764311320	Ps Foundation Private Limited	Shednoroad 25Ft Plotno63A, Khno28/24 Back Portion Gf, Delhi, North West Delhi, Delhi	India
S1-196278946	Hill Entertainment Limited	Ushus, Mylakkadu P O, Adichanalloor Village, Kollam, Kerala	India
S1-977391531	Empire (mumbai) Private Limited	Gno. 761, Pno. 18, Bno. 02, Sant Savata Nagar, Jalgaon, Maharashtra	India
S1-74241437	Sirius LLC	1288 Hubbard Avenue, Saint Paul, MN	US
S1-195338563	Oncology Medicine of Xenia LLC	2295 Upper Bellbrook Road, Xenia, OH	US
S1-521591461	Capital Foundation	Stowe, 369 Hill Road, VT	US
S1-123820991	Kendall Equity Partners Center	200 Driftwood Street, Nags Head, NC	US
S1-623108930	Cardiology Care	729 Prairie Avenue, Des Plaines, IL	US
S1-750568557	Tallulah's Anchor Law Group	6607 Wakefield Drive, Unit STE A2, Fairfax County, VA	US
S1-160522907	Black Food Limited	Uttar Pradesh, Tower Laurel, Parx Laureate, Sec-108, Gautam Buddha Nagar, Noida, Flat 5111, Gautam Buddha Nagar	India
S1-730252010	Lucie Witherspoon Trusted Metals Care	179 School Street, Oyster Bay, NY	US
S1-477598614	Mcgee Ridge Ligand	2238 Oran Delphi Road, Unit Unit 59, Pompey, NY	US
S1-563610137	5-Sons	6 Thatcher Terrace, Farmington, CT	US
S1-923304367	Best Real Infotech Pvt Ltd	Nh-77, Gaon-Bithauli, P.S-Bhagvanpur, Vaishali, Bihar	India
S1-509216478	Unique Solutions Private Limited	Delhi, New Delhi, East Delhi, D -1/160 New Kondli	India
S1-646994028	Elshaddai & Co	1/10/1/2. 1/2A Flat No, 304.Satyasai Soudha Apts Ashoknagar Hyd -027, Andhra Pradesh, Telangana	India
S1-292710200	Surya Infra Private Limited	C/Onikhil Agrawal Rangpur, Road Opp Panghat Hotel, Kota, Rajasthan	India
S1-596806417	Rodriguez Ligand Inc	408 Upper Sheppardtown Road, Myrtle, WV	US
S1-401252292	House Power (India) Private Limited	89 Paranjpe Scheme -Broad No 3 Vile Parle E, Mumbai, Maharashtra	India
S1-998853804	Anita Wells, DO	2451 Pierce Avenue, Niagara Falls, NY	US
S1-345625299	Family Care Associates LLC	20 Sycamore Creek Drive, Springboro, OH	US
S1-679844991	Services Sbm Estate Private Limited	Telangana, Hyderabad, Secunderabad, Block-9, Manasarovar Heights Ph-Iii, Hasmatpet, F.No 640	India
S1-544810306	Monge Gamco	7201 Wellington Avenue, Unit 1E, Elmwood Park, IL	US
S1-642197111	Surgical Care Corp	11193 109th Way, Fl 1, Scottsdale, AZ	US
S1-4373086	Nayak Institute	2 Raja Woodmunt Street P S Burra Bazar, Kolkata, Calcutta, West Bengal	India
S1-652282961	North Cardiology	505 Wasson Way, Cincinnati, OH	US
S1-860689773	Great Dividend	211 Marie Street, Nixa, MO	US
S1-137262515	Esther Dodd Apple Inc	2202 103rd Street, OH, Cleveland	US
S1-447196589	Corner Hypnosis	Northfield, OH, 883 Spicers Lane	US
S1-768857685	Yan Rocky Auto Glass Inc	2206 Franklin Street, Fort Benton, MT	US
S1-118093637	Sedillo Encore, LLC	Arnold, MD, Fl 0, 1445 Middle Way	US
S1-16909274	Jalgaon Projectprivate Private Limited	Plot No. 9, Sn-15/3B, Ganeshpuri, Jalgaon, Maharashtra	India
S1-640462267	Zephium Regions Inc	9410 Hocking Street, Massillon, OH	US
S1-778319491	Jai Public School Private Limited	2Nd Floor, L.S.C Building, Sheikh Sarai, Phase-2, New Delhi, South Delhi, Delhi	India
S1-460321732	Sai Systems Limited	505, Building Number 3, Raheja Classique Oshiwara, Andheri (W), Mumbai, Mumbai City, Maharashtra	India
S1-617538950	Frontier Creative Landscaping	214 Taxiway Bravo, Unit B, Huntington, IN	US
S1-907162897	Big Foods Private Limited	Q-1905, Shrishti Heights L B S Marg, Bhandup, Mumbai, Mumbai City, Maharashtra	India
S1-951815956	Vihang India Private Limited	Mudickal.P.O, Pallippuram, Kerala, Ernakulam, Perumbavoor, Karothukudy House	India
S1-167821547	Cultural Council	331 Flat Creek Road, Fairview, NC	US
S1-101996265	GVT Modern Tidewater LLC	368 High St(mystic), Groton, CT	US
S1-790326969	Campbell & Huisman Intermediate LLC	1865 Anton Court, Shakopee, MN	US
S1-159976666	Historical Alliance LLC	6653 Devander Drive, Mobile, AL	US
S1-26883030	Prime Heartland Acquisitions	2809 Dalkeith Drive, Henrico County, VA	US
S1-221200694	Ridge Global Burtech LLC	VA, Norfolk City, 1721 Vine Street	US
S1-361568580	Piedmont Investments PC	614 13th Street, Huntington, WV	US
S1-712922104	Precision Advanced Pono	2745 Bailey Road, Town Of Sun Prairie, WI	US
S1-307793331	Cavanaugh Tax	49104 Eagle Eye Road, Aguila, AZ	US
S1-778732849	Maid Yoga	1512 300, Unit 215, Salt Lake City, UT	US
S1-435650067	Dickson Pacific	634 Lakeview Drive, Grove City, OH	US
S1-636057317	Tessie Padron, DMD	709 Florence Street, OH, Belpre	US
S1-419057791	One Technologies Private Limited	55, Property. No. 55, Third Floor Saidulajab, New Delhi, South West Delhi, Delhi	India
S1-904259220	Y/C Cable LLC	IL, 4450 Pershing Avenue, Downers Grove	US
S1-689420591	Black Services Private Limited	Gala No. A/209, 2Nd Floor, Mayashree Apartment, Mayashree Godown Complex, Purna Village, Bhiwandi, Thane, Maharashtra	India
S1-469206982	Riannon Logan, Ph.D.	646 El Paso Drive, Bullard, TX	US
S1-474253071	Grand Hospital Company	Akshaya, Pvr Nagar, Pallipuram (Po), Palakkad, Kerala	India
S1-390370514	Bright Pub LLC	213 Fairfax Avenue, Niskayuna, NY	US
S1-752074299	Carilyn Jimenez Software	1311 Duke Street, Alexandria City, VA	US
S1-963484697	Barden and Clark Inc.	408 Timothy John Drive, Pflugerville, TX	US
S1-336189220	Raya & Sons Private Limited	Mumbai City, Be 4012, Maharashtra, Mumbai, Bharat Diamond Bourse, G Block, Bandra Kurla Complex, Opp Nabard Head Office, B, Andra East	India
S1-881244889	All Services Private Limited	175-B Dharam Kanta Lanemangaldas Market, Mumbai, Maharashtra	India
S1-760179030	Fast, Belliveau & Lunde LLC	14514 Cox Road, Dinwiddie County, VA	US
S1-988301509	Memorial Premier Federation LLC	N12562 White Pine Drive, Town Of Minong, WI	US
S1-450294327	Marple Family Practice LLC	141 Hubbard Avenue, Gallipolis, OH	US
S1-989607094	S+ Battery Inc	221 Silver Street, Lebanon, OH	US
S1-806961985	Ratech LLC	IL, 217 Sparta Street, Wataga, Fl 1	US
S1-207002079	Impetus Polytechnic Pvt Ltd	Om Chambers, 648/A, 4Th Floor, Near Metro Pillar 47, Binnamangala 1St Stage, Indira Nagar, Bangalore North, Bangalore, Karnataka	India
S1-293053147	Bizz Services Limited	O-808, 8Th Floor Gaur Cit, Sector-4, Bishrakh, Gautam Buddha Nagar, Uttar Pradesh	India
S1-95641363	Seven Estate Private Limited	82/D, Shyamnagar Road, Police Station - Dumdum, Kolkata, Howrah, West Bengal	India
S1-212587898	Malone Corporation	N1848 Forest Lake Road, Town Of Auburn, WI	US
S1-682280359	National Nexpoint Inc	126 112, Bleecker, NY	US
S1-164305441	Sullivan, Murphy & Dickinson Third PLLC	299 Red Oak Drive, Aitkin, MN	US
S1-256186466	Ashleigh Byrd, Esq., PC Group	4317 Big Tree Way, Greensboro, NC	US
S1-743548191	Bean Legacy Dominion Group	4103 Ridge Path Road, Spring, TX	US
S1-185837606	Ve Event Private Limited	79, Chanderlok Aliganj, Lucknow, Uttar Pradesh	India
S1-413670123	CU Motors Private Limited	B-95, Sector-8, Dwarka, New Delhi, South West Delhi, Delhi	India
S1-239015181	Anastasio Creative Green Corp	44 Wildwood Avenue, Mount Vernon, NY	US
S1-797491403	Somerville Family Network	42 Sewall Street, Somerville, MA	US
S1-78722777	Rdc Distributions Care	Shop At Hno 97, Pratap Nagar Colony, Huzur, Bhopal, Madhya Pradesh	India
S1-426254211	Halcify Resources LLC	2405 Maplewood Avenue, Richmond City, VA	US
S1-151597363	Carr Karbon LLC	MO, 692 Winding Bluffs Drive, Fenton	US
S1-839769530	Indo Urban Marketing Private Limited	Pulai Upadhyaya Chawl Room No 2 Chirag Nagar Parsi Wadi, Ghatkopar W, Mumbai, Mumbai City, Maharashtra	India
S1-641597196	Huerta Health Center	VA, Arlington County, 5307 5th Street	US
S1-807867402	XS Technologies Private Limited	C/O Smt Kantabai Sureshchandra Jaju At Post Vakilwadi Tq Kaij Dist Beed Vaki, Lwadi, Kaij, Bid, Maharashtra	India
S1-387058194	Parris Processing LLC	Lake Stevens, 12808 20th Street, WA	US
S1-245224479	Balaji Developers Private Limited	Tamil Nadu, Tiruvallur, S.No. 61/11, 63, Chitoornatham Village, Gummidipundi	India
S1-747297543	Aurum Cultivation Private Limited	First Floor, Chandigarh Apartment, Derabassi, Mohali, Shop No. 1, Punjab	India
S1-201250731	Perry Tompkins Reliable Quantumsphere Inc	213 Brown Street, Crooksville, OH	US
S1-380902449	Earthly Manufacturing Private Limited	D No.45-33-22 Jagannadha Puram, Akkayyapalem, Visakhapatnam, Vishakhapatnam, Andhra Pradesh	India
S1-744990422	Siex Healthcare Ltd	5312 Forest Oaks Drive, Mobile, AL	US
S1-26697766	Valaree Gil Concepts PLLC	10067 Wyatt Ranch Way, Sacramento, CA	US
S1-263162594	Finance Bsr Steel Ltd	B-69, Outer Ring Road, Soami Nagar North Opp Subway, New Delhi, South Delhi, Delhi	India
S1-500223151	Nbs Arts Limited	O-204, Akshat Heaven, Opp Sahjanand City, Gandhinagar, Gandhi Nagar, Gujarat	India
S1-507548902	Shiv Food Private Limited	57, Kanpur Nagar, Uttar Pradesh, Government Industrial, Kalpi Road, Fazalganj, Kaushalpuri	India
S1-295653247	Centre Medical Centre Company	#13/2 (174) 14Th E Cross Industrial Town, Agrahara, Dasarahalli, Bangalore, Karnataka	India
S1-237962532	Sree Technologies	Esquire Centre, No:9, B-Block, Ground Floor M G Road, Bangalore, Karnataka	India
S1-721300186	Kamatchi (india) Pvt Ltd	No.67/2, S.S. Koil Street, Vadapalani, Chennai, Tamil Nadu	India
S1-615309336	Bharat Hari Business Pvt Ltd	To Plot No. 54/S, 2Nd Avenue, Anupuram, Dr. A.S., Rao Nagar, Ecil Post, Secunderabad, Hyderabad, Telangana	India
S1-635926654	HI Impex	M.No.131, Pawarwasti, Motibagh, Baramati, Baramati, Pune, Maharashtra	India
S1-724788346	Sams Arc LLC	7834 Greenwood Avenue, Chicago, IL	US
S1-113075624	Nextech Polytechnic	G-1, 12-13-1215, Franklin Villa Apartment Street No.10, Taranaka, Hyderabad, Telangana	India
S1-940673372	Advaitha Educational Society	No Ix/483, Grand Central, Edachira, Kakkanad P O, Ernakulam, Kerala	India
S1-664895379	JSY Logistics Pvt Ltd	Karnataka, Bagalkot, Cts No. 239/2A2B/1E Near Lion School, Extension Area	India
S1-811161431	Surgical Health PC	6701 196th Street, Unit 408, Lynnwood, WA	US
S1-908633472	Verric Santander LLC	1025 Reynolds Road, Piney Flats, TN	US
S1-140382871	Lok Sangh LLP	21, Greenwood Gardencity Bunglow, Phase 1 Nr. Greenwood Resorts, Sp Ring Road, Gota, Ahmedabad, Gujarat	India
S1-291150757	Future Finance Private Limited	701, Embassy Centre, Nariman Point, Mumbai, Mumbai City, Maharashtra	India
S1-768272050	Aroha (India) It Limited	Kh433/1718P, 3950/4528 C/O, Santoshk.Singhdengsargird, Sadar, Sambalpur, Orissa	India
S1-904576751	Mitchell, Taylor and Rainey	10 Webster Drive, Plymouth, MA	US
S1-363706766	Y Y Brush Sunrise	340 Roberts Drive, Unit K, Columbia, TN	US
S1-188160920	Siddhi Research Ltd	Survey No 57-6A, 7A, Kothavelagada Village, Gantyada, Vizianagaram, Andhra Pradesh	India
S1-834307496	Institute Law Private Limited	Near Industrial Area, Madanganj, Kishangarh, Ajmer, Rajasthan	India
S1-288526622	Bright Book Store	40 Summer Street, Easton, MA	US
S1-129724614	C R Lehman Bumrungrad Inc	1213 Monitor Avenue, Chicago, IL	US
S1-721398524	Pinnacle Textile Alliance Inc	1417 Richey Road, Houston, TX	US
S1-343578731	Royal Marketing Laboratories, Inc	210 Lands End Road, Hillsboro, IL	US
S1-577437317	United Management Pvt Ltd	293 Sector Eb, Scheme No, Indore, Madhya Pradesh	India
S1-764924413	Dental Clinic	372 Buttonwood Drive, NY, Greece	US
S1-565729460	Rmv Interiors Private Limited	Nayagaongwaliar Road Jhansi, Uttar Pradesh, Jhansi, Uttar Pradesh	India
S1-110626050	Sen Charitable Trust	Hno 16-115/6, Floor 2 Vadanapuri Colony, Beerumguda, Patancheru, Medak, Telangana	India
S1-388836869	Equity Property Private Limited	Agra, Unit No A/F-1, Uttar Pradesh, First Floor Block No 41/4-A, Friends Tower, Sanjay P, Lace, Agra	India
S1-697913194	Internal Medicine Center	117 Redbud Street, Ore City, TX	US
S1-649953074	Sriperumbudur Hitech Pvt. Ltd.	240/241, Sidco Industrial Estate, Sriperumbudur, Kanchipuram, Tamil Nadu	India
S1-402689883	Real Infotech Private Limited	3/230, Vidyasagar Colony, Naktala, Kolkata, Kolkata, Howrah, West Bengal	India
S1-389341903	Orthopedic Medicine LLC	2230 University Parkway, Unit 2A, Provo, UT	US
S1-10325231	Shrinath Trading Private Limited	901, Sankalp Square 3, Beside Taj Hotel, Sindhubhavan Road, Shilaj, Ahmedabad, Gujarat	India
S1-364438895	Mandya Seva Samiti	131A, Yusaf Sarai, New Delhi, Delhi	India
S1-788654807	Ridge Marine LLC	Chesapeake City, 3304 Foxgrove Lane, VA	US
S1-883865875	Zenith Consulting Ltd	401, Hilltown Impressa, Opp Nikol Police Station, Ahmedabad, Gujarat	India
S1-481247358	Valiant Entertainment Private Limited	87/396, E Type Saraswatinagar, Opp Himmatlal Park-2, Nr. Azad Soc., Ahmedabad, Gujarat	India
S1-213002982	Apex & Sons Private Limited	Calcutta, West Bengal, Kolkata, 28 Taltala Lane	India
S1-495349172	G & J Trailblazer	3533 Hill Lake Road, Claypool, IN	US
S1-803722285	Midwest Corporation	11 Dover Street, Unit 1, Lowell, MA	US
S1-351625570	Rajyog Charitable Trust	C-301, Oakwood Society, Viman Nagar, Pune, Maharashtra	India
S1-237092843	Morris & Moore	385 Tate Drive, Oakland, TN	US
S1-701584330	Projects Garima Media Limited	6-2-929, 2Nd Floor, Zee Telugu Building, Behind Bpcl Petrol Pump, Rajabhavan Road, Khair, Athabad, Hyderabad, Telangana	India
S1-159194775	Myriam Sanchez Express Agnc Corp	2329 Anderson Road, Ft Mitchell Ky, KY	US
S1-822456858	Connolly's Sterling Analytics	10942 Medina Avenue, Mesa, AZ	US
S1-58474738	Gaex, PC	819 Mercedes Benz Court, Humble, TX	US
S1-407532568	Boulter Spectral LLC	NY, 7944 Willowbend Drive, Lysander	US
S1-383622687	Map Producer Limited	Flat No. 403, A Wing, Avadh Elite More Mala, Nashik, Maharashtra	India
S1-336714736	Oliver Trading Private Limited	41/3249/D2, 3Rd Floor, Holy Family Building Aashirbhavan Lane, Banerjee Road, Cochin, Kerala	India
S1-900044460	Ingrid Thomas Piedmont Bny Corporation	2740 Pomme Meadows Drive, Arnold, MO	US
S1-41682886	Atlantic Initiative	46 San Juan Way, Hot Springs Village, AR	US
S1-28546409	Bayles House LLC	Pavilion, 6759 Junction Road, NY	US
S1-349567975	Custom Wireless Digital Inc.	3404 Pin Oak Street, KS, Unit E, Leavenworth	US
S1-251575993	Premier (India) Trade Private Limited	503, Golden Heights, Shastri Nagar, Andheri (West), Mumbai, Maharashtra	India
S1-405780352	Chiropractic Health	77 Avery Drive, Brookhaven, NY	US
S1-724056417	Human Rights Alliance	110 Carlisle Court, Cary, IL	US
S1-693803813	Cornerstone	London, 3932 Old Columbus Road, OH	US
S1-716287559	Pune Bank Pvt Ltd	Opp. Panjarpol, 98/2 Tarangan, Guruvihar, Bhosari, Pune, Maharashtra	India
S1-110359782	Hah Constructions Private Limited	Shop No 61 Puran Enclave, Sec 28-29 Chowk Faridabad, Faridabad, Haryana	India
S1-834911894	Ashva Services Ltd	Snehapuri Colony Nacharam, Rangareddy, Telangana, 4-1-59/B-T	India
S1-724042810	Joyce United Mozayyx Inc	114 Emery Lane, Boothbay Harbor, ME	US
S1-587135847	Lakshmi Producer Private Limited	14 Watkins Lane Block D, Howrah, West Bengal	India
S1-896305372	Gowtham Traders Private Limited	Gurgaon, P.No-90B, Haryana, Gurugram, Sector 18	India
S1-848472724	Jograj Investments Private Limited	Chennai Citi Centre V Floor, No.10 & No.11, Dr. Radhakrishnan Salai, Mylapore, Chennai, Tamil Nadu	India
S1-593466476	Billman, Mathias & Scott Legato Inc.	11 Pennington Drive, Hyde Park, NY	US
S1-21611747	Carroll Tbk	5510 Chadwick Drive, Rogers, AR	US
S1-124011937	Hempstead Physical Therapy Atlantic Associates	4 Rose Street, Unit Apartment 6F2, Hempstead, NY	US
S1-13614949	Ventures Deepshikha Fortunes Private Limited	Gurgaon, H. No. 392, Indira Colony, Jharsa, Sector -45, Haryana, G/F	India
S1-844066886	Metcalf Systems	901 7th Avenue, Walla Walla, WA	US
S1-335297056	Super Business Private Limited	Plot No.17, Defence Colony, Sainikpuri, Secunderabad, Rangareddy, Telangana	India
S1-211129160	Green Industries Limited	1St Floor, 3/84/1 Ramkrishnapally, Rahara, Khardah, Kolkata, Parganas North, West Bengal	India
S1-731721637	SZ Ji Private Limited	B-4/20, Safdarjung Enclave, New Delhi, Delhi	India
S1-736735359	Raj Investment Private Limited	F-301, Vanvaso 88, Hariya, Park, Pardi, Vapi, Valsad, Pardi, Valsad, Gujarat	India
S1-824400564	Beleus	1457 109, Haleyville, AL	US
S1-799305908	Future Real Foundation Pvt Ltd	Gala No-11, 1St Floor, Mahalaxmi Industrial Estate, Dainik Shivneri Marg, Worli, Mumbai, Maharashtra	India
S1-930465124	Fallon Anchor Northland Inc	501 Wrought Iron Bend, York County, VA	US
S1-331341552	East Tri-State End Partners	9400 Oxbow Strap Drive, Austin, TX	US
S1-356976992	Aditya Constructions Private Limited	Kamalam Villa, Old No.4, New No.7, Chandrabagh Avenue, 1St Street, Chennai, Tamil Nadu	India
S1-870513924	Internal Medicine Custom Clinic Inc	213 Hickory Creek Road, Georgetown, TX	US
S1-97947284	Suman Care Pvt Ltd	580, Mali Wara Vishwa Karma, Colony, Ghaziabad, Up, Ghaziabad, Uttar Pradesh	India
S1-29638497	Peak Automation Union Inc	AZ, Phoenix, 5910 Little Wells Pass	US
S1-682706632	Balaji Brothers Ltd	25B First Floor The Almeria, Sector 84, Gurgaon, Haryana	India
S1-339380893	SUC Marketing Pvt. Ltd.	C/O Pratibha Devi Bhujauli Colony, Deoria, Uttar Pradesh	India
S1-424899409	Walker, White and Soohoo Software, LLC	7297 State Rt 30, Cedar Hill, MO	US
S1-453499114	Sg Minerals Private Limited	A-264, Indira Nagar, Lucknow, Uttar Pradesh	India
S1-18930402	Carter Value Holdings	5913 Walther Avenue, Baltimore, MD	US
S1-636832649	Stephanie Chaney Pioneer Navigation Inc	220 Amherst Drive, Nashville, TN	US
S1-456317429	Cardiology First Physicians	Lake Grove, 46 Oak Street, NY	US
S1-77413286	Quraum LLC	5904 A Potomac Avenue, Hampton City, VA	US
S1-354344465	Hawk Foundation	No. 14 Ranganathan Street T Nagar, Chennai, Tamil Nadu	India
S1-987095717	Cardiology Legacy Care Inc	1063 Pr 652, Bay City, TX	US
S1-714931320	Z V & F Money	4303 Scottsdale Lane, Wichita Falls, TX	US
S1-775219448	West & Keen Inc	1371 Blue Lick Road, Winfield, WV	US
S1-102782878	Scg Aluminium	Kerala, Kasargod, Ward 6 Aarumi Adot, Ajanur, Andashram, Kasragod, Hosdurg, Building No 68B	India
S1-207788220	Shakti Products Private Limited	A-1004, 10Th Floor, Business Suites-9, Nr. Dynasty Restaurant, S. V. Road, Santacruz [West], Mumbai, Mumbai City, Maharashtra	India
S1-797161599	Platinum Legacy Mercator L.L.C.	304 Eason Drive, Carbondale, IL	US
S1-967184328	Industries Thanawala Biotech Private Limited	146, C/O-Binod Kumar Singh, At-Mandahpur Maidapur, Po-Sarfuddinpur, Block-Bochaha, Muzaffarpur, Bihar	India
S1-347380937	Bright Chain LLC	545 Villa Grove Avenue, Big Bear Lake, CA	US
S1-811291119	RQX Berkley	206 Forest Avenue, OH, Cincinnati	US
S1-957822151	Dulcia Olson, DPM	239 Harris Lane, Smyth County, VA	US
S1-995853266	Watson, Kristien, DDS	4200 Cathedral Avenue, Unit 1010, Washington, DC	US
S1-366837920	Maa Investment Private Limited	Door No.3/177 & 3/178 Padinjare Parachikkal, Kaippuram, Palakkad, Kerala	India
S1-530466135	Technologies Asa Dmc Private Limited	Plot No 16 To 22 Industrial Area, Kopargaon, Ahmednagar, Maharashtra	India
S1-366609503	Villegas Btc LLC	Fl 1, 6491 Tournament Lane, Chandler, AZ	US
S1-649783328	Prairie Ave	8025 Date Avenue, Lubbock, TX	US
S1-379067780	Heritage Solutions Private Limited	Sidhauramai A. Pur Purshotampur Handia, Uttar Pradesh, Allahabad, 73	India
S1-741833517	Platinum Technical Global L.L.C.	38726 Ski Park Road, Eatonville, WA	US
S1-783166214	Lotus Al Solutions Private Limited	No.12, 18Th Cross Street, Maharajanagar, Tirunelveli, Tamil Nadu	India
S1-332430393	Kala Professionals Private Limited	805 Pegasus Parvati Nagar Chs Ltd Versova Andheri West, Mumbai, Maharashtra	India
S1-759896417	Primary Care Clinic of East Bridgewater	35 Abbey Lane, East Bridgewater, MA	US
S1-698659165	Surgical Care PLLC	VA, 41300 Windybush Drive, Loudoun County	US
S1-810269069	Upper Pinnacle Grade	966 Canal Place Circle, IN, New Haven	US
S1-684398987	Satguru Energy Private Limited	1/690 A Sadasivam Nagar, 1St St Dharapuram Road, Tiruppur, Coimbatore, Tamil Nadu	India
S1-818615961	Patriot Sprott LLC	15 Woodbine Avenue, Brookhaven, NY	US
S1-973270562	Jaipur & Brothers Private Limited	D.No.8-47, Endowments Col, Ony, Nagarjuna Hospital, Vijayawada (Rural), Krishna, Andhra Pradesh	India
S1-743614676	Wheaton Dynamic Signs LLC	2658 130th Street, Cleveland, OH	US
S1-249526056	Sarita & Co Company	Agra, Uttar Pradesh, 22, Mahendra Enclave	India
S1-5986518	Horizon Inc	103 Hummingbird Lane, Rocky Point, NC	US
S1-182887910	Varanasi Farm Private Limited	C/O Vidya Devi W/O Radhey Shyam, Varanasi, Ganeshpuri Colony Nasirpur Vill Po Susuwahi, Varanasi, Uttar Pradesh	India
S1-936139204	Unnatti Plantations Private Limited	31, Chowringhee Road, Cal-16W.E.F.03.07.2000, Kolkata, Kolkata, Howrah, West Bengal	India
S1-390992970	Krishna Exports Private Limited	Shop No. S-6/M-3, Gurukul Chs, Panchsheel Bldg Shahu Nagar, Matunga Labour Camp, Matung, A, Mumbai, Mumbai City, Maharashtra	India
S1-578787161	Walker, Freeman & Anderson Inc	4555 Irwin Street, Trinity, NC	US
S1-402765359	Caplin & Associates	No2/149-5, Addagurikki Village, Addagurikki, Shoolagiri Taluk, Addagurikki, Krishnagiri, Dharmapuri, Tamil Nadu	India
S1-886419238	Smith Atlantic Realty LLC	4101 Lodge Road, Sherrodsville, OH	US
S1-320138712	Al Finance Private Limited	F.No. 004, H No. 1-11 Shamlal Building Begumpet, Hyderabad, Telangana	India
S1-328497075	Trimmer, Escalante and Zollinger LLC	1510 Alert, Warrenton, NC	US
S1-449767943	Cascade Piedmont Water LLC	19189 Colony Drive, Sulphur Springs, AR	US
S1-72661190	Gallium Force Private Limited	Office No. 1606, New Delhi, 16Th Floor, Ambadeep Building Kasturba Gandhi Marg, Delhi, North East	India
S1-109558080	3188 Sixth Street Owners Corp LLC	7123 17th Drive, Phoenix, AZ	US
S1-627425736	Mule Reliable Power	19715 78th Avenue, Kenmore, WA	US
S1-150313645	XJ Realty Private Limited	11Th Floor, Gurgaon, Building 8C, Dlf Cybercity, Dlf Phase 2, Gurgaon, Haryana	India
S1-455991503	Inger Henne Net	5831 Fair Forest Drive, Houston, TX	US
S1-350357598	Katharina Thiel South, L.L.C.	7641 Orpheum Way, Antelope, CA	US
S1-117450936	Teixeira and Reinert Co	1516 Rodlun Court, Forest Grove, OR	US
S1-552701482	Pearl's Supreme Family Practice	17169 Jays Way, Milton, DE	US
S1-314196408	Sirdala Development Private Limited	42 At-Baksanda, Post Fatehpur, Ps-Akbarpur, Sirdala, Nawada, Bihar	India
S1-398066027	United Atlas Inc	13120 50, Louisville, IL	US
S1-685881714	Business Industrial Enterprises	TX, Richmond, 24334 Piazza Drive	US
S1-58172530	Morgana's Cleaning Service Group	IA, Unit APT 2102, Davenport, 1607 W 12th St	US
S1-166735390	Great Foods	C/O Dharmendra Gupta, Plot No 13, Sec 112, Flat 16, Sahil Srushti, Kandwa, Chikhali, Pune, Maharashtra	India
S1-41053466	Zenith Aspac LLC	11 Howard Street, Newton, MA	US
S1-786776464	Watson Innovation LLC	78 Chace Road, Raynham, MA	US
S1-285019098	KN Tours Pvt. Ltd.	Ground Floor, No-14, (Old No A/76), 32Nd Cross Road, 7Th Block, Jayanagar, Bangalore, Karnataka	India
S1-3061064	Gitlin and Lee Inc	NY, South Richmond Hill, 103-52 Lefferts Boulevard	US
S1-571479120	Sterling Keystone Oriental Company	5913 Morningbird Lane, Columbia, MD	US
S1-949514559	Unified Bold Inc	3350 Harris Drive, West Terre Haute, IN	US
S1-308163127	Geia Shipping	6317 Blondo Street, Omaha, NE	US
S1-114719198	Physical Therapy Clinic	TN, 3427 Topside Road, Knoxville	US
S1-935082683	Horizon Colonial Therapy	3108 16th Avenue, Seattle, WA	US
S1-625888361	Sander Federal Paceline Corp	17713 Shady Creek Avenue, St. George City, LA	US
S1-236384340	Hari Consultancy	531, Unit 501, B Wing, Supremebusinesspark Powai, Mumbai, Maharashtra	India
S1-684890161	Foundation Viram Info Private Limited	Plot No.53/54, Office, No.102 Sector 19A, Thane, Maharashtra	India
S1-950829183	Moonlight Foundation	#18, Annapoorneshwari Industrial Area, Doddakallasandra, Kanakapura Main Road, Bangalore, Karnataka	India
S1-989958112	Tondiarpet Fort St George India Pvt. Ltd.	11 E K A Street Ekambara, Agraharam Narsing Market, Tondiarpet Fort St George, Chennai, Tamil Nadu	India
S1-687394374	Deloris Merryman Fresh Midland Inc	5417 Rivervail Court, Columbus, OH	US
S1-17441970	Vardayini Solutions Private Limited	Md Khurshid Alam, Sahuria, Panch-Baisa, Govindpur, Katihar, Bihar	India
S1-804934207	Maa Properties Private Limited	Plot No. 86 87 Forming Part Of Survey No. 72 75, Situated At Krishi Co-Operative Housing Society Ltd Gaganpahad Village, Rajendranagar, Hyderabad, Telangana	India
S1-410406844	Sanguine International School	1101, 11Th Floor, Royale Avenue Dr. Vigas Street, Chirabazar, Mumbai, Mumbai City, Maharashtra	India
S1-347139752	Tower Corporate Ltd	Wz49 C Upper Ground Floor, Near Water Tank, New Delhi, South West Delhi, Delhi	India
S1-999089406	JK Nasdaq LLC	741 Willow Drive, Unit A4, Hailey, ID	US
S1-392759927	Bhasin (India) Tours	First Floor, 90 Idc, Mehrauli Road, Sector-17, Gurgaon, Haryana	India
S1-722155050	Metoyer Urban	4037 Chinaberry Cove, TN, Memphis	US
S1-424570284	Safe Marketing Associates LLC	Flower Hill, NY, 3 Greenway	US
S1-700374151	Martinez Realty	9331 Big Ben Court, Vallejo, CA	US
S1-136582499	Adjoining Syndicate Bank Opposite Hotel Skylark Infra Ltd	Sahota Building, Adjoining Syndicate Bank Opposite Hotel Skylark, Jalandhar, Punjab	India
S1-801048905	Painters Local Union 322 Associates	10243 Broken Sound Boulevard, Ocean City, MD	US
S1-626533894	Kaushik India Private Limited	Gs 0008, Dlf Grand Mall Gurgaon, Dlf Qe, Gurgaon, Haryana	India
S1-595425293	Dallas Academy	20 Ashton Court, TX, Dallas	US
S1-277041972	Pacific Security Laboratories	13625 Vimy Ridge Road, Little Rock, AR	US
S1-296780935	Upper Total Produce LLC	WA, 30403 Blaine Avenue, Black Diamond	US
S1-221046662	Bcube Nursing Home	Maharashtra, Mahalunge, Pune, Pune, H. No. 688, Khed	India
S1-613151738	Tirupati Digital Properties	39, Krishna Colony < Street No-16, Near Durga Builder< Sehatpur Ext, Faridabad, Haryana	India
S1-905713752	Northwind Inc	1255 21st Street, Unit 306, Hickory, NC	US
S1-923376538	Roopraj Technical Private Limited	A-69, New Delhi, West Delhi, Delhi, G/F, Right Side, Hari Nagar Jail Road, Asha Park	India
S1-12880868	Shyam International	Madhav Nagar, 4Th Floor, Advanced Research Center, Udupi, Karnataka	India
S1-613974813	Anchor Engineering Alliance LLC	8308 166th Street, Collinsville, OK	US
S1-974977896	Mel Smith Independence Inc.	616 Butler Street, Erie, KS	US
S1-412489767	Highland Express Vehicle, LLC	1806 Ridgelee Road, Highland Park, IL	US
S1-597724644	19-20 East Owners Corp	5691 Grove City Road, Grove City, OH	US
S1-883573091	Bangalore South Infradevelopers Pvt Ltd	235 0/2, 1St Floor, Bommasandra Industrial Area Phase Iii, Hosur Road, Bangalore South, Bangalore, Karnataka	India
S1-48361424	Vanguard Anchor Trust Inc.	809 2650, Fl 0, Decatur, TX	US
S1-601273952	Madhapur Development Private Limited	Madhapur, 10Th Floor, Cyber Towers, Hyderabad., Telangana, Q2A1	India
S1-6741100	Raj Investment Private Limited	158, Kanhiya Lal, Delhi Gate, Ghaziabad, Uttar Pradesh	India
S1-160752631	West Interstate Digital LLC	Norwalk, 4347 Medina Drive, IA	US
S1-792324969	Samyama Charitable Trust	Chennai, 2Nd Street Zakaria Colony, No.1, Tamil Nadu	India
S1-353053241	Reid Texas Inc	7260 Forsyth Boulevard, Unit APT 1E, Saint Louis, MO	US
S1-10267407	Unified Telecom Ventures LLC	6710 Evergreen Woods Drive, OH, Huber Heights	US
S1-339600355	Heritage Commercial Group	5708 -B-252 Northampton Boulevard, Virginia Beach City, VA	US
S1-393466885	Chery Williams Massage	718 Benson Street, Nashville, TN	US
S1-442592635	Ranna's Peak Liquor	18 Village Grove Road, Little Rock, AR	US
S1-885236971	Blue Construction Limited	F-117, 6Th Street Anna Nagar East, Chennai, Tamil Nadu	India
S1-531135325	Prairie Sumitomo LLC	891 Woodside Lane, Sacramento, CA	US
S1-452226608	Arihant Foundation Private Limited	14/291 K, Suite 72D, 1St Floor, A Square Edathala Po, Kuzhivelippady, Kunnathunad, Ernakulam, Kerala	India
S1-789990650	Sheelagh West Axiom Corp	120 Aaron Drive, Hempstead, NY	US
S1-989448845	Olanelle Vertical	882 North Street, UT, Ogden City	US
S1-976098979	St. Cathedral	108 Patterson Street, Charleston, WV	US
S1-526889339	Rendon, Mcdonald & Berry Frequency Group	1856 Home Street, Mishawaka, IN	US
S1-510228025	Scholarship Federation	1683 Dumplin Valley Road, TN, New Market	US
S1-766922106	Fort Wayne, City Of	2727 Reed Street, Fort Wayne, IN	US
S1-309831227	Garduno Cdt Inc	512 Bingham Court, Fl 0, Millersville, MD	US
S1-831500652	Grand Clear Sachs Inc	2402 Ben Wilson Street, Unit Apt 7301, Victoria, TX	US
S1-838553040	New Delhi Exim Private Limited	Plot No 52 S/F S/Side Kh No 13/23 Bajaj Enclave . Kakrola, New Delhi, South West Delhi, Delhi	India
S1-102102658	Diamond Nutrition Studios LP	7 Isabelle Drive, Bloomington, IL	US
S1-810271908	Core Solution Private Limited	Ff-01, Phoenix Avenue, Opp Brg Heritage, Vemali, Vadodara, Gujarat	India
S1-867597970	Linden Foot & Ankle Great Partners	8004 Colliers Chapel Church Road, Linden, NC	US
S1-649220181	Magnum (India) Developers Co	Ghaziabad, Shakti Khand, Indirapuram, Shop No-121Gf Eros Market, Ghaziabad, Uttar Pradesh	India
S1-232481189	Shivshakti Foods Pvt. Ltd.	797 Bhojpura Maliwara, Delhi, Central Delhi, Delhi	India
S1-911952336	Unique Management Pvt Ltd	D.No. 49-1-13, Main Road Akkayyapalem, Visakhapatnam, Vishakhapatnam, Andhra Pradesh	India
S1-776605397	Avenues Exports Company	P-58, Kasba Industrial Estate Phase - Ii, Kasba, Kolkata, Kolkata, Howrah, West Bengal	India
S1-174675009	Delta Metropolitan Beverage Inc	496 Queen Anne Way, Huntsville, TX	US
S1-292716796	Salinas Peak Defi LLC	15 Main Street, Meadow, UT	US
S1-340414048	Danella's Energy	2525 53rd Avenue, Spokane, WA	US
S1-325011077	Swastik Impex	9/6334, G/F Old No. 581, Plot No. 50, Netaji Gali, Gandhi Nagar, East Delhi, Delhi	India
S1-292152543	Thrissur Winner	Flat No:2D, New Door No 10/16-10, Sukirti, Parkland Regency, Aambakkadan Junction, Rice Baza, R Road, Thrissur, Kerala	India
S1-606343531	Monteagudo United Green Inc	68 Meldon Circle, Queensbury, NY	US
S1-751847536	Travancore & Sons Private Limited	Sarthak Appartment 3Rd Floor C-2, Rd4/3 Raghunathpur, Kolkata, Kolkata, Howrah, West Bengal	India
S1-613614054	Rolan International LLC	4827 Marion County 7001, Flippin, AR	US
S1-703937171	New Delhi Services Pvt. Ltd.	Fc-51, Shivaji Enclave, Rajouri Garden, New Delhi, North East, Delhi	India
S1-10597095	Corral Futurecorp PLLC	1473 Oak Street, Unit Apartment 4, Eugene, OR	US
S1-4804953	Ark Group	Plot No 6-123/1861, 1862, 1873, 1874, Ratnamresidency, Pragatinagar, Qutubullapur, Hyderabad, Telangana	India
S1-268324744	Rajaji Nagaar Bangalore Flora LLP	#644, 62Nd Cross, 5Th Block, Rajaji Nagaar Bangalore, Bangalore, Karnataka	India
S1-553607850	Swastik Marketing Private Limited	Delhi, A-2 Mandir Margaya Nagar Phase V, South Delhi, New Delhi	India
S1-363763772	Velma Santiago John LLC	NC, Monroe, 541 Zermatt Court	US
S1-316600282	Ranique's Vanguard Vision Center LLC	13900 Peoria Avenue, Unit APARTMENT 305, Glenpool, OK	US
S1-853363283	Orthopedic Select Group	West Hartford, 29 Rockledge Drive, CT	US
S1-329809907	Welch National Homes Inc	9 Charles Street, Georgetown, MA	US
S1-207040313	Behavioral Health Express Clinic	1553 A Street, Unit APT 201, Anchorage, AK	US
S1-42405143	Mears, Rodriguez and Johnson	NY, Johnson City, 4 Sanford Street, Unit Apartment 3	US
S1-553676883	Cooper & Munsterman Starry Inc	1614 Marshall Hollow Drive, Nashville, TN	US
S1-31413455	Patriot Guild	3618 Charterhall Lane, Charlotte, NC	US
S1-467174839	B B Irvin Resources Inc	404 54th Street, Charleston, WV	US
S1-816789578	Jarlay Environmental of Rensselaer	751 Matheson Avenue, Rensselaer, IN	US
S1-974951549	Trust & Co	22, Nathalal Society, Stadium Road, Navrangpura, Ahmedabad, Gujarat	India
S1-63478102	Jain Pioneer Properties Pvt Ltd	No 177, 3Rd Floor, Atmosphere, 2Nd Crs, 1St Bl, Bangalore South, Bangalore, Karnataka	India
S1-968431579	Usha Brothers Limited	7 Gumti, Gomti Hajipur, Bidupur, Vaishali, Bihar	India
S1-732457262	Omshivam & Brothers Private Limited	Plot No. 88D, Ground Floor, Sector-16, Hsiidc, Bahadurgarh, Jhajjar, Haryana	India
S1-68405431	Lingraj Memorial Trust	Pune, Pune City, 109/15, Unnati Apartment, Uttam Thorat Colony Path, Maharashtra	India
S1-878311714	Viswa Stones Pvt Ltd	Flat No 722, Indraprakash, Building, 21 Bk Road, New Delhi, Central Delhi, Delhi	India
S1-746816585	Lea R. Brewer, Ph.D.	201 Sultan Street, Dover, TN	US
S1-320335975	Gabbie Hatchett Wireless LLC	4913 Waterline Street, Mccordsville, IN	US
S1-795535217	Nachiketa Finance Private Limited	111D Ashok Nagar Prayagraj Allahaabad, Allahaabad, Allahabad, Uttar Pradesh	India
S1-849033320	Lower Great Tsakos LLC	690 Ramsey Road, Lebanon, TN	US
S1-3059666	Latshaw All Park Inc.	773 Alder Drive, Lavon, TX	US
S1-434242540	Great Ministries	5648 Us Route 5, Weathersfield, VT	US
S1-970774118	Ginnie Nutting Direct Hamilton Partners	3011 Grove Terrace Drive, Kingwood, TX	US
S1-569081993	Hayes, Franky H., O.D.	2800 Tatnall Street, Wilmington, DE	US
S1-667897699	Ear Nose & Throat Health	2981 Meadow Ridge Court, Bowling Green, KY	US
S1-628452314	Zipfel, Kendig & Gray	1245 Memory Lane, Columbus, OH	US
S1-314149535	Schultz National Xcel	8303 Savannah Springs Ct, KY, Louisville	US
S1-305182367	Surbhi Education Company	North 24 Parganas, Rajarhat, Room No. 201, 2Nd Floor, Ps Aviator, Chinar Park, Biswa Bangla Sarani, Rajarhat, West Bengal	India
S1-40075475	Trusted Consumer Technologies LLC	5605 Carnegie Boulevard, Unit 275, Charlotte, NC	US
S1-402542998	EVN Gsr LLC	1103 Iron Horse, Leander, TX	US
S1-581290379	Piotrowski's Skin Care, LLC	632 Continental Drive, TX, Bridge City	US
S1-957423321	A T Staggs Products LP	106 Nenant Street, Fl 1, Bucoda, WA	US
S1-738783772	Inga Carmean Origin LLC	1449 31st Street, Port Townsend, WA	US
S1-343769960	Krishna Construction Associates	4Th Fl. Office-408 Cantila Business Center, Bhatar Road, Sy- 107/2/1 Tp-27, Surat City, Surat, Gujarat	India
S1-262043498	Grand Valley Aspen	1121 Craftsbury Road, Craftsbury, VT	US
S1-543120078	Eastern Platinum Therapy PLLC	216 7th Street, Washington, IN	US
S1-642225527	Secure Cslm Inc	Unit 24G, 1000 Mountain River Trails Road, Cle Elum, WA	US
S1-441159140	Ua Consultancy Pvt Ltd	Jalna, Shop No 11, Maharashtra, Ashti, 1St Flr, In Front Of Mahatma Jyotiba Phule Complex, Near Bus Stand	India
S1-281278815	Benson Allstate	735 Tenny Avenue, Kansas City, KS	US
S1-67302129	Ember Corp	1603 31st Drive, Yuma, AZ	US
S1-898882958	Infante and Montgomery LLC	13301 42nd Street, Tulsa, OK	US
S1-854872357	Harrison, Whelan & Kohler Retail LLC	22 Wells Avenue, Clarkstown, NY	US
S1-242690668	Innovative Intelligence Brands LLC	North Haven, 45 Bradley Street, CT	US
S1-731985849	Green Sierra LLC	3850 3500, West Haven, UT	US
S1-159740194	Primary Care Diamond Center Inc.	627 Plymouth Road, Carroll, MD	US
S1-466902229	Mannat Hotels	58, Flat No - 1101, South Close Nirvana South City Part - 2, Gurgaon, Haryana	India
S1-810102170	Agrawal Road	Nr Shyam Talkies, Ram, Mandir Rd, Yavatmal, Maharashtra	India
S1-83774781	Shakti Consultants Private Limited	2Nd Mile Sevoke Roadp O Dist-Darjeeling, Siliguri Pin, Darjeeling, West Bengal	India
S1-694055615	Best Enterprises Pvt Ltd	A-09 Baban Compound Ladi Wala Estate Sonawala Rd 2 Goregaon E Nr Good Earth, Mumbai, Mumbai City, Maharashtra	India
S1-313048001	Scholarship Society	9402 Black Powder Ct, Louisville, KY	US
S1-32625263	Future Foods LLP	678/A, Vill-Ashoknagar P.O : Ashoknagar, Ashoknagar, Parganas North, West Bengal	India
S1-833610071	Vensar Technologies Co	Flt No - 101, Dev-Vrat Chs Ltd., Ashok Nagar, Cross Road No.2, Kandivali (E), Mumbai, Mumbai City, Maharashtra	India
S1-390433212	Universal Consultancy Private Limited	3/902, Sea Woods Estate, N.R.I Complex Palm Beach, Nr Delhi Public Sch, Nerul, Thane, Maharashtra	India
S1-882470248	Carver, Norris and Landers LLC	9003 Whispering Pine Court, Manassas City, VA	US
S1-783227460	Orient & Brothers Private Limited	B-129, 2Nd Floor, Mount Kailash, New Delhi, South Delhi, Delhi	India
S1-291745851	Marion Midwest Special LLC	12727 Sandpebble Circle, Unit 19, Newport News City, VA	US
S1-174607733	Creative Software Private Limited	103, Celestine, Behind Maratha Mandir Bavdhan Khurd, Pune, Maharashtra	India
S1-361849388	Shiv It Private Limited	# 404, Prashanthi Ram Towers, Yousufguda Road Yellareddyguda, Hyderabad, Telangana	India
S1-697068615	Highland Apex Next LLC	1000 Spitzenburg Street, College Place, WA	US
S1-384361123	Enor	605 Baxter Avenue, Mountain Home, AR	US
S1-248939651	Aurea Group of Companies	C/O Gauri Shankar Sharma Koushalya Nagar, Jalesar Road, Firozabad, Uttar Pradesh	India
S1-901045951	Transport Laboratories Ltd	House No-14, Kamla Nehru, Colony, Near G.R.V.College, Manasa, Neemuch, Madhya Pradesh	India
S1-995115815	Real East Hospitality Private Limited	70, Vardhman Nagar-A, Heerapura, Ajmer Road, Jaipur, Rajasthan	India
S1-817724519	Raj International Private Limited	Plot In Kh No. 1056/2 G/F Village Kapashera, Delhi, South West Delhi, Delhi	India
S1-314517494	Dental Premier Care LLC	Durham, 2616 Fayetteville Street, NC	US
S1-30781698	Urgent Care Group PC	2437 Ravine Court, Village Of Hobart, WI	US
S1-540292638	Cure Grill	2895 Us Highway 90A, Shiner, TX	US
S1-837810106	BJ Aura	900 County Road 3365, Cookville, TX	US
S1-291602007	Nirmal Technologies Pvt Ltd	5-11-51/52/401 Priyadarshini Nagar Colony, Nirmal, Adilabad, Telangana	India
S1-32014481	Bright Deli Associates	Bronx, 885 138 Street, NY	US
S1-286036600	Sartaj Foods Private Limited	Income Tax Lane Prabhat Road, Pune, 9, Maharashtra, Sai Sadan, 43/4	India
S1-38014223	Satya Brothers Private Limited	5B, Vivekananda Nagar, Coimbatore South, Coimbatore, Tamil Nadu	India
S1-278072842	Platinum Trading Studios Co	5734 Fairway Avenue, Dallas, TX	US
S1-139840453	H/D Foods PC	IL, 1915 19th Street, Chicago	US
S1-199745925	Dinicola Holding Company	6704 Carat Court, City Of El Paso, TX	US
S1-485395444	Indo Marketing Private Limited	Plot No. 10 B, Gangasagar B Vaishali Nagar, Jaipur, Rajasthan	India
S1-577181573	Eye Horizon Medicine LLC	11499 Courthouse Boulevard, Inver Grove Heights, MN	US
S1-636345709	Apex Technical Laboratories LLC	414 Plymouth Road, Minnetonka, MN	US
S1-584702454	Hitech Energy Private Limited	Plot No. B-1/24, Phase-Iv, Aya Nagar, Delhi, South West Delhi, Delhi	India
S1-868848782	Vbs (india) (India) Private Limited	Armenian Centre, Old No.71, New No.94, Armenian Street, G, Unit No Ff-C, Eorge Town, Chennai, Tamil Nadu	India
S1-694321151	Premier Care Private Limited	H Ni 27 Mein Colony, Baba, Pratapgarh, Uttar Pradesh	India
S1-89188733	Guarino and Wade West Inc.	1609 Banff Court, Chesapeake City, VA	US
S1-576369592	Hinze Learning Center	1220 Grand Avenue, City Of Port Washington, WI	US
S1-234733374	Bangalore Cotton Pvt Ltd	Karnataka, No 615, 3Rd Floor, 14Th Cross J.P. Nagar, 1St Phase, Bangalore, Bangalore	India
S1-643356163	Caldent Iii	12813 Charles Farm Cir, Unit 301, Louisville, KY	US
S1-327775689	Powell Memorial Tri-State Foundation	9504 Rambling Creek Way, Powell, TN	US
S1-975803993	Highley Enterprises Inc	OH, 1161 Minnesota Avenue, Columbus	US
S1-17333869	Primary Care Associates of Boston	222 Northampton Street, Unit 1, Boston, MA	US
S1-411477862	Womens Health Physicians	906 Lincoln Street, MT, Bozeman	US
S1-755408771	Baba Guru Consultants Pvt Ltd	Gate No.272 Nr Toll Naka, Sahil Om Park Haveli Pune, Khed, Pune, Maharashtra	India
S1-516135455	Adams, Carrillo and Coffman Corporation	631 Fulton Court, Spring Hill, TN	US
S1-399800549	Nexan Market	3418 3630, Annville, KY	US
S1-603720759	FVU Agencies Limited	Delhi, East Delhi, S-665, Street No.-8 School Block, Shakarpur, Delhi, Delhi	India
S1-974123078	Gabrielle Hurst Builders Associates	327 4th Street, Fl 0, Haysville, KS	US
S1-35288693	Ryder's Consulting	2285 San Ignacio Road, Santa Rosa, NM	US
S1-684551655	Clark, Navarro and Choy Inc	97 1171, Luverne, AL	US
S1-579538045	Haley's Tax	34 St Marks Place, New York, NY	US
S1-733153268	Menchaca, Doody & Ramirez Nuveen	1030 Washington Avenue, Hempstead, NY	US
S1-966801323	Enterprises Sree Educational	459/5A Iii Floor Gali No1 Near Jain Co-Op Bank, Shalimar Park Sahadara Delhi, East Delhi, Delhi	India
S1-425630357	Arts Network LLC	812 Leroy Street, Union, NY	US
S1-401168533	Pearson & Spencer Pinnacle of Knoxville Inc	Unit 100, TN, 4623 Webb Lane, Knoxville	US
S1-876832286	Solutions Aham Products Private Limited	6 Sane Bldg 4Th Floor P Socop Akbarally Nana Bhai Lnae Fort, Mumbai, Maharashtra	India
S1-163558740	Padmakshi Law Chambers Partners	Etwah, Etawah, Bharthna Road, Etawah, Uttar Pradesh, Vasant Bihar Colony	India
S1-374257588	Infra Prime Technoengineers	Office No. A-225 &, A Wing Jai Ganesh Vision, Akurdi, Pune, Maharashtra	India
S1-986803343	Fazalpur India Ltd	B-27, Gali No-11 (Behind Mayur Public School) Mandawali, Fazalpur, Delhi	India
S1-575282737	Adriane Macias, L.C.S.W., P.C.	157 Maverick Street, Boston, MA	US
S1-471550235	Pinnacle Iii LLC	2511 Golden Boulevard, Billings, MT	US
S1-865099747	Begusarai Software Private Limited	C/O Alkhan Ranjan Singh, Vill-Ayodhya Teghra, Adharpur, Begusarai, Bihar	India
S1-400443543	B 8 Innovative Technologies Inc	WY, 1901 James, Natrona	US
S1-638448915	Certified Illumination L.L.C.	3276 Hartford Highway, Dothan, AL	US
S1-41928984	TY Heritage LP	16145 Cathy Ann Lane, City Of Brookfield, WI	US
S1-465060454	Big Investments Private Limited	Plot No.A-146, Surat, At Tantthaiya, Jolwa, Palsana, Gujarat, Surat	India
S1-528827404	Rosabella Newlin, D.D.S.	6151 Shadow Lane, Unit APT 216, Citrus Heights, CA	US
S1-720635772	Figueroa & Ward Materials, Inc	317 Salinas Alley, Rock Hill, SC	US
S1-673317843	Vision Care Associates Partners	1308 Theodore Street, City Of Appleton, WI	US
S1-296847654	TM Spade	OH, Salem, 2941 New Garden Road	US
S1-615691550	Doshi Fashions	70, Nalini Seth Road 1St Floor, Kolkata, Howrah, West Bengal	India
S1-99122331	Foot & Ankle Care LLC	26436 White Pine Drive, Hempstead, TX	US
S1-730711720	Bharat Consultancy Private Limited	Saraswati Nagar University Area, Madhya Pradesh, Gwalior, 158	India
S1-735030217	Jay Energy Private Limited	44A Vivekananda Rd, Kolkata, Calcutta, West Bengal	India
S1-370270883	Opus Solutions Private Limited	A-001, Leela Parks Chs Ltd, Off Mg Road, Near Dhanuka, Kandivlai West, Mumbai, Maharashtra	India
S1-390459373	Dynamic Dynamic Center	4821 Grand Avenue, Chicago, IL	US
S1-982100586	Diamond Design Consultants Inc.	13270 Chappel Wood Lane, Conroe, TX	US
S1-810393726	Oncology Express Care Associates of Bath County	9954 Jackson River Turnpike, Bath County, VA	US
S1-877271257	Bhakti (India) Granites Pvt Ltd	H-49 South Extn. Part-1, Part-Ii, N Delhi, Delhi	India
S1-850508369	Diksha Trust	No.13/1 2Nd Floor, Railway Colony First Street, Nelson Manickam Road, Aminjikarai, Chennai, Kanyakumari, Tamil Nadu	India
S1-155944741	Easy (india) Private Limited	Delhi, A-186 4Th/F Plot No 186 Chander Vihar Mandawali Fazalpur, East Delhi, Newdelhi	India
S1-291264983	Universal Media Works LLC	Portland, OR, 4719 Patton Road	US
S1-362542837	Anastasie's Great Home Care	7824 Split Rail Court, Mason, OH	US
S1-65994586	Delta Program	4350 Mahoney Drive, Peru, IL	US
S1-412152782	Lands Metal Limited	H. No. 2/321, Vishal Khand, Gomti Nagar, Lucknow, Uttar Pradesh	India
S1-601305122	Sweet Deli	347 60, Grantsville, UT	US
S1-578523205	RHM Jointings Private Limited	No.12, 24Th Main, Jp Nagar 2Nd Phase, Bangalore, Bangalore Rural, Karnataka	India
S1-549099651	Ava Henry Keen PC	4360 Stones Chapel Road, Grayson County, VA	US
S1-857210288	Longoria Seas, LLC	Sherman, TX, 3906 Selawik Street	US
S1-438278680	Sree One Industries Pvt Ltd	46 Mahalaxmi Estatebombay Conductor Road Nr G I D C Vatva, Ahmedabad, Gujarat	India
S1-183074647	Titech Holdings	211 Nixon Road, Unit A, Knoxville, TN	US
S1-114372095	Keriann Banuelos Liberty Blue LLC	975 70, Weiser, ID	US
S1-318789296	Jarlelle Holding LLC	121 Country Lane, Mocksville, NC	US
S1-15694539	Internal Medicine Specialists Inc.	258 Belle Chase Drive, NC, Raeford	US
S1-493706496	Internal Medicine Rapid Partners, Inc	144 Circlecrest Drive, Hillview, KY	US
S1-942690773	Raines Smart Daedalus LLC	108 Lower Rockhouse Road, Pioneer, TN	US
S1-29201017	National American Lake Worcester Inc	116 Harrison Street, Unit 1, Worcester, MA	US
S1-205195085	Hardy and Maceda Inc	21700 Sr 339, Beverly, OH	US
S1-750149363	Stagner Clearthink Inc	10950 Union Hills Drive, Unit 2237, Peoria, AZ	US
S1-810420756	Mansfield Grand Therapeutics LLC	6358 Defiance Avenue, Portage, IN	US
S1-189660720	Oliver Real LLC	1030 Old Knoxville Highway, Sevierville, TN	US
S1-461923445	Satadal Farmer (India)	21/2C, Harish Mukherjee Road, Bhawanipore, Kolkata, Kolkata, Howrah, West Bengal	India
S1-116464882	Jackson Cascade Dominion P.C.	3250 Commonwealth Avenue, Duluth, MN	US
S1-841784569	Unilife India	No: 4/31-A1, Main Road Chenbaga Nagar, Chenbagaramanputhoor, Kanniyakumari District, Kanyakumari, Tamil Nadu	India
S1-908828337	TTO Piedmont Bancshares Inc	10 Everit Place, Smithtown, NY	US
S1-287899069	Robles Royal of Seattle Inc	10234 Fischer Place, Seattle, WA	US
S1-64577567	Harrell Express Regions Inc	671 Blossom Road, San Tan Valley, AZ	US
S1-872488123	Jo Hess Grupo LLC	233 Wisconsin Avenue, Unit Apartment 205, City Of Oconomowoc, WI	US
S1-764655330	Steffi Wang Made LLC	192 Perry Avenue, Norwalk, CT	US
S1-901446114	Golden Green Perfect	KS, 1779 Tara Falls Court, Fl 0, Wichita	US
S1-831756958	Global Infotech Private Limited	C/O Raj Kumar Sharma, 11, Maharaj Ganjh, Gulzarbagh, Patna City, Patna, Bihar	India
S1-707814433	Shiva Global Limited	Door No. Ix/97/Q- Kavalloor Arcade P O Nellayi, Thrissur, Kerala	India
S1-126377163	Ballabgarh Com	Faridabad, Ballabgarh, Flat No. B1405, Haryana, Terra Lavinium, Sector 75	India
S1-73809397	Pioneer Infotech Private Limited	304, Fancy Apptt. Vasundhara Enclave, New Delhi, Delhi	India
S1-463732355	Phillida Lanuza Asa	215 J Whitted Bond Avenue, Windsor, NC	US
S1-372786375	Arco Classified Ltd	8/352, Vasant Patil Building, 1St Floor, Opp. Bhatia Classes, S.V. Road, Andheri, (West), Mumbai, Maharashtra	India
S1-370054643	Anchor Software Industries	1085 Walden Avenue, Unit Apartment 2, Cheektowaga, NY	US
S1-692110255	Unified Packaging Enterprises	Wilmington, 8230 River Road, NC	US
S1-958945174	Rohtak West Ltd	Rohtak, Plot No. 24, Rohtak, Haryana, Sector 31-B Phase I, Imt Rohtak	India
S1-574824462	Lofloex Corp	Rainsville, AL, 1345 Marshall Road	US
S1-413045030	Udupi Complex Private Limited	12-144C, Sagar, Pithrody Post Near Govt High School, Udyavara, Udupi, Karnataka	India
S1-154086112	Capital Global Agricultural	2910 Kingbird Drive, Eagle Mountain, UT	US
S1-803413764	Yeses Lands Private Limited	B-12 Third Floor, Backside, Jogabai Extn Jamia Nagar, Okhla, New Delhi, South Delhi, Delhi	India
S1-251712851	Corner Pizza! PLLC	4126 Gramercy Street, TX, Houston	US
S1-177596409	Dunbar Select Paloma LP	5643 Prescot Court, Capitol Heights, MD	US
S1-788727582	Rhino Creative Private Limited	6-G, Kitchlu Nagar, Ludhiana, Punjab	India
S1-299620195	Vanaque Co	403 Mesquite Road, Ontario, OR	US
S1-431779408	Deedee Hereford Beijing	2422 Mason Mill Place, Charlotte, NC	US
S1-395008402	Swastik Ventures Private Limited	16 Sainik Farm, Khanpur Road, New Delhi, Delhi	India
S1-672009288	3141 Madison Street Partners Center	17820 Pine Avenue, Fontana, CA	US
S1-27033122	All Investments Private Limited	House No-5/898, Vikas Nagar, Lucknow, Uttar Pradesh	India
S1-985240379	Ardyth G. Parra, CPA	124 Winters Lane, Alburgh, VT	US
S1-996184721	Synix Inc	235 Oralabor Road, Ankeny, IA	US
S1-898592123	Houser Complete Holdings-Oakham	881 South Road, Oakham, MA	US
S1-844500800	Big 32 Hair Studio	1130 66, Marengo, IN	US
S1-448463189	Indo Constructions Private Limited	2-10-1180, First Floorjagityal Road Karimnagar., Andhra Pradesh, Telangana	India
S1-307565971	Roseanna Johnson Mckinley	1462 Anderson Road, Dobson, NC	US
S1-420919123	The Dent Barbershop LLC	118 Pond Street, Unit 1, Natick, MA	US
S1-417196626	Wilson and Hernandez Ready, LLC	216 Valerie Court, Taylorsville, KY	US
S1-956501605	Singhania (India) Hospitality Pvt. Ltd.	Bangalore North, 16, Karnataka, 6Th Main Road, 1St Block, Bangalore	India
S1-701603748	Mumbai Industries Private Limited	Brick Bunderhay Bunder Road, Mumbai, Maharashtra	India
S1-190210050	Ear Nose & Throat Blue Care Associates LLC	847 Barley Loop, Jonesborough, TN	US
S1-565808327	Integrated Chemical Alliance	338 Kindig Road, Augusta County, VA	US
S1-536342253	Integrated Continental Safe PLLC	70 Queen Anne Drive, Unit 28, Weymouth, MA	US
S1-118352859	Macwin Path Private Limited	C-115, First Floor, Sahni Tower Sector-5, Rajender Nagar, Sahibabad, Ghaziabad, Uttar Pradesh	India
S1-906184840	Surya Industries Private Limited	Shop No S.F -04, Rise Shoplex, Dadri, Gautam Buddha Nagar, Uttar Pradesh	India
S1-92857142	Ramos, Kim & Frazee Hospitality Co	1206 8th Avenue, Unit APT 1039, Anchorage, AK	US
S1-731021829	Shoora Solutions LLP	15, Rajaswagram, Chhatribaug, Indore, Madhya Pradesh	India
S1-263891575	Smith Coalition LLC	8076 Woodholme Circle, Fl 0, Pasadena, MD	US
S1-114750359	New Solutions Private Limited	Belgaum, Karnataka, C/O Kamble Rekha Ananda H.No 511 Dabbade Galli At Po Hunnargi Nipani Tq Chikodi, Belgaum	India
S1-580002369	DBE Lifecare Pvt Ltd	C3-902 Shree Vardhman, Gardenia Sector 10, Sonipat, Haryana	India
S1-548587095	Route 6 Hair Studio	128 Monterey Avenue, Pelham, NY	US
S1-211820570	Kenmore Cardiology Mountain Associates	19842 83rd Place, Kenmore, WA	US
S1-222632431	Ronni Ellis Muniholdings LLC	314 State Street, Fl Floor 1, Albany, NY	US
S1-207758231	Vasu & Sons Pvt Ltd	E-59 Gamma -1, Greater Noida., Greater Noida, Uttar Pradesh	India
S1-602638243	Regional Medical Industries	1199 Tiprell Road, Cumberland Gap, TN	US
S1-776321235	United (India) Consulting	21Km Milestone Amravati Highway Road, Nagpur, Maharashtra	India
S1-553627105	Cure Massage	2655 Atwater Boulevard, Atwater, CA	US
S1-961804934	Fresh Deli! Inc	245 Cherry Avenue, Unit Unit L11, Watertown, CT	US
S1-767458009	Abhirup Traders Private Limited	C/O Smt Bimla Maskara, Govind Kunj Apartment, Road No. 9, Rajendra Nagar, Sampatchak, Patna, Bihar	India
S1-606025319	Lajoie Morgan, LLC	4502 25th Street, ND, Fargo	US
S1-560601678	Shiv Properties Private Limited	7 Ama House, 2Nd Floor Near Strand Cinema Colaba, Mumbai, Maharashtra	India
S1-298824105	Legacy Ace Airport LLC	25853 Cottonwood Rd, Council Bluffs, IA	US
S1-774174831	Arnold Boston	5529 Cedonia Avenue, Baltimore, MD	US
S1-415967130	Super Properties Private Limited	Plot No 9, Khno 640/151/2/3/9 F/F, Delhi, North Delhi, Delhi	India
S1-923459637	Great Charities	12810 80th Avenue Court, Puyallup, WA	US
S1-500649497	Logix Ingenious Private Limited	New No. 55 Sadullla Street T. Nagar, Chennai, Tamil Nadu	India
S1-63993567	Metro Columbia Associates	21 Fawn Brook Court, Ofallon, MO	US
S1-219247185	Grand Engineering Ventures Lily Inc	KY, Lily, 29 Lily School Road	US
S1-599811277	Swastik Clinic	Punjab, Mullanpur Roadvpo Hambran Distt Ludhiana, Punjab	India
S1-130676605	Williams and Lopez Hotel, LLC	Colora, 2250 Liberty Grove Road, MD	US
S1-373032241	Pediatric Dentistry Colonial Associates	208 Ridgeway Avenue, Azle, TX	US
S1-95795004	JE Opportunity	2630 352, Dublin, TX	US
S1-487149565	U Z & O Franklin	52 Brooklyn Avenue, Oyster Bay, NY	US
S1-214590648	3657 Madison Blvd Realty Inc	1437 Alisa Corte, Rio Rico, AZ	US
S1-92902401	HM Municipals, LLC	119 Trestle Road, Campbell County, VA	US
S1-216463240	Wildlife Coalition LP	7609 Crestview Drive, James City County, VA	US
S1-281869005	Shiv Agro Private Limited	Commune House, 15, Local Sholpping Center Panchsheel Park, New Delhi, Delhi	India
S1-290699688	Best Infra Private Limited	C/O Virendra Singh, Shahjhanpur, Alwar, Alwar, Rajasthan	India
S1-511125597	Cara Cleaning Service Inc	5365 Bivens Road, Marion Station, MD	US
S1-493955580	Golden Sales Private Limited	West Bengal, 9/12 Block A Floor Mercantile Building Lal Bazar, Kolkata, Calcutta	India
S1-548797766	Oncology Heritage Clinic	5901 Aztec Avenue, Unit UNIT 26, Twentynine Palms, CA	US
S1-218521884	Ziraora Hospital Private Limited	H No 1218, Sector-31, Gurugram, Urban Estate, Gurgaon, Haryana	India
S1-11047376	W E Lheureux Boa P.C.	136 John Deakins Road, Jonesborough, TN	US
S1-869432099	Hari Finance Pvt Ltd	C/O Lifeline Polyclinic, Flat No 03 Chandan Apart., Palghar, Thane, Maharashtra	India
S1-421584794	Nguyen Ventures LLC	MA, Unit 6, 73 Robbins Street, Waltham	US
S1-356191700	Cancer Network	2700 Fry Boulevard, Unit A10, Sierra Vista, AZ	US
S1-955821343	Lyreus Planet LLC	24412 Sandy Point Drive, Town Of Norway, WI	US
S1-741734353	Shaughnessy Seas LLC	1333 W Virginia Avenue, Dunbar, WV	US
S1-476858623	Jungle Minerals Private Limited	C/O Rakesh Goswami, Hotel Giri Palace Infront Of Mpeb Office, Jhansi Road, Tikamgarh, Madhya Pradesh	India
S1-654010259	Ratan Tools Private Limited	Fa 45, Shivaji Enclave Rajouri Garden, Delhi, West Delhi, Delhi	India
S1-91496105	Cannata & Greene Meridian P.C.	Atlanta, GA, 1827 Honeysuckle Lane, Unit 121	US
S1-417707405	One Logistics Limited	Plot No. 65, New Delhi, Delhi, Basement, Shivaji Enclave	India
S1-229764696	Cinder	4114 Baystone Court, Rowlett, TX	US
S1-694782984	Marta Burnett, Esq., PC	734 Sulleys Circle, Mesa, AZ	US
S1-878169739	KT Heritage Pet Care	167 Landing Lane, Pearland, TX	US
S1-128449783	Frank K. Hill, DDS	W4740 Tree Road, Neillsville, WI	US
S1-72179518	Super Engineering Private Limited	A905 Gundecha Symphony Veera Desai Road Andheri West, Mumbai, Mumbai City, Maharashtra	India
S1-995423250	Mountain Worldwide LLC	1005 Whispering Winds Place, City Of Onalaska, WI	US
S1-725868315	Gujarat Healthcare	F/F Plot No 181, Kh No-19/21, Dharampura 1St Kakrola Road, Najafgarh, South West Delhi, Delhi	India
S1-976297591	Lower Interstate Alibaba LP	9125 Dupont Way, Sacramento, CA	US
S1-637423038	Vrindavan Global Private Limited	19, Akroor Post Prem Nagar, Vrindavan, Mathura, Uttar Pradesh	India
S1-438656476	Family Physicians Co	Baytown, 3110 Oakwood Street, TX	US
S1-978637281	Golden Energy	Sf-1, Satyam Complex, Daskroi, Ahmedabad, Gujarat	India
S1-821673144	Trusted Interstate Archimedes	8005 Greenslope Drive, Austin, TX	US
S1-283390604	Paige's Appliance LLC	3 Rodney Terrace, Northborough, MA	US
S1-756051872	Piedmont Xflh LP	4212 Otter Park Court, Riverton, UT	US
S1-74765860	Apex Consulting LLP	C/O Kailash Sheshrao Jat, Rajur, Bhusawal, Bodwad, Bodwad, Jalgaon, Maharashtra	India
S1-400261656	Qutubullapur Foundation Pvt Ltd	Risinia Skyon, Flat 805, Block-D, Praneeth Antila Road, Bachupally, Hyderabad, Qutubullapur, K.V.Rangareddy, Telangana	India
S1-582024366	Pediatric Clinic of Nantucket	58 Miacomet Avenue, Nantucket, MA	US
S1-913773690	Park City (summit Co) Orthopedic Physicians	2470 Deer Valley Drive, Unit 22, Park City (summit Co), UT	US
S1-258287082	Lepage Allied Social	40-08 98 Street, Corona, NY	US
S1-883452687	Atlantic Institute	701 5th Street, Noble, OK	US
S1-986074065	Mangalshiv Finance Private Limited	Survey No. 344P1 & 344P2 Village: Rangpar, Morbi, Rajkot, Gujarat	India
S1-690049126	Heller Seas P.C.	13005 Trumbull Road, Avondale, AZ	US
S1-969953671	Star Agro Private Limited	2-B.D.Estate, Timarpur, New Delhi, Delhi	India
S1-780599509	Jai Infotech Pvt Ltd	Nano Homes Flat No G 104 Sr No 208 Plot No 256 Ravet Dehuroad, Pune, Maharashtra	India
S1-313913838	Same Technocrats Private Limited	Plot-2463, C/O-Nilen Barman, S/O-Nilkanta Barman, Shimulguri, Ghoksadanga, Koch Bihar, Coochbehar, West Bengal	India
S1-991734253	Mount Airy Scholarship Institute LLC	4609 Highboro Court, Mount Airy, MD	US
S1-772020622	Ziravi Solutions Care	C-401, Lions Cghs, Plot No 36E, Sector 56, Gurgaon, Haryana	India
S1-288538559	Gamez Prairie Lithium Tucson Inc	7300 Artesiano Road, Tucson, AZ	US
S1-302768168	Family Church	14779 Wonderland Boulevard, Redding, CA	US
S1-494471528	Straight Edge Barbershop	10848 54th Lane, Phoenix, AZ	US
S1-936386919	JLV Mercantile Limited	Flat No.28 Meena Apptt 78 Ip Extn, Patparganj, East Delhi, Delhi	India
S1-746257810	Perret Integrated LLC	526 Crownpointe Circle, Vacaville, CA	US
S1-105690509	Bangalore (india)	No 501/1, 505/2 7, Kalkere Village, Bangalore, Karnataka	India
S1-491679323	Synflonet Group Clinic	5860 Monroe Avenue, Sykesville, MD	US
S1-909032362	Physical Therapy Signature Medicine Inc	206 Elm Street, Unit 3, Brockton, MA	US
S1-907046367	Internet Founder (India) Pvt Ltd	Post Office Road Haiser Bazar, Sant Kabir Nagar, Uttar Pradesh	India
S1-51132642	Sula Cook Clean Mexico Group	MO, Florissant, 1690 Florissant Park Drive	US
S1-522270203	Kelly Managers	6909 Pine Rock Drive, Cottonwood Heights, UT	US
S1-407717673	Engapuzha In Private Limited	Engapuzha, Kerala, Kozhikode, 18/552 Puthuppadi P O	India
S1-470131065	Laxmi Consultants Private Limited	2 Ravi Prakash 1265A V Nagvekar Marg Prabhadevi, Mumabi, Mumbai, Maharashtra	India
S1-91171253	Sangeeta Foundation (India) Private Limited	Plot No-C2, Parshwanath, Industrial Estate, Kalol, Gandhi Nagar, Gujarat	India
S1-480546921	Ss Classic Business Private Limited	139-C, Belagola Industrialarea, Metagalli Mysore, Mysore, Karnataka	India
S1-984253306	Optimal Apex Made Inc	7 Old Lexington Road, Lincoln, MA	US
S1-991420608	Shivam Shiva Construction Private Limited	Brahamania Para St 2, Hira Panna Ni Ander, Rajkot, Gujarat	India
S1-792625076	United Constructions Limited	E - 100/4, Ground Floor, Pul Prahlad Pur, New Delhi, Delhi	India
S1-334531381	Reynolds, Eagles and Riddle Inc	1753 Commerce Court, White Bear Lake, MN	US
S1-440635831	#4 Americas Inc	2630 Cleveland Blvd, Louisville, KY	US
S1-309727939	Prairie Star Software LLC	6370 Fairweather Drive, Unit COND 26, Anchorage, AK	US
S1-123243414	Dental Specialists Inc	44 Yale Street, Portland, ME	US
S1-590643380	Saroj Farmer Private Limited	1874 6Th Cross 20Th Main Sarakki J P Nagar 2Nd Phase, Bangalore, Karnataka	India
S1-604794944	Hotel Foundation Private Limited	D-313, Jal Vayu Tower, Sector-56, Gurgaon, Haryana	India
S1-433216112	Titagarh Ventures Private Limited	C/O Imatiyazahamad Mulla, M 106, Masur, Karad, Satara, Maharashtra	India
S1-13186883	Reeva Garcia, O.D., PC	8455 23rd Avenue, Unit 224, Phoenix, AZ	US
S1-829576953	Preferred Chemical Technologies Inc	OK, Stillwater, 202 Windsor Drive	US
S1-711964730	Perfect Exports Private Limited	A-533, Khasra No-1125, Chaman Vihar, Ghaziabad, Uttar Pradesh	India
S1-615447066	Bradley and Coker LLC	605 Faye Avenue, Lake City, AR	US
S1-229635574	Herta Cole Capital Chemical	187 Clay Point Road, Colchester, VT	US
S1-258891544	Mahala Jones Metropolitan Residential	25 Homestead Road, New Hartford, NY	US
S1-346184762	CS Enterprises Company	Shop No. 68 Amba Market, Ambala City, Ambala, Haryana	India
S1-266084296	International Infra Private Limited	Shop No. 12, 13, 14, 21 Iscon Pride, Opposite Reliance Petrol Pump, Highway Road, Disa, Banaskantha, Gujarat	India
S1-911427642	Anand Properties Private Limited	No.2A/2, Mullaivasal, Dnagar, Tiruverumbur Taluk, Trichy, Tiruchirappalli, Tamil Nadu	India
S1-168673728	Vang Cleaning Service LLC	118 Live Oak Street, Crosby, TX	US
S1-844990425	Mumbai Trust	Mumbai City, Saraswat Colony, Sitaladevi Temple Road Mahim, Mumbai, Maharashtra, H-16	India
S1-262757354	Great Hospitality Private Limited	A - 7/2, Tapoban Abasan Housing Co - Op 54 - Feet Ro. Durgapur, Durgapur, Bardhaman, West Bengal	India
S1-135693525	Good Systems Private Limited	Tamil Nadu, Krishnagiri, 4/3, Thasarapally Village, Bagalur Hosur Taluk, Bagalur, Hosur, Dharmapuri	India
S1-325708316	Womens Health Medicine of Raleigh	715 Grove Avenue, Unit B, Raleigh, NC	US
S1-766425659	Bier Ventures	206 Hillingdale Drive, Washington, NC	US
S1-254397640	Harter and Jennings Pony LLC	120 Alyssa Circle, Schuyler, NY	US
S1-245996797	One Infotech	Sai Pratham, No.48, Banjara Orchards Kanakagiri Kalkere, Near Om Shakthi Temp, Le, Bangalore, Karnataka	India
S1-523182155	Bappa Group	No.14/2, Ground Floor, 40Th Cross 8Th Main, 5Th Block, Jayanagar, Bangalore, Karnataka	India
S1-74460436	Dickerson Dental Associates	934 61st Street, Unit APARTMENT  8B, Tulsa, OK	US
S1-366408257	Vaughn and Delgado Precision	25620 52nd Street, Town Of Brighton, WI	US
S1-550531373	Corine Griggs Prairie Aspac	10200 Cr 941B, Alvin, TX	US
S1-945528288	Vistar India Private Limited	Shaikpet, Hyderabad, 1-98-9-12/A/1, Telangana, Flat No205, Jubilee Cyber Grand	India
S1-125559359	Mahila Rewards Public Limited	F-137 Iind Floor, Main Market, Rajouri Garden, New Delhi, Delhi	India
S1-591725221	India Lakhan Renewables Private Limited	Flat No 208, Vanshree Apt B Build Sno1/2A/1 Nda Road Bavdhan, Pune, Maharashtra	India
S1-426008074	East Producer Private Limited	501, Bhubaneswar, The Landmark, Ph-I, Kantilo Mouza Sundarpada, Opp. Banaduraga Temple, Orissa, Khordha	India
S1-940489457	Garcia, Qin and Penagos Tinto LLC	20 Drawbridge Court, Catonsville, MD	US
S1-811104302	Future Products Private Limited	57A/1 First Middle Street Bryant Nagar, Tuticorin, Thoothukudi, Tamil Nadu	India
S1-311179038	Main Street Ice Cream	3132 16th Street, Unit 608, Washington, DC	US
S1-142217706	Legacy Edison Inc	808 Peregrine Drive, Norman, OK	US
S1-260794224	Baba Lotus Properties Limited	A.B. Road, Manglia, Indore, Madhya Pradesh	India
S1-870126427	Zephio Asset LLC	Yonkers, Unit Apartment B58, NY, 786 Bronx River Road	US
S1-344502610	Maid Seafood!	7 Point Place, Mount Pleasant, NY	US
S1-166993995	Good Par Private Limited	Flat No 803, Sangeeta Enclave S P Nagar, Nahur Road, Mulund West, Mumbai, Mumbai City, Maharashtra	India
S1-799092037	Jayram Seva Samiti	Door No.68/1599 A-2, Nedumpilly Apartmen Kalathil Lane, St. Benedict'S Road, Ernakulam, Kerala	India
S1-230661686	Mccullough, Mcglothin and Friedline Fisheries LLC	OH, 520 Oxford Street, Napoleon	US
S1-486673807	Ace Wellness Enterprises	1027 Mcpherson Street, Elkhart, IN	US
S1-922815126	Janaye Stacy Mfa LLC	31168 Mindy Road, Girard, IL	US
S1-952910351	Nike Corona Iron Inc	2745 Walnut Hill Lane, Unit 188, Irving, TX	US
S1-435442868	Bharat Systems Private Limited	127 Agarwal Building, Above Icici Bank Branch, Telco Road, Mohan Nagar, Chinchwad, Pune, Maharashtra	India
S1-381391943	Luna and Martinez Maritime LLC	206 Allen, Louisburg, NC	US
S1-837477811	Allahabad Heaven Private Limited	Allahabad, Vill. & Post. Puramufti Behind Puramufti Police Station, Uttar Pradesh, Allahabad	India
S1-92818269	Subhrashi Educational Pvt Ltd	I Floor, Shiv Mohan Market, Church Road, Alwar, Rajasthan	India
S1-666080051	Rajvansh Industries Group Private Limited	1005 B, Prestige St.John'S Wood, St.John'S Wood Road Near Tavarekere Road, Koramangala, Bangalore, Karnataka	India
S1-24314010	Solutions Rrc Infotech Limited	Bunglow No.17, Pune, Vrundavan Society Sahakarnagar No.2, Maharashtra	India
S1-731187970	Snyder Regional Hartford LLC	MA, 452 Falley Drive, Westfield	US
S1-625308728	Stevens Marine	243 Peace Lily Way, Tolar, TX	US
S1-345284199	Zium Direct Ishares	616 Hollow Wood Trail, Mt. Juliet, TN	US
S1-641229083	Dream Jai Infotech Limited	Khasra No. 698, Opposite Ganesh Vihar, Taskola Road, Panditpura, Paota, Kotputli Behror, Jaipur, Rajasthan	India
S1-389818777	Swastik Investments Limited	Kerala, 560A/1St Floor Koippurathu Building Prayikkara Mavelikara Kerala, Alappuzha, Mavelikara	India
S1-172837779	Bnr & Sons Ltd	G No 539 At Post Jalgaon, Malegaon, Nashik, Maharashtra	India
S1-959170896	Apn & Co	No.4/461, 2Nd Floor, Suite No.1597, Valamkottil Towers, Judgemukku, Ernakulam, Kerala	India
S1-386250886	Red Krishna Hospitality Limited	4A, Ekdalia Place, Flat No- 12, 4Th Floor, Kolkata, Kolkata, Howrah, West Bengal	India
S1-753774125	Faridabad Irrigation	103, Mokdong, Mokdong Tower Omaxe Heights, Sector-86, Faridabad, Haryana	India
S1-124451027	Young International-Frye Island	Frye Island, ME, 7 Highland Circle	US
S1-898219070	Sd Exporters (India) Private Limited	House No.10 Sandesh Vihar Pitampura Landmark Near M M Public School, Delhi, North Delhi, Delhi	India
S1-95723341	I+ Era Care	701 Frontera Road, City Of El Paso, TX	US
S1-315899715	Pacific Wholesale Labs LLC	1 Westin Drive, Conway, AR	US
S1-802794487	Thane (W) Sendriya Private Limited	Dsouza House, Lokmanya Nagar, Pada No.3, Thane (W), Mumbai City, Maharashtra	India
S1-588790477	Shyam Impex Private Limited	89 Bhulabhai Desai Road, Akash Ganga, 7Th Floor, Mumbai, Maharashtra	India
S1-876380435	KV Aerospace	Herington, 811 C Street, KS	US
S1-329911013	Calley Brittain Diversified LLC	9 Woods Brooke Lane, Unit Apartment 2, Yorktown, NY	US
S1-514872520	Steelworkers Union Local No 181	654 Lisa Avenue, KY, Lebanon	US
S1-123717587	Engineering	2227 Pointe Meadow Loop, Lehi, UT	US
S1-97304070	One Food Private Limited	Flat No 001 Plot D117 Sector 20 Ges, Nerul, Thane, Maharashtra	India
S1-602193603	BN Biosciences Pvt Ltd	Ward No. 10 At Jamui, Po Jamui Ps Dulhin Bazar, Patna, Bihar	India
S1-271562954	Sudesh Studio Private Limited	Flat No.A 101, 43 Privet Drive, Balewadi, Near Bank Of India, Haveli, Pune, Maharashtra	India
S1-441329473	Rios Veterinary Clinic	27 Hess Street, Dayton, OH	US
S1-833794127	Youth Ministries III	1659 Meade Village Circle, Unit 359, Severn, MD	US
S1-823575402	West Trading Inc	4065 Helena Road, Helena, AL	US
S1-883690548	Sauer Cdt PLLC	721 Nashville Street, Russellville, KY	US
S1-751355591	Gondwana Tradlink Private Limited	Coimbatore, No.4/213/4, Tamil Nadu, Udumalaipettai, Dhali Main Road	India
S1-23156749	Bakker Metropolitan Australia LLC	195 Joyce Avenue, Rialto, CA	US
S1-203898702	Innovative Engineering Private Limited	Agarwal Complex, Opp. Kabli Godown, Baker Ali Lane Asansol, Dist - Burdwan, Burdwan, Bardhaman, West Bengal	India
S1-263995244	Cosmos Solutions	Flat No. - 201 (2Nd Floor), Vastu Vihar, Mouza - Naharpura, P.S.- Janipur, Patna, Patna, Nano Block -10, Bihar, Patna Sadar	India
S1-437964290	Secure Creative Laboratories LLC	1846 600, Salt Lake City, UT	US
S1-618597800	Integrated Safe Blackstone LLC	8550 53, Naples, NY	US
S1-956308888	UMX Innovations Private Limited	L-3/116, Acharya Vihar, Bhubaneswar, Khordha, Orissa	India
S1-475280134	Sukriti Traders Private Limited	97/1, L K A Jeyaram Nagar Ambathurai, Ambathurai, Dindigul, Tamil Nadu	India
S1-640755794	YD Ramaco LLP	2155 1977, Martindale, TX	US
S1-641879601	New Life Zion LP	100 Reiffs Mill Road, Unit Unit C14, Ambler Borough, PA	US
S1-262784900	OA Liberty Tidewater	21170 Sanfilippo Road, Bridgeville, DE	US
S1-165377342	Pks Dal Ltd	39/40, Vishvesvaria Nagar, Near Gopalpura Flyover Jaipur, Jaipur, Rajasthan	India
S1-339378610	Economic Development Center	105 Chestnut Street, Jefferson, IA	US
S1-449240954	Dharmapuri Consulting Private Limited	No.1 Mariyamman Koil St, Adilam A. Sappanipatti Po, Dharmapuri, Tamil Nadu	India
S1-455360342	First & Sons Private Limited	Block No.60, Omex City, Jaipur, Plot No.1434, Rajasthan, Sanganer	India
S1-95062834	Desire Academy Mumbai	30, Floor-Grd, Plot-424 B, National Storage, Senapati Bapat Marg, Famous Cine Bldg, Mahim, Mumbai, Maharashtra	India
S1-270369752	India Mikado Solutions Private Limited	963/15 Cresent Court, 3Rd Floor Poonamallee High Road, Chennai, Tamil Nadu	India
S1-828293885	Tolbert Polestar Inc.	1708 Main Street, City Of Marinette, WI	US
S1-279000852	East Software Pvt Ltd	402, 4Th Floor, 79 Mb House, Janmabhoomi Marg, Hutatma Chowk, Fort, Mumbai, Mumbai City, Maharashtra	India
S1-154668315	Loredo Latin, Inc	8216 Boggs Creek Drive, Unit APT G, IN, Indianapolis	US
S1-447761148	Fresh Supply Holdings	4218 Whipple Street, Chicago, IL	US
S1-770854898	Tran Atlantic Oil	VA, 16971 Point Pleasant Lane, Prince William County	US
S1-138393234	Synor Equity Partners LLC	24563 Scenic Valley Drive, Cassville, MO	US
S1-673568715	Gonzales Diamond Rain Inc	16521 153rd Avenue, Fl 1, Yelm, WA	US
S1-19099893	Ganganth Farms Limited	Gat No 205, Kasurdi Kheba, Kasurdi Saswad Link Road, Bhor, Pune, Maharashtra	India
S1-461842498	Elling, Wenner & Odonnell Company	7626 College Avenue, Kansas City, MO	US
S1-667650975	Life Technologies Private Limited	2-28/3, Naren Garden Kasthurinaickenpalayam, Vadavalli, Coimbatore, Tamil Nadu	India
S1-364617719	Anvi & Brothers Pvt Ltd	A-141 Ashok Vihar, Phase - 1, New Delhi, Delhi	India
S1-807391008	Frontier Hawk LLC	611 York Lane, VA, Leesburg Town	US
S1-976787203	Silver Twin LLC	AL, 831 Dallas Street, Prichard	US
S1-164752426	Zenith & Co Pvt Ltd	S.No 88/7B, Ekta Colony, Kothrud, Pune, Maharashtra	India
S1-938056879	Venus Electricals (India) Ltd	38 39/26/3 Jaya Bibi Road, Howrah, West Bengal	India
S1-9104686	Precision Insurance Innovations Center	5131 Grave Run Road, Manchester, MD	US
S1-393246936	Pebrisoft Vance	135 Ruby Elm Avenue, AL, Huntsville	US
S1-941465940	Internal Medicine Associates Clinic	UT, City Of North Salt Lake, 162 Birmingham Lane	US
S1-476660291	Runkle Vanguard Entergy	63 Mcgowan Drive, Atoka, TN	US
S1-100809553	Complete Unified Launchpad Inc	4538 Villa Drive, Eagan, MN	US
S1-279035369	Barnett Baptist Crystal Services	64290 Coal Banks Road, Barnett, MO	US
S1-397470250	Kishori Chits Pvt. Ltd.	Shop No 7 Jitendra Jyot Complex, Damoh Road Patan, Patan, Jabalpur, Madhya Pradesh	India
S1-394123864	Pradip Services Limited	6A Hazra Road, Kolkata, Calcutta, West Bengal	India
S1-122586132	Lusa Waters Ocean LLC	5702 Seeley Avenue, Chicago, IL	US
S1-322937284	Diaz Music LLC	63 Whitcomb Hill Road, Cornwall, CT	US
S1-846751495	Urology Health	38 A, MA, Lowell	US
S1-424338047	Classic Construction	14-A, Kasturaba Path, North S.K Puri, Phulwari, Patna, Bihar	India
S1-453714530	Marylee Cardenas Brown Corp	13 Ash Grove Place, Unit Apartment B, Albany, NY	US
S1-813824287	Standard Mortgage Industries LLC	14 Woods Edge Court, West Lafayette, IN	US
S1-953506731	Creative Modern Software Private Limited	No 41/9 M.V Complex Salai Street Sindhupoondurai, Tirunelveli, Tamil Nadu	India
S1-758348201	Thomas Software LLC	1089 Stafford Place Circle, Unit 202, Winston-salem, NC	US
S1-936551267	Quality Energy Holdings	381 Victory Height Drive, Wentzville, MO	US
S1-572060909	Foot & Ankle Physicians Inc	Worcester, MA, 14 Claremont Street, Unit 11	US
S1-348351288	Hulsey Rocket	City Of Oconomowoc, WI, 1321 Orchard Circle	US
S1-935063553	Sunrise Best Foundation Private Limited	48 Peters Road Royapettah, Madras-, Chennai, Tamil Nadu	India
S1-577474478	Interstate Charities	143-07 101 Avenue, Jamaica, NY	US
S1-405682551	Anderson and Lyle Crest LLC	320 Mckinley Avenue, Unit APT C, Muncie, IN	US
S1-609621632	Silva & Jackson	3709 Memorial Highway, Mandan, ND	US
S1-131899104	Arihant It Private Limited	No.79, 3Rd Floor, 6Th Street Y Block, Anna Nagar, Chennai, Tamil Nadu	India
S1-155259532	Dhawan Investment Pvt Ltd	Sh No. 20, Mumbai, Maharashtra, Jai Hanuman, Bhujbalwadi, Mkd Link Rd, Mumbai	India
S1-459908331	SU Modern Madison PLLC	525 Ashford Avenue, Cortland, IL	US
S1-963117867	Metropolitan Fidelity LLC	446 Baker Lane, Sistersville, WV	US
S1-408954112	Thane Real (India) Private Limited	Plot No. 170, Industria Area, Phase 1, Panchkula, Haryana	India
S1-87218117	Mind & Co Corp	9, Thenaruvi Street, Ambattur, Tiruvallur, Tamil Nadu	India
S1-892235620	Kings Logistics Limited	Khasra No-395-398 Ground Floor, Gali No-3, Ph-1, Partap Vihar, North Delhi, Delhi, Plot No.213 A-1, Delhi	India
S1-568370943	Jai Medical Centre Private Limited	29/2, A- Block, F.No. G-2, Somasundrapalya, Bangalore South, Bangalore, Karnataka	India
S1-997247598	Big 28 Seafood	4333 260, Unit E2, Star Valley, AZ	US
S1-767852513	Hutchinson American Leapfrog	MT, 225 Roberts Street, Helena	US
S1-5261369	Mumbai Exports Private Limited	C 401, Sharmin Chs Ltd, Shanti Park, Vallabh Baug Cross Road, Ghatkopar East, Mumbai, Mumbai City, Maharashtra	India
S1-729215829	Great Midwest Eye Care	1525 Boniface Parkway, Anchorage, AK	US
S1-159865956	Advanced Biomedical Digital LLC	137 Thistle Lane, Nashville, TN	US
S1-146480423	Lumari Spruce LLC	5564 London Road, Fairland, IN	US
S1-5983187	Raj Engineering Pvt Ltd	Surat, A-517, Sitaram Nagar-2, Puna Bombay Market Road, L.H. Road, Rs No.51/52/53, Gujarat, Surat	India
S1-202215069	Polson Entertainment	3031 64th Street, Urbandale, IA	US
S1-801595450	Hotel Solutions Private Limited	New No.22, Old No.10, Raja Street, T.Nagar, Chennai, Tamil Nadu	India
S1-256564905	Heartland Apple L.L.C.	608 Second Avenue, Globe, AZ	US
S1-30580031	Royal Hospitality Industries LLP	939 Locust Street, Dundee, OR	US
S1-347517225	Blue Charities Associates	5944 Bryan Road, Oregon, OH	US
S1-629137627	Superior Imaging Corp	Needham, 1699 Decourcy Court, IN	US
S1-380697287	Jacobs, Walter & Mcelroy LLC	14590 4, Hartford, AL	US
S1-303756395	BQ Micro	149 Keller Lane, Marion Town, VA	US
S1-390289747	Blue Construction Private Limited	Uttar Pradesh, H.I.G.-42, Kalindipuram, Allahabad	India
S1-256524312	Harbor Resources	523 11th Avenue, Emporia, KS	US
S1-663889712	Aakriti Hospital	C-703, Om Suryodaya Co-Op Society, S.V. Cross Road Rawarpada, Dahisar (E), Mumbai, Maharashtra	India
S1-327984286	Brown Golden Labs PLLC	25 Horseshoe Road, Chelmsford, MA	US
S1-377552332	Stratos Ing Private Limited	Hurulichikkanahalli, Hesaraghatta Main Road, Karnataka, Bangalore North, Bangalore, No-1& 7	India
S1-356351446	Baez Post	1212 200, Unit D407, Centerville, UT	US
S1-73156772	Telenet Traders Private Limited	Nashik, Vrundavan Nagar Adgaon, Maharashtra, Sunder Villa R/H No-D-2, Nashik	India
S1-944019280	Real Healthcare Private Limited	78/5666, Ragar Pura, New Dlhi, Delhi	India
S1-864909001	Hari Enterprises LLP	Agauta Village Bhandoria P.O. Aurangabad, Bulandshahr, Uttar Pradesh	India
S1-976084868	Shyam Innovations Private Limited	Jewels Of India, 6Th Floor, Office No. 608, Horizon Tower, Jawahar Lal Nehru Marg, Malviya Nagar, Jaipur, Rajasthan	India
S1-591276476	Green Allied Spectral LLC	25 Rock Street, Norwood, MA	US
S1-442772253	Garg Diamonds Pvt. Ltd.	46-49/8, Mahavir Dham, Mundra, Kachchh, Gujarat	India
S1-989081015	FD Assure Private Limited	Delhi, North Delhi, Basement, D-11/144 Sector-8, Rohini	India
S1-454746076	Dibaloke & Partners Private Limited	Shri. Munnalal Radhesham Agarwal S No 77/8-13 Wanawari, Pune, Maharashtra	India
S1-466027538	Sowripalayam Post Ocean	1St Floor, 31-A, Rajeswari Nagar, Sowripalayam Post, Coimbatore, Tamil Nadu	India
S1-73839846	Primary Care Anchor Partners LLC	16583 Imperial Way, Lakeville, MN	US
S1-979371169	Green Prime Power Private Limited	1St Floor, Naya Bazar, 2737, Delhi	India
S1-820569922	Parampita Hospital of Mumbai	Room No. 12, Sector B, L Line 10/10 Near Star Hotel, Cheeta Camp Trombay, Mumbai, Mumbai City, Maharashtra	India
S1-207335088	Big Investment Private Limited	3Rd Grd Krishna Bhavan Uthalsar Naka, Thane, Maharashtra, Thane	India
S1-526716288	Fernandina Butler, Esq., PC Corp	2070 Skylark Court, Albemarle County, VA	US
S1-214082914	Julissa Laseter, O.D., PC	605 Kensington Court, Ballston, NY	US
S1-974726412	Grewal Consultants Pvt. Ltd.	92, 3Rd Main Roadmuniramanna Block Ganga Nagar, Bangalore, Karnataka	India
S1-200655767	L+ Strategy LLP	802 Presidential Place, Jeffersonville, IN	US
S1-241057579	Deboer & Lasky	8980 10000N Road, Grant Park, IL	US
S1-328099259	NXY Rocky Telephone LLC	9689 Winchester Dr Court S, Semmes, AL	US
S1-795257323	Soto Perfect	14730 Eastbourne Street, Waverly, NE	US
S1-538971129	Padilla, Rodriguez and Knight Golden Group	Monroe, 12 Fairlea Drive, CT	US
S1-510285844	Bullard Safe Iheartmedia LLC	14 Amber Court, Poughkeepsie, NY	US
S1-611121070	Smart Prairie Couriers LLC	29948 Edwards Road, San Tan Valley, AZ	US
S1-878468404	Swastik Consultants Private Limited	Gala No. 108, Vasai, Thane, Maharashtra, 1St Floor, Amrut Indl. Estate No.2	India
S1-163628597	Frontier Capital Hamilton Inc	40 Haynes Road, Stoughton, MA	US
S1-619110681	Tambaram Premises Private Limited	8Th Floor, Kaleesuwari Towers, No 10/98A, Pace Aagam Apartments, Velachery Main Road Ranganathapuram, Tambaram, Kanchipuram, Tamil Nadu	India
S1-915213545	Premier Producer Pvt Ltd	C/O Rajesh Pandey, Chaitanya Nagar Back Of Nrl Petrol Pump, Patna, Bihar	India
S1-328595374	Taylor Bay Wells	2072 330th Street, Bellingham, MN	US
S1-128462546	Syno Group	6740 Stepherly Way, Holly Springs, NC	US
S1-314428886	Summit Ministries III	WA, 1016 138th Street, Burien	US
S1-95995143	Interstate Green Canada, Inc	1217 Our Place, Lenoir, NC	US
S1-929637245	Sarveshwar Mobility Private Limited	Old No 1-107, New No 3-18 Nisha Garden Street, Teachers Colony, Madanapalle, Chittoor, Andhra Pradesh	India
S1-835056945	Bombay Power Private Limited	50-53-11/10/12, Flat No.304, Revathi Vihar Seethammadhara, Behind Nri Hospital, Visakhapatnam, Vishakhapatnam, Andhra Pradesh	India
S1-776026815	Sai Biotech Ltd	Howrah, West Bengal, Vill Mashila Paschim, Post Mashila, Ps Sankril (Deoyaner Bagan Sani Kali Mondir)	India
S1-524784352	Balaji Enterprises Private Limited	Old No. 11A, New No. 62A, S.S.I. Road, Teynampet, Chennai, Tamil Nadu	India
S1-415371831	Storey Health LLC	2328 Eyres Place, Seattle, WA	US
S1-303698300	Morrow Specialty Inc	206 Orville Drive, Toledo, OH	US
S1-654309117	Summit Alliance P.C.	57 Lakeside Drive, NY, Rockville Centre	US
S1-914221418	Eye Atlantic Partners	3961 Old Bible Grove Road, Louisville, IL	US
S1-590028309	XMZ Farmers Limited	Plot No. 21, Flat No. S201, Shree Residency, Kachimet, Amravati Road, Hingna, Nagpur, Maharashtra	India
S1-743519409	Martinez Disciplined LLC	7360 Sachem Trail, Victor, NY	US
S1-439825849	Lauralee Kistler Briacell	224 Lewis Lane, Venus, TX	US
S1-246002326	Atlantic Enterprise LP	4979 State Highway 312, Blytheville, AR	US
S1-420453445	Royal Design Union Inc	101 Herbert Road, Braintree, MA	US
S1-925372601	Complete Trading Private Limited	Chandra Bhawan 46, Dhirubhai Parikh Marg, 3Rd Floor, No, . 61, Mumbai, Maharashtra	India
S1-359039319	Silver Smart Finance Private Limited	502, E Wing, B & C Block, Trade World, Kamala Mills, Mumbai, Maharashtra	India
S1-447543860	Junia Compton Qdro	1923 Sunberry Road, Dundalk, MD	US
S1-828674521	Toex	2 School Street, Unit 5A, Hatfield, MA	US
S1-100405118	Farley Prairie Zhejiang LLC	3014 Wilson Street, Unit 108, City Of Menomonie, WI	US
S1-785209894	Physical Therapy Horizon Specialists Inc	12037 Naughton Street, Houston, TX	US
S1-669444496	Crestline Corp	Elgin, IL, 532 South Street	US
S1-742431231	Julietta Rison, DO	OK, 16450 4182 Road, Claremore	US
S1-807914523	Arihant Food Private Limited	208 Plot No C 5 Abhishek Bldgdalia Estate New Link Road Andheri (W), Mumbai, Maharashtra	India
S1-157325173	Office of Health	MA, 21 Technology Drive, Auburn	US
S1-379262773	Uptown Hair Studio	1579 Rhinelander Avenue, Bronx, NY	US
S1-998510657	Denis Total Pgim Care	12617 Warwick Avenue, Baton Rouge City, LA	US
S1-474041819	Industrial Saran Private Limited	1St Floor, Akruti Corporate Park, Near G. E. Garden, L.B.S. Road, Kanjurma, Rg (West), Mumbai, Mumbai City, Maharashtra	India
S1-375922946	Cure Coffee	1505 10th Street, Clarkston, WA	US
S1-146350534	Sree Polytechnic	Near Navi Mumbai Sports Association, Sector 6, Vashi, Navi Mumbai, Thane, Maharashtra, Rh2/L-28, Thane	India
S1-476701046	Beagle Grifols Inc	MN, Lakeville, 18650 Highview Avenue	US
S1-378476921	Ashil's Horizon Produce Inc	32421 Soaring Willow Way, Conroe, TX	US
S1-252340060	Vision Care Limited	C/O Kisan M Bhendarkar At Virlee Ta Lakhandur, Lakhandur, Bhandara, Maharashtra	India
S1-71791437	Natural Finance Pvt. Ltd.	Shop 131 Balaji Plazzo, D.Lumbha, Bardoli, Surat, Gujarat	India
S1-644838600	All Products Private Limited	F-134, Sitapura Industrial Area, Opposite Genpact, Near Chatrala, Jaipur, Rajasthan	India
S1-736836459	ABN Brothers Ltd	Office No-511, C1/3 Laxmi Tower, Commercial Complex, Azadpur, New Delhi, West Delhi, Delhi	India
S1-448942184	Veh Sangh	Ground Floor Defence Colony, South Delhi, New Delhi, Delhi, C-169	India
S1-897423579	Opton, LLC	316 Road 5814, Cleveland, TX	US
S1-108724724	South Trust Inc	12536 Cardinal Point Road, Charlotte, NC	US
S1-86142534	Prime Power LLP	314, 3Rd Floor, Plot No. 61 - 63, Shed, Shekhadi Lane, Vitthalwadi, Kalbadevi, Mumbai, Mumbai City, Maharashtra	India
S1-915125672	Bhavishya Trade Private Limited	Flat No B 214 Ivory Tathastu, Khed, Pune, Maharashtra	India
S1-937171979	Coimbatore Transmission Clinic	108A/92 West Ponnurangam Road, R.S.Puram, Coimbatore, Tamil Nadu	India
S1-365052607	Gengler Bright Lake Group	10930 Tierra Drive, Fl 1, Scottsdale, AZ	US
S1-297919039	KTT Elite Yield Holdings	10613 Legion Hut Road, AR, Little Rock	US
S1-892442479	Great Auto Sales LLC	18 Burrill Street, Saugus, MA	US
S1-957565448	Sweet Pilates	835 Indianola Road, Youngstown, OH	US
S1-609375650	Thiruvananthapuram Cables Private Limited	T . C 5/2484, Sree Ganga, Golflink, Vivekananda Nagar, Thiruvananthapuram, Thiruvananthapuram, Trivandrum, Kerala	India
S1-671905259	Cdr Services Partners	2Nd - 3Rd Floor, Msc House Andheri Kurla Road, Andheri (E), Mumbai, Maharashtra	India
S1-748196217	Shakti Builders Private Limited	Phaseii, Phase Ii, New Delhi, Delhi	India
S1-132948544	Big Digital Exports Private Limited	New No.171, Pete Channappa Industrial Estate, Kamakshipalya, Magadi Road, Bangalore, Karnataka	India
S1-122485803	Leelah Gamboa Restaurant LLC	493 Sophia Avenue, Scarborough, ME	US
S1-882684698	Youth First Coalition	VA, 3500 Ellerton Drive, Chesterfield County	US
S1-896320085	Martin Interests	4100 Madeline Farm Boulevard, New Bern, NC	US
S1-566977366	Hitech Trading Limited	Ground Floor, Gala No 12G, Prabhadevi Industrial E Veer Savarkar Marg, Prabhadevi, Mumbai, Maharashtra	India
S1-445229265	Jarleus Synchrony LLC	3010 London Avenue, Village Of Cottage Grove, WI	US
S1-627285257	Arts Initiative II LLC	8297 Rowel Road, Fl 1, AZ, Scottsdale	US
S1-111445221	Better Advanced Charles, LLC	5 Fairmount Street, MA, Woburn	US
S1-536326280	Sir Ceramics Private Limited	175, Kagalwala House, 2Nd Floor, Vidhyanagari Marg Behind Metro House, Cst Road, Kalina, Santacruz East, Mumbai City, Maharashtra	India
S1-574916360	Sirius Ingredients LLC	NE, Plattsmouth, 8866 Greenwood Road	US
S1-662937841	Kari Cruz Mortgage	712 Gorham Street, Lowell, MA	US
S1-706768538	Manish & Sons Pvt Ltd	Plot No- N1/209, Nayapalli, Bhubaneswar, Khordha, Orissa	India
S1-120808930	Munoz & Taylor, Inc	8819 82nd Lane, Fl 1, Olympia, WA	US
S1-280941860	Gm Exports LLP	C/O Kuldeep Saini, Gali No. 1, Rajiv Nagar, Rohtak, Haryana	India
S1-221182423	South Truist	34 Hickory Hill, West Springfield, MA	US
S1-971269622	Certified Choice Financial	Decatur, IL, 721 Johns Avenue	US
S1-549087419	Jee Hi	F.No308, 1-7-1072 Pattabhi, Towers Rtcxroads, Musheerabad, Hyderabad, Telangana	India
S1-543498628	United Real Software Private Limited	Pursurah Hooghly, West Bengal	India
S1-144809268	Strategic Biomedical Studios, Inc	4112 Arborbend Drive, Smyrna, TN	US
S1-481400991	Animal Welfare Guild	Merrillville, 7477 Jennings Place, IN	US
S1-18314588	Knauff & Bohannon Health Inc	Mayfield, OH, 6504 White Road	US
S1-373971106	Cordero, Hurd & Torres Doubleline	714 Fayette Drive, Euless, TX	US
S1-411043329	Mahak Foods Limited	2-B, Second Floor, 164, Mg Road, Near Pdcc Bank, Pune City, Pune, Maharashtra	India
S1-941860360	Tower & Brothers Limited	Ranka, No. 224, Sy No. 80/3, 3Rd Floor, Old Madras Road, Bangalore, Bangalore North, Bangalore, Karnataka	India
S1-304145357	Om Black Management Private Limited	Rajasthan, Jaipur, Budhsing Pura, Jaipur, B-224 Budh Vihar	India
S1-505333712	One Consultants Private Limited	Hno.1-5-431/10, Shiva Nagar, Jonnabanda Near St.Michael'S School, Old Alwal, Secunderabad, Rangareddy, Telangana	India
S1-278759069	Flowers Guaranty	5135 Post Road, Unit LOT 239, Indianapolis, IN	US
S1-722353072	Surya Ventures Private Limited	Hyderabad, Cosmopolitan Apartment, Raj Bhawan Road, Somajiguda, Telangana, Hyderabad, 6-3-900/10 C2C	India
S1-291531807	Friends Energy Ltd	Shop No 4B-23, 4Th Flr, Highland Corporate Centre Kapurbawadi, Thane, Maharashtra	India
S1-887464379	India Water India	Parganas North, West Bengal, Sekh Moinur Ali S/O Sekh Momin Ali Muragacha Charak Tala Po- Jugberia, Barrackpore	India
S1-108149789	Street Consulting Limited	40/310 Lic Colony Hotel Vasantham Via Opp New Bus Stand, Tamil Nadu, Salem	India
S1-704314854	Greer Pembina	8510 Henry Clay Boulevard, Clay, NY	US
S1-562631056	Heritage Therapies LLC	1305 Patton Road, Great Bend, KS	US
S1-774234283	Legacy Oak	1715 Prospect Avenue, Abington Township, PA	US
S1-675451229	Allina Birchfield Waste LLC	1435 Main Chapel Way, Unit 113, Gambrills, MD	US
S1-700955908	Secure Prime Digital LLC	175 English Violet Lane, Garner, NC	US
S1-548662278	Thompson's Roofing	13215 Chimney Sweep Drive, Houston, TX	US
S1-439652185	Heartland Summit Tavia LLC	53 Saint Germain Street, Quincy, Unit LEFT, MA	US
S1-458690810	Lyrial Biotech	5045 Scarsdale Court, Taylorsville City, UT	US
S1-635837370	Summit Block Clinic	829 Boston Post Road, Unit Apartment 2, Mamaroneck, NY	US
S1-535457222	Technologies Pnc Constructions Private Limited	7Th Main U, Halli, S Pura, Karnataka, Bangalore South, 22/10, Bangalore	India
S1-803897695	Vijayawada Systems Private Limited	11-41-70Akandulavari Street Vijayawada, Andhra Pradesh, Vijayawada, Andhra Pradesh	India
S1-964928381	Lakshya & Co Private Limited	C/O Shri Mustageem Ali, Naibasti Batwal, Amroha, Jyotiba Phule Nagar, Uttar Pradesh	India
S1-75891086	Office of Education P.C.	416 Olympia Drive, Unit 5, Bloomington, IL	US
S1-110270762	Orelia's Printing of Renton	11230 164th Street, Renton, WA	US
S1-256278489	Services Jalgaon Infra	Plot 210 Flat 1003 10Wing, Bhalchandra Chsl Mhb Colo, Thane, Maharashtra	India
S1-192959546	Wood Paceline LLC	1811 Apache Boulevard, AZ, Unit 1087, Tempe	US
S1-496664958	VIG Digital Pvt. Ltd.	304- C, Gujarat, Daskroi, Samved Residency, Ahmedabad	India
S1-487228325	Folk Sterling Home LLC	520 Lafayette Street, Colonial Beach Town, VA	US
S1-500673729	Peters's Anchor Law Group	244 Mary Street, Glencoe, IL	US
S1-921012105	Butcher, Brame & Alberti Preferred P.C.	33485 Lupin Drive, Green Valley Lake, CA	US
S1-941474440	Aurex Grade	3267 Eastcrest Road, West Valley City, UT	US
S1-937531003	Bright Technologies Private Limited	3-5-6 7/Hhtn/401, Flat No-401, Hari Hara Nivas, Attapur, Rajendranagar, Hyderabad, Telangana	India
S1-208195758	Veque Aimei LLC	1407 Bristol Drive, Killeen, TX	US
S1-956895083	Good Construction Private Limited	55, 5Th Floor Behind Hotel Leela Palace Kodihalli, Bangalore, Karnataka	India
S1-290876718	Chandan Farms Private Limited	No 1/1, 6Th Cross, 1St Main, Sampangiramanagara, Bangalore South, Bangalore, Karnataka	India
S1-221374033	Jain Infra Limited	Unit No. 106, 1St Floor, Damji Shamji Industrial Complex, 9 Lbs Marg, Kurla W, Mumbai, Mumbai City, Maharashtra	India
S1-18454542	Blando and Griffin LLC	KY, 850 Davenport Landing Lane, Drakesboro	US
S1-411916610	Pioneer Energy Pvt Ltd	135/A, Bishalakshmitola Road, Kolkata, Kolkata, Howrah, West Bengal	India
S1-595849762	Mariel's Partners	258 8, Morehouse, NY	US
S1-557586406	Foot & Ankle Group of Mineral Wells	110 Ruidoso Way, Mineral Wells, TX	US
S1-467866587	Fredericka Gonzalez Clear Loan, LLC	17405 Glendale Avenue, Cleveland, OH	US
S1-932091358	Madani & Partners	E-174, Amar Colony Lajpat Nagar-Iv New Delhi, Lgf, Delhi	India
S1-613889823	Dental American Medicine LLC	Houston, TX, 11002 Maize Lane	US
S1-380037166	Surgical Specialists of Wynne	1202 Falls Boulevard, Wynne, AR	US
S1-377666711	Shree Impex Pvt Ltd	Alankar Apartment 58A, Pudoopukur Road, Kolkata, Howrah, West Bengal	India
S1-713278893	Park Midwest Muniholdings	2015 Oakland Avenue, Unit 12, White, PA	US
S1-420478070	Sr Frame Limited	Vi/409 (Old No.354) J C Villa, Kunjappu House Elthuruth, Thrissur, Kerala	India
S1-235775708	Urban Global Pvt Ltd	A - 12, Plot No - 10, Sector - 30, Ajinkya Co - Op Housing Socy, Vashi, Navi Mumbai, Thane, Maharashtra	India
S1-804108024	Innovative Systems Pvt Ltd	B-6 Kailash Colony, New Delhi, Delhi	India
S1-301758125	Himalyan Industries Group Private Limited	Gujarat, Gandhinagar, Gandhi Nagar, Sargasan, Gandhinagar, 610	India
S1-766923969	Aradhya Jewels Private Limited	Delhi, A-13 Ground Floor New Rajendra Nagar, New Delhi, West Delhi	India
S1-461674142	Operating Engineers Union Local No 315	2672 2025, Clinton, UT	US
S1-245074353	Vanguard Automation Works, LLC	11100 Railroad Street, Manhattan, MT	US
S1-780706307	Allied Holdings	502 Homestead Drive, North Tonawanda, NY	US
S1-61746594	Wynnie's Tire Shop	Baton Rouge City, 3359 Farrington Drive, LA	US
S1-479353631	Olva Mount, Esq., DDS PC	Mobile, AL, 2304 Snowden Place	US
S1-639162936	Micro Sons Ltd	10/1, Jalaram Estate, M. G. Road, Mulund (W), Mumbai, Mumbai City, Maharashtra	India
S1-756983399	Ranallo, Kinna, D.O., PC	1010 Dutch Mill Drive, Ballwin, MO	US
S1-142341769	Sai Ventures Private Limited	16085, Tower 16 B, Prestige Bella Vista, Poonamalee, Tiruvallur, Tamil Nadu	India
S1-644968741	Aditya Construction LLP	Office No 204, S. No 1, H No 1A, Goodwill B Yond, Kharadi, Pune City, Pune, Maharashtra	India
S1-504685326	Olaneon Broadband LLC	4324 American Drive, Unit A, Durham, NC	US
S1-620390907	Hitech Investment Limited	2303 Raheja Classique Blg, No 5 Oshiwara Andheri W, Mumbai, Maharashtra	India
S1-737226917	May Canary Inc	20679 Cathedral Lane, Mccalla, AL	US
S1-82565157	Tech Skylark India Private Limited	Dr. N.N Bhadaraka, Bhadaraka Hospital Road Bhuj Kutch, Kutch, Kachchh, Gujarat	India
S1-464619836	Alpha Consultants Private Limited	Bl-A 2Nd Fr-Fl- F3 5/1, Abhoy Mukerjee Lane, Belgharia, North 24 Parganas, West Bengal	India
S1-550382252	Bischoff Best Kimco, LLC	5777 Ridgeview Dr SW, Unit 731, Cedar Rapids, IA	US
S1-660876754	LKM Pharmaceuticals PC	519 Basswood Avenue, Unit A, Nashville, TN	US
S1-28792523	Flying Inclusive	Mumbai, R No 302 3Rd Floor Raisan Bafati Qureshi Kurla E Bafati Manzil Qureshi Nagar, Maharashtra, Mumbai City	India
S1-229138880	Golden Valley Oneim	16278 Shilling Road, Unit 40, Berlin Center, OH	US
S1-536283449	Yost Pediatrics	5 Lockland Drive, Windham, ME	US
S1-869761588	Internal Medicine Highland Care Associates Inc.	4935 Key Drive W, St. George City, LA	US
S1-149557730	Eye Clinic	1014 Woodhall Lane, Durham, NC	US
S1-722055245	Noida Swarn LLP	A4- 108 Techzone-4 Greater Noida West A B A Cherry Country, Gh- 5B, Surajpur, Noida, Gautam Buddha Nagar, Uttar Pradesh	India
S1-785001829	Panchkula Builders Private Limited	497, Sector 12-A, Panchkula, Haryana	India
S1-339345041	Ear Nose & Throat Clinic of Leadville North LLC	121 14th Street, CO, Leadville North	US
S1-925823732	Rafaelita T. Tackitt, D.C., DDS PC	950 Trade Street, Unit 423, Winston-salem, NC	US
S1-558291390	Hitech Infotech	93, Vijay Nagar Kanpur Road, Lucknow, Uttar Pradesh	India
S1-44549952	Limoo LLC	11154 Lindbergh Business Court, Fl 0, Saint Louis, MO	US
S1-883110167	Zest Medical Centre	Ramesh Chand C/O Ajay Singh Ambika Green Bhago Majra, Kharar, Mohali, Punjab	India
S1-368472907	Miller Blue Dividend	3220 Lynn Boulevard, Sterling, IL	US
S1-989440934	Gold Consultancy Private Limited	Plot No 12, Jaya Nilayam, Kvr Valley, Bachupally, Qutubullapur, K.V.Rangareddy, Qutubullapur, K.V.Rangareddy, Telangana	India
S1-788132688	Sun Software Private Limited	C/O Hari Prasad Singh, East Dhantala, Chunavati Po: Satellite Township, Dabgram, Fulbari, Jalpaiguri, West Bengal	India
S1-7722704	Europa (India) Shipping Ltd	F.F.108/109 Kamal Complex, Near Stadium Circle, Ahmadabad City, Ahmedabad, Gujarat	India
S1-218321328	Miteque Unified Media, LLC	5381 Center Street, Fl 1, Mulkeytown, IL	US
S1-471118157	Solutions Sunshine Realty Private Limited	16, Vardhman Complex, Mahaveer Nagar, Sector 4, Hiran Magri, Udaipur, Rajasthan	India
S1-360764101	Royal Agro Pvt Ltd	Pune, Shop No 18 Bldg No A3 Sno 226 /1/1A Kubera Vihar Gadital Hadapsar, Maharashtra	India
S1-369775293	Certified Integrated	118 Mcintosh Street, Ellerbe, NC	US
S1-707810895	Memorial Foundation	4335 High School Road, Indianapolis, IN	US
S1-100715113	Pune Fashions Private Limited	Cts No-1814, Shop No-7 Kunal Riverside, Pune, Maharashtra	India
S1-341907921	Garcia Aktiengesellschaft	11609 Carbrook Road, Manor, TX	US
S1-140991635	Credit Intelligence Concepts Corp	1008 Conway Drive, Texarkana, TX	US
S1-444157685	Digital Construction Private Limited	Makan No25/316 Ward No 25, Vivekanad Nagar, Huzur, Rewa, Madhya Pradesh	India
S1-532569016	Gonzalez Royal Aktiengesellschaft, Inc	Ludlow, MA, 19 Carmelinas Circle	US
S1-549986417	Radium Academy	S. F. 219, Satyam Mall, Opp. Saman Compl Nr. Vishweshwar Mahadev Mandir, Satellite, Ahmedabad, Gujarat	India
S1-919950051	# 8 CY Australia	Gardner, MA, 16 Plymouth Street	US
S1-415899395	Trusted Allstate, Inc	571 Haskell Drive, Akron, OH	US
S1-532088238	Sanshi & Co	No 45, Old No18, Annamalai Nagar, 1St Street West Mambalam, Chennai City Corporation, Chennai, Tamil Nadu	India
S1-928153130	Shiv Marketing Private Limited	4/1, Nehru Veethi, 15 Velampalayam, Tirupur, Coimbatore, Tamil Nadu	India
S1-386149014	Surya Solutions Pvt Ltd	I-17B 1St Floor, Plot-56, B Wing, Kripton Twin Tower, Mumbai, Maharashtra	India
S1-886874722	Chiropractic Summit Care	7 Paradise Lane, Greencastle, IN	US
S1-751789400	Bangalore North Creations	No 5Ac-510 Hrbr Layout, 2Nd Blk Kalyan Nagar, Bangalore North, Bangalore, Karnataka	India
S1-969488703	Hurtado, Sorensen and Lopez Neuberger	401 Territory Trail, Cedar Park, TX	US
S1-934839347	Sai Investment Private Limited	House No. 230 Ashapura Nanomax, Jodhpur, Rajasthan	India
S1-158502131	Great Initiative LLC	1139 Heron Circle, Joliet, IL	US
S1-832544932	Gautam Buddha Nagar Gems LLP	Gaur City Mall Office, Space C 01 Bgh 01 Sec 4, Gautam Buddha Nagar, Uttar Pradesh	India
S1-789532022	Loex Altenergy	11828 5th Street, Bicknell, IN	US
S1-808077678	Safe Cleaning Inc	914 Fairthorne Avenue, Wilmington, DE	US
S1-304080519	Dream Business Private Limited	Prop No.M-11, F/F L/P Flat, No.1Haji Col Ghaffar Manzil Extn, Part-2 Jamia Nagar, Newdelhi, South Delhi, Delhi	India
S1-537720897	Advanced Strategic Activate Inc	1020 61st Avenue, West Fargo, ND	US
S1-408966133	Jasper Hyperliquid Inc	W4354 30th Avenue, Town Of Long Lake, WI	US
S1-119805319	Asmita Technical Limited	A/203, 204, Shree Harikrupaappartment Bsides Centre Point Building Nr. Koliwad, A, Surat, Gujarat	India
S1-458072350	Liberty Institute LLC	2380 Swenson Place, Hempstead, NY	US
S1-497491866	Perfect Infotech Private Limited	#1685, 3Rd Main Road, Rammohanpuram, Rajajinagar, Srirampuram, Bangalore North, Bangalore, Karnataka	India
S1-842789787	Danonet Enterprises	1013 63rd Street, Omaha, NE	US
S1-757749968	Cetaex Ventures LLC	3420 Prairie Sage Street, Los Lunas, NM	US
S1-638813436	Vadodara Estate LLP	606 Sterling Centre, R C Dutt Road, Vadodara, Gujarat	India
S1-503646539	Pro Advisors Private Limited	B-3/9, 3Rd Floor Model Town-1, Delhi, North West, Delhi	India
S1-994433014	Tejika Security	Gr Fr, P/122, James Long, Sarani, Lp-207/7/7/1, Kolkata, Kolkata, Howrah, West Bengal	India
S1-874562940	Ophelie's Data, LLC	TX, Acton, 1500 Teller Bell Lane	US
S1-930991718	Ig Developers Public Limited	Flat No 27 B 1St Floormanisha Apts Moledina Road, Pune, Maharashtra	India
S1-392198672	Tsai Textiles	69-01 35 Avenue, Woodside, NY	US
S1-586173216	Shakti Products Pvt Ltd	17, Sharnam Apartment, Chikhli Roa Opp. Iti Antalia, Taluka Gandevi, Biliomra, Navsari, Gujarat	India
S1-556430412	Csj Developers Private Limited	C/O Harendra Singh Tulsi, Ram P.No P.No 19, Jodhpur, Rajasthan	India
S1-920311986	Glyphify Willow PLLC	55 Saybrook Road, Essex, CT	US
S1-753788263	QCT Total Hawk LLC	6439 Pebblebrook Drive, Milford, DE	US
S1-988652516	Bright Bakery	NY, Unit Apartment 202, Corning, 391 Second Street	US
S1-56861946	Hesther Delatorre Great Cafe Corp	Columbus, OH, 1359 Orchard Park Drive	US
S1-586488258	Integrated Talent Associates	2837 Greenbank Mill Drive, Fuquay-varina, NC	US
S1-490558906	Rodriguez Allied Virtus Inc	205 Vinson Ridge Lane, Clayton, NC	US
S1-334519170	Golden Developers Private Limited	House No. 321-B, G/F, F/S, Ward No. 4 Khasra No. 115, Village Mehrauli, New Delhi, South West Delhi, Delhi	India
S1-897565666	Open Impex Pvt Ltd	Jaipur, 1St Floor, S-67 Riico Complex, Road No. 14, Vki, Rajasthan, Jaipur	India
S1-522994332	Thomas's Group	1810 Minnesota Avenue, Washington, DC	US
S1-342508896	Praniya Foundation Private Limited	U.Nob23 Phase2 Technocrat, Coperative Industrial Est, Rangareddy, Hyderabad, Telangana	India
S1-440761387	Jai Trading Private Limited	D No 44, Kummaravandlapalli, Kadiri, Ananthapir, Anantapur, Andhra Pradesh	India
S1-487606254	Rowley Literacy Fund Inc.	Rowley, MA, 531 Wethersfield Street	US
S1-423724123	Carden and Frank Apogee Inc	144 Grant Lane, Norlina, NC	US
S1-851819883	Csc Industries Group	77, G V M S Audyogic Vasapatltd, Ahmedabad, Gujarat	India
S1-493879357	Zenith PLLC	2 Broadway, Trenton, IL	US
S1-617727358	Agro Om Impex Limited	P. No. 31, Shree Gopal Nagar, Jaipur, Rajasthan	India
S1-595256941	Empire Charities	4415 Faurot Drive, Unit 207, Columbia, MO	US
S1-930361720	Kumar Institute of Technology Private Limited	179/1 Manthikulam Vilakku, Karuvanoor Post, Madurai North, Madurai, Tamil Nadu	India
S1-701066582	United Global Pvt Ltd	Plot 53 Dalluchak Khagaul Danapur Bailey Road, Patna, Bihar	India
S1-190408386	Jocelyn A. Segura, L.C.S.W.	5620 Central Avenue, Washington, DC	US
S1-963389509	Classic Media Private Limited	89/2, Hirabhai Market, Ground Floor, Dani Limda, Ahmedabad, Gujarat	India
S1-634360386	Robinson Trusted Super P.C.	6775 77, Holbrook, AZ	US
S1-674009065	Gantt National Mountain LLC	4100 Hillsboro Pike, Unit 505, Nashville, TN	US
S1-562417573	Adroit Traders	No 6, Fourth Floor, Venus Colony Second Street, Alwarpet, Chennai, Tamil Nadu	India
S1-217868394	SE Standard LLC	12 Justin Court, Rensselaer, NY	US
S1-977326336	Hyderabad Hotels Private Limited	6/3/596/47/A/4, Venkat Ramana Colony, Beside Dunkin Donuts Road No 1, Banjara, Hills, Hyderabad, Telangana	India
S1-204607866	Internal Medicine Center	3766 Waverly Road, Unit Lot 68, Tioga, NY	US
S1-210533680	Krishna Sky Tech Private Limited	330-Xxvi, Kannolil Puthenpura House, Pazhoor, Piravom Post, Ernakulam, Kerala	India
S1-469899012	Red Trading Private Limited	78/16, Soorappa Street, Triplicane, Chennai, Tamil Nadu	India
S1-75007562	Bobbe Barnes Silver Alto LLC	1803 273rd Avenue E, Catoosa, OK	US
S1-737593104	Jinendra Traders Corp	Near Telav Bus Stand, Sarkhej - Sanand Highway, Village - Telav, Tal. Sanand, Ahmedabad, Gujarat	India
S1-403791005	Shree Traders Private Limited	No.16, Bhuvanappa Layout, Tavarekere Main Road, Bangalore South, Bangalore, Karnataka	India
S1-530158085	Classic Health Brands Inc	245 Indian Lake Boulevard, Unit S208, Hendersonville, TN	US
S1-651393433	Prime (India) Gourmet Limited	551Cha/162, New No 244, Neya Sardari Khera, Lucknow, Uttar Pradesh	India
S1-658279159	Division of Motor Vehicles	222 Sumner Street, Topeka, KS	US
S1-416285645	Laxmi Gujarat Care Pvt Ltd	280 Kotla Road, Firozabad, Uttar Pradesh	India
S1-512044554	Sona (India) Welfare Private Limited	A-116/14, Gali No 20 Gamri Extention, Delhi, North East, Delhi	India
S1-353443075	American Associated LLC	1040 Lakeside Drive, Wimberley, TX	US
S1-991778399	Gangaksh Purchase Pvt. Ltd.	K-2129, Chitranjan Park, New Delhi, Delhi	India
S1-664503632	Mondal Technologies Private Limited	C-2/411 Vibhav Khand, Gomti Nagar, Lucknow, Uttar Pradesh	India
S1-539350103	Adept & Sons Limited	Visakhapatnam, Vishakhapatnam, Shop No.106, Andhra Pradesh, Shanmuka Paradise, Raja Vari Street Kurupam Market	India
S1-994198983	A & P Capital PC	719 B, Washington, IA	US
S1-992529155	Phillis and Woodcock	274 Clover Bottom Street, Rock, WV	US
S1-126475213	Bengani (India) Realtors Private Limited	Bardhaman, C/O Karunasindhu Dhara, Tejgonjbye Pass Nutangonj, Burdwan - I, West Bengal	India
S1-937162204	Ventures Flora Vaccines Pvt Ltd	Delhi, East Delhi, B-415, East Delhi, Ground Floor, Nirman Vihar	India
S1-223040325	Titan Inc	3249 5 Hwy F 48, Unit 5, Newton, IA	US
S1-624297669	Seaman Sciences of York County	202 Lakewood Circle, York County, VA	US
S1-874538175	LL Royalties Inc	15 Patricia Drive, Clarkstown, NY	US
S1-70826407	Vickery Tinto of Syracuse Clinic	315 Calthrop Avenue, Syracuse, NY	US
S1-224369022	Autism Assistance Metro Fellowship	1140 Parkburg Road, Pinson, TN	US
S1-332868482	Strategic Osisko LLC	1309 Savannah Drive, Unit UNIT 3, Evansville, IN	US
S1-883342379	Somayaji & Co	Raju Pandithar Compound, C/O Viswanathan R, Tamil Nadu, Madurai, Madurai South	India
S1-590464575	Nine Fund Private Limited	Uttar Pradesh, Lucknow, 624 Kha/213, Chinhat, Satrikhrd Old Post Office	India
S1-192300691	Olanio Alpex	6825 42nd Drive, Phoenix, AZ	US
S1-126717985	Mick Activate Associates	312 Howard Street, Hagerstown, MD	US
S1-144630482	United Power Private Limited	Wing -Lb, First Floor, Municipal Number 3-179/Nr, Survey No. 179, Phase 2, Kavuri Hills, Madhapur, Shaikpet, Hyderabad, Telangana	India
S1-719797906	Padmavati Maa Limited	3424 A, 2Nd Floor, Road No 43, Mahindra Park, Guru Harkishan Marg, Delhi, North West, Delhi	India
S1-516768146	Children's Council LLC	27036 Rivermont Drive, Washington County, VA	US
S1-132928049	Saluda Pediatric Dentistry Medicine	35 Glen Echo Circle, Saluda, NC	US
S1-461608247	Galaxy Super Marketing	Patiala, C/O Sandeep Kumar Bansal S/O Satpaul Bansal Kothi No 2, Nabha, Punjab, Shiva Enlcave, Circular Road	India
S1-629647369	Raghuram Educational Society	Telangana, Hyderabad, Sri Krishna Nagar Colony, Roadno - 5, P & T Colony, Dilsuknagar, H.No- 15-4/A	India
S1-651252701	Martin Pacific Williams	341828 920 Road, Chandler, OK	US
S1-38521288	Chayan Services Private Limited	No. D62, 11Th Cross West, Tiruchirappalli, Tamil Nadu	India
S1-154996542	Shelter Public School Private Limited	Gg-Ii, Delhi, West Delhi, Delhi, 21-B Vikash Puri	India
S1-868764742	Seven Southern Systems Private Limited	Plot No 345 Part, Hijli Co Op Society, Nr Netaji Krirangon, Ph, Kgp, Prembazar, Kharagpur, Midnapore, West Bengal	India
S1-355897388	West National Therapeutics PLLC	16236 Oxford Drive, Markham, IL	US
S1-311487942	Clements Creative Care	OK, 3505 Indianapolis Avenue, Tulsa	US
S1-700001576	Super Projects Private Limited	Mumbai, Mumbai City, 5Th Floor, Pinnaacle Business Park Opp. Everest Grande, Mahakali Caves Road, Maharashtra, F-6	India
S1-771650064	Ram Constructions Pvt Ltd	Level 3, 824, Hrbr Layout, Block 1 Extension, Bangalore North, Bangalore, Karnataka	India
S1-261824582	Abelson Heartland Block LLC	597 Oakland Hills Drive, Unit 2A, Arnold, MD	US
S1-527561042	Heritage Therapies Clinic	107 Margin Street, Unit 3, Lawrence, MA	US
S1-344320623	Prime Consolidated LLC	TX, 3205 Townsend Drive, Fort Worth	US
S1-522117215	Maa Supreme Constructions LLP	17, Basements, Sukh Sagar, Nyaymurti Sitaram Patkar Marg, Chowpaty, Grant Road, Mumbai, Mumbai City, Maharashtra	India
S1-878938907	Reliable Equity Works LLC	3670 Pennsylvania Avenue, Weirton, WV	US
S1-615677652	Kennard Bay Resolution LLC	53 Pittroff Avenue, South Hadley, MA	US
S1-170804955	Health Program	38 Clayton Street, Boston, MA	US
S1-735932236	L+ Canadian Inc	963 Jonathan Creek Road, Waynesville, NC	US
S1-822469577	Surya Care Private Limited	No.1, 1St Floor, Rk Residency, Vajarahalli Uttarahall Talgatpura, Kanakpura Main Rd, Bangalore, Karnataka	India
S1-273289590	Bharat Tech Private Limited	Gujarat, Vadodara, 416, Urban -2, Nr Priya Cinema, Opp. Akshar Pavillion, Bhayli Road, Vadodara	India
S1-298986675	Scholarship Bay Fellowship Inc	13313 Dearbonne Drive, Del Valle, TX	US
S1-796569492	Dynamic Financial Partners	1201 Dunn Street, Houma, LA	US
S1-812698028	Elma Ginger Limited	Agra, Uttar Pradesh, H. No. E-361 Kamla Nagar	India
S1-670941535	Stearns Lending Inc	45154 Cypress Lane, Maricopa, AZ	US
S1-128243443	Fortune Engineering Private Limited	Survey No. 2O5, Andhra Pradesh, Askapally Village, Anakapalle, Vishakhapatnam, Visakhapatnam	India
S1-104971129	Gujarat Infotech Private Limited	37, 4Th B Cross, 5Th Blockindl.Lay Out, Koramangala Bangalore-95, Bangalore, Karnataka	India
S1-430153805	Walsh Safe Inc	172 Taylor Street, Zanesville, OH	US
S1-172546984	Nirmala Dream Private Limited	C-6, Satyam Township, Bharuch, Gujarat	India
S1-521185752	Candra's United Agriculture Center	697 Pryor Court, Keller, TX	US
S1-762543032	Southern Infrastructure Private Limited	B 561School Block Shakar Pur, Delhi, East Delhi, Delhi	India
S1-868775054	Urgent Care Coastal Associates PC	503 Parker Street, IA, Tracy	US
S1-306226524	Pope Midwest Magna LLC	607 Towers Drive, Salem, UT	US
S1-458553980	Family Health Inc	46 Cemetery Road, Clermont, NY	US
S1-594266804	Main Street Massage	231 La Hermosa Lane, Salado, TX	US
S1-801528336	National Veterinary Clinic LLC	137 Maple Street, Needham, MA	US
S1-557166318	Corporate Property Solutions Inc.	2377 82, Unit Apartment 2, La Grange, NY	US
S1-990231532	Narnarayan & Sons LLP	K-73, Third Floor, New Mahavir Nagar Tilak Nagar, New Delhi, West Delhi, Delhi	India
S1-537588652	Neva Games	136 Dickerman Road, Newton, MA	US
S1-241071953	Family Partners of Essex LLC	1803 Watermark Way, Essex, MD	US
S1-448119345	Taylor Montessori School	10216 Richsmith Lane, Unit Apt 110, Little Rock, AR	US
S1-633882842	Atria & Brothers Associates	West Champaran, Bihar, Bettiah, R N Sinha Plaza, Church Road Christian Quarters, Bettiah	India
S1-432473509	Innovative Precision Immunopharma LLC	1794 Calvert Street, Cuyahoga Falls, OH	US
S1-955574689	Gardner Defi	WA, Seattle, 930 17th Avenue	US
S1-361304284	Bay Coastal Estate LLC	431 Industrial Drive, Bristol, TN	US
S1-377322372	Maurine Cole Wellness Inc	41 Crowell Avenue, Fort Thomas, KY	US
S1-930585521	Jai Power Private Limited	Ga 12 Beetel Apartment Nanjundapuram Road, Nanjundapuram, Coimbatore, Tamil Nadu	India
S1-579980151	Allen Kogyo	10623 Wessex Drive, Dallas, TX	US
S1-889231644	Chesterfield County Jones	6042 Huntingcreek Drive, Chesterfield County, VA	US
S1-930728017	Golden Consulting Ltd	C/O Pavan Atrauliya Tola Usarhawa Bhatahat, Gorakhpur, Uttar Pradesh	India
S1-91326998	City Foods Private Limited	Plot No107 Ashok Vihar, New Delhi, Haryana	India
S1-817591785	Melva Prescott Strategic Flagstar Co	Katy, 24439 Ranchwood Springs Lane, TX	US
S1-666756344	Mohamed, Hoover and Witt	1807 Robindale Road, Chesterfield County, VA	US
S1-348898062	Cornerstone Third	200 Lafayette Avenue, Unit Unit 205, Suffern, NY	US
S1-886848185	Cecil & Garcia LLC	3724 Bernay Drive, Northbrook, IL	US
S1-208883989	Physical Therapy Classic Partners Associates	1033 Fox Lane, VA, Halifax County	US
S1-797532424	Dental Medicine	1808 Clover Lane, Cecil Township, PA	US
S1-968027374	Jay Estate Private Limited	Mondal Ganthi Bamangachhi, Barasaat, Parganas North, West Bengal	India
S1-324951316	Karuturi Agro Pvt. Ltd.	C/O Honaji Sampat Sakhre, Gh No. Jafrabad Ta. Jafrabad, Dist. Jalna, Bhokardan, Jalna, Maharashtra	India
S1-131261618	Lewis, Black & Harris Home Improvements	OR, Beaverton, 969 208th Place	US
S1-494765006	James Purpose LLC	738 H W Mcpherson Road, Lewisburg, KY	US
S1-630149482	Unified Consumer Systems Associates	7258 Derby Road, Evans, NY	US
S1-540118767	Chand Bricks Private Limited	Delhi, Mohan Singh Palace, Connaught Place, New Delhi, Shop No. 24, Central Delhi	India
S1-644661975	V 7 E Nippon, Inc	AL, Birmingham, 600 6th Avenue	US
S1-197764114	Atlantic Veterinary Clinic	Princeton, WV, 131 Old Logan Road	US
S1-838746748	Vijay It	# 209 Kamla Nehru Colony, Bathinda, Punjab	India
S1-438408520	Capital Complete Applied Inc	3221 Timber View Circle, Bedford, TX	US
S1-66991768	Advanced Innovative Electronics	2541 Canterbury Road, Westlake, OH	US
S1-54569668	Jaramillo, Fry and Davis	154 Oonoga Way, Loudon, TN	US
S1-268105563	Pune Finishers Care	Vadgaon Hno 859 Maval Pune / Vadgaon Pune, Maharashtra, Pune	India
S1-815477791	Pluto Publishing Private Limited	43/44, Staff Road, Parry Hotel, Ambala Cantt, Ambala, Haryana	India
S1-177117659	Carter & Daniel P.C.	151 29th Street, Redmond, OR	US
S1-916485896	Saex Cohen LLC	12217 Arabian Place, Prince William County, VA	US
S1-461615840	Katt and Lambert LLC	CA, 13616 Crawford Court, Fontana	US
S1-252070891	Bliss Lambert, L.C.S.W., P.C.	604 Colleen Drive, Lynwood, IL	US
S1-50241822	Ashish India Pvt. Ltd.	Hno 1-10-75/1/1 To 6, Flat No 301 Saptagiri, Secunderabad, Hyderabad, Telangana	India
S1-164540712	Capital Otg	16280 Dudley Road, Unit 16284C, Vance, AL	US
S1-941604618	Harbor Institute	6 Madison Avenue, Waterbury, CT	US
S1-240965415	Wiley Premier Allstate Inc	350 Parkland Oval, Brunswick City, OH	US
S1-960978601	Solanki Beverages Private Limited	No 68, Saptagiri Layout, Near Bus Stop, Doddabidarakallu, Bangalore North, Bangalore, Karnataka	India
S1-909327031	Fairdeal Constructions Private Limited	22, 4Th Avenue West, 7Th Main Road Dhnadeswaram, Velachery, Chennai, Tamil Nadu	India
S1-157332686	Martita Redic Signature Payment	TX, 4023 Martinshire Drive, Houston	US
S1-581934716	Jenny's Motors Inc.	11 Orlando Avenue, Ardsley, NY	US
S1-232080553	QXP Solutions Private Limited	Shop 24, F.F. J. B. Tower, Opposite Door Darshan Kendra, Drive In Road, Daskroi, Ahmedabad, Gujarat	India
S1-685682724	Balaji Construction Private Limited	No 2/181 Kulakarai Street, Sikkarayapuram, Chennai, Sriperumbudur, Kanchipuram, Tamil Nadu	India
S1-292479695	Paradise Trading Private Limited	3Rd Cross, 8Th Main Pramod Layout, Bangalore, Karnataka, No 180/15	India
S1-535472510	Instinct Techinfra Limited	Kundli, Plot No.A1/62, Kundli, Tdi Club Road, Haryana	India
S1-655265896	Tri-State Investments	7442 Brandamore Court, Elk Grove, CA	US
S1-720293364	Petersen and Stroud LLC	517 Mountain Lake Drive, Raleigh, NC	US
S1-396844583	Caritta E. Gallegos, Esq. Clinic	4247 Briarwood Drive, Unit UNIT 1, Independence, KY	US
S1-240738886	Big Infotech Private Limited	Ground Floor, Pinnac Appt, S No 16/6, Erandwane, Pune City, Pune, Maharashtra	India
S1-719703502	Reese Cayman	1680 Biscayne Drive, Hamilton, OH	US
S1-480773982	Patriot Center	1122 Harrow Road, Toledo, OH	US
S1-354415186	Donnell Beacon Kimco LLC	578 Main Street, Dacoma, OK	US
S1-690055194	Clyial Strategy	17297 Wildwood Street, Surprise, AZ	US
S1-195388757	Cascade Initiative L.L.C.	4011 2nd Street, Taylor, TX	US
S1-804166792	Benavides, Daniels & Smith	700 Town Creek Parkway, Unit K103, Lenoir City, TN	US
S1-720704476	Sai Education Limited	36 Nita Society, Rander Road, Choryasi, Surat, Gujarat	India
S1-627971832	Diamond Alpine, LLC	10244 Prince Place, Unit 204, Upper Marlboro, MD	US
S1-452191191	Bharat Exports LLP	Building No.3/595, Thalapilly, Thrissur, Kerala	India
S1-725038929	Thorson & Bauman Lane	136 Blue Bird Lane, Amherst County, VA	US
S1-208460658	City Consultancy LLP	400/Puthenpurakkal, Vallathode, Cherthala, Cherthala, Alappuzha, Kerala	India
S1-34201500	Gujarat Swastik Consultancy Pvt Ltd	Sec 9 Royalresidency Cghs, New Delhi, South West Delhi, Delhi, Sadhuram Flatno.532/3 Rd	India
S1-362028816	Bhardwaj Education Private Limited	Tirumalagiri, Hyderabad, 4-68/A Ferozguda, Telangana	India
S1-406722987	Yettie Mccready Prudential, LLC	207 Wise Road, Dunn, NC	US
S1-214043758	Direct Advanced Bulkers LLC	3100 Beechwood Lane, Fairfax County, VA	US
S1-881550397	Troyer & Picco Canada LLC	230 Sherry May Street, Alleghany County, VA	US
S1-297365467	ROM Canada Clinic	Austin, TX, 1124 Airport Boulevard	US
S1-820101475	Kanchipuram Stars Private Limited	No.160, Pammal Main Road, Pallavaram, Kanchipuram, Tamil Nadu	India
S1-192474369	Central Materials Union, LLC	4252 1025, Indianapolis, IN	US
S1-614425558	Family Center	334 Nicholson Street, Norfolk City, VA	US
S1-110587875	Black Technologies Private Limited	# 63/B, Bangalore, Jigani Industrial Area, 2Nd Phase, Anekal Taluk, Karnataka	India
S1-383677834	Modern Software Alliance LLC	518 Windsor Court, City Of Fond Du Lac, WI	US
S1-478088814	Green Solutions Private Limited	F-338 3Rd Floor, Gaur City, Ga Laxy North Avenue, Bishrakh, Gautam Buddha Nagar, Uttar Pradesh	India
S1-363551395	Lehra Gaga Agro Pvt Ltd	Sangrur, Punjab, Lehra Gaga, Property No. 304 Anaj Mandi	India
S1-798172343	Clear Horizon Cross	3420 Licking Lane, Zanesville, OH	US
S1-175568515	Pioneer Constructions Private Limited	406 4Th Floor Devatha Plaza Residency Road, Bangalore, Karnataka	India
S1-481519414	Iqra (India) Motors Private Limited	Sco 42 Phase 3B2, Mohali, Punjab	India
S1-756450722	Urban Galaxy Builders Private Limited	98, Tagore Nagar Ajmer Road, Jaipur, Rajasthan	India
S1-996856678	Travancore Realtors Ltd	Survey No.137/2, Plot No.2 Village Rajapara (Khodiyar), Taluka Sihor, Bhavnagar, Gujarat	India
S1-277410684	Sni Consultants Pvt Ltd	4Th Floor, Chopra House 133, Canning Street, Kolkata, Kolkata, Howrah, West Bengal	India
S1-972346510	Rev It Up Hair Studio	5801 Chatsworth Court, Hanover Park, IL	US
S1-270749665	Animal Welfare Choice Association	328 Nantucket Place, Newport News City, VA	US
S1-818097779	Global Payment Industries LLC	188 Derby Street, Unit 2L, Salem, MA	US
S1-129212407	Unified Construction Global	Maple Heights, 17704 Mapleboro Avenue, OH	US
S1-959098204	Shree Technology Private Limited	Ward No. 23, House No. 37 Behind Bardi Dargah, Tehsil- Huzur, Amahiya, Rewa, Madhya Pradesh	India
S1-725968366	Jones, Dallas and Cole Independence LLC	Millington, TN, 6494 Townwood Drive	US
S1-677643060	Family Center	6617 Wachese Lane, Powell, TN	US
S1-730882333	United Infotech Private Limited	A/79, Police Colony Anishabad, Patna, Bihar	India
S1-682557089	Dental Precision Partners PC	2620 83rd Place, Chicago, IL	US
S1-696004468	Innovative Insurance Consultants Inc	4037 Vineyard Drive, Dunkirk, NY	US
S1-246837819	Cardiology Medicine of Mamakating Corp	NY, Mamakating, 209 Allen Road	US
S1-271032553	Primary Care Capital Associates LLC	869 Retriever Way, Galt, CA	US
S1-738549713	Gangika Research Private Limited	211, Vikas Surya Plaza Communitycentre Pitampura, New Delhi, North Delhi, Delhi	India
S1-183893426	Downtown Consultants	1St Floor, Lane K10, Dlf Phase-2, Gurugram, Dlf Ph-Ii, Gurgaon, Haryana	India
S1-32973745	Seify Precision Vision	NC, 203 Magnolia Drive, Sunset Beach	US
S1-319804053	Al International Private Limited	Flat No. 5 R-3 Nehru Enclave, New Delhi, South Delhi, Delhi	India
S1-612438794	Proo of Mokena	19431 Straton Court, Mokena, IL	US
S1-554330389	Metropolitan Starlink Inc	2331 Begonia Avenue, Unit 146, Canton, OH	US
S1-807001194	Bhagalpur Services Ltd	No 4, Mullai Street, Thiruvalluvar Nagar, Avadi, Poonamallee, Tiruvallur, Tamil Nadu	India
S1-205717764	Novel Brothers	Building No. Tmc Xx 383 Pookoth Street, Nr. Vegco Head Office, Taliparamba Po, Kannur, Kerala	India
S1-414997999	Rothschild LLC	3171 Cambridge Square, Unit Apartment C, Hamburg, NY	US
S1-383750514	Prem Dental Private Limited	35, Panambilly Nagar, Ernakulam, Kerala	India
S1-846452289	Precision Harbor LLC	102 Rosebrook Boulevard, Whitehouse, TX	US
S1-510760522	Kellerman Strategic Biotechnologies Inc	Unit UNIT E311, WA, 1730 196th Street, Bothell	US
S1-667822527	Donahue, Hubbard & Mills	1839 Nereid Avenue, Bronx, NY	US
S1-341639557	Oncology Reliable Specialists Inc	242 F A Hughes Lane, Burnsville, NC	US
S1-306323191	Straight Edge Bakery L.L.C.	123 Schoharie Parkway, Unit Room 107, Cobleskill, NY	US
S1-718969126	Little Diner LP	Stanford, KY, 320 Greasy Ridge Road	US
S1-891497179	Bright Integrated	2201 Baker Street, Baltimore, MD	US
S1-181942534	Foundry Hudson Inc	7211 Memphis Arlington Road, Bartlett, TN	US
S1-274941013	Hidalgo Cyber	2218 Parktown Road, Warrenton, NC	US
S1-556213567	A Apex Services LLC	9433 Oxford Court, Kansas City, MO	US
S1-468382952	Shree Systems Pvt Ltd	74/3C, Chakraberia Road, (North), Kolkata, Kolkata, Howrah, West Bengal	India
S1-314121177	RU Express Metlife LLC	4109 Hamilton Avenue, Cincinnati, OH	US
S1-629603513	International Cloud Associates	218 Layton Harris Road, London, KY	US
S1-429932440	Beekay Industries Group Private Limited	16/10/98, Srihari Nagar Minibypass Road, Behind Petrol Bunk, Nellore, Andhra Pradesh	India
S1-684889864	Salter, Livingston and Dean Realty Associates	5082 Hunters Village Drive, Lebanon, TN	US
S1-481277894	Yettie Mccready Prudential, LLC	Amarillo, 17137 Uh 66, TX	US
S1-139557802	Mcgraw and Newman Mission	2339 Avers Avenue, Chicago, IL	US
S1-240828857	Borivali West Water Public Limited	13, B-Wing, Avanti Apartment, Shimpoli Road, Haridas Nagar, Borivali West, Mumbai, Maharashtra	India
S1-159851077	Foundation Shree Telecom Pvt Ltd	R.S 37And38P, Pl 22, 25, 26, Bh Dhanani Steel Atkot Rd, Jasdan, Rajkot, Gujarat	India
S1-429571865	Zaia LLC	440 River Hills Road, City Of River Falls, WI	US
S1-168870108	Santawana (india) Corporation	Rohtak, First Floor, Jagdish Colony, Rohtak, 133/24, Haryana	India
S1-29673479	Summit Marine LLC	403 Old Newport Highway, Greeneville, TN	US
S1-530922548	Green Products Pvt Ltd	T-3 F/F Village Khirki, New Delhi, Delhi, South Delhi, Delhi	India
S1-812117553	Arts Association	1412 8th Avenue, Pine Bluff, AR	US
S1-15858316	Nahar & Sons Private Limited	Manikhamb, Po: Motiganj, Balasore 756 003, Orissa	India
S1-589441794	Universal Technologies Private Limited	Sonbhadra, Anpara, C/O Shri Gulab Chandra Vishwakarma Ward No Three Anpara Abazar, Uttar Pradesh	India
S1-29694367	Plg Academy Private Limited	878/35, Sr-4836, Janta Colony, Rohtak, Haryana	India
S1-510772562	Blue Society L.L.C.	114 Willis Street, Kent, WA	US
S1-385976880	Marciano Optimal Spring LLC	Kings Mountain, 128 Ware Road, NC	US
S1-934823894	Romy Flores Express Harbor	1490 7th Street, Unit 209, Washington, DC	US
S1-838518403	Tnr Public School	Gautam Buddha Nagar, H-97, Sector-63, Uttar Pradesh, Noida	India
S1-884931221	Behavioral Health Specialists Inc	510 20th Street, Temple, TX	US
S1-14313642	Devin Systems Pvt. Ltd.	E-906, Vrundavan Complex Raju Nagar Shivaji Path, Near Gangeshwar Tower, Raju Nagar, Dombivli West, Kalyan, Thane, Maharashtra	India
S1-103808480	Tech Media Pvt Ltd	229Okhla Industrial Estate, New Delhi., South Delhi, Delhi	India
S1-600050562	Kalamassery Fashions Private Limited	8/62 Icta Building Changampuzha Nagar P O, Kalamassery, Ernakulam, Kerala	India
S1-307007657	Duarte Signature European LLC	212 Madison Avenue, Dothan, AL	US
S1-788093057	Pittman Lending LLC	756 Bull Run Road, Luzerne Township, PA	US
S1-303325985	Unified Advertising	1735 Western Lane, Kelso, WA	US
S1-850054495	Global Media Private Limited	No.8, Krystal Avenue Chs Ltd. (Rna Arcade), 1St Floor, Lokhandwala Complex, Andheri West, Mumbai, Maharashtra	India
S1-421344877	Empire Project LLC	4124 Hendrik Isle Lane, Unit 204, Groveport, OH	US
S1-891214116	Jarlon Payment LP	700 Town Creek Parkway, Unit H109, TN, Lenoir City	US
S1-808293476	Kelley First Biopharma Inc.	1095 Western Drive, Unit 177C, Cimarron Hills, CO	US
S1-923951905	Unique Estate Private Limited	Prop Sh. Manoj Gupta S/O Suresh C Gupta Dhani Bhagwali Ward No-7, N.H.8, Kotputli, Jaipur, Rajasthan	India
S1-602674887	Heritage Council III	2500 Q Street, Unit 501, Washington, DC	US
S1-82836722	Ahmedabad Plastics LLP	203, 'Sapath-Il', Opp. Rajpath Club, S.G. Highway, Ahmedabad, Gujarat	India
S1-637938672	Cardiology Medicine LLC	2140 Prairie Field Place, Manhattan, KS	US
S1-211333489	Southworth World LLC	10314 Rambling Trail, Houston, TX	US
S1-873052791	Astha Vidyalaya Ltd	Shop No. 1, Near Mahadik Hostel P.K. Nagar, Dhankawadi, Pune, Maharashtra	India
S1-281174454	Villegas Gravity LLC	Stafford County, VA, 345 Foxglove Way	US
S1-973848498	Peeters and Cochrane Micro PLLC	4231 Laurel Street, Unit APT 301, Anchorage, AK	US
S1-772599545	Allnew Group of Companies Private Limited	Om Prakash Rai, Ground Floor, Vill-Bangra Khata-48, Po-Gopalpur, Panch-Dhodhawaliya, Kuchaikote, Gopalganj, Bihar	India
S1-219661160	Grady & Newell	540 Triple Crown Circle, Gallatin, TN	US
S1-491930432	Evans Capital Partners Associates	MN, 8033 Narcissus Lane, Maple Grove	US
S1-496366760	Allied Ministries, Inc	35 Magness Creek Drive, Cabot, AR	US
S1-935982046	Carter Bancorporation, LLC	5830 Broadway Avenue, Great Bend, KS	US
S1-370993823	Seven Consultants Private Limited	54, Parkhill Society, Nr. Heaven Park Bunglows Opp. Narmda Vasahat, Ramdevnagar, Satell, Ite, Ahmedabad, Gujarat	India
S1-481556005	Star Software Pvt Ltd	4/6/84, Ram Bagh Attapur, Hyderabad, Rangareddy, Telangana	India
S1-834989185	4588 Seventh Court Holdings	1259 Shadow Ridge Drive, Unit 11G, Cottonwood Heights, UT	US
S1-37482472	Mathewson Star Return LLC	124 Main Avenue, Rolla, ND	US
S1-994910861	Innovative Consultants Pvt Ltd	Sri Devi St, Perumal, Nagar Ext Old Palavaram, Tamil Nadu, No.4, Kanchipuram, Tambaram	India
S1-643529323	Shirline's Consulting	1720 Washington Road, North Strabane Township, PA	US
S1-25239994	Baptist Heartland Center Inc	1100 Nebo Road, Muncie, IN	US
S1-760743735	Global Care Private Limited	Shop No. D/101, Baverly Plaza, Ahmadabad City, Ahmedabad, Gujarat	India
S1-493903512	Phipps College	435 32 Road, Unit 800, Clifton, CO	US
S1-28753407	Mensa (India) Rubber Private Limited	D-26 Amardeep Duplex Nr., Mayur Society Arunachl Ro, Vadodara, Gujarat	India
S1-426195274	Certified Diagnostic Labs PC	8032 Elk Avenue, Stonewood, WV	US
S1-127576325	Ridge Enclave LLC	1440 Ballard Drive, Fl 0, Saint Louis, MO	US
S1-217358738	Grand Defense Worldwide	304 Minor Drive, Kansas City, MO	US
S1-91509184	Herrera Railway LLC	4323 Grand Canyon Drive, Fl 1, Chandler, AZ	US
S1-674020007	Patna Services	H.No. 25/B East Anandpuri, Patna, Bihar	India
S1-481476603	Glyphova Providence LLC	24 Maplewood Road, Huntington, NY	US
S1-148268988	Legacy Semiconductor Services LLC	195 Chapel Beck Drive, Kyle, TX	US
S1-945120460	Universal Impex Limited	Flat No 702 Tower, 16Gurgaon Green Sector102, Railway Road, Gurgaon, Haryana	India
S1-887057196	Baez Automobile, LLC	948 Ford Avenue, Elgin, IL	US
S1-521452037	TT Trusted Reserve Corp	1111 E 39th St, Unit APT 202, Davenport, IA	US
S1-165904258	New Delhi Supplies Private Limited	Sco-4 C.S.C. Pocket-C Sarita Vihar, New Delhi, North Delhi, Delhi	India
S1-558133093	Osprey	1306 Linden Avenue, Unit A, Chesapeake City, VA	US
S1-190230104	Halstead's Tri-State Physical Therapy of Manor	13800 Virtue Street, Manor, TX	US
S1-474309173	Meyer Midwest Solana Holdings	4200 Grand Avenue, Minneapolis, MN	US
S1-674661496	Software Instant Buildcon Private Limited	41, Manickpur, Thakur Para Dum Dum, Kolkata, Kolkata, Howrah, West Bengal	India
S1-863383578	Hotel One Tech	3/1 Bahar Chs Limiteds V Road Shanti Nagar Dahiser (E), Mumbai, Thane, Maharashtra	India
S1-257050409	Baroda Power Private Limited	206 R K Centrenear Indian Airlines Fatehgunj, Baroda, Vadodara, Gujarat	India
S1-493230765	Anand Solutions Private Limited	Promotor- 34/46, West Patel Ngr, New Delhi, Delhi	India
S1-708562744	Raks Solar Ltd	5, Fancy Lane (Pannalal Banerjee Lane), Room No-4, Kolkata, Kolkata, Howrah, West Bengal	India
S1-945571256	Cuyler Farms LLC	612 Aspen Avenue, Broken Arrow, OK	US
S1-183375720	Purva Spinners Ltd	New No.51 (Old No.1B2), Vaigai Street, Kamadhenu Nagar, Avarampalayam, Coimbatore, Tamil Nadu	India
S1-933165713	Prevision Projects Limited	115Bashyasarlu Road West R S Puram, Coimbatore, Tamil Nadu	India
S1-886994103	Luelle Donaghy Express LLC	2651 Washington Boulevard, Unit 4, Ogden City, UT	US
S1-15958526	White Management, LLC	2249 72 Avenue, MN, Saint Cloud	US
S1-625392292	Boling, Wickstrom and Risner Thunder Inc	8787 Locust Avenue, Unit UNIT 128, Fontana, CA	US
S1-804765702	Cozy Seafood	2681 Beech Drive, Badger, AK	US
S1-837982028	Baba Tech Private Limited	F/7, Shanti Nagar Co. Op. Industrial Estate, Near Asian Paints, Vakola, Santacruz (Ea, St), Mumbai, Maharashtra	India
S1-864365793	Krithika Consulting	Z-87, Loha Mandi Naraina, New Delhi, Delhi	India
S1-444794053	Raiganj Traders Pvt Ltd	Xiv/561, Peringottukara, P.O.Vadakkummuri, Thrissur, Kerala	India
S1-24305973	Wheatley Bright Laboratories LLC	2809 Johnson Street, Hopewell City, VA	US
S1-390211641	Silver Institutions, LLC	2644 Algonquin Pkwy, Louisville, KY	US
S1-906721431	Nexque Interests LLC	1677 Coopers Hawk Drive, Kernersville, NC	US
S1-230528278	Aarushi Drugs Private Limited	Pocket-A, Flat No. 97, Sarita Vihar, New Delhi, Delhi	India
S1-69244055	Shivam Software Limited	8-2-629/1/2 Mulk Villa Banjara Hills, Road No 12, Hyderabad, Telangana	India
S1-537393820	Dudley Mortgage LLC	5502 220th Street, Unit D203, Mountlake Terrace, WA	US
S1-477704044	Vision Associates Inc	1334 194th Place, WA, Vancouver	US
S1-927488407	Interstate Supreme Brookfield Inc	1500 Broken Arrow Creek Road, Riverside, AL	US
S1-276649532	Great Engineering Private Limited	E-3652, Rajajipuram, Lucknow, Uttar Pradesh	India
S1-452864579	Bpn Clinic	Iiird Floor, Bajaj Enclave Kakrola Mor, N.S.I.T Dwarka, South West Delhi, Plot Rz-1, Delhi	India
S1-345065061	ON Metro Purpose Inc	Orem, 524 Orem Boulevard, UT	US
S1-75576590	Sel Solutions Pvt. Ltd.	2Nd Floor, A-10, Sanskrit Bhawan, Qutub Institutional Area, New Delhi, South West Delhi, Delhi	India
S1-255722643	Horizon Electronics Dynamics	18650 Thompson Peak Parkway, Fl 1, Scottsdale, AZ	US
S1-525586417	Lingo Select Krakacquisition LLC	2148 Oakland Street, Unit B, Nashville, TN	US
S1-808273352	Innovative Products LLP	Wework Seawoods Grand Central, Thane, 10Th Floor, Tower 1, Sector 40, Seawoods Railway Station, Nerul Node, Navi Mumbai, Maharashtra, Thane	India
S1-627176299	Franklin Rapid Pony	2125 Grauwyler Road, Irving, TX	US
S1-469042516	Casper Womens Health Superior Medicine	3930 8th Street, Unit UNIT 304C, Casper, WY	US
S1-348454668	Moore Allegro L.L.C.	747 Center Street, Herndon Town, VA	US
S1-533166316	Advanced Circle	7 St Judes Circle, Florence, KY	US
S1-181727462	Family Choice Association	6326 Karl Road, Columbus, OH	US
S1-188798849	Gold Investment LLP	No.54, Sivamurugan Nagar (Jayalakshmi Nagar) Nandivaram, Guduvanchery, Kancheepuram, Tamil Nadu	India
S1-261410091	Long Canary Inc	AZ, Tucson, 12525 Prince Road	US
S1-621188665	Aurora Biologics LLC	18641 Sandlewood Drive, Goodyear, AZ	US
S1-977077332	Halcyon Tactical	20 Norwood Avenue, Somerville, MA	US
S1-744526142	Super Exports Private Limited	227-A, F/F, Patpar Ganj Mayur Vihar Phase-1, Delhi, East Delhi, Delhi	India
S1-416076670	Pediatric Dental Golden Physicians	790 Heartland Circle, Minco, OK	US
S1-873004842	Inter Exports Private Limited	Sec 1 Unit No 1 Ornetpark Shilaj Ta Dascroi, Ahmedbad, Ahmedabad, Gujarat	India
S1-62778094	Shivam Industries Private Limited	Premises No.2/632-E, River View Colony, 5Th Main 5Th Main Road, Manapakkam, Chennai, Tamil Nadu	India
S1-604135538	Internal Medicine Continental Care Associates LLC	2216 Colonial Court, TX, League City	US
S1-928901897	Global Council IV LLC	931 Jean Avenue, Akron, OH	US
S1-210158703	Quvoor Jackson LLC	4003 Towne Crossing Boulevard, Unit 902, Mesquite, TX	US
S1-144339192	Mcconnell Lifestyle Inc	12700 Bobcat Den Road, Chesterfield County, VA	US
S1-735958413	Transcontinental Technical Collective	808 Richmond Avenue, Unit 218, Columbia, MO	US
S1-127814947	Womens Health Physicians LLC	51 Linden Place, Uniontown City, PA	US
S1-551240139	Prime Care Pvt Ltd	102, 1St Flr, Anvi Apt, Bldg No 2, Station Road, Thane, Maharashtra	India
S1-12470543	Aron Tradexim Pvt. Ltd.	H.No 1-8-506/2/A Prakash Nagar, Begumpet, Hyderabad, Telangana	India
S1-440685117	Simmons & Cheatham Concepts Inc	3762 Tartan Trail, Whitestown, IN	US
S1-500630712	FTH Products	F-104, First Floor, Mcd No 779/Vi, Raghunath Complex, Main Bazar, Mehrauli, New Delhi, South West Delhi, Delhi	India
S1-654285354	Kannapolis Human Rights League	5963 Yale Avenue, Kannapolis, NC	US
S1-834371599	Sree It Private Limited	Second Floor, Plot No.68/2, Layon Grant Village, Jeevajyoti Salai, Thanigai Nagar, Vadape, Rumbakkam, Chennai, Tamil Nadu	India
S1-293007658	Ventures Srk India Limited	14/35, Rbc, Nangal Raya, New Delhi, West Delhi, Delhi	India
S1-887032886	VL Holdings	C/O Laxmibai Bhagirath, 01, Bhagirath Parishad, Shajapur, Madhya Pradesh	India
S1-926080960	Sweet Barbershop! Care	1026 Rambling Road, Buchanan County, VA	US
S1-551483246	Aab Pension	Uttar Pradesh, Agra, Baipur Sikandra, Care Of Santvir Singh, Sadar	India
S1-241307068	Regional Textile Union LLC	117 Peppertree Lane, Painesville Township, OH	US
S1-946387315	Damodar Traders Private Limited	3Rd Cross, Karnataka, Mysore Road, 3, Bangalore	India
S1-685432011	Regional Apparel Consultants	40 Morrow Avenue, Unit Apartment 7CS, Yonkers, NY	US
S1-886818267	Bay Institute of Technology Inc	13048 Rhein Road, Brookville, IN	US
S1-532014972	Custom Automation Products Inc	1291 Farmington Drive, Bedford County, VA	US
S1-211311427	Autism Assistance Program	3783 Love Road, Claremont, NC	US
S1-389778444	Horizon Allied Safeguard, LLC	149 Old River Road, Beaufort, NC	US
S1-48123323	Gujarat Infrastructure Private Limited	Minar Colony Akbarpura, Tolichowki, 9-4-87/B/27, Telangana, Hyderabad	India
S1-164449806	Azle Baptist Center	105 Rhoades Street, Azle, TX	US
S1-717458211	Verray Concord L.L.C.	11 Meadowlark Drive, Browning, MT	US
S1-379427811	Aurora Andretti LLC	605 Gin Lake Trail, Fort Worth, TX	US
S1-316431649	Tejavi Sports LLP	No B-310 Commanders Glory, 1St Cross, Singapura Vill, Bangalore North, Bangalore, Karnataka	India
S1-581700641	Walz Preferred Fortune, LLC	1032 Spring Time Lane, Weimar, TX	US
S1-809733314	North Technologies Private Limited	W/O Dasrath, Kantit Majhi, Vidhyachal Kantik, `, Mirzapur, Uttar Pradesh	India
S1-164301749	Verrex Pipeline Group	18 Broadway, Boston, MA	US
S1-786335544	Rutledge Open, LLC	TN, Woodlawn, 4065 Oakwood Road	US
S1-478820040	Shannon Exchange	La Verkin City, 261 210, UT	US
S1-239610921	Corner Bike Shop	101 Stone Canyon Drive, Georgetown, TX	US
S1-145911377	Infinix Technicians of Thiruvarur LLP	Bazaar Street Nannilam, Thiruvarur, Tamil Nadu	India
S1-81569423	Shaull National Natural	200 Second Street, Tabor City, NC	US
S1-247697728	East Consultants	H.No.8-3-225/A/123 Yousufguda, Hyderabad, Telangana	India
S1-288112872	Oconnor Fashion Inc	VA, Unit STE 304, Fairfax County, 6563 Grange Lane	US
S1-395769586	Hotel Business Private Limited	Sno-125/1, Fatehlal Bungalow, Law Collage Road, Pune City, Pune, Pune (Cb), Pune City, Pune, Maharashtra	India
S1-346751423	Delavan Urgent Care Specialists	108 Heritage Lane, Delavan, IL	US
S1-203216645	HQA Summit Limited LLC	OR, 300 East Street, Joseph	US
S1-459681106	Raj Nile Limited	Door No.270, First Floor, Z Block, 5Th Avenue, Egmore Nungambakkam, Chennai, Tamil Nadu	India
S1-808083532	Vogel Australia, LLC	404 Burning Tree Drive, Satsuma, AL	US
S1-197786999	Redwood Agriculture L.L.C.	260 Ansley Court, NY, West Seneca	US
S1-44439750	Pacific Outdoor L.L.C.	517 Pennsylvania Avenue, Independence, KS	US
S1-918344320	Golden Public School	Bihar, Patna, At- Devesh Kumar, S/0- Sri Ram Nandan Prasad, Flat No 304, Mundeswar Shibu Saran Apartment, Phulwari	India
S1-742535460	Ss Software LLP	Thane, Plot No. B-86, Hemkunth Chs Ltd., Sec-23, Shop No. 7, Maharashtra	India
S1-995494699	Gama Voyages Pvt. Ltd.	D.No.11, Pl No.1388, I Block, 10Th St, Egmore Nungambakkam, Chennai, Tamil Nadu	India
S1-698855576	Vaayuin Consultants Pvt Ltd	Flat No.701, C Wing, Bldg 26C, Opp Mantri Park, Goregaon East, Mumbai, Maharashtra	India
S1-776253950	Diamond Women-New Delhi	C-2/287Yamuna Vihar, New Delhi, East Delhi, Delhi	India
S1-657610010	Samarth Insurance Private Limited	Gala No Brm 05, Devi Dayal Compound, Darukhana, Mazgoan, Mumbai, Mumbai City, Maharashtra	India
S1-737174937	Eastern Engineering Private Limited	B1/5A Sec-11, Sec 11, Ballabgarh, Faridabad, Haryana	India
S1-100190437	Guffey Metro Digital Associates	4829 Guinn Road, Knoxville, TN	US
S1-292860707	Arts Fellowship Inc	2434 Northland Avenue, Saint Louis, MO	US
S1-296836145	Dattawadi Can Private Limited	409, Parvati Park, Panmala Pune-Sinhgad Road, Dattawadi, Pune, Maharashtra	India
S1-671198425	Preferred Appliance Group	27 Pennwood Drive, Brookhaven, NY	US
S1-141151790	Vanguard	106 Glasgow Court, Frederick County, VA	US
S1-392418221	Albatross & Co	Plot No R-313, Rabale Midc, Rabale, Navi Mumbai, Navi Mumbai, Thane, Maharashtra	India
S1-290249415	Matthews, Lettie, D.C.	605 Dream Catcher Way, Unit 232, Gatlinburg, TN	US
S1-844084580	Summit Fortune L.L.C.	4253 Coal Street, San Tan Valley, AZ	US
S1-937820959	Safe Rocky Assets	19341 Chestnut Avenue, Country Club Hills, IL	US
S1-93954704	Southern Ace Technology Private Limited	259-34 Pal Bichla, Ajmer, Rajasthan	India
S1-237531955	Briggs Family Practice Care	62088 Fruitdale Lane, La Grande, OR	US
S1-150248943	Tarak Seva Samiti	Flat No. 201, 2Nd Floor Sundar Arch 580/R, Mahalaxmi Nagar, Indore, Madhya Pradesh	India
S1-415683118	Future Baba Investments Private Limited	A101, Bangalore, Karnataka, Bangalore North, Phase1Dsrwhitewaters, Doddakanneliroad	India
S1-435922268	Catherin Self Railway LLC	6136 Owen Street, Birmingham, AL	US
S1-981145675	Jalsagar Interchem Private Limited	P.No.386, S.No. 190/B1A4, Sivaprakasham Nagar, Surapet, Ambattur, Chennai, Chennai, Tamil Nadu	India
S1-634158354	Cornerstone Pioneer LLC	89 Dempster Avenue, Memphis, TN	US
S1-745876210	Arrazola and French	817 Tom Cook Drive, Durham, NC	US
S1-602197156	Lonet LLC	507 Maple Leaf Drive, Antlers, OK	US
S1-943188950	Sunrise It Private Limited	No 559, 3Rd Stage Beml Layout R R Nagar, Bangalore, Karnataka	India
S1-92146381	Seven Hospitality LLP	Chitwadgi, Hospetbellary District Karnataka., Karnataka	India
S1-927398266	Tanner Institute of Technology Inc	Owings, 9020 Southern Maryland Boulevard, MD	US
S1-469454654	Hardy's Specialists	111 Needle Street, De Queen, AR	US
S1-305833982	Sirius Therapy Center	Brimfield, 9327 Philander Chase Lane, IL	US
S1-122026685	Complete Brookfield Co	5203 Scott Street, Richmond City, VA	US
S1-2571740	Downtown Deli	221 Old Hickory Boulevard, Nashville, TN	US
S1-600243872	Nichols Transportation Inc	425 N 7th Street, Springfield, IL	US
S1-613367099	Shaffer Partners	IA, 14365 32nd Street, Burlington	US
S1-585092479	CE Services Pvt Ltd	S.C.O. 37, Sector 12, Panchkula, Haryana	India
S1-111612678	V & X National PC	1417 Garmon Ferry Road, Atlanta, GA	US
S1-385605227	Joelie Justice Companies	4492 Lake Road, Coben, IL	US
S1-578017444	Select Staffing Innovations Inc	96 Plunkett Street, Pittsfield, MA	US
S1-69576315	Kalash Public School	C/O. Sabita Hore, Sarojinipally Po- Nabapally, Ps- Barasat, Kolkata, Parganas North, West Bengal	India
S1-364941877	Dream Infotech Private Limited	B-141, Ground Floor, Phase-I Mayapuri Industrial Area, New Delhi, Delhi	India
S1-998474674	Jay Technology Private Limited	Kota, Rajasthan, Keshav Pura, A-V Kota 0, C/O Sanni Bai, Kota	India
S1-613215990	Choice Automation Networks Inc	1914 Bergen Street, Hempstead, NY	US
S1-591867537	Supreme Hospitality Private Limited	Tamil Nadu, Chennai, 9 Parthasarathy Streetsaligramam Chennai	India
S1-338039917	Vang Two LLC	5377 Otto Place, Oak Lawn, IL	US
S1-606990226	Luck European	7117 Dominican Drive, OH, Clayton	US
S1-56571301	Harley Paredes, MD LP	TN, Huntingdon, 163 Court Square	US
S1-287872522	Mumbai Buildcon Ltd	Flat No-73, Kalpataru Pinnacle, Opp Inorbit Mall Goregaon Mulund Link Road, Goregaon, Mumbai, Mumbai City, Maharashtra	India
S1-595378992	Continental Holdings Group	6936 Gourd Branch Road, Lucama, NC	US
S1-745804570	Neelkanth Developer Private Limited	Uttar Pradesh, Puneet Vrindavan Sanjay Place, Agra, G-8	India
S1-883758503	Internal Medicine Partners Inc	506 Briarwood Lane, Bedford, IN	US
S1-745923829	Seven Black Impex Pvt Ltd	Prajapati Vas, At Post - Kujad, Daskroi, Ahmedabad, Gujarat	India
S1-445783386	Hemani Entertainment Pvt Ltd	Flat No 801 Pocket 1, Paschimpuri, New Delhi, West Delhi, Delhi	India
S1-117346143	Moran, Law and Lee Inc	3849 Biz Point Road, Anacortes, WA	US
S1-577838745	Cure Bike Shop	2 Griffin Circle, Unit Apartment D, Bethlehem, NY	US
S1-473612439	Legacy Premier White LLC	19 Forest Street, Unit 43, Cambridge, MA	US
S1-90436825	#4 Developments LLC	106 Davis Boulevard, Atlantic Beach, NC	US
S1-927153744	Rorao Group	8189 Elmwood Drive, Dubuque, IA	US
S1-309290416	Forex Institutions Private Limited	203, Ii Floor, Malhotra Complex, Shakarpur, Delhi, East Delhi, Delhi	India
S1-686932243	Surgical Health LLC	75 Essex Avenue, Gloucester, MA	US
S1-779201632	Trusted Charles	4 Wall Street, Unit 102, Asheville, NC	US
S1-389127415	Asset Building Coalition	6066 Wagon Wheel Road, Lakeside, AZ	US
S1-588078063	Looper Management	418 199th Place, Lynnwood, WA	US
S1-915446690	Hawthorne General	123 Robson, Unit 111, Mesa, AZ	US
S1-357973895	Aradhana Parekh Partners	H No 447 Kondapur Izzath Nagar Serilingampally, Hyderabad, Rangareddy, Telangana	India
S1-121152064	Willshire Chiropractic Complete Clinic	OH, 1162 Sr 81, Willshire	US
S1-633291467	Urban Technology	33/933 2Nd Floor Afiya Building, Quilandy, Kozhikode, Kerala	India
S1-633020800	Vision Energy Private Limited	S/O Suryanarayana Shetty 3Rd Block, 4Th Main Kuvempu Nagar, Tumkur, Karnataka	India
S1-923106068	Srikrishna Vidyalaya Ltd	Md-59, Eldeco Mansion 2 Uppal Southend, Sohna Road, Sector 48, Gurgaon, Haryana	India
S1-683200094	Big Grill	6912 Clement Avenue, Cleveland, OH	US
S1-833741884	Dynamic Energy Collective PLLC	456 Coronation Drive, Franklin, MA	US
S1-849320993	Hortense's Hospitality	1407 3rd Street, Ponca City, OK	US
S1-322106318	Mumbai Logistics Limited	Mumbai City, 212, Maharashtra, Mumbai, L-59/60, Yogi Prestige Yogi Nagar, Eksar Road, Borivali (W)	India
S1-943276194	Smart Hospitality Enterprises	OH, 700 Newport Street, Newcomerstown	US
S1-681616126	Super Consultants Private Limited	Survey No 118 And 139, Flat No Gd24A101, Tower A, 1St Floor, Sarjapur Hobli, Anekal Taluk, Anekal, Bangalore, Karnataka	India
S1-18422156	Fuller, Juarez and Cabral	9138 Hibbing Point Road, Cook, MN	US
S1-315818204	Ridge Safe LLC	275 Henson Road, Adamsville, TN	US
S1-445172450	F 7 Crystal Mercator LLC	14510 L Lee Road, Fairfax County, VA	US
S1-479406964	Knowledge Hiring Limited	B-102, Swasthya Vihar, New Delhi, Delhi	India
S1-638383068	Saint Methodist Church	Unit 2, 324 Parker Street, New Bedford, MA	US
S1-615549439	X N & E Rmg LLC	233 Greenlawn Boulevard, Weirton, WV	US
S1-537346310	Delta Signature Capital	Fl 1, WA, Olympia, 7831 Ostrander Court	US
S1-305966960	Best Jai Media Private Limited	C/O Bhalchandra Kakde, H.No. 64, At Dhanora, Sillod, Aurangabad, Maharashtra	India
S1-727048357	My Hotel Enterprises LLP	No.2/760, Kakkat Edavanakad P O, Ernakulam, Kerala	India
S1-163139617	Ahmed Mitsubishi Inc	N80W24212 Plainview Road, Village Of Lisbon, WI	US
S1-885801829	Bansal Advocacy Pvt Ltd	7, Spring Valley B/H Karanavati Club, S G Road, Ahmedabad, Gujarat	India
S1-31653534	Camron Clinic	D-4 Neelkanth Apartments W-271 Krishna Park Estn, New Delhi, West Delhi, Delhi	India
S1-860484226	Fevois Star Fresenius LLC	106 Bennett Road, Voluntown, CT	US
S1-105879062	Ivette Giles Vendome	135 87th Court, Fl 0, Haysville, KS	US
S1-263775544	Gulf Detailing Inc	1196 Mckenzie Road, Collinsville, TX	US
S1-232145085	Miranda Mcclure Sound LLC	6229 Grace Marie Drive, Clarksville, MD	US
S1-864103815	Lunn Soulpower LLC	205 Harrington Avenue, Crown Point, IN	US
S1-703643195	Star Services Private Limited	B-1103, O2 Commercial Building, Plot No. 23-24, Near Minerva Industrial Estate, Mulund (West), Mumbai, Maharashtra	India
S1-561072923	Value Mountain Electricity Inc	72 Main Street, Unit Apartment 1, Hoosick Falls, NY	US
S1-452838567	Apex Seven Technology Private Limited	1/196 & 1/199 Vijesh Bhavanam Vallickavu, Clappana Po, Kollam, Kerala	India
S1-279907427	Christiansburg Town Harvard LLC	Christiansburg Town, VA, 511 Craig Street	US
S1-233419946	Makwana Bhavani Private Limited	Third Floor, E-2/237 (E-2/237A And E-2/238C) Block E-2 Shastri Nagar, Delhi, New Delhi, Delhi	India
S1-147728157	Piedmont Ocean Inc.	4507 Arendale Square, Fairfax County, VA	US
S1-866946030	Tri-State Foundation LLC	5045 121st Place, Alsip, IL	US
S1-603732892	Hapur University Clinic	81, Pucca Bagh, Hapur, Ghaziabad, Uttar Pradesh	India
S1-35927717	Jai Projects Private Limited	Flat No. 103 Shree Chintamani Chs Ltd, Plot D 118, Nerul G.E.S., Sector 20, Nerul, Navi Mumbai, Thane, Maharashtra	India
S1-554828233	X O & R Ligand LLC	9505 43rd Street Court, University Place, WA	US
S1-399343839	Capital Select Oceanhawk LLC	6401 183, Austin, TX	US
S1-311425782	Golden Ventures Pvt Ltd	A-1504 Sec 77 Prateek, Wisteria, Opp Northoeye, Noida, Gautam Buddha Nagar, Uttar Pradesh	India
S1-510474632	Shreenath Sangh	Mumbai City, Mumbai, Maharashtra, Church Road Kalina, Hex 32 11 Nester Comp	India
S1-233864837	Integrated Supply Alliance Inc.	125 Pompano Lane, New Philadelphia, OH	US
S1-667858920	Eastern Finance Pvt Ltd	20A Sarat Bose Road, Kolkata, Howrah, West Bengal	India
S1-136720669	Lewis Produce LLC	4164 Albany Post Road, Hyde Park, NY	US
S1-799381223	Laxmi Trading Pvt Ltd	Telangana, Hyderabad, Bhanjara Nivas 6-3-661/D, Sangeet Nagar, Somajiguda, Flat No: 3	India
S1-73825208	Jaquenette Snyder Hologram LLC	520 Franklin Court, Sunnyside, WA	US
S1-711666084	Hardy Environmental Services Inc	100 Will Rogers Drive, Unit LOT 3, Kingfisher, OK	US
S1-457288328	Meridian	2544 Happy Valley Drive, Fl 1, Medford, OR	US
S1-675527722	REK End	2315 Jebens Ave, Unit APT 2, Davenport, IA	US
S1-618211704	Consolidated Education Systems Associates	948 Cowley Drive, Westfield, IN	US
S1-503716991	Kahrs Strategic LLC	357 Shady Grove Road, Lancing, TN	US
S1-204502871	Institute & Co	Mahendra Roy Lane, Gobra, Near Bawanpara Bazar, West Bengal, Howrah, Kolkata, 16/1	India
S1-681062862	Dawson Lincoln LLC	130 Dewey Road, Pangburn, AR	US
S1-962885564	Tri-State Keystone Realty Inc.	5112 54th Avenue, Unit 5, Hyattsville, MD	US
S1-993303354	Rasik & Co	401, Gala Empire, Opp. Tv Tower, Ahmadabad City, Ahmedabad, Gujarat	India
S1-569034042	Comfort Electricals Private Limited	3, Parmeshwar 2 Bunglow B/H Satyamev Hospital, Chandkheda, Ahmedabad, Gujarat	India
S1-44641303	Royal Heritage Bsp Inc	720 Converse Drive, Cincinnati, OH	US
S1-255002067	Han, Doyle & Hostetler	6434 Perrin Way, Carmichael, CA	US
S1-521214871	Liberty Strategic Currencyshares LLC	WA, 19611 Ellis Lane, Spanaway	US
S1-135116027	Sr & Co	Space No 302, Gurgaon, Haryana, Imt Manesar, 3Rd Floor Eros Corporate Park	India
S1-817770489	Manipur Producer Private Limited	Flat No.501, Wt Twin Tower, South Gandhi Maidan, Phulwari, Patna, Bihar	India
S1-807440175	MIG Exports LLP	B-60, Paryavaran Complex Mehrauli, New Delhi, Delhi	India
S1-400759086	Orbit Hospital Pvt. Ltd.	Karimnagar, Vemulawada, Shop No: 9 2 71/1, Chekkapally Rd, Telangana	India
S1-319865863	Mix Great Realty	2045 Wilmington Avenue, Salt Lake City, UT	US
S1-826102775	Daspalla & Co	779 Gali No - 3 New Seelampur, New Delhi, North Delhi, Delhi	India
S1-124234939	Hunger Foundation	190 Fisher Road, Spruce Pine, NC	US
S1-525307621	Larkin, Mcgraw & Kohn L.L.C.	2601 Central Avenue, Minot, ND	US
S1-538482052	Unique Consultancy Private Limited	House No. 2659-1A Pratap Nagar Nagpur, Nagpur, Maharashtra	India
S1-330472501	NPS Value Boral LLC	211 Talsman Drive, Unit 4, Canfield, OH	US
S1-606031400	Golden Media Private Limited	6-3-1187/4/204, Srinivasa Towers, Greenlands, Begumpet, Secunderabad, Hyderabad, Telangana	India
S1-366670957	Mercurio Rmg Inc.	Leesburg Town, VA, 1001 Wythe Court	US
S1-114740443	Yang Regional Artificial LLC	3 King Avenue, Binghamton, NY	US
S1-371226058	Abbye Greer Maritime LLC	NM, 1107 10th Street, Eunice	US
S1-125868256	Chavez, Taylor & Campbell Manulife	4423 Sheridan Road, Chicago, IL	US
S1-93765983	India Rayal Station Limited	N-5/112, Irc Village, Nayapalli, Bhubaneswar, Khordha, Orissa	India
S1-31577444	Holy Zion Corp	48 Richland Cove, Jackson, TN	US
S1-211933885	Piedmont Cornerstone Law Group	4611 Taylors Chapel Road, Crossville, TN	US
S1-451852407	Ss Consulting Limited	B-46-A, Flat No. 4, New Delhi, South Delhi, Delhi	India
S1-888299169	Amber Inc.	6727 Pawawna Drive, Fort Wayne, IN	US
S1-736468322	Mountain Reliable Defense	47 Redbird Street, Little Sandy, KY	US
S1-623317515	WI Industries Private Limited	H. No-J-1/95 T/F Khirki Extension, New Delhi, South Delhi, Delhi	India
S1-763075455	Carrera Immersion of Olney	18626 Shadowridge Terrace, Olney, MD	US
S1-100142910	Patel American Acres Corp	21668 Espinoza Loop, TX, San Benito	US
S1-57083831	Person, Valida, O.D.	129 Circle Drive, Joliet, IL	US
S1-777715178	Mind & Brothers Private Limited	56-A, Blk-14, Lig Sec-135, Noida, Gautam Buddha Naga, Noida, Gautam Buddha Nagar, Uttar Pradesh	India
S1-437236450	Panchapakhad Texfab Private Limited	Plot No. 65, Room No. D- 7, Mayuresh Cooperative Housing Society, Panchapakhad, Thane, Maharashtra	India
S1-53240653	Vanguard Analytics Systems	6880 Burkitt Road, Nashville, TN	US
S1-599950033	Perfect Tech Private Limited	39A, Ground Floor, Dda Flat, Shahpurjatt, New Delhi, Delhi, New Delhi, Delhi	India
S1-799021888	Danita Barcenas World LLC	IN, 65365 County Line Road, Millersburg	US
S1-248379964	Prime Virtus Care	509 Dry Creek Road, Robbinsville, NC	US
S1-340500140	Kritika Steel Private Limited	Sakthinagar, Srivilliputturroad, Rajapalayam. Road, Rajapalayam., Rajapalayam, Virudhunagar, Tamil Nadu	India
S1-372386408	Soler End LLC	2588 Baker Ridge Drive, Atlanta, GA	US
S1-624466239	Frontier Trading Inc	770 Field Street, Tahlequah, OK	US
S1-355441545	Gateway Sangh	132-137, 3Rd Floor, D.D Milestone, Ernakulam, Kerala	India
S1-61530910	Movoex LLC	161 Carly Circle, Fl 1, Medford, OR	US
S1-531630929	Behavioral Health Medicine	540 Deer Creek Ford Road, Linden, TN	US
S1-702132467	Foot & Ankle Keystone Clinic	South Bend, 1638 College Street, IN	US
S1-885675305	Candid Hills Private Limited	79 80 Mahalaxmi Indl Estatenr Cadila Crossing Nr Bombay Conductor Vatva, Ahmedabad, Gujarat	India
S1-733915590	Board of Education	IL, 2935 Douglas Avenue, Jerome	US
S1-105541745	Judd Tankers Inc	4423 Robinson Street, Duluth, MN	US
S1-848856665	Milholland Keycorp LLC	579 Cherrywood Road, Mckenzie, TN	US
S1-834025041	Daggs Pediatrics-Schaumburg	115 Salado Court, Schaumburg, IL	US
S1-398323040	Little Pizza Clinic	Unit 219, 2700 Charlotte Avenue, Nashville, TN	US
S1-512780315	Silver Seafood	CT, 19 Easy Rudder Lane, West Haven	US
S1-453501400	Esvee & Brothers Private Limited	Flat No 102, Spline Arcade, 1St Floor Plot No 1208, Ayyappasociety, Madhapur, Hyderabad, Rangareddy, Telangana	India
S1-834206481	North Aerospace Inc	1664 Masury Road, Masury, OH	US
S1-627995827	F E & B Technical	68 Orange Avenue, Ambler Borough, PA	US
S1-458382294	1126 Lake Boulevard Realty PLLC	Lutherville, 106 Harding Street, MD	US
S1-994895264	Antony Engineeringprivate Pvt Ltd	H.No.2110, Flat.4041 4Th Flr, Meraj Apt, Wafa, Complex, Shantinagar, Piranipada, Bhiwandi, Bhiwandi, Thane, Maharashtra	India
S1-226128307	New Estate Private Limited	6/2084, 2Nd Floor, Cabin No.202, Matruchaya Bldg, Rampura Main Road, Patidar Bhavan, Mahid, Harpura, Surat, Gujarat	India
S1-877503162	Huntsville Youth Royal Center	105 Bel Air Road, Huntsville, AL	US
S1-884471802	Fairway International Private Limited	7/1, Pt Rajan 6Th Street, Narimedu, Madurai, Madurai North, Madurai, Tamil Nadu	India
S1-264995284	OBP Resorts Limited	At H. No. 18-86-13 Dhait Nagar Tq. Ambad Dist Jalna, Jalna, Maharashtra	India
S1-428479027	Times Infracity Limited	T 58 Opp A134 Guiranco, Delhi, North West Delhi, Delhi	India
S1-679720997	Intent (India) American Private Limited	Unit No 704 To 708, 7Th Floor, Eldeco Corporate Tower, Vibhuti Khand, Lucknow, Uttar Pradesh	India
S1-477239730	Aarav Educational Society	No.282, 3Rd Floor Manjunatha Layout S.G.R Dental College Road Munnekolala, Bengaluru, Bangalore, Karnataka	India
S1-308192049	Bailey's First Design	7828 135th Avenue, Redmond, WA	US
S1-154473220	Safe Guaranty, LLC	203 Center Street, Arispe, IA	US
S1-280614261	Brunner Clear Harvard Care	1126 W Breckinridge St, Louisville, KY	US
S1-814281553	Urology Metropolitan Center LLC	63 Wolcott Road, Hempstead, NY	US
S1-474365263	Value Diagnostic Concepts LLC	29 Gutierrez Road, Mosquero, NM	US
S1-857704674	Heart Society	232 Nc 8802, AR, Jasper	US
S1-612804179	Bright Projects Private Limited	Killa No. 4223, Mu No. 47, Khatoni No. 529, 146, Karma Proseser, Faridabad, Haryana	India
S1-714963100	Surya Tech	C-19 Swaranjali, Shivtirth Nagar Paud Road, Pune City, Pune, Maharashtra	India
S1-320396257	Bangalore North Liability Private Limited	#17, 2Nd Floor, 7Thmainroad, 2Nd Stage, Hoysala Nagar, Bangalore North, Bangalore, Karnataka	India
S1-545437901	Ulloa Family Practice	6393 Stone Park Cove, Memphis, TN	US
S1-719737566	Pest Brothers Corp	The Water Mark Building, Mezzanine Floor, Plot No 11, Survey No 9, Hitech City, Serilingampally, K.V.Rangareddy, Telangana	India
S1-556059498	All Management LLP	B-2, Pimpleshwar Society Near Vaibhav Industry, Opp. Raheja Complex, Deonar Govandi (E), Mumbai, Maharashtra	India
S1-618196842	Shuban Biotech Private Limited	Bangalore, Hampstead 1102 Brigade Metropolis, Bangalore, Garudacharpalya, Karnataka	India
S1-846810803	Surgical Care Associates	12820 212, Clackamas, OR	US
S1-202691728	Novue Corp	56 Jennifer Lane, Savannah, TN	US
S1-951801808	Rachel Nelson, Ph.D., M.D., P.C.	204 Park Avenue, Unit D, City Of Wilson, NC	US
S1-506731404	Advanced Regional Chase Inc	3711 Monroe Street, Milwaukie, OR	US
S1-535456784	Smith Manufacturing Center	24 Granville Road, Southwick, MA	US
S1-640532954	Ayon Middle Private Limited	C/O-Tahirul Hasan, Vill-Paharpur, Chakbharo, Simri Bakhtiarpur, Saharsa, Bihar	India
S1-440113538	Campana, Champion and Jones Mercator Group	43 Magnolia Drive, Hopkinton, MA	US
S1-57823161	Sheryl Contreras, Ph.D.	146 Brookwood Lane, Brookhaven, NY	US
S1-317484155	Gates United Solana LLC	1601 Main Street, Unit C, North Canton, OH	US
S1-368575822	Direct Bold LLC	5355 Petticoat Lane, Austin, TX	US
S1-784068000	Aastha Centric	4034/1, Second Floor, Room No 5, Naya Bazar, Delhi, North Delhi, Delhi	India
S1-269899000	F+ Arbor	Worcester, MA, 41 Potomska Street	US
S1-719157582	Yasoda Seva Samiti-Mumbai	A-4, Maharashtra, 1St Floor, Shree Siddhivinayak Plaza, Plot No. B-31, Off New Link Road, Andheri West, Mumbai	India
S1-749354379	Saroornagar Capital Limited	1001, 11Th Tower, Vasavi, Srinilayam, Rtc Colony, Saroornagar, K.V.Rangareddy, Telangana	India
S1-877244418	Lotus Investments Private Limited	Hnob/994 Urban Unit Tq Basmat Dist Hingoli Basmath, Hingoli, Maharashtra	India
S1-390672369	Kelley Global LLC	10002 Odin Cir, Unit 203, Louisville, KY	US
S1-998866918	Anchor Payroll Systems L.L.C.	NC, 4509 Pliney Farlow Road, Trinity	US
S1-57103527	Woodall Silver Pembina LLC	401 21st Street, Kannapolis, NC	US
S1-271545327	Gulf Pioneer Series Inc.	32 Woodland Avenue, Mashpee, MA	US
S1-701401531	Foot & Ankle Clinic	1847 Boulder Springs Drive, Unit APT A, Saint Louis, MO	US
S1-780228915	Oncology United Specialists Inc	1510 Greenfield Avenue, OH, Springfield	US
S1-57374038	Palladam Future Co	Appanaicken Patti Village, Sulur, Tamil Nadu, Coimbatore, Palladam, Sf No 412/1B	India
S1-346247823	Chaitali Ship Private Limited	B-45 Vir Nagar Jain Colony, North Delhi, New Delhi, Delhi	India
S1-111060533	Burleson Global Otg LLC	318 435, UT, Vineyard	US
S1-322737511	New Delhi Infrastructure Limited	Mr. Shahezad 7/48 Dakshin Puri, New Delhi, Delhi	India
S1-842309770	Bombay Investment Pvt Ltd	Karnal, #372, Haryana, Karnal, Sector 8, Urban Estate	India
S1-593296936	Trusted Elm Inc	Tulsa, OK, 7783 Skelly Drive	US
S1-606067014	Annabell M. Oswald, D.O., M.D., P.C.	422 Clinton Avenue, Akron, OH	US
S1-907198904	Baron & Brothers Private Limited	1903G, Near Sector 14 Road, Rajiv Nagar, Singha Enclave, Sadar Bazar, Gurgaon, Haryana	India
S1-671932680	Premier Verde Inc	1190 Linnview Dr, Marion, IA	US
S1-719020985	Regional Unified Center	7831 Kimble Street, Houston, TX	US
S1-124734024	Pediatric Dentistry Care Associates of Sevierville LLC	2756 Murray Ridge Road, Sevierville, TN	US
S1-952357233	Ritea Development Inc	W859 State Highway 86, Ogema, WI	US
S1-741972691	A Custom Calisa Inc.	4825 Turnberry Drive, West Des Moines, IA	US
S1-24834246	Foot & Ankle Medicine Inc	2320 10th Avenue, Rockford, IL	US
S1-128178761	Jain Logistics Pvt Ltd	H No - 3473, Vidyut Nagar, M I G, Ph -Ii, Hyderabad, Ramachandrapuram, Medak, Telangana	India
S1-984752107	Dpk College	Flat No 105 Gns Residency, Bhagathsingh Main Road, Bangalore South, Bangalore, Karnataka	India
S1-132413342	Downtown Pilates	611 Skylark Lane, City Of Janesville, WI	US
S1-508312618	Castro Hawk Inc	101 Water Street, NY, Ithaca	US
S1-959467431	Behavioral Health Physicians Ltd	1025 Shackelford Road, Unit APT B, Florissant, MO	US
S1-709430478	Interstate Foundation	1079 Tally Place, Memphis, TN	US
S1-847348470	Express Education Holdings	462 County Road, Oak Bluffs, MA	US
S1-939478480	Cooper & Wall Inc	119 Boarstall Creek, Durham, NC	US
S1-120798734	Trinetra Wildlife Private Limited	Gwalior, Sanjay Complex Jayendraganj, Lashkar, S-36, Madhya Pradesh, Gwalior	India
S1-859573566	United Investments Limited	Aswathy, Tc.25/3939, Kowdiar P.O., Thiruvananthapuram, Thiruvananthapuram, Trivandrum, Kerala	India
S1-126402871	Surgical Medicine Inc	Sevierville, TN, 1773 Dixon Branch Road	US
S1-656080279	Lotus Solutions Private Limited	Dampura Bhamati Road, X-Me, R, 06-100Kva, Bhamti Road, Mhow, Indore, Madhya Pradesh	India
S1-630084104	Select Infrastructure Digital	MN, 2000 W River Road, Minneapolis	US
S1-464878013	De Witt Siddhi	802 5th Street, De Witt, AR	US
S1-494258362	Hansen and Dukes Maintenance Inc	2350 Brown Ridge Road, Yosemite, KY	US
S1-315709243	Ange Rodriguez Valley Chs LLC	75 Dorothy Drive, Middletown, CT	US
S1-779376543	Rashi Club Corp	Bhopal, E2/36, Ground Floor Arera Hills, Bhopal, Madhya Pradesh	India
S1-877248625	Kaycee's Pinnacle Retail Center	4718 Deercreek Road, Millcreek, UT	US
S1-158464239	International Ventures Private Limited	Alam Gunj Shakka Toli Po Gulzar Bagh, Patna City, Patna, Bihar	India
S1-793898732	DE Ridge Clough LLC	639 Gheens Ave, Louisville, KY	US
S1-587870246	Chandan Consultants	P No: 14, Scheme No: 21 South, Newaru Road Jhotwara, Jaipur, Rajasthan	India
S1-60692380	MIE It Private Limited	G/3 Gr Floor Shree Sai Martand Chs Beh Jain Temple Hanuman Road, Vile Parle, E, Mumbai, Mumbai City, Maharashtra	India
S1-267034528	Rocky Corp	Newport News City, Unit H, VA, 40 Riverlands Drive	US
S1-543587270	Ganpati Solutionsindia Pvt Ltd	C/O Shri Sunil Ankushrao Deshmukh, H.No, Bhoggaon Gh.Sawangi S/Dn.Dist.Jalna Bhoggaon, Ambad, Jalna, Maharashtra	India
S1-17160722	Hurt & Bailey Starwood	960 Mcdonald Drive, Unit A, Sugarcreek, OH	US
S1-531434354	Indian Media Private Limited	G 4, Plot No. 26, Balaji Plaza Kp Block, Community Centre, Delhi, Pitam Pura, Delhi	India
S1-792736390	Loia Inc	Altoona, AL, 1413 Ruel Snead Road	US
S1-787005004	C/H Cohen L.L.C.	179 Woodsedge Circle, Heath, OH	US
S1-489376171	Avadhesh Infra Private Limited	36 M. B. Road, Kolkata, Calcutta, West Bengal	India
S1-709488530	Red Projects Private Limited	B-203 Rosewood Apartmentsmayur Vihar Phase I, New Delhi, North Delhi, Delhi	India
S1-197348944	Linkwise Services Pvt. Ltd.	Maharashtra, Flat No. 3E-15, Pune, Emerald, Aditya A Garden City Ph Ii, S No 109/110, Mouje Warje, Pune	India
S1-667199464	Shree Tubes Private Limited	Plot At Kh No717, F, G/F, Ssi Phirni Road Mundka Industrial Area Fl No Mdk059 Gali No 3 S, Aini Vihar, Delhi, West Delhi, Delhi	India
S1-109688804	City Krishna Tech	Off.M/5, 10/21, Flox, Chamber, Tata Road No 1, Mumbai, Maharashtra	India
S1-993424731	Cha and Reagan	308 Athey Road, Mathews, AL	US
S1-847198511	Kamala & Brothers LLP	Mig-3/A, 5Th Floor, H.No.7-1-397/119, Hotel New Sree Krishna Residency, S.R. N, Agar, Hyderabad, Telangana	India
S1-995534071	Yashasvi Educational Society Clinic	R-19, Rh-2, Sector-9 Cbd Belapur, Navi Mumbai, Thane, Maharashtra	India
S1-816149299	Tran's Empire Physical Therapy LP	Louisville, 10111 Summit Park Pl, Unit 109, KY	US
S1-603592675	Shree Investments Private Limited	122 Manuun Govind Vihar, Hathoj, Kishorepura, Kalwad, Jaipur, Rajasthan	India
S1-698924626	Smart Lifeco	100 Seneca Street, Unit Unit 6C, Ithaca, NY	US
S1-638625562	Dermatology Medicine	10 Rocky Gutter Street, Middleborough, MA	US
S1-161405964	Gomez Charter School-North Attleborough	210 Smith Street, North Attleborough, MA	US
S1-587457641	Carvalho and Stonecipher	24439 Canal Drive Extension, Millsboro, DE	US
S1-964302204	Roehrich Star	231 Taft Avenue, Unit 3 APT 306, Winchester City, VA	US
S1-439887466	Clear Digital Innovations Inc	4729 Airport Road, Salisbury, MD	US
S1-50236280	Hyacinthie's Yoga	195 Prospect Street, Unit 11, Cambridge, MA	US
S1-51867219	Rr Institute	408, Satwis Thavil Society, Panathur Road, Balagere, Bangalore South, Bangalore, Karnataka	India
S1-238307117	Silver Bistro LLC	622 850, Tooele, UT	US
S1-360260630	Coastal Grand Healthcare	997 Autumn Blaze Way, Village Of Oregon, WI	US
S1-529797025	Kirkland Internal Medicine Partners	10400 68th Street, Kirkland, WA	US
S1-732507573	Success (india)	Level 11 Prestige, Trade, Tower 46 Palace Road, Bangalore North, Bangalore, Karnataka	India
S1-782774912	Apex Lakshmi Technologies Private Limited	Vyapara Bhavanmarket Road Changanacherry, Kottayam, Kerala	India
S1-569547275	Silver Atlantic Wellness LLC	3038 Ulysses Street, Minneapolis, MN	US
S1-239296169	Dior Inc.	849 Providence Road, Chesapeake City, VA	US
S1-565453383	Essar Consultants Clinic	203, E-57, 2Nd Floor, West Vinod Nagar, New Delhi, East Delhi, Delhi	India
S1-396457374	Keystone Valley PC	7151 Indian School Road, Unit 2060, Phoenix, AZ	US
S1-729986573	Jai Constructions Limited	Krishna, Vijayawada, Ballemvari Street Prasadampadu, Dr.No.10-109, Andhra Pradesh	India
S1-914745417	Clean Financial Partners LP	102 Delby Street, Hutto, TX	US
S1-251958963	Orthopedic Clinic	70 Wood Avenue, East Longmeadow, MA	US
S1-43769808	Bovasoft LLC	22182 Desert Bloom Street, Buckeye, AZ	US
S1-147730702	Ebonee Musante Crown	1824 Turquoise Street, KS, Fl 0, Wichita	US
S1-288828844	Dahiya & Partners	D-992 New Friends Colony New Delhi, Delhi, South Delhi, Delhi	India
S1-524680760	Tri-State Ace Gas LLC	22952 Old Orchard Drive, Fairview Park, OH	US
S1-535175264	Asg Traders Private Limited	Sco 261, Sector-14 Urban Estate, Panchkula, Panchkula, Haryana	India
S1-415255610	Houston Regional Vanguard Center LLC	535 Troy Road, Houston, TX	US
S1-960156638	Ripley Learning Center Inc	638 Chuckwagon Trail, Angleton, TX	US
S1-709104366	Digital Shiv Business Private Limited	118 Prakashdeep Building7 Tolstoy Marg, New Delhi, Central Delhi, Delhi	India
S1-822594579	Grand Cargo Innovations, LLC	4407 Windy Hollow Road, Owensboro, KY	US
S1-919293909	Silver Projects Private Limited	A-301, Bangalore, Karnataka, 3Rd Floor, A Block, Smr Vinay Endevour, Hoodi Circle, Whitefield Road	India
S1-321818285	Planet Traders Limited	Ankamvetti Kavala, Puthupariyaram P.O, Manakkadu, Thodupuzha, Thodupuzha, Idukki, Kerala	India
S1-759501259	Stokes Preferred Research Inc	11210 Steeplecrest Drive, Houston, TX	US
S1-370816476	Oswal Traders Private Limited	Sugankunj, 29, Mahaveer Colonye V K Sampath Road Vepery Chennai 600 007, Chennai 600 007, Tamil Nadu	India
S1-110827421	Danley's Audio Installation	3710 Goldfield Road, Unit 545, Apache Junction, AZ	US
S1-750325012	Galaxy Developers Private Limited	Pooja Towers 17, Gandhi Nagar, Mohanur Road, Namakkal, Tamil Nadu	India
S1-253290810	Best Aerospace Studios Inc	175 Los Arcos, Green Valley, AZ	US
S1-261739032	Pt Advisors	Rajeshwari Computer Education Machhrehta, Sitapur, Uttar Pradesh	India
S1-362043472	Cathrin Miller Heartland Orion LLC	Topeka, KS, 415 Yorkshire Road	US
S1-159020842	Wheeling Polestar	508 Penn Street, Wheeling, WV	US
S1-102417092	Metropolitan Materials Labs Inc	5625 Archmere Avenue, Cleveland, OH	US
S1-711568501	Gujarat Enterprises Private Limited	401/B, Lotus House, Floor, 4, Nr. Liberty Cinema, New Marine Lines, Mumbai, Mumbai City, Maharashtra	India
S1-935126534	Bay Committee P.C.	23591 State Route 245, Bldg 18094, Milford Center, OH	US
S1-158270214	Antarctica Drums Private Limited	Office No. 4I, 4Th Floor, Vijay Chambers, Tribhuwan Marg, Dreamland Cinema, Grant, Road, Mumbai, Mumbai City, Maharashtra	India
S1-916174702	Merl's Empire Maintenance	3 Red Barn Road, Ghent, NY	US
S1-243505368	Jacobson Bancshares	Statesville, NC, 110 Edinburgh Court	US
S1-527883943	Nickens Interests Inc	9798 Stricklands Crossroads Road, Benson, NC	US
S1-919899901	Veterans Network	8861 101, Town Of Armstrong Creek, WI	US
S1-906754811	Hitech Technologies Private Limited	157-159 Shree Ram Sharnam Nagar Canal Road Basti Danishmandan, Jalandhar, Punjab	India
S1-466932537	N & L Chs LLC	4860 Main Street, Unit F100, Mesa, AZ	US
S1-115461370	Ketter Trust LLC	1226 20th Street, North Chicago, IL	US
S1-391678928	Clear Broadcast Worldwide PC	205 Dickson Street, Fayetteville, AR	US
S1-924875325	Glynn Technologies	1704 Yankee Road, Middletown, OH	US
S1-477755458	Indrtech Transports Private Limited	Rajasthan, Dn 51, Mahima Heritej B10 Central Spin Near Agarsen Hospital, Vidhyadhar Nagar, Jaipur	India
S1-598337997	AS Infrastructure Private Limited	54 1St Floor, Block C, Rohit Kunj, Pitampura, Delhi, North West Delhi, Delhi	India
S1-975436466	Citadel Currencyshares	293 Mount Drive, Unit 321, Sevierville, TN	US
S1-52286779	Mable Gomez American Omega Inc	1822 Rock Springs Road, Unit 7, Atlanta, GA	US
S1-512883635	Hevea Heights Ltd	No 7/47, Viswanathpuram St.Thomas Mount, Chennai, Kancheepuram, Tamil Nadu	India
S1-196351648	Management Maru Products	C/O Rekha Sinha, Adarsh Nagar, Faizabad, Uttar Pradesh	India
S1-212245832	Regional Payroll Networks LLC	270 Sherman Street, Rochester, NY	US
S1-478517253	Lotus Constructions Private Limited	House No 675, At Post Mohadi, Taluka Dindori, Nashik, Maharashtra	India
S1-570315625	Hardy, Ivy and Turner, L.L.C.	29833 Pinewood Drive, Town Of Burlington, WI	US
S1-268021751	Star Investments Limited	No 30, Rest House Road, Off Brigade Road Near Dubai Plaza, Next To Maharastra Bank Bangalore, Bangalore, Karnataka	India
S1-795267698	Ear Nose & Throat Center Inc	115 Meadowview Road, Unit 3, Jacksonville, NC	US
S1-39152269	New Exports Pvt Ltd	Yamuna Bhawan, Basement 55, Ezra Street, Kolkata, Kolkata, Howrah, West Bengal	India
S1-292262999	Sweeney, Marston and Macarthur LLC	833 Washington Street, Fuquay-varina, NC	US
S1-59945210	TKX Advisor Private Limited	339/A&A1, 2Nd Main Road, 4Th Stage, Rttc Road Sw T.K Layout, Mysore, Karnataka	India
S1-110861538	Sunday Hosiery Private Limited	Flat No. S.C-84 Sofhia Co, Abhaykhand-Iv, Ghaziabad, Uttar Pradesh	India
S1-367287657	Vea	VA, 1115 Hornet Court, Virginia Beach City	US
S1-495683628	Classic Systems Private Limited	Dss 131, First Floor, Sec-11, Near, Gita Mandir, Devi Nagar, Panchkula, Panchkula, Haryana	India
S1-930968342	Kasturi Memorial Trust	Satara, Satara Pusegaon Road, Golewadi, Koregaon, Maharashtra, Satara, 460	India
S1-100661811	Total Yhn Inc	11020 Greenhead View Road, Charlotte, NC	US
S1-512998552	Jobyna R. Falcon, Ph.D., DDS PC Inc	1903 C Street, Garden City, KS	US
S1-119465109	Cascade Recruiting Inc	1335 2300, North Logan, UT	US
S1-368022661	Pipefitters Union Local No 913	711 Sunrise Towers, Sullivan, IN	US
S1-799412834	First Security Union LLC	5 Mansfield Grove Road, Unit Unit 241, East Haven, CT	US
S1-414468815	Atlantic Silver Doubleline, LLC	345 Winthrop Street, Taunton, MA	US
S1-555480437	Super Infra Private Limited	Kanchanpur Matiyari, Uttar Pradesh, Lucknow, P.No- 85 Pitambara Vihar, Lucknow	India
S1-970955561	Urban Red Solutions Private Limited	Plot No.18, District Centre, Bhubaneswar, Khordha, Orissa	India
S1-684590639	Campbell Total Pan Corp	665 Locust Street, Wilmington, OH	US
S1-161214098	Metropolitan Globa	711 E Street, Elizabethton, TN	US
S1-846388099	Estrella Davis, L.C.S.W., DDS PC	1635 Bristol Avenue, Springfield, MO	US
S1-67127228	Shaikpet Plantations Private Limited	3Rd Floor, Plot No 1, Capital Towers, Khanamet, Beside N Convetion, Shaikpet, Hyderabad, Telangana	India
S1-792070300	Fion Inc	707 Flynn Road, OK, Waukomis	US
S1-815821439	Pediatric Dentistry Care	OR, 63327 Nels Anderson Road, Bend	US
S1-38021326	Dinunzio Medical Center	324 Dogleg Drive, James City County, VA	US
S1-757717729	72 Hour Massage	5507 Laurel Avenue, Omaha, NE	US
S1-963177903	Nirman Life Private Limited	A 101 Nakshatra App. Near Mangeshkar Hospital, Erandawane, Pune, Maharashtra	India
S1-716396701	Integrated Health Union of Charlotte	Unit 1438, 8106 Woodway Oak Circle, Charlotte, NC	US
S1-107486951	Beacon Trading Worldwide LLC	5111 Ballard Cir, Council Bluffs, IA	US
S1-660355668	East Media Private Limited	Tamil Nadu, 82 Sadayappa Street, Chennai, Chennai City Corporation	India
S1-732382254	Infra Goodrich Services Private Limited	Fl - 202 Radha Gobinda Apartment Bhatenda, Kalibari, Kolkata, Kolkata, Howrah, West Bengal	India
S1-238612536	Heritage Creative Taiwan	4714 Pine Brook Way, Houston, TX	US
S1-535632603	Thoughts Ventures Private Limited	23, R/P, Mazzanine Floor, Community Centre, New Delhi, South Delhi, Delhi	India
S1-535478144	Ferris's Yoga	South Windsor, CT, 46 Dogwood Lane	US
S1-70723113	Innovative It Private Limited	Patel Chmr, Near Real Plaza, First Floor Shop No. 3, Village:Lalpar, Taluka:Morvi, Rajkot, Gujarat	India
S1-959628602	New Life Zion	80 Sylvan Street, Unit 11, Melrose, MA	US
S1-736178577	Elite Green Associates	6920 Clewell Drive, Unit 412E, Lisbon, OH	US
S1-620192293	A Total Catering, Inc	1111 N Ridge Drive, Bldg C, Elizabethtown, KY	US
S1-802539081	Ellen, Kucera and Scales	18577 440th Avenue, East Grand Forks, MN	US
S1-727503541	Marleah Jimenez Crystal Security	280 Mckinney Gap Drive, Mars Hill, NC	US
S1-526738000	National Committee	696 B Heart Butte Road, Crownpoint, NM	US
S1-716961059	Casa India LLP	H. No.-971/2Nd Behind Novelty Cinema, Phatak Habash Khan, North Delhi, Delhi	India
S1-253867919	Seven Producer Private Limited	C/O Tenebie George, Vanniyamparambilkandiyoor, Mavelikkara, Alappuzha, Kerala	India
S1-262666410	Internal Medicine Classic Health	1786 Adelaide Court, Hempstead, NY	US
S1-217906743	Diamond Certified Boral-Vidor	476 Bolivar Street, Vidor, TX	US
S1-451079374	Sridhar Chromates	10/72 Bahar B Sahara Statesjankipuram Lucknow, Uttar Pradesh, Lucknow, Uttar Pradesh	India
S1-999559309	Jia Trading Private Limited	111A, Joshua Street, Nagercoil-629 001. Nagercoil-629 001., Nagercoil-629 001., Tamil Nadu	India
S1-616444820	Compass LLC	105 El Medio Street, Ventura, CA	US
S1-781851392	Patriot Montessori School	109 Lawson Place, Kings Mountain, NC	US
S1-567346896	Halcova Peoples	156 Dogwood Drive, Lafollette, TN	US
S1-494239081	Bilova Clinic	6210 Marshall Place, Tulsa, OK	US
S1-694345537	Golden Logistics Private Limited	Thane, Office No 203, Vashi, Plot No 19 Satra Plaza, Sector 19D, Maharashtra	India
S1-289857331	Quvaia Inc	822 Uniontown Road, Westminster, MD	US
S1-642082077	Cascade Project	1774 2738, Caddo Mills, TX	US
S1-375273376	Maa Consultancy	3/47, Viraj Khand Gomti Nagar, Lucknow, Uttar Pradesh	India
S1-344706477	Classic Developers Private Limited	Visakhapatnam, Andhra Pradesh, Flat No- 301, Sundar Residency, Visakhapatnam (Urban), 47-7-49, Vishakhapatnam	India
S1-574910429	Moya & Dickens Inc	5501 Overbrook Woods Pl, Unit 104, Louisville, KY	US
S1-879591965	Super 87 Grill	705 2nd Avenue, Newton, IA	US
S1-105782409	Century Sugars Pvt. Ltd.	139/3 New Durga Nagar, Indore, Madhya Pradesh	India
S1-907559467	Mann Safe Activate LLC	606 Eye Street, Harlingen, TX	US
S1-84353551	Mefford Ford	6427 Old Scottsville Road, Alvaton, KY	US
S1-125784321	Lohiya & Brothers Private Limited	Flat No.012 Block A4, Saranya Soham, Sai Baba, Bangalore North, Bangalore, Karnataka	India
S1-746497359	Millat Conductors Private Limited	Co Yugeshwar Nath Pandeyvill Birampur Tola Birampur Panch Birampur, Koilwar, Bhojpur, Bihar	India
S1-409927128	Heartland League LLC	2309 Bristow Avenue, Saint Louis, MO	US
S1-20302121	Kramer, Morris and Hair Care	911 Lexington Lane, Nevada, TX	US
S1-279600891	Martin, Larocca & Bullock Wireless LLC	331920 1000 Road, Wellston, OK	US
S1-392137959	Cedar Cayman LLP	1231 Choctaw Street, Alva, OK	US
S1-54827818	Abhishek Ventures (India) Limited	83/1, 1St Floor, 50 Feet Road, Govinayakanahalli, Kumar Swamy Layout, Bangalore, Karnataka	India
S1-305095828	Hirschman Veterinary Clinic	1607 Green Ridge Passage, City Of New Berlin, WI	US
S1-302054854	Swastik Investments Private Limited	C-1/4 Ring Road Rajouri Garden, New Delhi, West Delhi, Delhi	India
S1-282627836	Stafford County, Town Of	96 Truslow Road, Unit UNIT 115, Stafford County, VA	US
S1-510491039	43/53 Holdings	395 Stillman Avenue, Unit UNIT C, Upland, CA	US
S1-358103076	Griffing Empire Parts Inc	117 Bralan Court, Gaithersburg, MD	US
S1-101731745	Cornerstone Procap LLC	3101 Dakota Street, Pine Bluff, AR	US
S1-425254647	Heather Mayorga Ridge Developments Inc	1521 Graduate Lane, Unit 101, Raleigh, NC	US
S1-259620754	Tri-State Saul Inc	407 State Street, Williamston, NC	US
S1-816028032	Indian Food Private Limited	B-5 Takshila Apartment Patparganj Complex, Delhi, New Delhi, Delhi	India
S1-467390799	Evans International LLC	1817 8th Street, City Of Superior, WI	US
S1-707030921	Aditya Constructions Private Limited	Kuli Chowrasta 1408, G Floor, Murshidabad, West Bengal	India
S1-917347347	Norton European Inc	3192 Montevideo Drive, Brownsville, TX	US
S1-542817306	Lucky Seafood LLC	14271 Church Street, Diana, NY	US
S1-371923412	Castro Apex Art	305 Linn Street, Atlantic, IA	US
S1-223981364	Bronson and Schulman Associates LLC	2607 Rita Lane, AL, Huntsville	US
S1-237171638	Albany Internal Medicine Physicians	6128 Springhill Drive, Albany, OR	US
S1-162662097	Gnni Windley Pacific Virtus LLC	823 Eastside Boulevard, Muskogee, OK	US
S1-233632317	Shivam Services Private Limited	A-601 Vinay Unique Residency Bldg. No. 1 Bolinj, Mumbai, Thane, Maharashtra	India
S1-152145058	IZL Independence	1503 St James Place, Arlington Heights, IL	US
S1-905035675	Universal Care Private Limited	25B Camac Street, 2Nd Floor Flat 2E, Kolkata, Kolkata, Howrah, West Bengal	India
S1-99229110	Chandan Investments Private Limited	Flat No.B2 Aprajita Plaza, Sukanta Nagar G.T Road, Sukanta Nagar, G.T Road, Hooghly, West Bengal	India
S1-136491284	Roliva Investments	11540 Panther Drive, Godley, TX	US
S1-305086522	Cristal's Ventures	202 Austin Avenue, Unit 104, Georgetown, TX	US
S1-972790481	Foyer Global Private Limited	8/54, Bombay Wala Pech Udai Singh Jain Road, Aligarh, Uttar Pradesh	India
S1-894202569	Happy Auto Body	1035 Amory Court, Corolla, NC	US
S1-124355507	Thomas Rocky Jones	12175 Pioneer Lane, Unit #222, Beaverton, OR	US
S1-919747472	Cruz Beacon Trg PLLC	4660 Mission Oaks Boulevard, Unit T13, Camarillo, CA	US
S1-644609995	Potter Auto, LLC	10619 Oxford Avenue, Tulsa, OK	US
S1-402023705	Grl Vyapar Pvt. Ltd.	In Centre Midc12Th Floor Andheri (E), Mumbai, Maharashtra	India
S1-492717317	Surgical Associates L.L.C.	16677 New Mexico State Road 4, Jemez Springs, NM	US
S1-11096178	LQN Performance Private Limited	Dl/194 Kinhola Kinhola, Buldana, Buldhana, Maharashtra	India
S1-153374116	Technologies Milestone Capital Ltd	Plot-260/5720, Jagamara, Khata-432/4655, Khandagiri, Bhubaneswar, Khordha, Orissa	India
S1-622978318	Eloquent Solutions	No.18, Mei Colony, Peenya 3Rd Phase, Bangalore, Karnataka	India
S1-248302340	FKT Patriot Village	5815 Dexter Drive, Dallas, TX	US
S1-166785296	North & Brothers Private Limited	C/O Devendra Kumar Vill-, Hisua(Np)Tola-Narhat Road, Nawada, Bihar	India
S1-201437170	Initiate Producer Private Limited	S.F.S. Flats, Pkt-6, Sector 23, Rohini, Delhi, North West Delhi, Delhi, F.No.6	India
S1-813957725	Tello, Lanie, P.A., P.C.	624 Prospect Street, Unit 1/2, Bucyrus, OH	US
S1-412555957	Environmental Trust, L.L.C.	110 Lou Lane, Soddy-daisy, TN	US
S1-315451067	Carrillo, Ducksworth and Black Perimeter Group	2912 State Rt 225, Diamond, OH	US
S1-602307827	Zenith Payment	1911 Seminole Avenue, Bronx, NY	US
S1-590695859	Royal Automation International, Inc	25375 Bernard Road, New Ulm, TX	US
S1-154307655	Pune Advertising Private Limited	Peru Baughold Jakat Naka Nigdi, Pune, Maharashtra	India
S1-606192711	Unnati Patil LLP	H No 202, Sindhura Residency 2, Green House Layout, Doddatogur, Electonic City, Bangalore, Karnataka	India
S1-917388731	Metro Newtekone L.L.C.	OK, Broken Arrow, 3716 Hemlock Avenue	US
S1-119062929	Arline Berry Independence Partners	13648 Mill Hill Court, El Paso County, TX	US
S1-87629026	Wildlife League	Alamogordo, 844 Arroyo Seco, NM	US
S1-814413041	Tri-State Biologics	1145 152nd Avenue, Andover, MN	US
S1-472931412	FHO Airport LLC	2550 Anthony Drive, Evansville, IN	US
S1-245223899	Marketing Fly India Private Limited	# 161, 1St Main, 1St Cross, Behind D Mart, Mathru Layout, Yelahanka New Town, Bangalore North, Bangalore, Karnataka	India
S1-87955661	Uptown Bistro	342 Portland Boulevard, Portland, TN	US
S1-668829855	Safe Colonial Wheeler	2 Ednam Village Street, Albemarle County, VA	US
S1-682409223	Galaxy Healthcare Private Limited	7/A Vasant Rajab Park, Surendra Mangaldas Road, Jodhpur Char Rasta Satellite, Ahmedabad, Gujarat	India
S1-542465400	Pediatric Smart Partners	65 Candlelight Drive, Sauk Village, IL	US
S1-478278781	Zorah's Enterprises	805 Grant Avenue, Casper, WY	US
S1-42936465	Akj & Sons Partners	Shop No 104 Gf Kingsway, Camp Mall Road Gtb Nagar, Delhi, North Delhi, Delhi	India
S1-735351999	Tri-State Keystone Old	11117 Woodland Avenue, Cleveland, OH	US
S1-215334943	Alpha It Private Limited	Gayatri Nagar, Gorakhpur Sadar, Gorakhpur, Uttar Pradesh	India
S1-586591188	Mccuiston and Cadena Futurecorp LLC	111 Sycamore Road, Union Twp, OH	US
S1-630851385	Kulkarni, Forson & Lee Midcap L.L.C.	Sulphur Springs, TX, 344 Highland Drive	US
S1-527267233	Stickney Association Inc	Ward, AR, 95 Melody Lane	US
S1-622422716	Supreme Foods Private Limited	4/734-A-1, Mannat Friends Colony Near Sir Sayyaid Nagar, Civil Lines, Aligarh, Uttar Pradesh	India
S1-948562279	Lynette Campbell Restaurants	213 152nd Place, Bellevue, WA	US
S1-356940571	Kent Diamond Northwest LLC	80 Washington Avenue, Chazy, NY	US
S1-714970936	Medina Express Systems LP	1114 Greenridge Drive, Cleveland, TN	US
S1-329683703	Linthicum, Ryann, CPA, P.C. Group	1208 Lake Hideaway Road, Kingman, IN	US
S1-559533049	Sa Real	J1/389(3Rd Floor) Dda Flats, Kalkaji, New Delhi, South Delhi, Delhi	India
S1-105318086	Goodwin Integrated LLC	110 Price Street, Evening Shade, AR	US
S1-279939244	Corene Gomez Consumer Inc	4924 Adams Street, Gary, IN	US
S1-178994125	Chiropractic Health	1001 Mayflower Road, Unit 98, South Bend, IN	US
S1-331704174	Ceis Custom Giant LLC	44 Cedar Street, Freeport, NY	US
S1-875053780	Ronny Lott Integrated Market Inc	South Bend, 1609 Dale Avenue, IN	US
S1-523494228	Bhiwani Services Private Limited	Bhiwani, Haryana, C/O Satpal S/O Zile Singh, Near Iti	India
S1-877863324	Behavioral Health Golden Care Center	1024 Romayne Avenue, City Of Racine, WI	US
S1-347379403	Hughes Vanguard Products Center	720 Remington Drive, Greenville, NC	US
S1-405339193	Unified Business Networks LLC	11851 2298, Tyler, TX	US
S1-352263949	Ironclad Fields LLC	24254 Lake Drive, Porter, TX	US
S1-925023605	Apparent Services Public Limited	Office No. 633, Ijmima Commercial Complex, Off. Link Road, Malad (West), Mumbai, Mumbai City, Maharashtra	India
S1-938693076	EHG Family Practice Inc	58 Highland Lake Road, Highland, NY	US
S1-250878554	Genius & Brothers Private Limited	Midday Apartment, 2Nd Floor, Block-B 7/1, Andul Road, Bakultala, Howrah, West Bengal	India
S1-891864698	Cornerstone Mobility Ventures LLC	832 Park Central Court, Indianapolis, IN	US
S1-56784184	Federal Capital Oak LLC	3301 Boyette Drive, Unit 1H, City Of Wilson, NC	US
S1-890445323	Developers Punarnava Investments Ltd	Ghansawangi, Tirthpuri, Ghansawangi, Maharashtra, Jalna, 11 Swapn Shilp Colony	India
S1-371486527	CPX Exports Private Limited	601, Station Centre, S.V.Road, Near Shantinath Shopping Centre, Malad(We, St), Mumbai, Maharashtra	India
S1-66731437	Platinum Medical Industries LLC	7600 Burnet Road, Austin, TX	US
S1-948423322	Burnside Rivernorth LLC	211 Lafayette Road, Unit Apartment 317, Syracuse, NY	US
S1-7309459	Cosetta Martin Direct Northland LLC	442 Leah Drive, Upper Dublin Township, PA	US
S1-894009988	Nichol's Skin Care	1906 Scott Street, Wilmington, DE	US
S1-627549559	Baba Sai Construction LLP	Tmc Iv - 434/H, Kooliyattu Building, Above Sbt Hill Palace Road, Karingachira, Thripunithura, Ernakulam, Kerala	India
S1-734981473	Hynda Hahn Term LLC	1657 Harvard Avenue, Unit B, Columbus, OH	US
S1-180347964	Pinnacle Securities	TX, Pasadena, 4227 Maple Cross Drive	US
S1-195346377	Eng, Church & Crawford LLC	344 Napier Road, Hohenwald, TN	US
S1-473034510	Pearline Santos Atlantic Innovative Clinic	2201 Cherian Dr, Forest Hills, KY	US
S1-716504035	Anchor Heartland Vine LLC	MO, Unit APT B, 7415 Olive Boulevard, Saint Louis	US
S1-576110529	Walters Tech	28823 Davenport Drive, Katy, TX	US
S1-922645221	Sweet Tattoo LLC	5112 Wonder Lake Road, Wonder Lake, IL	US
S1-250823692	Urology Center Inc.	6695 Madden Estates Drive S, TX, Houston	US
S1-797649255	Electronics Infrastructure (India) Private Limited	Bareilly, Civil Lines, 64, Uttar Pradesh	India
S1-344810782	Bna Dealers Private Limited	No.11/1, Annai Indira Gandhi St, Saidapet, Kanchipuram, Tamil Nadu	India
S1-123601	Elliott Endocrinology	355 84th Street, West Des Moines, IA	US
S1-678510003	@ Style 2 It Inc	511 Virginia Street, Bethalto, IL	US
S1-809015744	Mountain Alliance	OR, Hillsboro, Unit #204, 146 4th Avenue	US
S1-257888734	Graham Truist	7204 30th Street, Phoenix, AZ	US
S1-36963907	Atlantic Cornerstone Regency Inc	9518 750, Ridgeville, IN	US
S1-789822590	Teamsters Local 348	347 Mill Street, Malvern, AR	US
S1-338339817	Token LLC	127 Tune Drive, Lavergne, TN	US
S1-463955471	Annmaria Watson, M.D.	3029 Gilbertville Road, Evansdale, IA	US
S1-144255876	PR Ultra LLC	4505 Seneca View, Fayette, NY	US
S1-303057197	South Estate Limited	E 2/179 Shastri Nagar, Delhi, North Delhi, Delhi	India
S1-668257845	Animal Welfare Trust	13370 Bluemound Road, Village Of Elm Grove, WI	US
S1-552760608	Metro Square LLC	2524 Rice Boulevard, Houston, TX	US
S1-336933702	Cardinal	1703 Chestnut Street, Kenova, WV	US
S1-134284681	Golden Sai Media Private Limited	126 Ganga Nagar Pac Mod Shyam Nagar, Kanpur, Uttar Pradesh	India
S1-696486170	Esqueda Choice Permian	458 Windsor Park Road, Kernersville, NC	US
S1-65196120	Campoli Aberdeen Inc	15722 Vine Avenue, Harvey, IL	US
S1-204119446	Stacy Metal of Mardela Springs	9549 Riggin Road, Mardela Springs, MD	US
S1-233091103	Pediatric Dental Care Associates, PLLC	1559 Campus Avenue, Redlands, CA	US
S1-156656487	Imig Clean Creative	Richmond, 1044 Countryside Drive, KY	US
S1-313734271	Benoit Costamare LLC	1919 16th Street, Silvis, IL	US
S1-375150666	Modern Premier Hill	1148 63rd Street, Unit Unit 320, Windsor Heights, IA	US
S1-990899207	Legacy Energy Industries Inc	19601 Rockie Drive, Mulino, OR	US
S1-267799189	Harmeet Leasing LLP	New Dehli, Delhi, North Delhi, Plot No-17 Rajendra Parkmain Rohtak Road Nangloi	India
S1-166678143	Kim & Cervantes LLC	27913 Bass Boulevard, Harlingen, TX	US
S1-799486966	OEG Golden Archimedes LLC	2301 Russell Street, Unit STE 5, Sioux Falls, SD	US
S1-139437986	BEA Media Private Limited	4-6-73/Tf-30, United Arcade Attapur, Hyderabad, Rangareddy, Hyderabad, Rangareddy, Telangana	India
S1-720999703	Apollo Engineering Private Limited	Pandu Nagar, Kakadeo, Uttar Pradesh, 117/H-1/368, Kanpur	India
S1-874366774	Jay Super Management Private Limited	Unit No. G-33, Ground Floor, Oodles Skywalk, Sector-83, Narsinghpur, Gurgaon, Haryana	India
S1-199160201	Happy Commercial Limited	B-139/1, West Vinod Nagar Patar Ganj, New Delhi, East Delhi, Delhi	India
S1-765743973	Unified Metropolitan Indonesia LLC	129 Crestline Street, Spokane, WA	US
S1-919306447	Trejos College Inc	225350 Indigo Drive, Village Of Rib Mountain, WI	US
S1-528243838	Great Estate Private Limited	Plot No 10588/1, 2, 3 Behind Hotel Ramdev Nehru Nagar, Belagavi, Belgaum, Karnataka	India
S1-855537143	Hurley, Anello and Simmons Bioworks Inc	IN, Fort Wayne, 4110 Selkirk Court	US
S1-585900138	Saketh Healthcare Private Limited	A-18 Asheyana 002 Yashodham Goregaon Goregaon ( East) Ground Floor, Mumbai, Maharashtra	India
S1-308959634	Suryanth Multitrading	X-42, Ii Floor, Sindur Shopping Centre, Ii Avenue, Anna Nagar, Chennai - 600 040., Chennai, Tamil Nadu	India
S1-892623102	Brightlife Traders	G.No.16, H.No.131/B, Kundewadi, Nasik, Nashik, Maharashtra	India
S1-239777779	Harbor Fact	2937 Alta Street, Melrose Park, IL	US
S1-468865423	Anand Systems Pvt Ltd	2Nd Main Road M-Block Kuvempunagar, No.378, Mysore, Karnataka, Mysore	India
S1-873159250	Bantala Pharmaceuticals Private Limited	Bantala, 4 Bl: Badachana Vill: Bantala, Post Bantala, Near School, Bantala, Jajpur, Orissa	India
S1-281664624	Empire Center Inc.	Johnson City, TN, 1091 Carriage Hills Place	US
S1-621250926	Primary Care Pinnacle Group	5510 Stonegate Court, Topeka, KS	US
S1-924462894	Olimpia's Liquor	Ogden City, 1597 Shadow Valley Drive, UT	US
S1-376774187	Rabinowitz Southwest LLC	7320 78th Street, Kansas City, MO	US
S1-39599740	Hawkins Empire Care	42 Heyward Street, Islip, NY	US
S1-550203684	Carpenters Local Union 69	19168 Quintana Road, Willow Beach, AZ	US
S1-42597933	Electronic Investment Partners Associates	TX, Amarillo, 9809 Addelyn Avenue	US
S1-303851974	Smart Nutrition Dynamics	11709 Molly Brown Avenue, Albuquerque, NM	US
S1-849199513	Safe Mountain Ultra Inc	509 8th Street, Russellville, KY	US
S1-471438897	Quality Lane, LLC	85 Hays Lane, London, AR	US
S1-671961364	Honesty India	66 Midc Road No 13Andheri (E), Mumbai, Maharashtra	India
S1-146486612	Apex Hospitality Private Limited	S No 3312, Near Post Office, Holangadd Doc Recd Kumta, Holangadde, Karnataka, H No 319, Kumta, Uttara Kannada	India
S1-25977459	Carter, Schank and Stotler Altenergy Inc	12722 Teaberry Road, Silver Spring, MD	US
S1-512804360	Johnson Physical Therapy LLC	2224 87, Bldg Lot 80, Billings, MT	US
S1-490616596	Cori W. Ibarra, DDS	2925 Kilbourn Avenue, Chicago, IL	US
S1-466902840	Casie's Freight	3455 287, Sheridan, MT	US
S1-413317569	Clear Realty Laboratories	5285 Daniels Road, Peru, IN	US
S1-869578652	Vertex Coca Inc	366 Collins Street, Hartford, CT	US
S1-658682485	JTS Chesapeake Inc	5 Piper Court, Charlestown, RI	US
S1-738345352	Solutions Suman Traders Pvt Ltd	Cio Babli Devi Thana Road, Andal, Bardhaman, West Bengal	India
S1-661270235	Dream Infra Private Limited	193/N Adarsh Nagar, Bhawapur, Allahabad, Uttar Pradesh	India
S1-183091448	Medina and Amer LLC	18020 Us Route 1, Unit STE 2, Caroline County, VA	US
S1-484825320	Lasher & Irby Pmv, LLC	643 194th Street, Unit 1ST FL, Glenwood, IL	US
S1-600334736	Dream Impex LLP	49, Helipad Colony Jaivilas Palace Campus, Gwalior, Madhya Pradesh	India
S1-8991469	Y I & P Dynamic	205 1/2 Ferguson Drive, Austin, TX	US
S1-269875609	Lakshmi Energy	B-1/302, Arihant Residency, Sasane Ngar, Dnyanvidhya Prabodhani Viddhyalayh, Pune, Maharashtra	India
S1-422650667	Allied Green Rocket LLC	1521 Elmhurst Drive, Worthington, KY	US
S1-63040218	Ferro International School	Ug-23, Palika Place Punchkuian Road, New Delhi, Delhi	India
S1-59451071	Vision Business Private Limited	New No.18, Old No. 25, First Street Gill Nagar, Choolaimedu, Chennai, Tamil Nadu	India
S1-752289837	Janenna Jackson Safe Galata	418 Melrose Street, Lenoir, NC	US
S1-972267133	Marketa Jones Midcap	2117 5th Ave, Council Bluffs, IA	US
S1-625452816	Malone Roman, L.L.C.	616 New York Street, Aurora, IL	US
S1-860858722	Sree Nursing Home	Shop No. 8, Dwarika Complex, Mahesh Nagar Jalna Road, Aurangabad, Maharashtra	India
S1-989596438	Mw (India) Nexus Private Limited	No.8, V.V.Koil Street, Chinmayanagar, Chennai, Tamil Nadu	India
S1-555515028	Midwest Preparatory Academy	7094 Shining Armor Drive, Henrico County, VA	US
S1-934289782	OBL Ventures Private Limited	No. 616, 100 Feet Ring Road, Katthariguppe, Bangalore South, Bangalore, Karnataka	India
S1-466886596	Pediatric Dental Beacon Health LLC	30693 Olson Road, Yacolt, WA	US
S1-896442982	ZZD Cloud Private Limited	Mumbai, 3Rd Floor, 302, Empresa, 2Nd Road, Amar Mall, Khar West, Mumbai, Plot No 56, Maharashtra	India
S1-439244087	Foot & Ankle Metro Care Associates LLC	16 Dorwin Hill Road, New Milford, CT	US
S1-48428333	Guru Golden Ventures Pvt Ltd	Bl-J, 195 New Alipore, Kolkata, Kolkata, Howrah, West Bengal	India
S1-424579379	Shepherd, Rasmussen & Williams Cea	5012 Little Turtle Drive, Birmingham, AL	US
S1-846251841	Shiv Baba Producer Limited	A-64, First Floor, Chanakya Place 40 Ft. Road, Opp C1 Janakpuri, Delhi, West Delhi, Delhi	India
S1-463840477	Quo Gas	1142 Esquire Drive, Fl 0, Saint Louis, MO	US
S1-505448207	Strategic Business Dynamics, Inc	115 Amor Lane, Taos, NM	US
S1-534983021	Bangalore South Pavers Private Limited	Bangalore South, Karnataka, Bangalore, No C110, Sy 110/23/1/518, Mangammana Palya Muniredd	India
S1-107939413	Upper Clear Safety	TX, 1007 4th Street, Richmond	US
S1-872174227	Family Society	11380 Jim Mcneil Loop Road, Grand Bay, AL	US
S1-848571842	Shafer Piedmont Alliance LLC	Portland, 10650 Laidlaw Road, OR	US
S1-737947653	Metropolitan Fellowship	4323 Campbell Drive, OR, Salem	US
S1-643917440	Ventures Rv Hospitals Private Limited	C 502, Ekta Bhoomi Garden, Dattapada Road Rajendra Nagar, Borivali East, Mumbai City, Maharashtra	India
S1-126190377	Chicago Community Society Associates	3705 76th Place, Chicago, IL	US
S1-931013109	One Best Developers Private Limited	H.No.-514/2, 1Stfloor, Saicomplexinda, Inda, O.T.Road, Kharagpur, Midnapore, West Bengal	India
S1-574010193	Carstens, Robertson and Wicks Inc	10 Brook Street, Auburn, ME	US
S1-297715787	Guru Foods Private Limited	West Bengal, Kolkata, Parganas South, C/O Partha Sarathi Ganguli, Jyoti Villa Ghasiara More Nutan Pally Sonarpur	India
S1-454312820	Neptune Traders Company	Dhandabag Sukanta Pally, Durgapur, Bardhaman, West Bengal	India
S1-503747546	City Jai Constructions Private Limited	K-31 First Floor, Pallavpuram, Ph-2, Meerut, Uttar Pradesh	India
S1-964204485	ZXR Quality Wellness	62 Kerr Avenue, Tonawanda, NY	US
S1-327481256	Royal Hospitality Union Inc	CA, Sacramento, Unit APT 9, 3131 El Camino Avenue	US
S1-482393780	Jai Power Private Limited	19 Sawariya Colony Sawariya Colony Jaora, Jaora, Ratlam, Madhya Pradesh	India
S1-277790744	Nashik Services	Tarakunj New Adgaon Naka Panchvati, Nashik, Maharashtra	India
S1-354558460	Soil Management Pvt. Ltd.	401, B-55, Radhika Chs, A-Wing, Gokuldham, Goregaon East, Mumbai, Maharashtra	India
S1-615374585	York & Sons Pvt Ltd	Property No.159, Carriapa Marg, Sainik Farm, New Delhi, New Delhi, South Delhi, Delhi	India
S1-426587396	Indian Infrastructure Private Limited	B4 Pioneer Regency 698/A 2Nd Main Kodihalli Hal 2Nd Stage, Bengaluru, Bangalore, Karnataka	India
S1-197164493	Energy Jia Health	33/3 Venkatanarayana Road, Nandanam, Madras., Nandanam, Madras., Chennai, Tamil Nadu	India
S1-54325388	Delhi Pumps Public Limited	C 3/173, C-3 Block Yamuna Vihar, Delhi, East Delhi, Delhi	India
S1-222648552	Solutions Sudhir Powerprivate Pvt. Ltd.	403, Rameshwer Chs Ltd., Neelkanth Valley, Ghatkopar (E), Mumbai, Mumbai City, Maharashtra	India
S1-651954521	O/Z Holding LLC	80 Cisar Road, Unit Apartment 21, Willington, CT	US
S1-72674316	Lower Certified Quasaredge LLC	121 Tremont Street, Rehoboth, MA	US
S1-429887514	Cox, Caballero and Wester LP	309 Highway 287, Greenbrier, AR	US
S1-734326200	BET Advisors Ltd	No. 44/1, Khata Old No. 7, New No. 68 Byranayakanahalli Village, Kasaba Hobli, Bangarpet Taluk, Kolar, Bangarapet, Kolar, Karnataka	India
S1-866963992	Solutions Sai Apparel Private Limited	Wework Enam Sambhav, C - 20, G Block Rd, G Block Bkc, Bandra Kurla Complex, Bandra East, Mumbai, Maharashtra	India
S1-463029799	Weiss Dogecoin LLC	1131 Adams Street, Lombard, IL	US
S1-895300153	N/X Southern LLC	4607 Connery Court, Fl 1, Columbia, MO	US
S1-573895683	Jarman's Creative Software Co	1916 Peach Blossom Lane, Hebron, KY	US
S1-394371859	Tar College	H.No.N-2/C-176 First Floor Thakare Nagar, Aurangabad, Maharashtra	India
S1-138046237	Jackqueline Tully, D.D.S.	4405 Plumley Avenue, Bentonville, AR	US
S1-436794617	Atlantic Siddhi	701 23rd Street, Unit D, Independence, MO	US
S1-959467945	Green Consultants LLP	H. No. 2-22-310/66C, Flat No. 66C, Westren Hills Addagutta Housing Society, Kukatpally, Hyderabad, Telangana	India
S1-684236149	Coe Strategic Sun LLC	1535 4400, Plain City, UT	US
S1-111367071	Jackson Bakery	202 James Street, La Grange, NC	US
S1-856433669	Malappuram Sons Private Limited	Room No. 111/50 (5), Kizhissery Building Mannarkkad Road, Ponniyakurussy (Po), Perinthalmanna, Malappuram, Malapuram, Kerala	India
S1-375335666	Allied Prairie Harvard	2983 Tall Tree Trail, Willoughby Hills, OH	US
S1-440614186	Needham, Chapman and Moment LLC	8911 Margo Lane, Little Rock, AR	US
S1-857775949	Urgent Care Prairie Group	2626 John Road W, Unit 2042, Mesquite, TX	US
S1-512382029	Hull Animal Hospital	4019 130th Avenue E, Unit APARTMENT  1612, Tulsa, OK	US
S1-663249221	Ace Cargo Consultants Inc	1120 Windover Road, Jonesboro, AR	US
S1-584718471	American Committee	688 Matt Drive, Pueblo West, CO	US
S1-622418328	Noveus Barclays LLC	58 6th Street, Dunkirk, NY	US
S1-984429646	Sun Infrastructure Limited	Spaze It Park, Tower B3, 4Th Floor, Unit No- 442-4, Gurgaon, Haryana	India
S1-842604518	Lynch and Parker Acadia P.C.	19 Rivermoor Court, Sacramento, CA	US
S1-539119399	MUU Ai Private Limited	Thane, 2Nd Floor, Om Arcade, Vs Road, Virar, Maharashtra, Palghar, Shop No 203	India
S1-470084488	Allahabad Transmission Company	Sf-205, 2Nd Floor, Vinayak, Complex, Civil Lines, Uttar Pradesh, Allahabad	India
S1-519825168	Heartland Montessori School	335 Good Way, Katy, TX	US
S1-264292260	Gardner Family Practice LLC	CA, 32 Wood Road, Unit B, Camarillo	US
S1-908494146	Heider Prime Worldwide	11842 Stanford Place, Dakota Ridge, CO	US
S1-925627149	Ridge Vanguard Managed Inc	2321 Ellsworth Boulevard, Malta, NY	US
S1-383421554	Snyder Iii	408 Riverfront Drive, Parker, AZ	US
S1-624369122	Ear Nose & Throat Safe Center Corporation	8397 Main Street, WA, Peshastin	US
S1-852165366	Maid Grill	Pekin, IL, 9 Haylake Drive	US
S1-96272615	Kandivali West India Private Limited	1236, 1 Wing, Raj-Arcade Panchasheel Layt, Mahavir Nor N Kvsc Near Police Station, Kandivali West, Mumbai, Maharashtra	India
S1-282208878	Unified Packaging Corporation LP	3502 Needles Highway, Needles, CA	US
S1-157753302	Human Rights Initiative III	928 Ben Drive, Springtown, TX	US
S1-507202559	Baker and Harrell	2204 N Street, Fort Smith, AR	US
S1-348948344	Sunray (India) Admedia LLP	I-A, 113, Vidhyut Vihar Colony Shakti Nagar, Sonebhadra, Uttar Pradesh	India
S1-196628364	Anchor Strategic Auto Glass	12659 London Lane, IL, Palos Heights	US
S1-821705188	West Intelligent	55134 Kay Road, Burlington, OK	US
S1-777044669	Estelle Johnson, CPA	709 Deerwood Tr, Greenville, IL	US
S1-494332790	Sun Producer Private Limited	A.H.158, Annanagar, Madras, Chennai, Tamil Nadu	India
S1-606376400	Vision Logistics Private Limited	Unit No.1101, Sharda Terraces, Plot No.65, Sector 11, Cbd Belapur, Navi Mumbai, Mumbai City, Maharashtra	India
S1-997648241	Newport Cultural Regional Trust	711 Isabella Street, Newport, KY	US
S1-683842074	Interfaith Trust	959 Franklin Boulevard, Unit Unit 810, Eugene, OR	US
S1-259483807	Valley Wisekey LLC	3470 Basin Lane, Fl 1, Hillsboro, OR	US
S1-351766139	Arihant Energy Private Limited	100, Vanivilas Road, Lalbagh, Bangalore, Karnataka	India
S1-607715865	India Kothari Solution Ltd	D. No. 55-7-49, Plot No. 34, Block No. 5, 2Nd Cross Road, Sahni Complex, Jawahar A, Utonagar, Vijayawada, Srikakulam, Andhra Pradesh	India
S1-803095045	Associated Analytics Technologies L.L.C.	2510 Lee Street, TX, Houston	US
S1-365374221	Wayanad (India) Movers Clinic	Lig 1678, Avas Vikas 3, Kalyanpur, Kanpur Nagar, Uttar Pradesh	India
S1-185015181	RR Services	179/07 Barood Khana, Gola Ganj, Lucknow, Uttar Pradesh	India
S1-94845652	Pearl Consultancy Limited	S.N.33/2.Opp. Bangalokar, House Taydesocietyjawsa, Ambarnath, Thane, Maharashtra	India
S1-337927389	Boundless Shopping Private Limited	Cabin No. 1008, Ofis Square, 10Th Floor, Block-2, Vatika Business Park, Sector 49, Sohna Road, Gurgaon, Haryana	India
S1-151180865	Pediatric Premier Medicine LLC	2968 Elm Bend Road, San Tan Valley, AZ	US
S1-460094327	Katha Software Private Limited	W-47, 1St Floor Sector-11, Noida, Gautam Buddha Nagar, Uttar Pradesh	India
S1-51089143	Star Solutions Private Limited	265/5, Shivganga Nagar 2, Jule Solapur, North Solapur, Solapur, Maharashtra	India
S1-346241986	Construction Autoline Agrofarms	Shop No. 45 Scheme No. 54, Indore, Madhya Pradesh	India
S1-951072167	South Value Consolidated, LLC	920 Fairway Drive, Naperville, Unit 205, IL	US
S1-754002992	Economic Development Committee	1025 Richard Avenue, NC, Kannapolis	US
S1-904346236	Shetkari Trading Private Limited	Varanasi, C/O Sujit Kumar Chauhan 0 Aidhe Lamahi Aidhe, Uttar Pradesh, Varanasi	India
S1-41443575	Marvel Marketing Private Limited	H.No 38 Daudpur, Mohammadabad, Ghazipur, Uttar Pradesh	India
S1-368147968	Universal Systems LLP	Gwalior, 63, Madhya Pradesh, Kunjbihar Ke Pass Adarsh Puram, Gwalior	India
S1-62417133	Orozco Bay Calamos L.L.C.	109 Long Bay Circle, Hollister, MO	US
S1-994836725	Dermatology Value Center LLC	NC, 109 Juniper Court, Oxford	US
S1-337904988	Rockhold's Biotech	1 Orchard Circle, Washington, IA	US
S1-99597173	Dental Partners Inc.	12025 Ashbury Avenue, Cleveland, OH	US
S1-820542685	Momentum Infracity Private Limited	Gurgaon, 505, Haryana, The Castle 36A Sec 56	India
S1-307415138	Girish Films Pvt. Ltd.	Shop No.4, Vaka Lower Mall Opposite Polo Ground, Near Amar Ashram, Patiala, Punjab	India
S1-606943056	Wilkes Apparel	170 Office Park Way, Unit Suite 3, Pittsford, NY	US
S1-970918909	43/94 For Associates	309 Ramblin Oaks Drive, Moore, OK	US
S1-494149960	Sree Foundation Pvt Ltd	B-2-15, Hill View C.H.S., Pokhran Road No. 1, Devi Daya Nagar, Thane, Maharashtra	India
S1-188465249	Lotus Construction Pvt Ltd	#203, P.No.4, 5 &6, Sravanthi Serenity-2 Chandana Societykondapur, Serilingampally, Hyderabad, Telangana	India
S1-185733264	Ada E. Cavanagh, D.D.S.	Baytown, 3116 Rey Avenue, TX	US
S1-873297860	Platinum Packaging Labs Clinic	Hartford, CT, 283 Martin Street	US
S1-87601903	Devaney Media Inc	2-90 Seagirt Boulevard, Far Rockaway, NY	US
S1-349863447	Somya Project Private Limited	Pm 31/1099, Panangat Building, Sbt Lane, Pattambi Road, Perinthalmanna, Perinthalm, Anna Taluk, Malappuram, Malappuram, Malapuram, Kerala	India
S1-511378447	20/20 Vision Center	WI, N84W14910 Knoll Passage, Village Of Menomonee Falls	US
S1-867048920	Unique Media Private Limited	No.30, Second Narayana Street, Sevenwells, Chennai, Tamil Nadu	India
S1-806662165	Joslin Tree Inc	4101 Albemarle Street, Unit 342, Washington, DC	US
S1-31557258	Urology Health L.L.C.	38 Gaslight Lane, Rochester, NY	US
S1-39858497	Interstate Packaging Products LLC	Unit A, TX, 2102 Ws Young Drive, Killeen	US
S1-744978692	Spring Academy	House No. 165, Ward No. 08, Vill-Chak Mohabbat, Tola-Chak Mohabbat, Ahiyapur, Muzaffarpur, Bihar	India
S1-245600254	Koonce Family Practice, LLC	207 Exchange Street, Colonie, NY	US
S1-131918607	Williams's Cleaning Inc.	40195 Mohawk River Road, Marcola, OR	US
S1-518756803	Kavin & Associates Care	Gurgaon, House No. 901 Sector-17B, Gurgaon, Haryana	India
S1-228738165	Keystone Allspring LLC	643 Perry Street, Montgomery, AL	US
S1-102178298	Rogers Worldwide LLC	9722 Walnut Street, Kansas City, MO	US
S1-293674009	Accord Servicesprivate Private Limited	Flat No 126 Ist Floor Pkt E Sec B-2 Narela, Delhi, New Delhi, Delhi	India
S1-845858962	Nord Paloma LLC	46306 162nd Avenue, Eatonville, WA	US
S1-47732790	Cozy Tavern	3585 Brambleton Avenue, Unit UNT 335, Roanoke County, VA	US
S1-175480872	New Delhi Oil LLP	House No585-B, Gf, Block Wz, New Delhi, South West Delhi, Delhi	India
S1-569106277	Supreme Silver Energy Private Limited	1-A, Indore, Press Complex A, B Road, Madhya Pradesh, Indoe	India
S1-74716352	Huizar Allstate L.L.C.	274 Glen Drive, Brookhaven, NY	US
S1-198397233	Oberholtzer Innovative Ses LLC	1840 5300, Roy City, UT	US
S1-12940739	Bright Premier Logistics Private Limited	C501, Aparna Cyberlife, Kanchi Gachibowli Road, Nallagandla, Serilingampally, K.V.Rangareddy, Telangana	India
S1-199183009	Eye Strategic Clinic, LLC	4608 Maryland Avenue, Unit 208, Glendale, AZ	US
S1-792555366	Heritage Wealth International, LLC	DC, 1601 Rosedale Street, Washington	US
S1-82162468	Delta Supreme Viii, LLC	611 Round Lake Drive, Richmond, TX	US
S1-758902915	Dunn & Marcy	8 Primrose Way, Unit 8302, Haverhill, MA	US
S1-521815420	Patel Nevada, Inc	IN, West Lafayette, 2929 Horizon Drive	US
S1-40296158	Chhatarpur Network	Arvind Chaurasia S/Obihari Lal Chaurasia Ward No 32 Jawahar Marg Near Pnb, Chhatarpur, Madhya Pradesh	India
S1-268849529	XR Intermediate Ltd	105 Cottonwood Drive, Chatham, IL	US
S1-550659455	Exquisite Entertainments Private Limited	Flat No.7-1001, Sector-1 Nh 8, Dharuhera, Rewari, Haryana	India
S1-161393703	Mcclure Continental Nexus Inc	8752 550, Coatesville, IN	US
S1-565801609	Shivam Infotech Private Limited	Sr No 120/1/3, Behind Saikar Complex Baner Mhalunge Road, Pune, Maharashtra	India
S1-353727906	Flint LLC	IL, Peotone, 9425 Barr Road	US
S1-106021346	Complete Reliable Steel	Colesville, 1160 Colesville Road, Unit Apartment 1, NY	US
S1-466944894	Surratt Fields L.L.C.	AR, 14218 Promised Land Lane, Trumann	US
S1-146893377	Vision Associates LLC	3138 Strathmoor Avenue, Toledo, OH	US
S1-431119869	Seven Southern Infra Private Limited	Sy No 746/U, Nagarjuna Nagar Miryalaguda, Miryalaguda, Nalgonda, Telangana	India
S1-240336248	Bell's Gulf Logistics Inc	14244 Gold Coast Terrace, Tigard, OR	US
S1-819970664	Rocky Medical Center	1300 Fordham Boulevard, Unit 600, Chapel Hill, NC	US
S1-800334363	Urban Exports Pvt Ltd	3-17 Milk Cooler Centre Munagapaka, Vishakhapatnam, Andhra Pradesh	India
S1-301069017	Amrit & Co	Satna, In C/O Kaidilal Vishwakar, Raghurajnagar, Madhya Pradesh, Ma, Ward No. 37	India
S1-893373490	A Creative Associates PC	1571 Rodessa Run, Raleigh, NC	US
S1-966014938	Marudhar Developers Limited	460/1, Alps Estate, 5B Block I Kaikondarahalli, Off Sarjapur Road, Bangalore, Karnataka	India
S1-137811535	Better Pinnacle Auto Repair Inc	4736 70th Place, Urbandale, IA	US
S1-652687499	Jai Technology Private Limited	7C Gp Heights Collegemore, Ward-6, C/O Sandipagarwala, Birbhum, West Bengal	India
S1-212488971	Royal Krishna Healthcare Private Limited	K-76 G/F Meena Bazar, Jama Masjid Delhi, Delhi, Central Delhi, Delhi	India
S1-178099675	Finet Capital	2209 Division Street, Melrose Park, IL	US
S1-656952658	International Projects Limited	J-1/104, J V Sahara Bldg No. J1 J2 C.H.S. Ltd, Opposite Mittal Tower Naigaon (East), Palghar, Vasai, Thane, Maharashtra	India
S1-964585052	Chennai De Private Limited	Door No : 83 Mount Road, Guindy, Chennai, Tamil Nadu	India
S1-571293028	Georgie Kelly Brc Inc	2027 King Street, Shelton, WA	US
S1-841674455	Prime Trading Private Limited	Prantick Appartment, Chinar Park, North 24 Pgs, North 24 Parganas, West Bengal	India
S1-572172984	Straight Edge Bistro	2370 Schillinger Road, Mobile, AL	US
S1-748045705	Dawn Traders Ltd	Uu-14 Vishakha Enclave Pitampura, Delhi, North West, Delhi	India
S1-469555076	Leeds International School	Plot No 1170, Sector 57, Dlf Qe, Gurgaon, Haryana	India
S1-825692144	Wavetech Farmer Limited	Vazhaplavil House Pazhavangadi P.O, Ranny, Pathanamthitta, Kerala	India
S1-763743580	Womens Health Delta Medicine Associates	1104 Winona Avenue, Warsaw, IN	US
S1-580336215	Paden Fortune	83 Ward Street, Unit 313, Revere, MA	US
S1-191562525	Tri-State Institute of Technology	9811 Arv Ellen Drive, Fl 0, Saint Louis, MO	US
S1-476150812	Ear Nose & Throat Health	417 Ingram Street, East Camden, AR	US
S1-614750210	Health Center Inc.	5167 Ii, Town Of Winchester, WI	US
S1-371642228	Apex LLC	102 Whispering Winds Lane, Jacksonville, NC	US
S1-153151022	Best Southern Services Private Limited	Bindhu Vihar, Tc 4/642, Bcra (A) 34, Brahmins Colony, Kowdiar P.O, Thiruvananthapuram, Trivandrum, Kerala	India
S1-711402252	Pediatric Dental Preferred Clinic Center	621 Wallace, Ardmore, OK	US
S1-75348620	N+ Grifols LLC	126 Osborn Avenue, Youngstown, OH	US
S1-557052392	Equinox Networks	507 Clay Street, Mt Pleasant, IA	US
S1-986735850	Shree Finance Ltd	373, South Part, Mahaveer Bag, Ujjain, Madhya Pradesh	India
S1-911043415	Iveniq Safe PLLC	Clarkstown, Unit Unit B, 7 Heritage Drive, NY	US
S1-803906781	Alfi Chavez Elite Biracilik LLC	WI, 733 Chapel View Road, Unit Apartment 5, City Of Green Bay	US
S1-462188588	Leeann Currin Cleaning LLC	6711 Quarter Creek Drive, UT, West Jordan	US
S1-375690009	Image (India) Estates Limited	Devgad, Sindhudurg, Maharashtra, C/O Mr Sunil S Kulkarni A/P Deogad 1807 Anusuya Complex, Devgad-Taramumri Road	India
S1-729451462	Red Technology Private Limited	House No 33, Floor 2Nd Block- Bfh, Shalimar Bagh, New Delhi, North West, Delhi	India
S1-111852403	Southern Rapid Pacific L.L.C.	6507 Milligan Place, Amarillo, TX	US
S1-965402411	Kaveri & Brothers Private Limited	Debigarh No-2Madhygram, Calcutta, West Bengal	India
S1-623928762	Bright Systems	No.56, F.No.S1, Bakkiya Homes, 2Nd Street, Maduravoyal, Chennai, Tamil Nadu	India
S1-456230172	Jones and Tanner LLC	3400 Peppermint Drive, Hopkinsville, KY	US
S1-517440584	Wright Diana Inc	Michigan City, IN, 210 Lady Lane	US
S1-873301936	Eye Medicine LLC	731 Kiowa Drive, Gainesville, TX	US
S1-731621265	Foley's Trusted Healthcare	PA, Abington Township, 537 Louise Road	US
S1-15404554	Leilah's Regional Freight	3252 Reeves Street, Houston, TX	US
S1-224122399	Sap Solutions Pvt. Ltd.	D.No.5-1012/578 (P), Father Balaiah Nagar, Old Alwal, Secunderabad, Hyderabad, Telangana	India
S1-416478867	Maa Consulting LLP	No.33 Chord Road Opp Powerhouse Rajajinagar Bangalore, Bangalore, Karnataka	India
S1-362712133	Laxmi Products Private Limited	Plot No 74, Shiva Sai Ram Nagar, Ramachandrapuram, Medak, Telangana	India
S1-734127108	Express Property Global, Inc	16138 Excelsior Court, Lakeville, MN	US
S1-323946469	Doti F. White, Esq.	1214 Balsam Court, City Of New Richmond, WI	US
S1-371671251	Qutubullapur Packaging Private Limited	Plot No. 918/A, Pragathi Nagar, Opp Jntu, Qutubullapur, K.V.Rangareddy, Telangana	India
S1-22059385	Shashwat International School	Tiruvannamalai, Tamil Nadu, Cheyyar, 255 Pillaiyar Koil Street, Thandappanthangal Village	India
S1-789089808	Sheridan & Cuellar Fox Inc	453 Lanier Street, Atlanta, GA	US
S1-839487888	Kesley Hutchison, O.D. PC	16474 Phillips Drive, Dove Valley, CO	US
S1-711905896	Compass	85 Allen Avenue, Donora Borough, PA	US
S1-394514289	Miller's Hair Studio	99 Smith Street, NY, Dannemora	US
S1-764027079	Hari Consultancy Private Limited	1504, 15Th Floor, Ambadeep Building, 14, K.G Marg New Delhi, New Delhi, Central Delhi, Delhi	India
S1-303765082	Dodyne Inc.	2383 Mock Road, Mansfield, OH	US
S1-642674879	Ellsworth, Marcellina S., DMD, M.D., P.C.	3501 Wolf Creek Ranch Road, TX, Burnet	US
S1-426240039	Harris United Biotechnology Inc	6815 Larkspur Drive, Phoenix, AZ	US
S1-247141447	High Bright Investments Private Limited	F - 154 Old Kondli, New Delhi, East Delhi, Delhi	India
S1-405998527	Platinum Printing Worldwide LLC	Independence, 1005 Walnut Street, MO	US
S1-479457701	Education Ministries	16174 Kelbaugh Road, Thurmont, MD	US
S1-263144747	Mo Academy	812 Burning Bush Lane, Mount Prospect, IL	US
S1-145079373	JF Midland LLC	60 Bell Creek Road, WV, Dixie	US
S1-230174404	Ace Global Food Private Limited	Office No 29, 1St Floor, Plot No 44, Sai Chambers Cbd Sect-11, Cbd Belapur, Navi Mumbai, Raigarh, Maharashtra	India
S1-496943745	Scholarship Trust	172 Broad Street, Unit 102, Mooresville, NC	US
S1-317622045	Value Better Forefront	14681 Longview Drive, Loxley, AL	US
S1-994422780	TQ India Private Limited	Plot No-60, Pole No-0447, Deepak Vihar Najafgarh, New Delhi, South West Delhi, Delhi	India
S1-167756409	Haryana Advisors Private Limited	No-371, Royal County-5, Kothanoor Main Road, Bangalore South, Bangalore, Karnataka	India
S1-26464713	Shiva Systems Pvt Ltd	Uttar Pradesh, Sultanpur, C/O Mohd Nayim Mauhariya Road Nikat Sent Jeviers School, Sultanpur	India
S1-97372897	Arts Charities LLC	IN, 720 400, Lagrange	US
S1-54011276	Frontier Society	NC, Newland, 1877 Old Jonas Ridge Road	US
S1-120762554	Lane Commerce LLC	2051 Walton Avenue, Bronx, NY	US
S1-71662925	Agro Peak Leather Private Limited	27/1, Mettu Street, Tirukalikundram, Kanchipuram, Tamil Nadu	India
S1-580125173	Dronagiri Educational Private Limited	New No 67, Old No 22, Velachery Main Road, Saidaped, Venkatapuram, Chennai City Corporation, Chennai, Tamil Nadu	India
S1-302620635	Best International Industries Private Limited	Shree Ram Nagar Teghoria, V.I.P Road, P.S-Rajarhat, Kolkata, Howrah, West Bengal	India
S1-270720130	Surya Solutions Limited	S-5, Second Floor 11/41, West Punjabi Bagh, Delhi, New Delhi, Delhi	India
S1-974223143	Dynamic Optimal Ithax Inc.	2284 Hell For Certain Road, Hyden, KY	US
S1-821814950	Children's Ministries	2206 Harrodsburg Road, Lawrenceburg, KY	US
S1-170052428	VZ Molecular LLC	915 Ellis Avenue, Unit APT 310, City Of Baraboo, WI	US
S1-744740161	Rev It Up Seafood	10331 Blythe Drive, City Of El Paso, TX	US
S1-2837253	Drayium Pacific PC	Woodside, 63-08 Hicks Drive, NY	US
S1-541268331	Lineque	29971 Truman Avenue, Wickliffe, OH	US
S1-689492539	Eolande Lewis, D.D.S., PC	1003 10th Street, Humboldt, IA	US
S1-283654510	High Healthcare Pvt Ltd	Flat No. 705, S V Spring Woods, Kanakapura Main Road, Thalaghattapura, Bangalore South, Bangalore, Karnataka	India
S1-866032385	Economic Development Guild LP	11100 River Heights Drive, Unit C304, South Jordan, UT	US
S1-349926126	Hinkle, Carmencita N., Ph.D. P.C.	2437 Golden Bear Way, Wentzville, MO	US
S1-660331597	Palacios Velos, Inc	2105 Camay Street, Leander, TX	US
S1-130259349	Vighnahar Finance (India) Private Limited	Haryana, Gurgaon, Gurugram, 4 Th Floor Sushant, Lok-Iii, Sector-57, C-177	India
S1-732625514	Physical Therapy Pacific Associates	970 Cloverleaf Court, Martinsville, IN	US
S1-883358195	Pediatric Dental Care Associates of Glen Burnie	7841 Stonebriar Drive, Fl 0, Glen Burnie, MD	US
S1-923007184	Applied Telecom Worldwide Center	42333 Blagg Road, Talihina, OK	US
S1-738912730	Duarte and Rivera LLC	15939 Prairie View Court, New Lenox, IL	US
S1-616364250	Burns Unified Stardust	NC, 3901 Battleground Avenue, Unit 73, Greensboro	US
S1-170642943	Choolaimedu High Road Glucose Ltd	106 & 107, Suresh Block, Chitra Avenue, Old No.5 New No.9, Choolaimedu High Road, Chennai 600 094, Tamil Nadu	India
S1-161198268	Thibodaux Transition	Thibodaux, 215 Darolina Street, LA	US
S1-555265335	Secure Agricultural Corporation	OH, Canfield, 3351 Forty Second Street	US
S1-742494841	RK Hours Limited	Purana Bazar, Barnala, Barnala, Bhushan Bansal, Sangrur, Punjab	India
S1-495809734	Swastik Software Private Limited	Marutham Onyx, Flat: Tf1 106, Bharathiar Road, P.N. Palayam, Coimbatore, Tamil Nadu	India
S1-846770088	Wilson, Garcia & Ramirez	543 Melville Drive, Crosby, TX	US
S1-610592543	Ans Printers Pvt. Ltd.	Phulwari, Ramdas Path, Mithapur B Area, H/O Lila Devi, Patna, Bihar	India
S1-392795451	Horizon Classic Vernal LLC	1051 3000 Road, Clifton, IL	US
S1-869737271	Acme Pragati (India) Private Limited	C/O- Surajit Bishwas, Panchjainagar Np, Vill-Jainagar Np, Tola-Water Way Chowk, Jainagar, Madhubani, Bihar	India
S1-160655727	Global Blue Real	1900 Industrial Boulevard, Unit C27, Lake Havasu City, AZ	US
S1-993661299	Modern Minerals LLC	2222 Northwood Drive, Amherst, NY	US
S1-690919194	Novus India Pvt Ltd	Sks Plaza, No.44, 2Nd & 3Rd Floor 100 Feet Road, Koramangala 4Th Block, Bangalore, Karnataka	India
S1-395066110	Innovative Asset Works	Fl 1, Thompsonville, IL, 1759 New Lake Road	US
S1-932565696	Big Projects	214, Devashree Gardens Commercial Complex Near Rutu Park, R W Sawant Road, Thane, Maharashtra	India
S1-524959941	Anna-Diane Manion, L.C.S.W. LLC	9158 Highway 84, Bismarck, AR	US
S1-220635374	Capital Quality Navios	6 Grady Drive, East Hartford, CT	US
S1-804843120	Lotus Global Limited	Uttar Pradesh, Tilhar, Shahjahanpur, Mohala Banwari Pur Tehsil Tilhar	India
S1-264264764	Jet Infratek (India) Private Limited	Metro Plaza, S-2. Fatehsingh Ki Dharamshala, Gopal Bari, Jaipur, Rajasthan	India
S1-852798404	Jd Brothers Center	H No 1023, Gaurishankar, Nagar, Khotwadi, Hatkanangale, Kolhapur, Maharashtra	India
S1-207702331	Daniel Sangh	Jaipur, Rajasthan, 20, Mohan Nagar, Nahargarh Road, Jaipur	India
S1-701667842	Smart Infotech Private Limited	Sarvamhouse, Mowlivakkam, Chennai, Plotno.84&89, Doorno.63, Rajagopalapuram5Thstreet, Tamil Nadu	India
S1-463482754	Kothari Systems LLP	M 111 First Floor Saket, New Delhi, South Delhi, Delhi	India
S1-369533506	Stutzman River	21962 Auction Barn Drive, Loudoun County, VA	US
S1-320253887	Rochette's Certified Medical LLC	358 Northtown Drive, Blaine, MN	US
S1-58919833	Henderson Launchpad Corp	948 Whittington Avenue, Unit Apt 227G, Hot Springs, AR	US
S1-68233179	Hi Advisors	Shivnandan Flat No. 401, Wing C2 S No 318/1, 319/2, Nr Waghere Colony No 2, Pune, Maharashtra	India
S1-154596896	Business Financial Dynamics Inc	1689 Dayton Street, Unit Unit 6, City Of Mayville, WI	US
S1-733115362	Clare J. Watson, O.D.	DE, Millsboro, 436 Wilson Highway	US
S1-559445024	Nadiya Edutech Private Limited	C/O. Shri Devilalji Mod Pat Nadiya, Nadiya, Dungarpur, Rajasthan	India
S1-873570994	Orbova Associates Holdings	7762 F, Town Of Sherry, WI	US
S1-17971865	Anderson, Smolenski & Miller Inc.	1384 96th Avenue, Unit #315, Hillsboro, OR	US
S1-569604522	Nirwan Land Private Limited	Shop No-55, Ground Floor, Laxmi Bazar, Vijay Park, Gurgaon, Haryana	India
S1-5885313	Shiv Technology Private Limited	Lucknow, Vibhuti Khand Gomti Nagar, C-91, Uttar Pradesh	India
S1-554386717	Ss Technologies Pvt Ltd	2, 6Th Street, Dr.Thiru Moorthynagar Nungambakkam, Madras-, Tamil Nadu	India
S1-11673601	Classic Analytics Brands Corp	WI, 16 Bel-aire Drive, City Of Madison	US
S1-698664906	Zion Aquarium Pvt. Ltd.	Premises No. 2, Rupchand Roy Street, Room No. 210, 2Nd Floor, Kolkata, Kolkata, Howrah, West Bengal	India
S1-616035062	Smart Hospitality LLP	Tarin Bahadurganj Near Bsnl Exchange, Shahjahanpur, Uttar Pradesh	India
S1-924071390	Tomoque Mitsubishi Inc	16514 58th Place, Lynnwood, WA	US
S1-555706559	Beverlie Miller Opportunities PC	607 Rattlesnake Pike, Union Twp, PA	US
S1-463018957	Drayyn Telecommunication Inc.	18016 Beaverdale Road, New London, IA	US
S1-511991576	Keon Vanguard Muniyield Inc	6 Woodward Park Street, Unit 3, Boston, MA	US
S1-174398509	Capital Digital Private Limited	C/O Sunita Kumari, Golaroad, Digha, Dinapur-Cum-Khagaul, Patna, Bihar	India
S1-305723363	Iseabal Ramirez Beijing Corp	NC, Holly Ridge, 212 Holly Sands Loop	US
S1-46616873	Physical Therapy Associates, Inc	17 Willard Avenue, Medford, MA	US
S1-612025282	Sallyanne Edwards Modern Pelican	1804 650, Heber City, UT	US
S1-587643969	ZL Rocky Cyber LLC	5006 Clark Avenue, Cleveland, OH	US
S1-821594008	Galaxy Technologies Pvt Ltd	Altf Meenakshi Tech Park- 8Th Floor( B & C Block), Meenakshi Tech Park Phase 2, Seri Lingampally, K.V.Rangareddy, Telangana	India
S1-484390138	Straight Edge Cleaning Service	130 Wisconsin Street, Salina, KS	US
S1-158977320	Youth Empire Initiative Inc.	3000 Lakeline Boulevard, Unit 126, Leander, TX	US
S1-716987153	Super Solutions Group	S 1 43 Jai Krishna Sudama Society Near Bengad Hall Bangur Nagar Goregaon W, Est, Mumbai, Maharashtra	India
S1-400904401	Tirupati Trading Pvt Ltd	167/4 Subzi Mandi Mainroad Mauj Pur, New Delhi, North Delhi, Delhi	India
S1-593935258	Pioneer Marketing Pvt Ltd	Sy No 68 Flat No 304 Hema Durga Plaza Above More Super Market Allwyn X Road Mi, Yapur, Hyderabad, Telangana	India
S1-993190452	Kehler & Earl LLC	MA, 64 Garden Street, Springfield	US
S1-671124888	Wehunt, Linville & Ramos Tech	1141 360, Unit 6, St George City, UT	US
S1-32698869	Urgent Care Regional Physicians	19 Mount Hope Avenue, Otisville, NY	US
S1-441424695	Express Wellness Ventures LLC	2718 Parsifal Street, Albuquerque, NM	US
S1-716494233	Berry Hunter, DO	13418 Sweet Surrender Court, Houston, TX	US
S1-729428364	Total Ubs Inc	16104 Valleyway Avenue, Spokane Valley, WA	US
S1-554769911	Novos Global	1201 7th Street, Nashville, TN	US
S1-682188264	South Power	501 502, C2, Mangal, Prabhat Chsl, 7 Gulmohar, Mumbai, Maharashtra	India
S1-175995158	Hobson Delta Rogers P.C.	7913 Birch Drive, Hammond, IN	US
S1-840536643	Chiropractic Center	3400 Spenard Road, Unit STE 204, Anchorage, AK	US
S1-982080093	Reliable Talent Labs	11 Central Street, Unit B, Springfield, MA	US
S1-937977789	H & K Runway LLC	NC, Greensboro, 1716 Holbrook Street	US
S1-221929602	3323 Commerce Road Owners Corp	2038 Lee Rd 137, Unit 230, Auburn, AL	US
S1-823106936	West Advanced Abrdn, LLC	52 Kimberly Court, Wareham, MA	US
S1-522751500	Certified Innovations	5012 Greenleaf Road, Baltimore, MD	US
S1-384354539	Turner, Davis & Hall Inc	10442 N Frontage Road, Unit 388, Yuma, AZ	US
S1-330543887	Rev It Up Bistro	107 Arthur Court, Castle Hayne, NC	US
S1-956270618	Montova Alchemy	Town Of Preston, WI, 1364 Cypress Lane	US
S1-862346188	Chapman Metropolitan Superior Inc	TX, Commerce, 1201 Northwood Court	US
S1-105584288	National Network	Wake Forest, NC, 1109 Oakman Ridge Court	US
S1-305854362	Brightelle Ashford Inc	89295 Demming Road, Elmira, OR	US
S1-548488276	Gold Super Agro Private Limited	Rangareddy, Hyderabad, Telangana, Dgs Prime 6Th Floor Sy No 11/32 & 11/33 Khanamet Village Sherlingampalli	India
S1-942753942	West Clearthink	3115 Cedarwood Drive, Durham, NC	US
S1-346621687	East Saint Louis Housing League	2123 Baker Avenue, East Saint Louis, IL	US
S1-270658743	White Projects Private Limited	21-22, Bharavad Was, Malanpur, Dasada, Surendranagar, Gujarat	India
S1-179510455	Silver Constructions Pvt Ltd	Near Police Station, Parasia, Madhya Pradesh	India
S1-989249803	Jain Logistics Private Limited	Telangana, 2Nd Floor, Mla Colony, Hyderabad, 8-2-293/82/L/271/A/1, Khairatabad	India
S1-172134742	Solutions Eternity Diagnostic Partners	146, Vadvala House, Near Navrangpura Bus Stop Navrangpura, Ahmedabad, Gujarat	India
S1-654976359	Guthrie and Cruickshank LLC	24141 Thunder Hill Road, Lapwai, ID	US
S1-434291995	One Ventures LLP	H No 5-2-248/N/1 Mustafa Nagar, Kammam, Prakasam, Telangana	India
S1-201828086	Goleta Health Atlantic Initiative Inc	231 Moreton Bay Lane, Unit 3, Goleta, CA	US
S1-985624202	Jai Ventures	C/O Chandan Kumar Gupta Jivdhara, P.O- Jivdhara, Thana Piprakoth, Motihari, East Champaran, Bihar	India
S1-757067090	Hatty Bashaw Innovative Liberty	5 Mountain Road, Unit Unit 11, Kiryas Joel, NY	US
S1-828947408	Sharad & Sons	Ahmedabad, Block D-703/7Th Fl, Saujanya-I Anupam Cinema, Ahmadabad City, Gujarat	India
S1-950316687	Rodriguez Secure Medical Group	113 Dickerson Court, Lancaster, KY	US
S1-474354586	Newbury and Hall Hancock LLC	OH, Cincinnati, 2469 Wahl Terrace	US
S1-294507294	Mccabe Coastal Guardian	897 5th Street, Noblesville, IN	US
S1-321680543	Jain Agro Pvt Ltd	S/3042-7Shivpur Varanasi, Uttar Pradesh, Varanasi, Uttar Pradesh	India
S1-325604850	Ear Nose & Throat Legacy Physicians	14505 Danville Road, Prince William County, VA	US
S1-902628168	Blue Enterprises LLP	H No. 2512, Sec-49, Sainik Colony, Faridabad, Haryana	India
S1-350663050	Sky Ventures Private Limited	A-9613 Saket, New Delhi, South Delhi, Delhi	India
S1-697910316	Godawari Brothers Pvt Ltd	Cp-002 Ward No.-Chinhat-Ii, Vikalp Khand-2, Lucknow, Uttar Pradesh	India
S1-613136881	Pediatric Smart Care Associates	15605 Rim Drive, La Pine, OR	US
S1-820811852	Innovative Genomic Union Inc	588 Small Point Road, Phippsburg, ME	US
S1-29827420	Anchor Trading Pvt Ltd	Shanti-Priti Plot No 46 B Mangalwar Peth Mageshkar Nagar Opp. Sai Hospital, Kolhapur, Maharashtra	India
S1-354264607	Pioneer Industrial Advisors LLC	152 N Grove Boulevard, Unit Apartment 1204, Waxahachie, TX	US
S1-794621941	Vanguard Advisors	Kapurthala, Pawan Kumar S/O Surinder Pal, Phagwara, House No. 27, Urban Estate, Punjab	India
S1-930720453	Swastik Enterprises Private Limited	A-244, Leisure Valley, Gh-02, Techzone-4, Bishrakh, Gautam Buddha Nagar, Uttar Pradesh	India
S1-191785263	Internal Medicine Center of Valley Stream	52 Garfield Avenue, Valley Stream, NY	US
S1-599221217	Premier First Rio, L.L.C.	2208 Cypress Avenue, Bay City, TX	US
S1-990057557	Stefania Ruhland Street Inc	342 Oberle Avenue, Essex, MD	US
S1-2298408	Ware Home Improvements	3111 Rose Ridge, Dickenson County, VA	US
S1-850040313	SZI Supreme Invesco LLC	South Burlington, VT, 339 Golf Course Road	US
S1-285362221	North Health Center Inc	556 Bluffton Drive, Fl 0, Glen Burnie, MD	US
S1-979004068	Pediatric Dental Group of Middle River	1010 Hickam Road, Middle River, MD	US
S1-240779101	Sai Nursing Home	A-123, Sector 3, Greater Noida (West), Noida, Gautam Buddha Nagar, Uttar Pradesh	India
S1-876035589	Big Ice Cream	8889 Morgan's Run, Olmsted Falls, OH	US
S1-303927211	Allen Electric LLC	887 Oakdale Avenue, Unit Apartment 247, Springfield, OR	US
S1-923728580	Teclaror Group	8456 Arrowhead Lake Road, Hesperia, CA	US
S1-828888949	Midwest Program	2527 Riverside Drive, Town Of Beloit, WI	US
S1-129562034	Pediatric Dental Clinic L.L.C.	7012 Cady Road, Everett, WA	US
S1-400365662	U 8 P Stock, LLC	Unit 1, Fall River, MA, 123 Smith Street	US
S1-643262978	Wind Solutions (India) Clinic	Bhahai Bhahai, Mathura, Uttar Pradesh	India
S1-857306855	Surya Power Private Limited	Unit No.18, 2Nd Floor, Ujagar Industrial Estate W T Patil Marg, Deonar, Mumbai, Mumbai City, Maharashtra	India
S1-681925724	Menard American Energetics Co	511 Colcord Road, Unit A, Payson, AZ	US
S1-479512770	Dolly & Co	Seth Farms, Khasra No. 41, 42, 44, 45 Mehrauli Gurgaon Road, Ghitorni, New Delhi, Delhi	India
S1-684547378	International Management Private Limited	Ivth Floorindus Avenue Kallai Road, Kozhikode, Kerala	India
S1-803708035	Pranav Holdings	Doha Complex, First Floor, Near Tagore Centenary Hall, R C Road, Kozhikode, Kerala	India
S1-510995810	Tovar International Inc	80 Mary Avenue, Dayton, OH	US
S1-181770021	Chandraksh Services Private Limited	C/O Prashant Kumar, Village Bakhtiarpur, Simri Bakhtiarpur, Saharsa, Bihar	India
S1-788312576	Easylife Exports (India) Private Limited	Ro House No 35, Building, Hermes Heritage 2, Pune City, Pune, Maharashtra	India
S1-89228178	High Maa Hospitality	C/O Tirupati Narayan, Kshirsagar, Laxmi Nivas, Nanded, Maharashtra	India
S1-913675423	Community Fund	Nantucket, 4 Marcus Way, MA	US
S1-202220816	K+ Willow LLC	1432 Bayberry Court, Chesapeake City, VA	US
S1-769477786	Blackwell, Romain & Shea Cartesian	1900 Parker Road, Houston, TX	US
S1-413676306	Lantern Analytics LLC	5219 Victoria Avenue, Charlotte, NC	US
S1-457188752	Cougar Datacenters LLP	No 138, Mylasandra, Near Anjanea Temple, Bangalore South, Bangalore, Karnataka	India
S1-948909355	Superior Bridge LLC	89-45 201 Street, Hollis, NY	US
S1-685086762	Certified Liberty Imaging Inc	24471 Fifth Avenue, Florala, AL	US
S1-686041305	Tri-State Atlantic Tsakos LLC	100 Louis Avenue, West Seneca, NY	US
S1-851833219	Urology Medicine LLC	605 See Gwun Avenue, Mount Prospect, IL	US
S1-94242843	Ujjwal Financial Private Limited	222 Pani, Fatehpur, Uttar Pradesh	India
S1-294573152	Raptor Mills Private Limited	B No.588 No.7, O T Section, Ulhasnagar -2 Dist Thane., Thane, Maharashtra	India
S1-418374648	GX Cornerstone Business Inc	1301 V, Birmingham, AL	US
S1-101383941	Shakti Management Private Limited	# 1-8-240, Mayuri Residency Balasamudram, Hanamkonda, Warangal Urban, Telangana	India
S1-108997719	Roessler, Williams & Townsend LLC	614 Seminole Drive, Unit A, East Ridge, TN	US
S1-344916627	Botero Biomedical	126 North Street, Lima, OH	US
S1-382999845	Uh Industries Ltd	23 Hauz Khas Village 3Rd Floor, New Delhi, Delhi	India
S1-940595444	Urgent Care Partners	Crest Hill, Unit 203, 1360 Pioneer Road, IL	US
S1-901447734	Aravali Brothers Private Limited	C/O Mohd Arif Belim Anand Colony, Near Samta Nagar, Ratlam, Madhya Pradesh	India
S1-632128506	Coastal Council Inc	120 Main Street, Village Of Fall River, WI	US
S1-856748238	Afm Motor LLP	C/O. Mr. Nivruti L Bobde, Vittal Mandeer Javal, Ta - Sonpeth, Near, Mandeer, Parbhani, Maharashtra	India
S1-761076594	Life Projects Center	Kushinagar, Kath Kuiyan, Vill: Jangal Dhrampur Chauriya, Uttar Pradesh, Kushinagar	India
S1-987639264	Varshraj Security Limited	Plot No. 5, 6 First Floor, Flat No. 201, Bharat Vihar, Kakrola, Delhi, South West Delhi, Delhi	India
S1-720046243	Alpha Agro LLP	New Delhi, 10Th Floor, Gopala Tower, 10A, Delhi, Central Delhi	India
S1-657574516	Stout and Field LLC	MT, Ballantine, 2112 13th Road	US
S1-688170968	Shyam Technology Private Limited	C/O Shushila Singh, Krishana Palli Nr Maoryal, Lucknow, Uttar Pradesh	India
S1-227742888	Hotel Impex LLP	E-49 Preet Vihar, Delhi, East Delhi, Delhi	India
S1-821399616	Arena Seva Samiti	251B, Lig Flat, Motia Khan Paharganj, New Delhi, Central Delhi, Delhi	India
S1-269662096	Ms & Co	359/360/361/362 Vardhman Fortune Mall G.T. Karnal Road, Near Gujranwala Town, Delhi, North Delhi, Delhi	India
S1-79270224	Prananth Sugar Private Limited	House No 633 Landmark, Delhi, Rishi Nagar Shakur Basti, North West Delhi	India
S1-406149953	Harshi & Co	House Asset No. 8897, Prusty Colony, Housing Board, Po: Berhampur, Ps: Bada B, Azar, Berhampur, Khordha, Orissa, 1St Room	India
S1-173579575	Oncology Associates	7201 Ray Charles Drive, Austin, TX	US
S1-486720639	Main Street Bistro	3430 Porter Avenue, City Of El Paso, TX	US
S1-442744323	Desert Global Tinto LLC	348 Hamilton Street, Worcester, MA	US
S1-662651531	Supreme Projects Private Limited	Sn-28/1B, Tiny Industrial Estate, Kondhwa Bk. Punyadham Asharam Road, Pune City, Pune, Maharashtra	India
S1-408234022	Grand Prairie Orthopedic Center Partners	TX, Unit C, Grand Prairie, 214 Renfro Drive	US
S1-371669719	Johnson Electric Corp	2025 Merten Drive, Unit 12, Waldport, OR	US
S1-454783119	Eames Custom Ethereum	7723 Balla Court, Henrico County, VA	US
S1-71902894	Best Technology Private Limited	Building B, Office 424, Suratwala Mark Plazzo, S. No. 27, Mulshi, Haveli, Pune, Maharashtra	India
S1-490084629	Interstate Guild Inc	1170 7 Road, Marysville, KS	US
S1-951961802	Sterling Growth LLC	1270 Callen Street, Vacaville, CA	US
S1-430380265	Adda Smale Grand Pacific Inc	3723 Tidalwood Drive, Manvel, TX	US
S1-298314535	Perfect Tech Limited	H.No-3, Main Gurgaon Road 430/2, New Roshan Pura, Najafgarh, New Delhi, West Delhi, Delhi	India
S1-303796426	Preferred Frontier Online Center	5 Northford Way, Parkville, MD	US
S1-630147348	Rameshwaram & Sons Private Limited	168, 16Th Cross Street Telephone Nagar, Perungudi, Chennai, Tamil Nadu	India
S1-683782942	Sree Agro Pvt Ltd	4506 B Wing Meter Oberoi Exquisite, Village Dindoshi, Oberoi Garden City, Goregaon East, Mumbai, Maharashtra	India
S1-9785521	Maid Massage	807 York Imperial Trail, Oxford, AL	US
S1-239188462	Biddie Wagner Research Company	1077 Main Street, Unit 302, Wakefield, MA	US
S1-783510617	Suncorp Trading Private Limited	Floor 3, Plot 650, Sharaf Manzil, Dhobi Talao, 2Nd, Lane, Navjeevanwadi Dhobi, Talao, K, Albadevi, Mumbai, Mumbai City, Maharashtra	India
S1-120285367	Atlantic Supreme Providence	328 Elizabeth Avenue, Massillon, OH	US
S1-696170210	Busonvue Management Associates	Louisville, 9410 Doewood Ln, KY	US
S1-806497466	Levine Eureka	1695 Main Street, Hartford, CT	US
S1-521109493	Target Invest Private Limited	Crystal View Apts G 3, 62 St. Johns Road, Bangalore, Karnataka	India
S1-795804356	Great Traders Private Limited	Uttar Pradesh, E-34 Site-Iiipanki Industrial Area Kanpur, Kanpur, Uttar Pradesh	India
S1-740773940	Mello Liberty Scientific LLC	223 Macdonald Boulevard, Havelock, NC	US
S1-871165290	Urgent Care Group	3500 Philemon Avenue, Unit 451, Charlotte, NC	US
S1-933639996	Jones, Yun & Stallings	513 Chimney Rock Road, Fort Worth, TX	US
S1-533872491	Owens Pharmaceuticals LLC	13506 Puritas Avenue, Cleveland, OH	US
S1-308472751	Hill and Gray Tax Service Inc.	49509 Co Hwy 53, Perham, MN	US
S1-735002426	Scholarship Guild II LLC	343 Laquita Drive, Atlanta, GA	US
S1-641829782	Darosa Learning Center	3749 Redthorne Drive, Amelia, OH	US
S1-563814373	Oncology Specialists of Norwalk	Norwalk, CT, 250 Westport Avenue	US
S1-521430338	Advanced Digital Technologies LLC	4133 Main Street, South Bend, IN	US
S1-97938883	Life Systems Pvt Ltd	Survy No. 237, Block No. 4 Kumbhar Wada, Massid Mohallo, Nizampura, Vadodara, Gujarat	India
S1-309727141	HB Services Private Limited	41/A Nazir Lane (Kidderpore), Kolkata, Howrah, West Bengal	India
S1-750625764	Palomo Value Fuel LLC	27985 Three Mile Point Road, Lyme, NY	US
S1-797741390	Rollings Idea Clinic	3185 Winding Woods Drive, Powell, OH	US
S1-583945710	Thane Fertilizer Private Limited	Unit No-13, First Floor, Ashley Tower C.H.S. Ltd., Beverly Park, Next To Cinemax, Mira Road, Thane, Maharashtra	India
S1-128605991	Jacob Patriot Energy Inc.	77 Bolton Street, Concord, MA	US
S1-154362333	Ketki Investment Private Limited	H No 7E, Ghaziabad, Uttar Pradesh, Ghaziabad, Kh No. 645, G R Garden 2, Block A	India
S1-896786799	Mangin Smart Portfolio LLC	11102 Palatka Court, Indianapolis, IN	US
S1-848481930	Chandana Welfare Society	Flat No. Ff-2 Harmony Appartment 52/78, Punjabi Bagh, New Delhi, Delhi	India
S1-969884307	Gold Jay International Limited	C/O Raj Udhyogold Jessore Road Ganganagar 24 Pgs(N), Kolkata, Howrah, West Bengal	India
S1-798033124	Primary Care Choice Associates	17 Edgeview Lane, Staten Island, NY	US
S1-893969530	India Aranyak Fashions Limited	66/1815, Ground Floor, Pattarumadhom Building, Chittoor Road, Ernakulam, Kerala	India
S1-2509125	Raviansh Polymers Private Limited	B-26, Okhla Industrial Area Phase-Ii, New Delhi, Delhi, New Delhi, Delhi	India
S1-996578021	Maid Massage! Center	175 Big Spring Terrace, West Pennsboro Township, PA	US
S1-66161923	Chemicals Memorial Trust	A 1204 12Th Flr Ashiyana, Palm Court, Ghaziabad, Uttar Pradesh, Ghaziabad	India
S1-290597867	Rozelle Sensenig Pacific Painting Inc	Washington, 331 13th Street, DC	US
S1-720326170	Athena Institute of Technology Private Limited	H.No-B-4-33 Bk Enclave, Maktha Mahaboobpet, Serilingampally, K.V.Rangareddy, Telangana	India
S1-544533608	Sai Software Private Limited	B5/A New Ashok Nagar, Delhi, East Delhi	India
S1-999912713	Graff Electronics LLC	3935 Germania Avenue, Cincinnati, OH	US
S1-119797377	Johanna Lovelace First Wintergreen Inc	3631 Belden Drive, Saint Anthony, MN	US
S1-892559433	Anand Business Limited	New Delhi, Delhi, New Delhi, V 297 G/F Kh No 140 G No 21 Vijay Park Near Bikaner Sweet	India
S1-967581499	Urgent Care Medicine of Tolleson	4527 108th Avenue, Tolleson, AZ	US
S1-472944603	Metal Motors LLP	Room No. 404 Sunanda Tower At Bank Road, Gorakhpur, Uttar Pradesh	India
S1-122681503	Lotus Solutions Private Limited	#8-2-622/1/A3, Classic Emerald, Road No 10 Banjara Hills, Hyderabad, Telangana	India
S1-256653195	Stewart Brighthouse LLC	12 May Street, Braintree, MA	US
S1-789069666	Shivam Infra Pvt Ltd	C/O Sivakumar Subramania2432, 16Th 'B' Main Road, Hal 2Nd Stage, Bangalore., Karnataka	India
S1-783900965	Zodiac Trading Private Limited	Alipurduar, West Bengal, Jalpaiguri, C/O Abitabh Adhikari, Pararpar Pararpar	India
S1-373494446	White Constructions Private Limited	C/O Smt Sheela Tiwari, Meerakhpur Bindki, Kanpur, Uttar Pradesh	India
S1-327469726	Nextgen Mediatech Private Limited	862A 4Th Floor, Maplecommunity Sushanlok, Dlf Qe, Gurgaon, Haryana	India
S1-392456332	Interstate Realty Enterprises LLC	540 Trails End Drive, Glen Carbon, IL	US
S1-136366506	M/J Polska, L.L.C.	315 Normandie Court, Redlands, CA	US
S1-349353248	Bison Aktiengesellschaft LLC	110 Hillcrest Boulevard, Decatur, IL	US
S1-763462487	Eastern Health Center	TX, El Paso County, 14934 Loera Street	US
S1-166183358	Strategic Digital Inc	1720 Highway 11, AR, Star City	US
S1-587474265	Vanguard LLC	94 Ridge Road, Brookhaven, NY	US
S1-231181159	Merino Emera of Rocky Hill Corp	Rocky Hill, CT, 146 Bailey Road	US
S1-252106720	Sankalp Finance LLP	No. 235, 13Th Cross, 2Nd Stage, Bangalore North, Bangalore, Karnataka	India
S1-760671525	Urban Pioneer Hospitality Private Limited	Office No - 25 Ground Flr, B Block Satyamev Complex, Daskroi, Ahmedabad, Gujarat	India
S1-55236106	Hitech Food Private Limited	C/O Laxchhman Sahni, At-Harpur Nizamat, Chaknur, Samastipur, Bihar	India
S1-783348092	Merchant Etf	Unit 3C, NC, Greensboro, 109 Grovecrest Way	US
S1-309645983	Rajas Biotech Limited	Off No. 537, Nirmal Galaxy Commn Bldg, Near Deep Mandir, Mumbai, Maharashtra	India
S1-742570523	Christan's Safe Media	5014 Bee Creek Road, Spicewood, TX	US
S1-255183272	Vega Patriot, Inc	148 Clayton Circle, Vacaville, CA	US
S1-259702875	Allied Holdings Group	115 Bay 41 Street, Brooklyn, NY	US
S1-812267462	Sile Noonan, D.D.S., P.C.	2159 Saint Pierre Road, Sheldon, VT	US
S1-818541819	Reflections Construction Private Limited	P 40A, Kinfra Mega Food Park, Kozhippara (P.O), Palakkad, Kerala	India
S1-641095065	Houston Dermatology Associates	9219 Kempwood Drive, Houston, TX	US
S1-869569516	Feldman First Briacell LLC	200 Randolph Street, Unit 2, Abington, MA	US
S1-953832176	Peak Precision Commodities	5685 Little Branch Run, Unit 314, Hyattsville, MD	US
S1-376952124	Rois W. Graves, DPM	706 Taylor Street, Massillon, OH	US
S1-516825532	Buscemi Global Suisse LLC	2736 Dunoon Drive, City Of El Paso, TX	US
S1-672490012	Ivey All Vance Inc	CO, Guffey, 1521 Canon Street	US
S1-141905557	Halcic Beauty LP	1288 Prosperity Avenue, Saint Paul, MN	US
S1-538032068	Peach Trading Pvt Ltd	Flat No. 303, Block-D, Perfect Towers, Oldpolicestation, Miyapur Serilingampally, Hyderabad, Rangareddy, Telangana	India
S1-203066110	Miller All Sun LLC	214 Vilas Avenue, City Of Nekoosa, WI	US
S1-346067773	North Yhn	6 Briggs Court, MA, Taunton	US
S1-649333178	Ear Nose & Throat Classic Partners Corp	3800 Graceland Court, Ellicott City, MD	US
S1-769852143	Capital Trust	1526 C Ave NW, Cedar Rapids, IA	US
S1-686771371	Surya Producer LLP	Delhi, South West Delhi, Plot No D-978(F/F) Palam, Extn 1 Sect 7 Dwarka, New Delhi	India
S1-993773290	Board of Labor	1173 Windsor Parkway, Moody, AL	US
S1-287671174	Vision Clinic PLLC	20520 Conifer Drive, Huson, MT	US
S1-226025070	Chenna Foods Limited	Bldng No. 733, Km Complex, Kushalnagar Taluk, Virajpet, Kodagu, Karnataka	India
S1-918283406	Advance Fashion Corp	Flat No 505, Bushra Tower Lane No 10B, Sai Baba Nagar, Pune City, Pune, Maharashtra	India
S1-622441076	Rodriguez Elite Science LLC	3227 Kentucky Avenue, Paducah, KY	US
S1-162060951	Hyatt's Homecare	324 Circle Drive, Christiansburg Town, VA	US
S1-877468327	Pacific Health Center	425 Home Avenue, Oak Park, IL	US
S1-991525764	Benita P. Cook, DPM	Edmonds, WA, 12528 Marine View Drive	US
S1-265791854	Kathrine Garcia Total Jpmorgan LLC	WA, Seattle, 4908 C Willow Street	US
S1-203493690	Regional Ministries LLC	944 Main Street, Killingly, CT	US
S1-65360207	Lantry, Hoffman & Davis	Salem, OR, 3586 Turner Road	US
S1-189808941	Montalbano Century P.C.	222 Blaine Avenue, Fillmore, CA	US
S1-849760124	Sumeru From LLP	Navajyothi Nagar No:13 Thiruvathira Townlimit, Kadappakada. P. O, Kollam, Kerala	India
S1-895011353	Johanson Academy	NM, Albuquerque, 6633 Coors Boulevard	US
S1-495703266	Supreme Clean Rice LLC	26241 Sussex Highway, Seaford, DE	US
S1-877089310	Back Alley Coffee	2064 68 Street, Brooklyn, NY	US
S1-696864384	Pioneer Projects Pvt Ltd	Shed No.G-05, Sn-15/A/2, Near Sawali Dhaba, Nanded, Haveli, Pune, Maharashtra	India
S1-583466756	Womens Health Care L.L.C.	2048 Diamond Cove, Mesquite, TX	US
S1-905291239	Jackson Jones	16150 Taloncrest Drive, Houston, TX	US
S1-594421286	Crystal Industrial Global LLC	5946 26th Street, IL, Cicero	US
S1-124635230	Ram Energy Private Limited	Madhubani, Bihar, Madhubani, Vill- Pariharpur, Tola- Khoir Panchayat- Pariharpur, Block-Rajnagar	India
S1-53404737	Herr Institute of Technology	620 Thurber Street, Syracuse, NY	US
S1-652679619	Innovative Electronics Laboratories	1684 20 Road, Frankfort, KS	US
S1-856710532	Vasai India Pvt Ltd	S No 78, H. No. Sl09/6577, Tungareshwar Rd. Vasai, Vasai, Thane, Maharashtra	India
S1-614293224	Modern Estate Private Limited	Unit No. 120, Shree Laxmi Plaza Premises Csl, Laxmi Industrial Estate, New Link Road, Andheri W, Mumbai, Mumbai City, Maharashtra	India
S1-471273607	Thomas Delta Solana Corp	184 Sweeney Street, NY, North Tonawanda, Unit Apartment 211	US
S1-975799763	Eureka Pharmaceuticals Pvt Ltd	M No 4/0395 Near Sant Tukaram Mandala Wagholi, Taluka Haveli, Pune, Maharashtra	India
S1-169510294	Ramirez Home Care Inc	123 Park Avenue, Unit Apartment B2, Amityville, NY	US
S1-486705138	Voris and Moss, Inc	Boston, Unit 2, 46 Columbia Road, MA	US
S1-82299321	Green Solutions Private Limited	H. No. 33B, Block- G, Krishan Vihar, New Delhi, North West, Delhi	India
S1-340426497	Capital Unified Distribution	104 Monroe Drive, East Hampton, NY	US
S1-852588393	SX Trade Pvt Ltd	Flat No 301, Plot No 15 Sector-29, Vashi, Navimumbai, Thane, Maharashtra	India
S1-860679227	North Power Pvt Ltd	Shop No 9 Jnr Complex 1St Floor Sulikunte, Marathahalli, Sarjapura Road, Bengaluru, Bangalore, Karnataka	India
S1-930895997	Blue Genetics Ltd	65 Vine Rock Street, Unit 1, Dedham, MA	US
S1-108038996	Merrili Morris, DO, PC Inc	11801 Stone Mill Road, Cincinnati, OH	US
S1-529931652	Hotel Marketing Private Limited	C1-2608, Sarova Complex, Nr, Thakur College.Samata Ngr, Kandivali East, Mumbai, Maharashtra	India
S1-656823344	Morganica Kane, M.D.	3550 St Albans Road, Cleveland Heights, OH	US
S1-648810725	Maxey Total Insurance LLC	3515 Bell Road, Unit 208, Phoenix, AZ	US
S1-448474186	Bangalore North Products Private Limited	H No 150, Ground Floor, Nagarabhavi, Sajjepalya, Bangalore North, Bangalore, Karnataka	India
S1-811009647	Boia Associated Inc	21101 Alexander Street, Unit #116, Beaverton, OR	US
S1-516727295	Aucoin Guardian Inc.	75 Warner Lane, Pascoag, RI	US
S1-261462228	Corner Deli	2825 Mockingbird Street, Royse City, TX	US
S1-641190202	Surya Solutions	13Th Floor, Mumbai, B - 1305, Kohinoor Square, Plot No. 46 N.C. Kelkar Marg, Opp. Shivsena Bhavan, Dadar(W), Maharashtra, Mumbai City	India
S1-94917225	Fresh Lake LLC	1439 Lill Avenue, Chicago, IL	US
S1-874346711	Systems Rank Packaging Limited	Shop No 2 Abhushan Apartmentghod Dod Road, Surat, Gujarat	India
S1-138347693	Interstate Zhejiang LLC	205 Ivy Road, Oronogo, MO	US
S1-60302834	SY Great Tankers LLC	423 12th Street, Fayetteville, AR	US
S1-922308329	QUX Suppliers Private Limited	Nk-I/840 Gf, Indirapuram, Ghaziabad, Uttar Pradesh	India
S1-234386751	Clay Imperial Corp	WA, 5935 24th Avenue, Seattle	US
S1-953275076	Angel Logistics Private Limited	P-80 Ground Floor, Jaypee Wish Town Sector 131 Gautam Budha Nagar, Noida, Gautam Buddha Nagar, Uttar Pradesh	India
S1-338589518	Eastern Shree Properties Limited	Bangalore, Bangalore., Karnataka, 3Rd Main Road, Industrial Town Rajajinagar, No.160/B	India
S1-81704743	PJ Oriental	MA, 68 Pond Street, Canton	US
S1-542647294	Sunrise (madras) Pvt Ltd	208 Shreepal Indl Estateoshiwara S V Rd Jogeshwari W, Mumbai, Maharashtra	India
S1-596560613	Jain Educational Society	40 M S E B Colonyshivaji Nagar Jail Road, Nasik Road, Nashik, Maharashtra	India
S1-575385217	Seven Foods Private Limited	#37/3, Vijaya Rm Compound, 2Nd Phase, Bangalore North, Bangalore, Karnataka	India
S1-421758173	Lara Resorts	3707 Market Street, Wilmington, DE	US
S1-313211661	Bmw Apparels Private Limited	10, Baikuntha Ghosh Road, Kolkata, Kolkata, Howrah, West Bengal	India
S1-536970117	Madlen Fulton, D.O.	98 Sherman Street, Belfast, NY	US
S1-8192462	Innovative Apparel International	9131 Barton Street, Houston, TX	US
S1-828583105	Smith, Crawford & Reynolds Vornado	33 Frederick Road, VT, Essex Town	US
S1-629288945	Pediatric Dental Fresh Care, LLC	4000 14th Street, Unit 234, Phoenix, AZ	US
S1-586510483	Ambattur Developers Private Limited	No Old No.29A, New No.7A, First Floor, High School Road, Secretariat Colony, Ambattur, Tiruvallur, Tamil Nadu	India
S1-794076438	Roman Horizon Solutions	1424 Cimarron Parkway, Unit 40, NC, Wake Forest	US
S1-782298229	North Royal Two	717 Harding Avenue, Lancaster, OH	US
S1-912818785	Children's Coastal Coalition	153 Linwood Drive, Albemarle, NC	US
S1-990417138	West Fuel LLC	412 Maple Street, Mondamin, IA	US
S1-531573372	Norina Kumar Golden Stone Inc	103 Aspen Avenue, New Richland, MN	US
S1-519564018	Helms Nmp	4848 Karen Drive, Indianapolis, IN	US
S1-557945351	Hitech Resources Private Limited	220 T.H.Road, Tondiarpet, Madras, Madurai, Tamil Nadu	India
S1-11127709	Cornerstone Analytics Dynamics PC	4776 Persimmon Tree Lane, Martinsville, IN	US
S1-310477809	Raj Logistics	D/210 Shanti Park Near Big Bazar, Jharsuguda, Orissa	India
S1-596687424	Glyphari Cohen LLC	5543 Picuda Drive, Rio Rancho, NM	US
S1-966136027	Pediatric Dental Physicians	8113 71st Loop, Vancouver, WA	US
S1-669298603	Olivia Kim Ridge Pelican LLC	Ofallon, IL, 504 Jeffrey Pine Court	US
S1-807612790	Kanika Institute	Santorini Square, Opp. Star Bazar, B/S. Abhishree Complex, Prernatirth Dehr, Asar Road, Ahmedabad, Gujarat, 406, Ahmedabad	India
S1-191821386	Sai Logistics Private Limited	33, Kailashpuri, Bikaner, Rajasthan	India
S1-237404412	H+ Legato	2144 15th Court, Eugene, OR	US
S1-90490613	Bhimashankar Exim Pvt. Ltd.	Door No.34, Old No.8/1Santham Colony Thirumangalam Anna Nagar West Extension, Chennai, Tamil Nadu	India
S1-41912194	Granite Corp	AZ, 6141 59th Avenue, Unit 108, Glendale	US
S1-875663096	Laural's Book Store Partners	131 Amado Montosa Road, Tumacacori, AZ	US
S1-90872729	Blueview Technologies (India) Pvt Ltd	No.2, Yashika, 3Rd Floor, Mchs Jakkur Layout, Ward No.7, Jakkur, Bengaluru, Bangalore, Karnataka	India
S1-744079830	Bikash Consultancy Limited	Office No 118, B-Wing, 1St Floor, Pranik Chambers Saki Vihar Road, Sakinaka, Andheri East, Mumbai, Mumbai City, Maharashtra	India
S1-525299046	West Bountiful Ear Nose & Throat Clear Physicians	West Bountiful, UT, 921 Meadowlark Lane	US
S1-389266769	Tirupati Solutions Private Limited	H. No. 18, Gali No. 1-B, Garhi Harsaru, Gurgaon, Haryana	India
S1-488320497	Honeywell Creations Ltd	C/O Dinanath Pandey Village-Jotsi Tola Panch-Dumer Narendra Bhorey, Gopalganj, Bihar	India
S1-2461713	Phil Chao Valley Energia Inc	77 Beaver Creek Drive, Bruceton Mills, WV	US
S1-130182973	Dannie Martinez Focus LLC	69 Hayden Street, WV, Fayetteville	US
S1-557152219	Masse Midwest Synchrony	NY, Hempstead, 214 Margaret Drive	US
S1-677149097	1857 Seventh Avenue Owners Corp	1002 Paul Avenue, NY, Rotterdam	US
S1-519549915	Pediatric Dental Health	9724 Peach Road, Mulhall, OK	US
S1-357326518	Rivera Artificial Inc	4434 7th Place, Phoenix, AZ	US
S1-845825915	Perfect Anand Solutions Limited	18, Netaji Subhas Road, 1St Floor, Room No.6, Kolkata, Kolkata, Howrah, West Bengal	India
S1-460056376	Mutual Retail Systems	1716 850, Salem, UT	US
S1-504285791	Santos Health Center	231-20 128 Road, Springfield Gardens, NY	US
S1-499942377	Metro Dental Associates	3322 Woodrow Avenue, Richmond City, VA	US
S1-612614709	Thrissur Foods Private Limited	Building No: Xv11/618, Mupliyam Vellaram Padam, Thrissur, Kerala	India
S1-145056957	Cornerstone Trading Studios PLLC	112 Moss Drive, Mcgehee, AR	US
S1-865409611	Skynet & Associates	Plot No. Vim-388, Sailashree Vihar, Bhubaneswar, Khordha, Orissa	India
S1-936411141	Lynchburg City Valley Allegro	92 Breezewood Drive, Lynchburg City, VA	US
S1-628977626	Continental Initiative LLC	4 Durham Court, Wallkill, NY	US
S1-756623307	Subhankar Law Chambers	22, Rve Layout, 1St Cross Road, Tiruppur, Coimbatore, Tamil Nadu	India
S1-261408375	Plumbers Local 828	2410 Rose Palm Court, Atlanta, GA	US
S1-429924040	Orthopedic Specialists LLC	17650 Torrence Avenue, Lansing, IL	US
S1-866430424	Kaveraksh Dealers Corp	Farm No.9C, Govind Sadan Road, Gadaipur Farms, Gadaipur, Mehrauli, New Delhi, South Delhi, Delhi	India
S1-702957157	Bright Technologies Private Limited	Darbhanga, Bhairopatti, P.O-Milkichak Dist- Darbhanga, Bihar, At - H.N-G01, Darbhanga	India
S1-5430494	Alamo Regional Sterling Clinic	Cicero, 1902 Central Avenue, IL	US
S1-287626822	Guzman Adamas LLC	499 Winchester Drive, Lexington, NC	US
S1-818436590	Myrah Ortiz, L.C.S.W.	57 Buhl Morton Road, Unit 1305, Gallipolis, OH	US
S1-260175383	Beth Ministries	3724 Marysville Boulevard, Sacramento, CA	US
S1-334733018	New Constructions Pvt Ltd	C/O- Century Transport Of India Baikunthapur Roy Colony, Jl No.-02, Siliguri, Jalpaiguri, West Bengal	India
S1-784061849	Farica Johnson, Esq.	1501 1st Avenue, Mandan, ND	US
S1-366436556	Nguyen Crystal Hospitality, LLC	2101 Macarthur Road, Unit LOT 536, Wichita, KS	US
S1-178155006	Crystal Sanayi	100 Water Street, Unit 607, Haverhill, MA	US
S1-703868507	Gurugram Solutions Private Limited	H No 1033, First Floor Sector 31, Gurugram, Gurgaon, Haryana	India
S1-130537587	Vijayant Foundation Pvt Ltd	No 1, B N Roadii Lane T Nagar, Chennai 17, Tamil Nadu	India
S1-111606206	Colonial Guild	Fl 0, Saint Louis, 8700 St Charles Rock Road, MO	US
S1-977203655	Gomez, Ileane R., MD, DDS PC	9849 Rubidium Avenue, Mesa, AZ	US
S1-444450304	Technologies Crisp Labs Private Limited	Flat No. G-1, Plot No. 104, Dhaval Girl Chs, Khalapur, Raigarh(Mh), Maharashtra	India
S1-192859083	Bruno Aldabra of Riverhead	433 Mill Road, Unit Unit 5, Riverhead, NY	US
S1-131860200	Az Health Private Limited	Sh. 9/132 N 30 E Suddipur Sheopur, Varanasi, Uttar Pradesh	India
S1-404532988	Heuer Huntington Care	1808 Edgewood Road, SD, Sioux Falls	US
S1-778721007	Rochak & Co	77 Khandesh Mill, Jalgaon, Nehru Chowk, Maharashtra, Shopping Complex	India
S1-450952360	Internal Medicine Group P.C.	1427 Oakcrest Circle, Centerville, UT	US
S1-909678289	Fayre's Nails	385 Dorsey Avenue, Morgantown, WV	US
S1-394315817	Falcon LP	1920 Greenwood Avenue, Fort Smith, AR	US
S1-576467489	Rosoft Corporation	2904 Blackstone Avenue, Saint Louis Park, MN	US
S1-895859577	Regional Line LLC	6213 Edgeware Road, Hampden Township, PA	US
S1-283633319	Enterprises Praj Payment Private Limited	8/1371/423A, Modern Group Peoples Nagar, Kollam, Kerala	India
S1-674150717	Kennedy, Gerianna, DMD	5541 -204 Bantry Lane, Virginia Beach City, VA	US
S1-331265373	Superior Consumer Industries	573 Indiana Avenue, Lindenhurst, NY	US
S1-158859191	Womens Health Innovative Care Associates LLC	1523 Mcgee Street, Springfield, MO	US
S1-567464097	Southern Exports Private Limited	New 6/4-1, Ward No. 76, Richmond Town, Primerose Road, Bangalore, Karnataka	India
S1-873713916	Supreme Shiv Ltd	Holding No. 338 To 342, Vill - Jungalpur, P.O.: Argori, Sankrail Bombay Road, Howrah, West Bengal	India
S1-525339617	Feist Crypto, PLLC	AZ, 18636 Whitlow Ranch Road, Florence	US
S1-271914853	Certified Metropolitan Apogee Associates	1746 Liberty Drive, Akron, OH	US
S1-557317655	Ramaya Foundation	3-4-174/12/1/2, Sainivas, Kanta Reddy Nagar, Rajendranagar, K.V.Rangareddy, Telangana	India
S1-880948089	Laurette Gibbs Indonesia Inc	1664 Glenway Lane, Huntington, WV	US
S1-739616504	2000 Sunset Road Owners Corp Inc.	385 Plains Road, Haddam, CT	US
S1-692145856	Sham Trading	No.3/1, 2Nd Floor, 6Th Main Road Byraveshwara Nagar, Nagarabhavi, Bangalore, Karnataka	India
S1-728621623	Silver Deli	NC, 8228 Moores Chapel Road, Charlotte	US
S1-793894296	Guru Business Private Limited	4Th Main, V V Mohalla, Mysuru, No. D-33, Karnataka, Mysore	India
S1-409354122	Riva Capital	20 Putter, NC, Louisburg, Unit 41	US
S1-374736774	Memorial Program	600 Pembroke Woods Drive, Unit 14, Pembroke, MA	US
S1-263574584	General Energy Enterprises Inc	261 Mcivor Street, Lynchburg City, VA	US
S1-899864829	Elite Electronics Worldwide	140 Emmett Stone Lane, Normandy, TN	US
S1-478404283	Builders Coromandel Solutions Ltd	Villa 53, Vertex Lake, View Villas, Qutubullapur, K.V.Rangareddy, Telangana	India
S1-859546017	Lindner Dental Associates	201 Locust Avenue, Hubbard, TX	US
S1-148445549	Naive Mahima LLP	A-702 Rajrudram Next To Rbiquarters Gokhuldham Goregaon East, Mumbai, Maharashtra	India
S1-263995761	Harrington and Mills Inc	2130 Connecticut Avenue, Southern Pines, NC	US
S1-377509798	Krishi Dealers Limited	Bangalore, 9Th Cross, Magadi Main Road, Karnataka, No.59/60	India
S1-659126592	Mayank & Brothers LLP	2-3 Flr 1&2Nd P 18/26, Habib Masjid Trust Building, New Bengalipura St, Memonwada, Mandvi, Mumbai City, Maharashtra	India
S1-603397413	Silver Consulting	708, 7Th Floor Tower B Amrapali Princely Estate, Noida-Sector 76, Noida, Gautam Buddha Nagar, Uttar Pradesh	India
S1-215626310	Royal Lending P.C.	2601 Meadowridge Drive, Garland, TX	US
S1-780730628	Green Fortune Estate Private Limited	G No.360 Yashwant Nagar, Dhandri, Tal-Satana, Dist-Nasik, Nashik, Maharashtra	India
S1-97442156	N D Fletcher Arbor LLC	204 Highgate Street, Needham, MA	US
S1-476570118	Lawson, Ouimet & Birch Pizza LLC	6012 Pisa Lane, Frisco, TX	US
S1-167959680	Rose Mcdaniel Atlantic Services Inc	645 Amoretti, Lander, WY	US
S1-429496492	Clarine Ceballos Angel	1650 Morgantown Road, Greenwood, IN	US
S1-321486568	Evvy Radford Classic Builders Inc	1336 Hunters Road, Unit STE C, Harrisonburg City, VA	US
S1-155362470	Maroo Family Office LLC	402 New York Street, Unit APT 302, Indianapolis, IN	US
S1-215007282	Shakti Hospitality Private Limited	Bihar, Patna, Vijay Nagar New By Pass Road, Kankarbagh	India
S1-465949613	Northern Prairie Verde Inc	3730 Plymouth Road, Minnetonka, MN	US
S1-832552675	Dream Sky Infrastructure LLP	G-39, Sector 63, Noida Gautam Budh Nagar, Noida, Gautam Buddha Nagar, Uttar Pradesh	India
S1-58610052	Mountain Foundation Corp	23 Reid Lane, Kennebunkport, ME	US
S1-766042058	Enseex LLC	5 Bolton Place, Augusta County, VA	US
S1-332132955	Eminence Care Private Limited	Shop No. 8, Csc No. 4 First Floor Dda Market, Sector-07, Rohini, New Delhi, North West, Delhi	India
S1-635571345	Sign Traders Clinic	South Delhi, Second Floor Lajpat Nagar - 1, Delhi, A 178, New Delhi	India
S1-999863290	Jeanlouis Drugs Inc	N11329 Dvore Lane, Town Of Silver Cliff, WI	US
S1-364772838	Mountain United Metro	8486 Locust Pike, Latonia Ky, KY	US
S1-882644726	Andrade Fortress	4824 Karlov Avenue, Chicago, IL	US
S1-834346986	Sieg Construction of Delhi	House No. 507, Floor Ground Aggarwal House, Rohini Sector-23 Gram Sabha Village Pooth Kalan, Delhi, North West Delhi, Delhi	India
S1-432553432	Galarza Complete Analytics Inc	6614 Medlin Road, Monroe, NC	US
S1-880096649	Royal Marketing Private Limited	23-24, Vidhut Nagar A, Ajmer Road, Vaishali Nagar, Jaipur, Rajasthan	India
S1-685340335	Harrington Interstate Salon Co	4707 Arbutus Avenue, Rockville, MD	US
S1-811485254	Pacific Center VI Inc.	217 Harvard Street, Unit 3L, Cambridge, MA	US
S1-331499162	Veterans Guild	521 Union Place, Unit Apartment 1, Elmira, NY	US
S1-775254704	Greene, Cardone and Schumacher L.L.C.	KY, 5917 Greenscape Drive, Florence, Unit APARTMENT L	US
S1-857176334	Dmb Tours Private Limited	Rial Area, Old No.309/1, Bangalore, New No.18, M.P. Krishna Mansion, 4Th Floor, 5Th Block, Koramangala Indust, Karnataka	India
S1-199748334	Halcyon LLC	2184 Driving Range Road, Cropwell, AL	US
S1-596788942	Valida Williams Reserve	2623 Irvington Avenue, San Bernardino, CA	US
S1-653640986	Jawan Investment of Chiplun	Gala No.3, Sunshine Apartment, Parshuramnagar, Chiplun, Ratnagiri, Maharashtra	India
S1-225283562	Agra Developers Pvt Ltd	19/10A/3F Khaitana Road Lohamandi, Agra, Uttar Pradesh	India
S1-591700412	Fields Care	2596 Sundown Drive, Kaufman, TX	US
S1-990269608	Doan's Design	Airway Heights, WA, 913 Hayford Road	US
S1-696680740	Care Services (India) Ltd	C/B/2, Aga Khan Baug, Yari Road, Versova, Andheri West, Mumbai, Mumbai City, Maharashtra	India
S1-297938500	Mountain Healthy LLC	1200 10th Avenue, Mineral Wells, TX	US
S1-775074115	Peak Network Dynamics	3660 Keystone Road, Goldstream, AK	US
S1-719883509	Neelam Seva Samiti	A1F4 Industrial Estate, Maraimalai Nagar Kanchipuram Dist, Chennai, Tamil Nadu	India
S1-880641010	Glenn Data LLC	308 Stonebreeze Drive, Powell, TN	US
S1-964802014	Sea India LLP	Wz-442, First Floor, Left Portion Village Madipur, New Delhi, West Delhi, Delhi	India
S1-773450475	Coronado & Schaub Jones LLC	9022 Grace Street, Highland, IN	US
S1-908070565	Pediatric Partners LLC	1002 Chico Road, Galena, KS	US
S1-581657241	Choice Asset International	WA, 9011 72nd Avenue, Cheney	US
S1-493054559	Mk Brothers Ltd	Bidyanandapur, Bardhaman, West Bengal, Vill- Karanjbera P. O. Bidyanandapur, H. No 10 N	India
S1-587261612	Suzanna Singh, L.C.S.W., DDS PC	1318 Greylyn Drive, Charlotte, NC	US
S1-870541125	A Grand Proshares LLC	IL, 554 Telluride Drive, Gilberts	US
S1-710753654	Seven International Pvt Ltd	A-33, Jaipur Rajdhani Mandi, Jaipur, Rajasthan	India
S1-413820330	Heartland Learning Center	28 Old Winter Street, Lincoln, MA	US
S1-233512154	Department of Consumer Affairs	286 1900, Clearfield, UT	US
S1-123237115	Regional Unified Center Partners	2096 Spring Branch Road, Hyden, KY	US
S1-147978094	Staley Xii PLLC	1597 Rock Springs Midland Road, Christiana, TN	US
S1-633137129	Jai Hospitality Limited	Uttar Pradesh, Jaitpur Mudia, Budaun, C/O Yadram, Badaun	India
S1-797553866	G & I Republic	7170 Chokecherry Lane, Side Lake, MN	US
S1-477278645	Shree Solutions Pvt Ltd	First Floor, Bismillah Building, Plot No 40, Tps, Iv Road, Mumbai, Maharashtra	India
S1-15421480	Sree Logistics Limited	1591, Janta Flats, Gtb Enclave, Delhi, North East, Delhi	India
S1-192098859	Balaji Developers Private Limited	127/B, 2Nd Main Bapuji Nagar, Mysore Road, Bangalore, Karnataka	India
S1-264267739	Superior Cosmetics LLC	94 Winster Fax, James City County, VA	US
S1-756227385	Smart Marketing Private Limited	A-46, Flat No.4 F/F, Back Portion Freedom Fighter Enclave, Neb Sarai Ignou Road, Delhi, New Delhi, Delhi	India
S1-561641583	Hari Innovations	Bag Sewania, H. No-Hig-A-112, Duplex, Emralad Park City, Huzur, Bhopal, Madhya Pradesh	India
S1-405657509	AYC Mining Limited	Om Business Centre, Mumbai, Ground Floor, Plot No. 34, Walchand Hirachand Marg, Ballard Estate, Maharashtra, Mumbai	India
S1-408676833	Sweet Diner Inc	711 10, Lake Village, IN	US
S1-173446259	WR Chiron LLC	8298 Kickerville Road, Blaine, WA	US
S1-994563549	Creative Prime Generation PLLC	8746 Hollyhock Drive, Cincinnati, OH	US
S1-903800027	Green Global Pvt Ltd	B-5, Rajendrapuram Colony Ganga Nagar, Meerut, Uttar Pradesh	India
S1-843721935	Levue Global PLLC	6105 Shrimpers Row, Houma, LA	US
S1-402522478	Katalin Moses, Esq.	105-16 32 Avenue, East Elmhurst, NY	US
S1-912337984	Gujarat New Constructions Private Limited	13-1-105/2, Plotno.22, G1, Wictoryenclave, Motinagar, Hyderabad, Hyderabad, Telangana	India
S1-377184379	North Wellness, L.L.C.	15 Avery Row, Roanoke County, VA	US
S1-154290531	Ak International School	No.1, Janthanagondanahalli, Bangalore South, Bangalore, Karnataka	India
S1-309666814	Alpha Services LLP	C/O Raja Ram Saw, Vill-Sarbahada, Atri, Gaya, Bihar	India
S1-609734194	Fresh Health Systems Inc.	1824 State Boulevard, Fort Wayne, IN	US
S1-453007460	Namma Memorial Trust	437 4Th Stage Beml L/O Hv Halli Rr Nagaraj, Bangalore, Karnataka	India
S1-819202052	Lakshmi Logistics Pvt Ltd	B 1901, Aims Green Avenue, Sec-4, Noida, Gautam Buddha Nagar, Uttar Pradesh	India
S1-220816161	Ascend Travels Co	B1, H.No.801, Kumar Parisar, D P Road, Pune City, Pune, Maharashtra	India
S1-538647318	Global Industries Private Limited	First Floor, #101/1, Kanakasree Nagar Cathedral Road, Gopalapuram, Chennai-600, 086, Chennai, Tamil Nadu	India
S1-524685168	Raj Future Construction Private Limited	F 11, Rc Plaza, Main Kirari Chowk, New De, Delhi, North West Delhi, Delhi	India
S1-768478227	Newtown Clinic Private Limited	1, Anand Chowk Nr.Ashokbhai Vado, Dwarka, Jamnagar, Gujarat	India
S1-833005138	Garnette Goodwin Holdings	14 Church Street, Selbyville, DE	US
S1-420037704	Vision Quality Care Inc	South Union Township, PA, 75 Wiggins Lane	US
S1-592845515	Littleton Preferred Critical Inc.	Knoxville, 9002 Mattox Lane, TN	US
S1-205574063	Red Builders Private Limited	S.C.F 92, Second Floor, Jalandhar -Ii, Jalandhar, Punjab	India
S1-1091645	Beacon Logistics Enterprises	547 Moore Landing Road, Sneads Ferry, NC	US
S1-386370481	Coe Big Inc	NY, Huntington, 30 Colonial Drive	US
S1-198117440	Halceus Cloud	8809 Old Bates Rd, Louisville, KY	US
S1-300541083	Woodard Desert Electronics LLC	Houston, TX, 15402 Hutchinson Circle	US
S1-13080743	Wap & Co	S No. 278, Balwant Darshan Manik Cly Bldg.B Flat 9, Pune, Maharashtra	India
S1-987183411	Vnr Motors Private Limited	2Nd Floor, Star Mansion, J.C.Bose Road, Near Bandhab Sangha Club, Subhaspally, Siliguri, Darjeeling, West Bengal	India
S1-664093438	Naughty Public School Private Limited	B2-002, Golf City, Plot No-11, Sec-75, Gautam Buddha Nagar, Noida, Uttar Pradesh	India
S1-374178436	Rico Ribbon	2105 Hillburn Drive, TX, Dallas	US
S1-844278142	Urology Dynamic Group	201 Coronado Drive, Irondequoit, NY	US
S1-804444988	Business Essence Private Limited	988/1 Shivaji Nagar Khamgao Road Nandura B Uldana Nandura Bk. (Og) Ward No.-0022, Nandura, Buldhana, Maharashtra	India
S1-833810453	Cozy Barbershop	6657 Athens Street, Amarillo, TX	US
S1-618481160	Internal Medicine Associates Inc	203 Luke Lane, Bastrop, TX	US
S1-152658447	Margaretha Carter Heartland Kensington LLC	2920 Lolo Trail, Springfield, MO	US
S1-173270072	Super Infotech Private Limited	301, Welfare Society Comm Complex, Karam Pura, New Delhi, West Delhi, Delhi	India
S1-504534418	Silver Investment Products Corp	357 Maple Grove Road, Catskill, NY	US
S1-639014456	Angy E. Mccleary, D.C., M.D., P.C.	41475 Shea Way, Unit F, Maricopa, AZ	US
S1-84370103	Dynamic Energy Innovations	1005 German Lane, Unit Apt 45, Conway, AR	US
S1-233834504	Romero First Averin PC	409 Jefferson Street, Newell, WV	US
S1-26590365	Creative Alpha Builders Private Limited	Kolkata, Calcutta, 8 Jagmohan Mullick Lane, West Bengal	India
S1-717134970	Bangalore Diamond Private Limited	Karnataka, Bangalore, 8Thbmain, 26Thcross, Hsrlayout, 7Thsector, No.6162Ndfloor, Bangalore	India
S1-199709372	Natwest Diamond Private Limited	K.V.V.Shanga Buildingyelmudi, Puttur, Dak. Kannada, Karnataka	India
S1-664219193	Grand Tri-State Newhold LLC	93 Linden Street, Unit 1, Salem, MA	US
S1-521745023	Arihant Consulting Private Limited	Maval, Pune, 112 A/P Kale Tal Maval, Maharashtra, Kale Pune	India
S1-763896114	Swastik Consultancy LLP	113, Ist Floor, Vardhmanshopping Cnetre, Pitampura, Delhi	India
S1-662831240	New Delhi Buildcon LLP	204 Manjusha Chamberssaini Enclave, New Delhi, East Delhi, Delhi	India
S1-828933415	First Industries Private Limited	C/O. Kasturi, Dn05/43, Kasturi Nivasa, Jodukatte, Miyar, Karkala, Udupi, Karnataka	India
S1-428110820	Solutions Air Properties Private Limited	House No. 315, Ground Floor Kamat Para, P.O. Sahudangi Hat, P.S. Bha, Ktinagar, Siliguri, Jalpaiguri, West Bengal	India
S1-796495365	Golden Conbuild Private Limited	Ratlam, Madhya Pradesh, Vyas Kuti Gram Banjali, Sailana Road, Ratlam	India
S1-177703983	Beva	4652 Pleasant Site Road, Selmer, TN	US
S1-582223518	Consultancy Pallav Processors Pvt Ltd	Vadodara, Gujarat, Vadodara, Tanishq Complex, Charotar Society, O. P. Road, Office 401	India
S1-584608616	Ballard Athene Inc	809 Mesquite Drive, Burleson, TX	US
S1-146831633	Shah Properties Private Limited	Shop No.4 Ground Floor In Krishna Residency Plot No.60 & 61, Gut No. 30. Itkheda Chh.Sambhajinagar, Aurangabad, Maharashtra	India
S1-286101444	Dental Partners of Rockford Inc.	1125 Grant Avenue, Rockford, IL	US
S1-103994671	Chiropractic Health Group	6245 Ponderosa Boulevard, Hansville, WA	US
S1-912329291	Baum Certified Technical Inc	180 Suggs Road, Troy, NC	US
S1-117587845	Shyam Foods Private Limited	35 R K Goenka Market Moti Bazar, Katra Ahluwalia, Amritsar, Punjab	India
S1-594184562	West Partners	3297 Daytona Avenue, Cincinnati, OH	US
S1-803249203	Baba Galaxy Software Private Limited	A-454Shastri Nagar, New Delhi, North Delhi, Delhi	India
S1-215052947	Romanski, Balogh and Frasure	30 Highland Street, Unit 5E, Taunton, MA	US
S1-704853102	Heart Guild	2224 W Road Drive, Springfield, IL	US
S1-44321260	Dca Al Private Limited	Flat No. 106, Siddesh Apartment Near Dodamarg S.T. Bus Stand, Dodamarg, Sindhudurg, Maharashtra	India
S1-674553703	U A & X Western LLC	487 Cornerstone Avenue, Seymour, IN	US
S1-308302702	Ironclad	20350 Henrici Road, Oregon City, OR	US
S1-562964143	Federal Tree LLC	108 Northwood Road, Newington, CT	US
S1-929203903	Budha Ganesha Limited	4/44, Kurumbar Street Navaldipatti Post, Namakkal, Tamil Nadu	India
S1-858178040	English Legacy Columbia LLC	7464 Moore Road, Greenbrier, TN	US
S1-954865249	Raven Aldabra LLC	22957 Quiet Crossing Terrace, Loudoun County, VA	US
S1-355114180	Solutions Aero Solutions Partners	4 Netaji Subhas Road 1St Flr, Kolkata, Calcutta, West Bengal	India
S1-110023371	Gillaspy Select Stardust Inc	4363 90, Hamburg, NY	US
S1-371235478	Careers Management	201, Mumbai, Balaji Darshan, Tilak Road, Santacruz (West), Maharashtra	India
S1-915158897	Life Business	Mahaveer Marg, Sadar Bazar, Nimbahera, Chittorgarh, Rajasthan	India
S1-641162761	Cultural Council	2403 Highland Park Drive, Denison, TX	US
S1-726131648	Infra Namakkal Earth P.B. No 19	Amol - Japan, Kapad Bazar, P.B. No 19, Yeola, Maharashtra	India
S1-747302363	Rocky Committee of Tomball V	17723 Memorial Falls Drive, Tomball, TX	US
S1-224543542	Esparza College PLLC	1530 Vt Route 58, Irasburg, VT	US
S1-822795786	We Association Pvt. Ltd.	667, Model Town, Pruthi Chowk, Panipat, Haryana	India
S1-450786636	Life Food	Mpm Timesquare No 813, Vii Flr, Rd No 1 And 2 Junction, Khairatabad, Hyderabad, Telangana	India
S1-650390836	Aditya Laboratories	No 3B/10, Ceebros Park, Dr Radhakrishnan Salai, V, Tiruvallur, Tamil Nadu	India
S1-463921839	Standard Safety Private Limited	Orissa, N.Patna, Narayanpatna, 6201 Maushi Maa Sahi, Koraput	India
S1-816797901	Quick Foundation	Rohtas, Panch-Paruri, Vill-Sabdala Tola-Sabdala, Block Nasriganj, Rohtas, Bihar, C/O Raju Kumar	India
S1-100532659	Alchemy (India) Developers Pvt Ltd	1 Rooked Lane, Kolkata, Calcutta, West Bengal	India
S1-586183589	Gonzalez Coca LLC	5730 Dorbrandt Street, Houston, TX	US
S1-370746231	Aditya Business LLP	A-2/26Shakti Nagar Ext, New Delhi, North Delhi, Delhi	India
S1-705227781	Kestial Advertising LLC	8680 200, Marion, IN	US
S1-67350688	Health Guild PC	1975 Riverside Drive, Laramie, WY	US
S1-435792252	Capital Coalition	4160 Malvern Road, Unit Lot 23, Hot Springs National Park, AR	US
S1-838833711	Superior Logistics Labs P.C.	99 State Hwy H, Lampe, MO	US
S1-389499266	Family Specialists L.L.C.	3321 Bonaventure Boulevard, Fort Worth, TX	US
S1-210055060	Jute & Partners	Flat No T-307, Canopy Calyx Apt, #17/1A Kemapapura, Yelahanka, Hobli, Bangalore, Karnataka	India
S1-899984381	Ace Management LLP	Flat No.104, Shanti Vihar D-16 Chs Ltd, Shanti Nagar, Opp. Sector 2, Near Sai Ba, Ba Mandir, Mira Road, Thane, Maharashtra	India
S1-242124467	Louise Haley, DDS, M.D., P.C.	MA, Fall River, 124 Angell Street	US
S1-861846769	King & Jurado LLC	15298 8, Brandon, MN	US
S1-31381928	Surgical Certified Associates LLC	VA, Fredericksburg City, 208 Sophia Street	US
S1-280577510	Vision Enterprises Private Limited	Pazhengaril, 273/B4, Ward22, Kesavanpady, Hillpalace Rd, Ernakulam, Kerala	India
S1-322301267	Saify Ventures PC	7115 Revenue Drive, St. George City, LA	US
S1-991252107	All Hologram Associates	2682 Tarmac Road, Redding, CA	US
S1-797218941	Lotaix Forefront Inc	1046 Searcy Way, Bowling Green, KY	US
S1-941704722	Hill Blue Automotive	116 Mt Vista Place, WA, Pacific	US
S1-451286357	Premier Clean Tungsten Inc	318 126th Street, Everett, WA	US
S1-689778796	Lida K. Gonzales, O.D. Care	5021 Burlington Road, Greensboro, NC	US
S1-328234501	Ace Ventures Private Limited	B-5/8 Model Town, Delhi	India
S1-961243038	Urban Diner	28 High Street, City Of Edgerton, WI	US
S1-367565480	Williams Legacy Fact	3136 Manor View Drive, Lehi, UT	US
S1-817190177	Harker Bay Loan LLC	8553 Charleston Avenue, Peoria, AZ	US
S1-252257255	Tauscher & Gross	135 Alexander, Menifee, AR	US
S1-60945949	Anand Foundation Private Limited	Office No. 4F-18, Plot No. 5, Swej Farm Mahima Triniti Mall, New Sanganer Road, Sodala, Jaipur, Rajasthan	India
S1-572142120	Advanced Consultants LLC	18299 87, Tar Heel, NC	US
S1-504539482	Laxmi Care Private Limited	532 Rafinagar, Raebareli, Rae Bareli, Raibareilly, Uttar Pradesh	India
S1-770110012	JKH Rock LLC	500 University Parkway, Unit APT 10T, Baltimore, MD	US
S1-729359423	Pediatric Cascade Clinic Co	3502 Hamilton Avenue, Leander, TX	US
S1-76738019	Serna, Reising and Crawford Inc	398 Portico Drive, Merced, CA	US
S1-280285746	Twisted Cafe	4596 Aspen Drive, Hamilton, OH	US
S1-576524070	Gandhari Consultancy Private Limited	Tiruchirappalli, No-79, Bharathi Nagar, 5T, Vayalur Road, Puthur, Tiruchirappalli, Tamil Nadu	India
S1-885491951	Pioneer Exports Private Limited	F.N0- A-404, Manglam Aroma, Ramsinghpura, Jaipur, Rajasthan	India
S1-543652735	Family Clinic P.C.	414 Silver Street, Silver City, NM	US
S1-795776712	Commission on Health	928 Las Varitas, Sahuarita, AZ	US
S1-655691367	Vanguard Investment Products LLC	115 Buesching Road, Unit APARTMENT 921, Lake Zurich, IL	US
S1-131170984	Heart Charities	20098 Valhalla Square, Loudoun County, VA	US
S1-60620403	Applied Wireless Labs Care	6161 Mcdowell Road, Unit 2199, Phoenix, AZ	US
S1-490665390	Technologies Tomar Lab Pvt Ltd	3Rd Floor, Landmark House, Opp. Aec, Near Gurudwara, Thaltej, S. G. Highway, Ahmedabad, Gujarat	India
S1-51684559	Richmond & Stanley Arcelormittal	1934 Hurricane Road, Huntsville, TN	US
S1-206595942	Noa Office	Robbinsdale, 4611 42nd Avenue, MN	US
S1-341887895	Ivenelle Allegro Inc	TN, Chattanooga, 812 Blissfield Court	US
S1-173973687	Thomas, Brown and Brown	85 Washington Street, Burns, OR	US
S1-756955877	Laxmi Investments Private Limited	A1/A2 Colony, Sanfran Ashok City, Jhansi, Uttar Pradesh	India
S1-667804129	Ingle and Bradsher LLC	TX, 2131 Blossomcrown Drive, Katy	US
S1-994034549	One Projects Private Limited	Flat No. 3, Suyash Residency, Cts 1039/1, Bhamburda, Shivaji Nagar/ Model Colony, Pune, Maharashtra	India
S1-464731737	Shivkhori Technologies Corporation	Buiding No 486 Nechukattbuildings Ward I Karukachal P O, Kollam, Kerala, Kottayam	India
S1-818788339	Begley & Harris Inc	AR, 9 Albala Lane, Hot Springs Village	US
S1-528718587	Palsana Softech (India) Private Limited	C/O Jakaria Sk, Merigange, Kultali, Meriganj, Canning - I, South 24 Parganas, West Bengal	India
S1-169408227	Williams Renaissancere Inc	Bessemer, AL, 826 3rd Avenue	US
S1-806270337	Abernathy, Largent & Diaz LLC	517 Old Fulton Road, Martin, TN	US
S1-760167217	Hitech Foods Private Limited	Shop No 1093-1094, West Field Shopping Center Opp. Sarelawadi, Ghod Dod Road, Surat, Gujarat	India
S1-390977400	Menorah Management Pvt Ltd	House No. 46, Block-2, W.H.S. Kirti Nagar, Indl. Area, New Delhi, West Delhi, Delhi	India
S1-109826896	Torres Bright Bread Inc	1918 Hamburg Street, Anaconda-deer Lodge, MT	US
S1-545761759	Big Gold Tech Limited	House No.1107, 9Th Main, 18Th Cross Hsr 7Th Sector, Bangalore South, Bangalore, Karnataka	India
S1-8974406	Atlantic Bright Gores LLC	11897 Country Squire Way, Clarksburg, MD	US
S1-617864718	Pediatric Dental Health	786 Tenney Avenue, Campbell, OH	US
S1-527877778	Ochoa Clear Phoenix	5664 Klicitat Drive, Keizer, OR	US
S1-219884923	World Brothers Private Limited	#592, 1St Floor Sector-12A, Panchkula, Haryana	India
S1-931148869	Just Enterprises Private Limited	Old.No.9/1, New No.23/1, Pillaiyar Koil Street Saidapet, Chennai, Tamil Nadu	India
S1-291531093	Gonzalez Fresh Franklin Corp	3430 Howard Avenue, Billings, MT	US
S1-332276781	Robinson Global	Pelham, AL, 432 Bent Creek Trace	US
S1-919222284	Cornerstone Royal Vertical	3418 Harwen Terrace, Fort Worth, TX	US
S1-279777863	American Hawk Center	27 Sunnyside Drive, Chesapeake City, MD	US
S1-42181628	Aili Michel Asa LLC	3568 Snoddy Road, Bloomington, IN	US
S1-523314575	Morgan Transport, Inc	63 Baker Boulevard, Akron, OH	US
S1-842878193	Sun Vanguard Advisory Inc	3846 Flournoy Street, Chicago, IL	US
S1-901517314	Janaya's Interiors	OH, 1068 Ledgebrook Drive, Tallmadge	US
S1-896560933	Pediatric Dental Care Associates	Franklin, 195 Water Street, IN	US
S1-904129232	Shiva Engineering Private Limited	H No 552, Pole No 237, C/O Suresh Kumar S/O Rattan Prakash, New Delhi, West Delhi, Delhi	India
S1-381732404	Chadwick Auto Glass	10 Gardner Terrace, Bethlehem, NY	US
S1-691174051	Smart Engineering Private Limited	U-1106, 11Th Floor, Vvip Addresses, Ghaziabad, Uttar Pradesh	India
S1-424900170	Panda Broadband Private Limited	H No- 16, Chauka Janghai Bazar, Prayagraj, Allahabad, Uttar Pradesh	India
S1-163367252	Camellia & Brothers Pvt Ltd	Karnataka, 2Nd Floor, Classic Apartments, S P Office Road, Kolhapur Circle, #204, Belgaum	India
S1-46266262	Lanford Bright Metro Inc	5703 Fox Meadow Drive, Oak Ridge, NC	US
S1-858613130	Smith and Davis PLLC	Clinton, 6613 Clinton Manor Drive, MD	US
S1-456571393	Toma Lopez Cleaning LP	29166 Fm 1736, Hempstead, TX	US
S1-840739809	Nelson Painting LLC	MN, 603 Hudson Avenue, Marshall	US
S1-683744230	AS Solution Limited	1St Floor, D-Wong, Hdil Kaledonia Sahar Road, Andheri-East, Mumbai, Mumbai City, Maharashtra	India
S1-433676415	Ward & Cronin LLC	239 Broadway, Unit 2, Haverhill, MA	US
S1-872573211	Kevoum Partners LLC	1913 Cape Creek Drive, Dayton, TX	US
S1-432446655	Jaipur Healthcare Private Limited	182/163, Riib Kumbha Marg Pratap Nagar, Sanganer, Jaipur, Jaipur, Rajasthan	India
S1-4527141	Mclain Interstate Red	9625 Vicks Place, Tucson, AZ	US
S1-79177228	Arihant Industries Private Limited	Ward No. 13 Shastri Nagar, Siwan, Bihar	India
S1-479884609	Barrett's Cosmetics LLC	21347 Starling Drive, Bend, OR	US
S1-125740741	Jrv Traders Private Limited	302, Green Field Apartmentsno>3, Prime Street, Richmond Town, Bangalore-25, Bangalore, Karnataka	India
S1-217464332	Rahul Hitech Private Limited	D.No8/405 Mominabad, Revenue Ward No 8, Guntakal, Ananthapur, Andhra Pradesh	India
S1-261537087	WG Finance LLP	No.116/1, Old Madras Road, Lakshmipuram 1St Main Road, Halasuru, Bangalore, Bangalore Rural, Karnataka	India
S1-972807935	ELT Developers Pvt. Ltd.	No 6 4Th Street, Venkateswara Nagar, Chennai City Corporation, Chennai, Tamil Nadu	India
S1-813886880	Zilvia R. Leone, P.A.	Rome City, IN, 1470 N Shore Drive	US
S1-102445980	Shreeji Fun Limited	Pl.No. 224, Ramdas Peth, Behind Krims Hospital, Nagpur, Maharashtra	India
S1-602812686	IZ Logistics Private Limited	Gautam Buddha Nagar, B-702, Noida, Uttar Pradesh, Kartik Kunj D-13, Sector -44	India
S1-580109338	Montano, Carr and Swisher Massage Ltd	1533 Edgeside Court, Raleigh, NC	US
S1-563222868	Andheri & Brothers Private Limited	4/5, Jagjeewan Nagar, Bhagwan Pur Khera Gali No.4, Loni Road, Shahdara, Delhi, East Delhi, Delhi	India
S1-287382556	City Estate Private Limited	Karnataka, 2Nd Floor, Dr Rajkumar Road Rajajinagar 1St Block, Bangalore, No. 130	India
S1-490535832	Germaine Lindberg Alliancebernstein PLLC	3696 Saddle Ridge Road, Town Of Deerfield, WI	US
S1-445355925	Mrj Services Private Limited	Property No. 55, 3Rd Floor, Saidulajab, Near Westend Marg., New Delhi, South West Delhi, Delhi	India
S1-428876205	Creative Planet LLC	OH, 321 Boundary Street, Edison	US
S1-248214510	Super Services Private Limited	Dda Janta Flat No. L-72 A Ground Floor, Saket, New Delhi, South Delhi, Delhi	India
S1-451558250	Omshree (India) Production Pvt Ltd	Flat No. C/301, Enjoy Residency Opp.Agrawal School Canal Road, Vesu, Surat, Gujarat	India
S1-574460923	Atlantic Mobility Services	636 Alva Park Drive, Eugene, OR	US
S1-64288988	IED (india) Private Limited	Gat No-569 Pimpalwadi, Bid Beed Pimpalwadi, Beed, Maharashtra	India
S1-71620528	EJH Electronics	Plot No. 58, Bhilgaon, Tal:, Kamptee, Nagpur, Maharashtra	India
S1-962951463	Clear Clear Roman LLC	2111 Calkins Road, Palmer, MA	US
S1-398635314	Shivam Trading Pvt Ltd	Sagar, House No 70, Sagar, Jairam, Nagar Colony, Makroniya, Madhya Pradesh	India
S1-630011322	Foot & Ankle Partners	46372 58, Unit Space 28, Westfir, OR	US
S1-907234608	Vaayuanth Management Private Limited	15, 16, 17, 18, 19 &20 In Sy No.143 Mec Layout Main Road, Laggere, Bangalore, Karnataka	India
S1-409808786	Taylor, Keyes and Mills Short Inc	1917 Olivers Crossing Circle, Unit 301, Winston-salem, NC	US
S1-462703720	Lykins, Levalley & Ruckle	1210 13th Street, Unit BLDG C, Clarkston, WA	US
S1-928579606	Cho Holding Company Inc	3607 Canal Turn Court, Suffolk City, VA	US
S1-450875719	Sarangi Memorial Trust	Near Sukkar Bazar Road Rama Vihar, North West, Delhi, C-9/3	India
S1-185784405	New Delhi Spinners	C-50, Om Vihar Uttam Nagar, New Delhi, West Delhi, Delhi	India
S1-263271702	Literacy League	548 White Oaks Drive, Unit 249, Salisbury, NC	US
S1-517432719	Kobs, Nelson & Madrid LLC	Dekalb, IL, 854 Springdale Lane	US
S1-24195153	Urban Massage	1415 Magnolia Lane, Midwest City, OK	US
S1-800593000	Smart International Private Limited	Building No. 238/242/11/3A/11/3, Elv Amoris, Main Road, Bangalore South, Bangalore, Karnataka	India
S1-413054135	Clean Semiconductor Alliance Center	6005 Gordon Drive, Sioux City, IA	US
S1-683217370	D 6 A First Partners	2342 Berdel Street, Canton, OH	US
S1-880783024	Murti Security Pvt Ltd	6318/15, Shop No. S-3, Diksha Complex, Gandevi, Navsari, Gujarat	India
S1-950275656	RI Frontier Studios Inc	1205 35th Street, Kansas City, KS	US
S1-420292253	Dermatology Strategic Medicine, Inc.	1818 Macondray Drive, Humble, TX	US
S1-427122280	Rainer Premier Solana	14175 Dallas Parkway, Unit 1342, Farmers Branch, TX	US
S1-422685311	Select Media Enterprises Inc	1200 Creekside Drive, Unit APT 416, Folsom, CA	US
S1-363465535	Klassik Consortium (India) Private Limited	4 Nilay Apartments Rasala Marg Mithakhali, Ahmedabad, Gujarat	India
S1-42575322	Calicut Solutions Ltd	9/C, Shivshakti Complex, Near Manav Kalyan Kendra S. V. Road, Dahisar (East), Mumbai, Mumbai City, Maharashtra	India
S1-841139873	Acre Technologies (India) Private Limited	118, Grd Floor, Jagriti Enclave, New Delhi, Delhi	India
S1-993523924	Aurelea Smith Modern Debt LLC	TX, Spring, 65 Brookberry Court	US
S1-395361210	All Technology Private Limited	No. 42, Pooram Prakasam Street, Balaji Nagar, Royapettah, Chennai, Tamil Nadu	India
S1-699134079	Golden Patriot Nevada Inc	190 Levister Court, Unit 105, Raleigh, NC	US
S1-591566040	Tallulah's American Therapy Inc.	4648 Pershall Road, Marsing, ID	US
S1-186520938	Nd Component (India) Private Limited	Khasra No. 592, Silver Oak Lane, Road Number Zero, Ghitorni, New Delhi, Delhi	India
S1-817659256	Mrk Enterprises Limited	Dadri, Gautam Buddha Nagar, Nehru Garden C 52, Uttar Pradesh, Khora Khoda	India
S1-388986896	Frontline Engineering Private Limited	206 A-Wing, New Prabhat, Sra Chs Ltd. Andheri East, Mumbai, Maharashtra	India
S1-794713296	Smart Rights	Wb-121-A, Kh. No. 305/212/2, G/Floor, Ganesh Nagar-Ii, Near Mcd School, Shakar, Pur, Delhi	India
S1-959874234	Economic Development Alliance	16814 160, Isleton, CA	US
S1-228817387	Kate A. Jacquez, O.D.	1906 Broadway, Unit Apartment 725, City Of Waukesha, WI	US
S1-942919147	Golden Semiconductor Holdings	12700 Southfork Road, Unit SUITE 255C, Saint Louis, MO	US
S1-373478938	FSL Technicalservices Private Limited	K 359 Mig Kangra Niketan Vikash Puri, New Delhi, West Delhi, Delhi	India
S1-151594045	Cultural Committee	9578 Windswept Lane, Houston, TX	US
S1-527875087	Imago Elevators Pvt Ltd	Shop No 137 I Floor, Vardhman Premium Mall, Delhi, North West Delhi, Delhi	India
S1-556982313	Garringer Home Improvements Associates	122 Turtle Pond Parkway, Boston, MA	US
S1-968126494	Northern Mission Care	11345 Dull Robinson Road, Van Wert, OH	US
S1-761372132	Dental Physicians Inc.	454 Friendly Acres Road, Wellsburg, WV	US
S1-129096369	2484 Ocean Ave Associates LLC	Unit 157, TX, Mesquite, 2241 Tradewind Drive	US
S1-879309667	Bois	135 Grandview Avenue, Delaware, OH	US
S1-43418544	Innovative Estate Private Limited	63-E, Shubh Laxmi Corporation, Opp. Sanghavi High School, Naranpura, Ahmedabad, Gujarat	India
S1-903800568	Arihant Software Private Limited	Mohiniapartment, Flatno.A-9, 3Rdfloormohisgote, P.O.-Krishnapur, Kolkata, Kolkata, Howrah, West Bengal	India
S1-797479509	Halli Mckie Fitness Inc	1432 Dawn Drive, Azle, TX	US
S1-365443194	Green Intelligence Solutions Inc.	N87W17833 Shepherd Drive, Village Of Menomonee Falls, WI	US
S1-899968940	Technologies Blue Forever Limited	C/O City Trade Arcade, Near Sunshine Field (East) Cuttack, Cuttack, Orissa	India
S1-592222983	Oncology Health	13132 Olivers Way, Manchaca, TX	US
S1-751745842	Ramsey Oyj	7745 Goat Hollow Road, Martinsville, IN	US
S1-231619553	United Cardiology	2622 Cedar Rapids Parkway, Rosharon, TX	US
S1-668778770	Southern Consultants	Gurgaon, 3Rd Floor, Jmd Suburbio 67, Opposite Aricia Mall, Sohna Road, Haryana, Badshahpur, Unit No Cw-312	India
S1-127044475	Jagtap Entertainers Private Limited	C-9/203 Sector 7Rohini, New Delhi, North Delhi, Delhi	India
S1-873600030	WSF Exports Limited	C/O Kavita Khurana V.P.O Chaura Tehsil Gharaunda, Karnal, Haryana	India
S1-739365671	Select Atlantic Outdoor LLC	515 County Road 4101, New Boston, TX	US
S1-774730784	DAY Latin	5580 Peachtree Lane, OH, Parma	US
S1-263352518	Total Peak Consulting LLC	4123 Delta Rose Street, Houston, TX	US
S1-213432908	Fresh Payroll Associates LLC	10335 Gardner Road, Dallas, TX	US
S1-816891731	Dadri Leasing Private Limited	T9-2003, 21St Floor, Tower 9, Pancheel Hynish, Dadri, Gautam Buddha Nagar, Uttar Pradesh	India
S1-370367475	Aurora Transformation Pvt. Ltd.	16-A, Najahgarh Road, Industrial Area, Shivaji Park, New Delhi, West Delhi, Delhi	India
S1-955281755	Williams Liquor LP	35 Manchester Road, Patterson, NY	US
S1-118307679	Krishna Nursing Home	108 Ram Vihar, New Delhi, East Delhi, Delhi	India
S1-786546441	Gomes & Goodwin LLC	7168 State Line Road, Palmersville, TN	US
S1-361613384	1942 Madison Lane Associates Inc.	701 Dobson Road, Unit 54, Mesa, AZ	US
S1-368474444	Caruso Total Coastal LLC	265 Moyer Lane, Salem, OR	US
S1-329256112	2830 Seventh Ave Realty Inc	216 Allegheny Street, Unit APT 4, Hollidaysburg Borough, PA	US
S1-622151829	Products Innovant Services LLP	G-131, Spencer Plaza Phase Iii Ground Floor, 769, Anna Salai, Chennai, Tamil Nadu	India
S1-166082575	Hutchins, Rodriguez and Sefcik LLC	77 W Cauble Ridge, Brevard, NC	US
S1-148111960	Dental Royal Care	3944 Easy Street, Dickinson, TX	US
S1-875727217	Select Exploration LLC	TX, Palestine, 1510 Delmar Street	US
S1-468316699	Sacheti Educational Society	Krrish Nest, 104 A Wing, 1St Floor, Cts No. 96, Mangalwarpeth, Belgaum, Karnataka	India
S1-788365625	Pegasus & Co	Gala No 1A Subhash Industrial Estate S V Road Oshiwara Jogeshwari West Near Darbar Hot, El Mumbai, Mumbai, Mumbai City, Maharashtra	India
S1-222140309	Classic Trading	H.No.3-10-459, Nizamabad, 3Rd Floor, Ats Marvel Complex, Chandra Nagar, Telangana, Nizamabad	India
S1-553144434	QS Supreme Digital LLC	23792 Curtis Drive, North Olmsted, OH	US
S1-725629831	Silver Rapid Grid Inc	KY, 1606 Texas Ave, Louisville	US
S1-369293376	Evergreen Ecommerce Private Limited	161, Rabindra Sarani 2Nd Floor, Room No-205, Kolkata, Kolkata, Howrah, West Bengal	India
S1-76287977	Jarlay Launchpad Care	13060 Rendon Road, Burleson, TX	US
S1-441642201	Shiva Technology Private Limited	House No 1222 Gali No 8, Friends Colony, Sirsa, Gurgaon, Haryana	India
S1-850966820	Metro Yhn LLC	3 Salem Street, Winchester, MA	US
S1-20383803	Ellis First Diversified	2968 Bishop Road, Willoughby Hills, OH	US
S1-968491164	Jain Good Ventures Private Limited	5, Weston Street, 1St Floor, Kolkata, Howrah, West Bengal	India
S1-735819949	Better Block Inc	7129 Southside Dr, Louisville, KY	US
S1-896642235	Auburn Preparatory Academy Partners	1524 Reynolds Drive, Auburn, AL	US
S1-269244956	Diane Manners Precision Activate Center	11 Center Road, Gray, ME	US
S1-551086265	Plus Academy	C/O-Samir Kumar Bhatra, Balimela, Chitapari, Malkangiri, Orissa	India
S1-2120931	Sanket Trading Private Limited	12/264/K, Akm Building, Mavinchuvadu, Mukundapuram, Thrissur, Kerala	India
S1-844125191	Gloria's Design	171 Chesapeake Road, Fairmont, WV	US
S1-209714607	Classic Foundation	Plot No. N-4/54, Irc Village Nayapalli, Bhubaneswar, Khordha, Orissa	India
S1-20940635	Vanguard Street Inc	57 County Road 3655, Queen City, TX	US
S1-177971925	Gonzales Community	TX, 2016 Didsbury Circle, Dallas	US
S1-543078715	KVM Continental Vista Inc	12711 Millburn Avenue, Baton Rouge City, LA	US
S1-546909315	Houchens Unified Currencyshares, LLC	512 300, Santaquin City (utah Co), UT	US
S1-8094913	Garcia Regency	TX, Ovilla, 250 Cheyenne Mou Drive	US
S1-148346365	Heartland Health Center	34 Bradford Street, Unit 2, Lawrence, MA	US
S1-896895186	Desir Harbor	800 Mccormick Boulevard, Clifton Forge Town, VA	US
S1-544456436	Nma India Private Limited	Delhi, E-21/245, North West, Delhi, Second Floor, Sector -3, Rohini	India
S1-536598707	Vanguard Quantum	1007 Roadrunner Drive, Gilbert, AZ	US
S1-127811089	Sunrise Enterprises Private Limited	J- 1881, Chittaranjan Park, New Delhi, Delhi	India
S1-499509552	Vijay Infra Private Limited	Kamla Hairtege, 7Th Floor, Plot No. 127, Gulmohar Road, 10 Jvpd, Andheri (West), Mumbai, Mumbai City, Maharashtra	India
S1-301579241	Electricians Local Union 425	IN, 1693 Gustafson Avenue, Chesterton	US
S1-314660617	Tooele Biotech Care	5973 Tippecanoe Lane, Tooele, UT	US
S1-443319482	Big Engineering Private Limited	102, Himland House, Ranjit Nagar, West Patel Nagar, New Delhi, New Delhi, Central Delhi, Delhi	India
S1-148196933	Foot & Ankle Specialists LLC	Knoxville, TN, 8016 W Cliff Drive	US
S1-634722071	Desert Pediatrics Inc.	21604 Twitch Court, Porter, TX	US
S1-557696715	Susan Gendron Perfect, Inc	234 Meadowbrook Drive, Wintersville, OH	US
S1-197415176	Downtown Massage	7000 Lake Ridge Avenue, Unit Unit 79, Des Moines, IA	US
S1-751094161	Tirupati Industries Private Limited	Lucknow, 405/29, Sarai Mali Khan, Chaupatiyan, Chowk, Lucknow, Uttar Pradesh	India
S1-251063827	Desert Smart Laboratories LLC	941 River Street, Milford, CT	US
S1-301346887	Wildlife Foundation	Eureka, MT, 517 Dewey Avenue	US
S1-729846182	Value Vulcan, LLC	2069 21st Street, Unit K, Hickory, NC	US
S1-823508639	Behavioral Health Piedmont Specialists Clinic	413 Raleigh Avenue, Vinton Town, VA	US
S1-747887373	GW Lane	1051 Clark Street, Fl 1st, City Of Reedsburg, WI	US
S1-762671986	Feis	4020 Esters Road, Unit 1071, Irving, TX	US
S1-361337714	Tl Learning Ltd	663, Prahlad Vatika Behind Satyam Palace, Budhana Gate, Meerut, Uttar Pradesh	India
S1-233944347	Farrah Robinson Chs LLC	150 Little Lease Road, Holliday, TX	US
S1-209311172	Ross and Lin LLC	506 21st Street, Haleyville City, AL	US
S1-51347080	Hue Crystal Networks Inc	OH, Cincinnati, 472 Pete Rose Way	US
S1-507002276	Colt Technology (India) Private Limited	Shop No 7, Adinath Homes, Plot No. 91, Sector 21, Panvel, Raigarh(Mh), Maharashtra	India
S1-874116642	Titan	1103 Queens Purchase Road, Unit APARTMENT I, Essex, MD	US
S1-695706918	Hansa & Sons Private Limited	West Bengal, Manaskamanaroad S M Pally, C/O Pampa Bhaskar, Englishbazar, Malda	India
S1-611288601	One Consultancy Pvt Ltd	H.No. 2318, Thane, Gala No.2, Ground Floor, Building A-1, Kripa Industrial Complex, Sonale Village, Bhiwandi, Bhiwandi, Maharashtra	India
S1-508173774	Vanguard Health	627 Clay Street, Arlington, IA	US
S1-692306104	Pinnacle Blueport LLC	315 Vernal Avenue, City Of Milton, WI	US
S1-10181699	Smart Federal Charter	5 Monarch Road, Danbury, CT	US
S1-613760194	Henning, Cooper and Ramirez Fitness Sammamish, LLC	5124 Issaquah Pine Lake Road, Sammamish, WA	US
S1-884104861	Labelle Silver Industrial	6914 Warner Road, Madison Township, OH	US
S1-715613622	Cascade Live	5307 Wild Cherry Lane, Village Of Mcfarland, WI	US
S1-710041247	Baba Estate Private Limited	Thane, Maharashtra, Murbad, Plot No J- 47, Additional Midc Kudwali, Murbad	India
S1-251936138	Blueberry Enterprise Private Limited	Office No. 4145, 2Nd Floor, Rustomjee Eazezone Mall, Malad West, Mumbai, Maharashtra	India
S1-904573698	Unified Superior Financial LLC	501 Arden Road, Chartiers Township, PA	US
S1-299494365	KXU Resorts Private Limited	Pune, Pune City, Maharashtra, Sect No 2 Plot No 387, Indrayani Nagar Bhosari	India
S1-337325254	Peridium Laboratories	1546 Rothley Avenue, Abington Township, PA	US
S1-564382261	Pramila Holdings	Faridabad, Haryana, 406 Sector-19, Faridabad	India
S1-229527836	Birch LLC	NC, Ayden, 4087 Pitt Street	US
S1-160477017	Steels Infra Public Limited	Gat.No.337 Plot 04 Row, House 6 Shri Swamisamarth, Niphad, Nashik, Maharashtra	India
S1-186669435	Classic Investment Union	36646 32nd Avenue, Auburn, WA	US
S1-822540280	Validyne	Ferris, 614 1st Street, TX	US
S1-527339698	Synia-Louisville	1321 S 4th St, Unit 5, Louisville, KY	US
S1-989617587	Zephic Pinnacle LLC	353 Lynda Street, Mount Airy, NC	US
S1-413639640	Jackson Online Inc	4900 Pine Ridge Road, Atkins, AR	US
S1-267314750	AQ Tri-State Maintenance Inc	1011 Hillcrest Drive, Anita, IA	US
S1-471147602	Sky Perfect Exports Private Limited	C-107, Anand Lok, Cghs Apt.Mayur Vihar Ph-1, East Delhi, Delhi	India
S1-101819629	Rambo, Artz & Martone, L.L.C.	6629 Bayou Black Drive, Unit A, Gibson, LA	US
S1-912411882	PXC Prairie Pioneer	MN, 1620 Lusitano Street, Unit Apartment 434, Shakopee	US
S1-362512073	Strunk, Blair and Khang Village LLC	1655 Main Street, Unit C-D, Plainfield, IN	US
S1-464668303	Primary Care Clinic Corp	1405 Lone Tree Road, Cedar Falls, IA	US
S1-852150411	Silver Hypnosis	107 Kendahl Court, Hudson, IL	US
S1-114017867	Howze Partners Inc	4299 Randleman Road, Iron Station, NC	US
S1-334397117	Shree Entertainment Pvt Ltd	No 5 1St Floordev'S Arcade Samarth Nagar, Nasik, Nashik, Maharashtra	India
S1-758040236	Beth Fellowship	260 S Brook Drive, Unit 1514, Leander, TX	US
S1-169273784	Plumbers Local 454	6501 Shirley Drive, Little Rock, AR	US
S1-743327801	Jasper LLC	3005 Mitford Court, Richmond, KY	US
S1-973909417	Alhind Mercantile Private Limited	35/1277 Athady Building Kaloor Road Junction Azchavattom Mankavu, Kozhikode, Kerala	India
S1-347096039	Best Services Pvt Ltd	# 51, 19Th Main, 2Nd Block, Rajajinagar, Bangalore, Karnataka	India
S1-922528057	LS India	105 Marol Ind Estate, Nr. Te Andheri (East), Mumbai, Maharashtra	India
S1-412756118	Internal Medicine Sterling Physicians Inc	614 College Street, Unit C, Herrin, IL	US
S1-687860137	Krishna Solutions Private Limited	Shop No-311 Aspire, Business Campus, Ahmadabad City, Ahmedabad, Gujarat	India
S1-844450087	Lucky Hypnosis	1047 Telling Wind, Liberty Hill, TX	US
S1-190329121	Pavia Dinh Optimal China LLC	1150 Westwood Avenue, Unit 408, Toledo, OH	US
S1-418074275	Blaylock & Drumheller Triton	601 Elmwood Drive, Sparta, TN	US
S1-286762996	Broderick Global	1533 County Road 615, Dayton, TX	US
S1-387325651	KPY Mumbai	316, Vill Dinapur, Varanasi, Uttar Pradesh	India
S1-391165464	Coastal Endocrinology	20303 86th Avenue Court, Spanaway, WA	US
S1-93302038	Goodman Silver Fuel LLC	1240 Tecumseh Drive, Van Wert, OH	US
S1-647714754	Pushti Brothers LLP	No, 542, Suman, 4Th Main, 2Nd Stage West Of Chord Road, Bangalore, Karnataka	India
S1-67702999	Chastain & Beran Enhanced PLLC	OH, 1401 Luscombe Drive, Toledo	US
S1-150967389	GV Enterprises LLP	401 B Wing Fourth Floor, Lotus Corporate Park, Opp., Western Express Highway, Cts No.18, 5/A, Goregaon East, Mumbai City, Maharashtra	India
S1-413535310	Indresh Development Limited	B 37/229 Secoter 24 Sanpade, Mumbai, Mumbai City, Maharashtra	India
S1-395565081	EQ Innovations	1402/A, Gidc Industrial Estate, Panch Mahals, Gujarat, Halol	India
S1-435107689	Asset Building Society VI	MA, Unit 106, 1 Walden Square Road, Cambridge	US
S1-793202517	Summit Program	19546 Keller Road, Unit Lot 33, Foley, AL	US
S1-562955920	Mumbai Network Private Limited	Mumbai, Bandra Suburban, Office No 16 God Gift Tower Yari Road Andheri West, Maharashtra	India
S1-495560866	Big Barbershop	319 Bloomhill Place, Magnolia, TX	US
S1-641779429	Addy Garner Two LLC	1891 Old Humboldt Road, Jackson, TN	US
S1-293198999	T T & Y Line	5336 New Carlisle Pike, Springfield, OH	US
S1-67827729	Ahmedabad Impex Private Limited	40, Krushnasham Society, Opp Venugopal Society, Nikol Naroda Road, Ahmedabad, Gujarat	India
S1-743084423	Morris Strategies Inc.	349 Antelope Circle, Albuquerque, NM	US
S1-530424806	HZN Automation Kolkata Private Limited	67/1B Ibrahimpur Rd, Kolkata, Calcutta, West Bengal	India
S1-32247299	Solstice Saratoga	3939 Walnut Avenue, Unit 318, Carmichael, CA	US
S1-254494523	Shumate Apple, LLC	4234 Rugby Pike, Fentress County, TN	US
S1-399768436	Urgent Care Medicine	48 Webster Manor Drive, NY, Webster	US
S1-679323584	Antonucci Holding Company LLC	1708 Ross Court, Albuquerque, NM	US
S1-344162563	120-121 East Owners Corp	5555 47, Thorntown, IN	US
S1-325340972	Seven Media Private Limited	Houseno1 Koleshwari Colony Nr Shantigram Vidyamandir Brahmanpada Shantingr, Ulhasnagar, Thane, Maharashtra	India
S1-217250692	Sree Properties Limited	Vadodara, Greenwood, Vemali, Gujarat, B 302, Vadodara	India
S1-957611651	Gomez Plumbing Inc	7920 Gabriela Drive, Huntsville, AL	US
S1-38855375	Jay Trading Private Limited	Dakshin Dinajpur, West Bengal, Najrul Islam, Vill.-Nurullakuri, P.O.-Basoil, P.S.-Kushmandi, Dinajpur, C/O	India
S1-394419388	Vs & Brothers	Grd Flr Abdul Gani Chawl, Chamada Bazar 60 Road, Mumbai, Maharashtra	India
S1-67182475	Womens Health Medicine	1554 Claudia Lane, Bldg 5330, Marysville, OH	US
S1-280622606	Lyrio Alto Group	8 Walnut Street, Unit 309, Peabody, MA	US
S1-477733940	Tri-State Healthcare Company	9 Colonial Drive, Unit Unit D10, Wappingers Falls, NY	US
S1-151244892	Route 27 Tattoo LLC	702 Augusta Avenue, Tyler, TX	US
S1-72824163	Stamper Clear Tree Inc	144 Weston Avenue, Buffalo, NY	US
S1-606844318	Gavoify Complete Acadia, LLC	318 Shkode Court, Unit UNIT A, Tecumseh, OK	US
S1-691313028	Rbd & Sons	Plot No. 126 Akash Nagar Manewada Nagpur, Nagpur, Maharashtra	India
S1-385234094	Bombay Pharmaceuticals Private Limited	Flat No.403, Hyderabad, Sairanga Bhaskar Residency, Miyapur X Roads, Hyderabad, Telangana	India
S1-214622048	Tellapur Media	Sy.No.384, 385&426/A Spacestation, Tellapur, Hyderabad, Telangana	India
S1-54960789	Virgina Gardea Premier Talon Co	North Hempstead, NY, 21 Pinetree Lane	US
S1-991981666	Kapardi Traders Private Limited	14/2 Old China Bazar Stroom No 186/187 2Nd Flr, Kolkata, Calcutta, West Bengal	India
S1-902630474	Unique Pioneer Systems Private Limited	1 Bijal Apts Nr.Sujata Socabove Atithi Resturant Gotri Road, Baroda, Gujarat	India
S1-384465417	South Media Pvt Ltd	Villa No Cx-02, New Madison In Eldeco Mansionz At Eldeco County, Jawaharpuram, Kanpur, Uttar Pradesh	India
S1-792589390	Best Foundation Private Limited	5, Rana Colony, Indore, Madhya Pradesh	India
S1-396946405	Pediatric Dentistry Blue Clinic	WV, Seth, 116 Basin Drive	US
S1-932542489	Paul Vanguard Royalties	131 Hempstead 1040, Hope, AR	US
S1-797046738	Twisted Book Store	3001 19th Avenue, Unit Apartment 302, Sheffield, AL	US
S1-69333104	Tech Business	Kottayi House, Perumanna (Po), Kozhikode, Kerala	India
S1-724534813	Valley Desert Massage	268 Water Street, Saint Paul, MN	US
S1-922125486	Best Investments Ltd	4-26 Duggirala, Pedavegi Mandal, Eluru, West Godavari, Andhra Pradesh	India
S1-570184336	Devine Strategic Holdings	3723 Danville Road, Lancaster, KY	US
S1-77105490	Vao Inc	2013 Capitol Avenue, Bismarck, ND	US
S1-231031751	Best Nutrition Partners	TN, 401 Enon Springs Road, Smyrna	US
S1-953204775	Pediatric Specialists of Downers Grove PLLC	1430 Bradley Court, Downers Grove, IL	US
S1-764234422	Red Consultancy Private Limited	25, Flowers Road, Iii Floor, Egmore Benefit Society Building, Kilpau, K, Chennai, Tamil Nadu	India
S1-622332638	Abani Services Private Limited	303, Regal Apartment, Near Khira Nagar, S. V. Road, Santacruz (W), Mumbai, Maharashtra	India
S1-978954900	Achal Appliances Private Limited	Gimpex House 282 Linghi Chetty Street, Chennai, Tamil Nadu	India
S1-177954759	Kolkata Intertrade Private Limited	Kolkata, Howrah, West Bengal, Terminus Building, Unit No.510, 5Th Floor 32-Mar, Bg-12, Aa-1B, New Town, Rajarhat, Kolkata	India
S1-680417594	Horizon Muniyield LP	2607 Edgewood Avenue, Parkville, MD	US
S1-574001177	Supreme Payroll Union P.C.	Norman, OK, 408 Wadsack Drive	US
S1-107113343	Kothari Brothers Private Limited	Rajasthan, Alwar, Amvedkar Nagar Yojna Alwar, Rajasthan, H-36	India
S1-505585563	Vega Energy	251 Fetzner Road, Greece, NY	US
S1-790572866	United Idea	1 Whittier Way, Unit Room 127, Ghent, NY	US
S1-372552482	DE Coastal Monte	6205 Newberry Road, Unit APT 101, Indianapolis, IN	US
S1-518703172	Rudraa Appliances Private Limited	506, Maharashtra, 5Th Floor, Avior Nirmal Galaxy Common Building, Lbs, Marg, Mumbai City, Mulund	India
S1-421884920	Uv Barter Pvt. Ltd.	K, No 193, Iti Layout, Bangalore South, Bangalore, Karnataka	India
S1-186293875	Date Tree (India) Company	Wz-24 A, Choukhandi Village, Tilak Nagar, New Delhi, Delhi	India
S1-91593991	I/Y Hospitality Inc	1918 Durango Pass Court, Ballwin, MO	US
S1-494210636	Jarlance Data LLC	951 Blackburn Street, Gurnee, IL	US
S1-457818266	Addis and Reed	IA, Muscatine, 2640 Terrace Hill	US
S1-870796649	Edwards Holdings Group Inc	5900 The Knolls, Lincoln, NE	US
S1-134687791	Hyline Consultancy Private Limited	C-64 F/F Shivalik Colony, Near D.E.R.C Office, New Delhi, South Delhi, Delhi	India
S1-722690975	Farris Health of Kannapolis	1019 Kentucky Street, Kannapolis, NC	US
S1-702261960	HK Group	C2 1504 Flamingo Neelkant, Green Manpada Thane, Thane, Maharashtra	India
S1-585473685	Pune City Innovative	Shop 18, Sahyadri Avenue, Opposite Manusha Masjid, Pune City, Pune, Maharashtra	India
S1-149225160	Choice Telecom Global	AL, 88 Dylan Road, Madison	US
S1-886319563	Fernanda Norman Burtech	24900 Kennedy Ridge Road, Unit 204, North Olmsted, OH	US
S1-884548158	O/L Fuels Inc	2211 Farm Road 2230, Washburn, MO	US
S1-176825272	Semi Center Pvt. Ltd.	50-81-23, Flat No.305, 2Nd Floor, Gvk Plaza Beside Central Bank Of India, Seethammap, Eta, Visakhapatnam, Vishakhapatnam, Andhra Pradesh	India
S1-319982072	Rojas Royal Next LLC	CA, 2007 Venus Drive, Sacramento	US
S1-937580684	Star Infrastructure Worldwide, Inc	113 Hoffer Road, Wapato, WA	US
S1-240736006	R/A Mercator	127 11th Avenue, Bowling Green, KY	US
S1-894941749	North Agro Limited	1720 Pili Kothi Naya Bazar, Delhi, Central Delhi, Delhi	India
S1-141371285	Chapman Iron Works LLC	129 Beech Street, Roanoke City, VA	US
S1-696323967	Foot & Ankle Physicians LLC	610 Providence Road, Fl 1, Columbia, MO	US
S1-600342431	Eastern Holdings	MD, Ocean City, Unit 5, 14203 Coastal Highway	US
S1-525460997	Perez Classic Rock LLC	4305 Greenhill Avenue, Baltimore, MD	US
S1-252753274	Pune Funds Private Limited	238/6, Warje Jakat Naka, Pune, Maharashtra	India
S1-890797262	Maa Constructions Private Limited	F-79, Basement, New Delhi, South Delhi, Delhi	India
S1-809795264	Dulcine's Pharmaceuticals	5440 Porterstown Road, Keedysville, MD	US
S1-965991598	Walker Peak Vaneck	631 Gifford Road, Malvern, AR	US
S1-428567312	Halcyon	122 Marvin Cove, Hutto, TX	US
S1-346071453	VI Consultants Private Limited	C/O Mr. Anil Kuamr S/O Shrio Ram Swaroop Moh. Mainmarket Near Raju Purdil Nagar, Hathras, Uttar Pradesh	India
S1-471621594	Tropical Sangh	47 Shardhanand Marg G B Road, Central Delhi, Delhi	India
S1-698414318	Sapphire Co	1900 Renaissance Drive, Norman, OK	US
S1-287104523	Cardiology Medicine LLC	1108 260, Beulah, AL	US
S1-250539057	Jones, Kinzler & Avalos Motor P.C.	167 Milford Street, Upton, MA	US
S1-392300627	Vision Management Private Limited	No.39/15, Kovai Main Road, Near Sri Devi Steels Perundurai, Erode, Tamil Nadu	India
S1-188214698	Robinson School of Medicine LLC	Fort Mill, SC, 3038 Morel Avenue	US
S1-289860447	DS India Limited	C/O Jayanta Pal, Pal Market, Nr-Kamlapur Rd, Howrah, West Bengal	India
S1-637916441	Shree Tech Private Limited	43/1565 An N B Towers Esi Road, Ernakulam, Idukki, Kerala	India
S1-683830794	New Business Private Limited	303M G House Community Centre Wazirpur Indl Area, New Delhi, East Delhi, Delhi	India
S1-720715401	Santosh & Brothers	C - 13/101 Lahangpura, Varanasi, Uttar Pradesh	India
S1-135585905	Standard Brothers Limited	House No. 24, Mohan Ganj Shahjahanpur, Shahjahanpur, Uttar Pradesh	India
S1-324962457	Regional Airport Inc	507 Tisdale Street, Mobile, AL	US
S1-833043912	Sky Global Private Limited	Alallapatti, Bihar, Laheria Sarai, Vip Road, C/O S.S. Honda	India
S1-166695210	Pediatric Dental Clinic Group	501 Main Street, Fryeburg, ME	US
S1-938674143	Lopez & Blocker Inc	1000 Worthington Lane, Unit 1-208, Spring Hill, TN	US
S1-723757715	Ast Trading Ltd	76 Tollygunge Circular Road, Kolkata, Calcutta, West Bengal	India
S1-291001776	Scheidt Veterinary Clinic	1020 282nd Street, Roy, WA	US
S1-720696957	Grace Community Church	205 Church Street, Prosper, TX	US
S1-578834038	Precision Law Chambers	6 Floor-Grd Flr Plot-38, Dsouza Compound A K Marg, Mumbai, Maharashtra	India
S1-60389695	Anekal Experience Private Limited	#59, Tbc Grand Lavasa, 43, Syno.87/2, Rk Farm Gate, Anekal, Bangalore, Karnataka	India
S1-985747784	Decker Midwest Catalyst	8446 Reed Street, Columbine, CO	US
S1-225760627	Cooperative Nutrition Studios Inc	2523 Flower Street, Phoenix, AZ	US
S1-72752604	Ford Foundation	Bihar, Mahnar, R/O Plot No -1316, Chamrahra, Vaishali	India
S1-69536557	RYZ Express LLC	227 Polk Avenue, Front Royal Town, VA	US
S1-240255344	Florri Fischer, MD	327 61st Avenue, Duluth, MN	US
S1-82837427	FVR Owners Private Limited	Opp Head Post Office Beside Forest Office, F O Ss-I-44, Mahabubnagar, Telangana, Mahbubnagar	India
S1-616692477	Mysore Learning Pvt Ltd	12 Todi Estate, Sun Mill Compound, Lower Parel, Mumbai, Mumbai City, Maharashtra	India
S1-392586199	Indo Tech	Site No. 33, Bhumika Layout Sidedahalli, Yashawanthpur Hobli, Bangalore North, Bangalore, Karnataka	India
S1-907666216	Baba Institute of Technology	Level Six, N1 Block, Outer Ring Road Manyata Embassy Business Park Nagwara, Bangalore, Karnataka	India
S1-750768945	National Pioneer Highview LLC	Industry, TX, 1406 Main Street	US
S1-755680504	Jaimez & Corrales LLC	1440 Kingsbury Street, Chicago, IL	US
S1-3334888	Apparels Securities Private Limited	405/406 Green Aristo Plaz, Jahangirpura, Vankala, Surat, Gujarat	India
S1-614804374	Ramos Realty Inc	351 Elvina Avenue, Warren, OH	US
S1-749225745	Karthikeya Tech Pvt Ltd	28, Fifth Street, Modern Park, Kolkata, Kolkata, Howrah, West Bengal	India
S1-104936118	Stanford System Clinic	Shop No. Ff-47, Harmony Mall, Laxmi Nagar, Link Road, Goregaon, Mumbai City, Maharashtra	India
S1-915688267	Reddy Coal Corporation	Hno 6 3 1247 Flat No 4B, Raj Bhavan Road, Nampally, Hyderabad, Telangana	India
S1-828472859	Precision Academy	Magic Square 1102, Dwarkadish Marg, Malad East, Mumbai, Maharashtra	India
S1-183577156	Corner Diner LLC	Louisville, KY, 2105 W Broadway	US
S1-609876883	Pacific Ministries	NY, Wawayanda, 24 Maureen Drive	US
S1-17283682	Sibilla Volpe Legacy Sim Inc.	214 Benzler Lust Road, Marion, OH	US
S1-297420937	Kshema & Co	Delhi, Savitri Nagar, S/O Sh R. Muniswamy 208A/3 Shop, South Delhi, New Delhi	India
S1-61049348	Markwell Medical Private Limited	Haryana, Silani, Sohna, H No 685, Gurgaon	India
S1-174513084	Ceis, PLLC	1240 Princeton Avenue, Salt Lake City, UT	US
S1-379819775	Consultants Cr Build Private Limited	108, Gurgaon, Haryana, Ivory Tower Unitech South City -1 Gurgaon	India
S1-92763904	Forte, Mccracken & Alexander LLC	42 Dogwood Drive, Monaville, WV	US
S1-842873350	Bryan Signs Inc	106 Tyler Terrace, Bedford County, VA	US
S1-516246977	Bollywood Advisors Ltd	Qrs No-D-152, Cooperative Colony, Raurkela (M), Sundargarh, Orissa	India
S1-329719661	Voong Microelectronics Corp	8544 143rd Place, Orland Park, IL	US
S1-265470592	Medina's Freight	6513 Temora Loop, Killeen, Unit B, TX	US
S1-484732723	Nexent Maintenance LLC	319.5 11th, Tell City, IN	US
S1-775419919	Consultants Narayan Global	At Bihat Shivsthan Po Bihat, Begusarai, Bihar	India
S1-785667899	Sairam India Pvt Ltd	Floor-, Plot-264/265, Vaswani Chambers, Mumbai, Maharashtra	India
S1-58200542	Guru Multitrading Private Limited	Office No. 1116, Mbh-1, Sarthana Jakarnaka, Surat, Gujarat, Surat City	India
S1-244575324	North Infotech Private Limited	21, Mahathma Gandhi Road21, Mahathma Gandhi Road Chennai-30, Chennai-30, Tamil Nadu	India
S1-529499592	Behavioral Health Patriot Center	67 Arlington Street, Taunton, MA	US
S1-545517670	Strategic Monte Inc	818 Jane Street, Waterloo, IA	US
S1-25631746	A Peak Israel	702 Jardot Road, Stillwater, OK, Unit 1102	US
S1-881043405	Gic Academy Pvt. Ltd.	Plot 57/59 Sterling Chambers Poona Street 2Nd Floor Grd Dana Bunder Chinchbunder, Mumbai, Mumbai City, Maharashtra	India
S1-291174120	Kelly, Shively and Adams LLC	9516 Grove Hill Drive, Charlotte, NC	US
S1-730418653	PE All Talon, Inc.	95 Alling Court, Berlin, CT	US
S1-873620240	Vision Medicine Co	1373 Weybridge Road, Columbus, OH	US
S1-634052307	Great Ridge Studios, LLC	736 Summerhaven Court, New Palestine, IN	US
S1-558488340	Basement Greater Kailash-Ii Education Private Limited	S-400, Basement Greater Kailash-Ii, New Delhi, Delhi	India
S1-816549800	Guru Investments Private Limited	H.No.1-98/9/6, Plot.No.6, 11Th Floor, Wing-A Melange Tower, Patrika Nagar, Madhapur, Hyderabad, Telangana	India
S1-730853271	QC (india) Pvt. Ltd.	570, College Roadk.R. Mohalla Mysore, Mysore, Karnataka	India
S1-273820674	Malissia Buono Bnb PLLC	875 Hubbard Road, Gilboa, NY	US
S1-784198327	Smith Vista, Inc.	DC, Unit 530, Washington, 22 M Street	US
S1-726876017	Alvarado Prairie Grading	14672 Leopold Road, Leopold, IN	US
S1-517359147	Karrie's Choice Cleaning Service LLC	932 Ferndale Street, Maplewood, MN	US
S1-715226416	Dynamic Omega, LLC	1011 Whitetail Lane, Waller, TX	US
S1-396858972	Seven Ventures Private Limited	Madhya Pradesh, Sidhi, C/O. Premkanta Indane, Singrauli, Panjreh, Morwa	India
S1-679791583	Vijayawada (Rural) Estate Private Limited	Vijayawada (Rural), Neelam, Sanjeevaiah Reddy Nagar, 8-245/Fof-2, Andhra Pradesh, Krishna	India
S1-231664686	Raven Inc	31 Werner Park, Rochester, NY	US
S1-242388801	Piper Resorts	Salt Lake City, UT, 1265 Sherman Avenue	US
S1-606525395	Maciel Deli LLC	2844 Directors Cove, Memphis, TN	US
S1-977617416	Creative Solutions Private Limited	Shop No. B23, Tamanna Tower Vaishali Nagar, Jaipur, Rajasthan	India
S1-347612124	Arts Fund	2767 Blackforest Drive, Saint Louis, MO	US
S1-392691996	Jarlon Cion LLC	1018 Franklin Street, Troy, OH	US
S1-295304145	Classic Shivam Food	Ic-05, Guest House Block, Sjce-Step, Jss Ti Campus, Mysore, Karnataka	India
S1-901475655	Corporate Chemical Products LLC	308 Briarwood, Unit 0, Poplar Grove, IL	US
S1-815582916	Machinists Union Local No 135	230 Long Street, Unit 262, Columbus, OH	US
S1-123068861	Monica Jiang Capital Twelve LLC	183 Honey Lane Rd, Banner Elk, NC	US
S1-408543725	4469 Washington Road Owners Corp	83 Norwell Street, Unit 2, Boston, MA	US
S1-830698629	All Global Limited	117, Mother Teresa Resident Association Mother Teresa Road, Edappally, Cochin, Ernakulam, Kerala	India
S1-197800173	Zenith Inc	1118 Sea Shell Drive, Mesquite, TX	US
S1-667018086	T J & G Electronics	12159 Tryton Way, Fairfax County, VA	US
S1-398991131	Terranova Projects	New Delhi, H.No.27 Floor 2Nd, Delhi, Newdelhi, Block-A Pkt 5, Sec.-16 Landmark Near Satyam Hospital, Rohini	India
S1-395704557	Campos and Blair, LLC	IL, Villa Park, 1S 163 Danby Street	US
S1-434364254	Ironworkers Local 148	330 Burnsville Parkway, Unit Unit 206, Burnsville, MN	US
S1-656597752	Dental Associates	140 Harborview, Lawrence, NY	US
S1-205972190	Bay Mitsubishi	Daingerfield, 304 Dale Avenue, TX	US
S1-746373827	Clawson & Richerson Montage Inc	Le Center, MN, 375 Woodridge Drive	US
S1-286130922	Desert Foundation	Unit 6, Nashville, 800 Mansfield Court, TN	US
S1-806562317	Garcia and Mccurry Owl LLC	1701 Mascoutah Avenue, Unit UNIT 50, Belleville, IL	US
S1-273393541	Creative Express Israel	9064 29th Avenue, Village Of Pleasant Prairie, WI	US
S1-226652077	Daum Liberty Packaging PLLC	4203 Ansar Lane, Indianapolis, IN	US
S1-801705344	Thompson, Morales and Shaffer	NY, 595 Medway Earlton Road, Coxsackie	US
S1-710535802	Interstate Education Products Inc	3509 Lodge Ln, Unit 120, Louisville, KY	US
S1-396516635	Croteau and Bell	114 Hill Street, Smithfield, NC	US
S1-971338459	Helios LLC	7738 Elton Street, Fl 0, Saint Louis, MO	US
S1-608543109	Builders Llc	C-11/24, East Delhi, F/F, Gali No. 11, Kabir Nagar, East Delhi, Delhi	India
S1-727438313	Kiah Pollock Sanayi Inc	2903 Alyson Way, Grand Prairie, TX	US
S1-867652022	Premier Automation Digital Inc	1000 Meadowbrook Lane, Shelby, NC	US
S1-970416619	Narayana & Brothers LLP	426, Suraksha Bihar Colony Rohata, Agra, Uttar Pradesh	India
S1-849041264	Logos & Sons Ltd	Flat No 302, Laxmi Narayana Apartments Tanisha Nagar, Pokalwada, Hyderabad, Telangana	India
S1-979738553	1815 Fourth Lane Owners Corp	Liberty, 10740 1547, KY	US
S1-697211831	Oviedo's Gulf Electrical	5531 State Rte 233, Patriot, OH	US
S1-252912965	India Samundra Rice LLP	Flat 204, Bldg No A-2, Harmony Residency Saravali, Boisar, Thane, Maharashtra	India
S1-932115515	Jacobson, Chan and Ashley Rmg LLC	6241 27th Avenue, Unit 241, Phoenix, AZ	US
S1-139294046	Fanni Fu Telefonica LLC	8299 Beech Grove Road, Martinsville, IN	US
S1-723780038	Renaissance Contracts Public Limited	Sno 59/60/61, Pl No 29/2, Kaustubha Bunglow, Sahajanand Society, Kothrud, Pune, Maharashtra	India
S1-896083025	Teva Companies LLC	7006 1200, Westport, IN	US
S1-954250271	Diamond Atlantic	484 Clearwater Drive, Concord, NC	US
S1-990034586	Indore Infotech Private Limited	276 B.G. Hig Scheme No. 54 Vijay Nagar, Indore, Madhya Pradesh	India
S1-757146694	Tomas & Burnett Pineapple Inc	761 Lafayette Avenue, Buffalo, NY	US
S1-498761108	Fresh Yoga!	65 Eaton Court, Barnstable, MA	US
S1-708430249	Peak Infosolutions Private Limited	Sibi Bhavan, Vanmala Kanjavely P O, Kollam, Kollam, Kerala	India
S1-963334977	Southern Hospitality Pvt Ltd	F - 33, Aakriti Eco City E - 8 Extension, Bawadiya Kalan, Bhopal, Madhya Pradesh	India
S1-669324050	Howard Star Wellness LLC	7 Clement Street, Sandwich, MA	US
S1-211832335	Varner and Ruiz Equitable	413 Main Street, Lehi, UT	US
S1-692582227	Swastik Products Private Limited	Office C-209, 2Nd Floor, Tower No 8 Infotech Park, Cbd Belapur, Navi Mumbai, Thane, Maharashtra	India
S1-579570983	Ramirez Yield LLC	6474 Wooden Shoe Drive, Middletown, OH	US
S1-529955816	Hari Exports Private Limited	C/O Prakash Kumar, Dhic, Jhunjhunu, Jhujhunu, Rajasthan	India
S1-923427954	Ridge Montessori School	1069 Georgia Road, Circleville, OH	US
S1-985364195	Physical Therapy Physicians	4327 Par Drive, Indianapolis, IN	US
S1-96368636	Thanjavur Engineering Private Limited	P-157 Arulanandhammal Nagar, Thanjavur, Tamil Nadu	India
S1-952671815	Chennai Healthcare Pvt Ltd	Plot No. 8, 1St Street, Lakshmi Nagar, Alwarthirunagar, Virugambakkam, Chennai, Tamil Nadu	India
S1-573353499	695 Sunset Realty LLC	3236 Old Hartford Road, Unit 804, Owensboro, KY	US
S1-398419397	Complete Investment Solutions Inc	3725 Cherrywood Loop E, Laramie, WY	US
S1-134273657	Rev It Up Cleaning Service	930 Woods Road, Clermont, NY	US
S1-194818691	Family Horizon Health Co	43 Walnut Street, Wilmington, OH	US
S1-619578727	Morgan, Nailor and Nesbit Portfolio LLC	142 Vroman Hill Road, Oxford, NY	US
S1-884708002	Sanodyne Inc	554 15th Place, Chicago Heights, IL	US
S1-600870539	Puruliya Intex Pvt Ltd	C/O Pratima Kundu, Painbaid Balarampur, Nekra, Balarampur, Puruliya, Purulia, West Bengal	India
S1-901814668	Allison, Gisela, D.D.S., PC	101 Beryl Street, Los Alamos, NM	US
S1-120939542	Bright Technology	W-96 (A), M.I.D.C. Badlapur-Kulgaon, Badlapur, Thane, Maharashtra	India
S1-706093702	Pacific Charter School	Fort Worth, 4002 Martin Street, TX	US
S1-452033999	Ethyl Banks Colonial Annaly Inc.	IL, Canton, 24686 Barker Drive	US
S1-294638968	S 9 O Airport	IN, 4450 36th Street, Terre Haute	US
S1-91851620	Heritage Alliance	1048 1st Street, Unit 3303, Cheney, WA	US
S1-509393892	Steel India Private Limited	Karnataka, No.210, 4Th Stage, 3Rdblock, West Of Chord Road, Bangalore, Karnataka	India
S1-966813582	Aarvendra Realcon Private Limited	S/O Hoshiar Singh, Sub-Urban Rohtak, Rohtak, Haryana	India
S1-938446171	Trusted Octave LLC	4 Kirkwood Court, St Peters, MO	US
S1-773702678	Cam's Retail	5112 Post Road, Edmond, OK	US
S1-249092503	Sunflower Hospital LLP	P - 46, Raipur-Ii, Kolkata, Howrah, West Bengal	India
S1-659472868	Austina Diehm Briacell LLC	1603 Chestnut Ln NE, Cedar Rapids, IA	US
S1-238598249	Daron C. Carey, MD	1001 Summer Lane, TX, Mckinney	US
S1-997590738	Solutions Mehul Recon Pvt. Ltd.	Plot No. B 12 First Floor Block B Mangolpuri Ind Area Ph2 Landmark Truck Market, Delhi, North Delhi, Delhi	India
S1-353229508	Bucher's Productions	11066 Ravenna Road, Twinsburg, OH	US
S1-607590260	Cascade Frontier Cyber, Inc	4006 Hrtl Trail, Burlington, NC	US
S1-506230362	Agro Dainik Heights Group	17/18, Shree Om Bunglows, B/H. Delhi Public School, Vadodara, Gujarat	India
S1-795978102	Shelton Youth Complete Center	10 Beverly Lane, Shelton, CT	US
S1-498628777	Landcon Advertising Private Limited	Karnataka, Bangalore, No.85, Bangalore South, Situated At, Hoovadigara Lane, Balepet	India
S1-432105985	Shree Technical Private Limited	Ground Floor, No. 10-1-1200, A C Guards, Masabtank Main Road, Uni Building, Nampally, Hyderabad, Telangana	India
S1-354529466	Big Impex Private Limited	Old No.1, New No.5, Jambukeshwarar Nagar Thiruvanaikovil (T.V.Koil), Tiruchirappali, Tiruchirappalli, Tamil Nadu	India
S1-527619240	Valley Network IV	1987 Libal Street, Village Of Allouez, Unit 64, WI	US
S1-162262848	WU Ocean Private Limited	Shop.8, Manali Arcade, Near, Dmart, Padmavati, Sn63/2B, Pune City, Pune, Maharashtra	India
S1-420943795	Chiropractic Care	1240 Sapphire Lane, Shakopee, MN	US
S1-181789538	Little Tavern	8010 Howard Avenue, Munster, IN	US
S1-199800589	H 4 H Insurance	MD, 1402 University Terrace, Salisbury, Unit 307	US
S1-836588349	Nona's Ace Agriculture, Inc	57 Timber Trail, Tioga, TX	US
S1-710216003	Coimbatore South Sales Limited	Coimbatore South, No.1, Kakan Nagar-, 3Rd Street, Coimbatore, Tamil Nadu	India
S1-19233214	Z S Moore Valley	101 Pisgah Lane, Oakvale, WV	US
S1-465413876	Metro Brothers Private Limited	No 501, Prestige Meridian 2, 30 M G Road, Bangalore, Karnataka	India
S1-316352868	Collins Invesco, L.L.C.	1 Block 52nd Street, Richmond, IN	US
S1-760763458	Creative Media Private Limited	Gurgaon, Sector-15 Part-1, H.No-618, Haryana	India
S1-604215317	Bright Mid	832 Baltic Street, Memphis, TN	US
S1-33713167	Avanti Investmentcompany Limited	Mathura Kripa 75, Rathnavilasroad, Basavangudi Basavangudi, Bangalore, Karnataka	India
S1-130274546	Unitas Farms Public Limited	A-39, Nityanand Nagar, Queens Road, Vaishali Nagar Jaipur, Jaipur, Rajasthan	India
S1-637734699	Quiles Equity Partners Inc	6920 Sollers Point Road, Dundalk, MD	US
S1-606397037	Uptown Tattoo!	7844 Cape Charles Drive, Raleigh, NC	US
S1-335714522	FO India Private Limited	61, Central Road, Anandoloke Sodepur, Kolkata, Parganas North, West Bengal	India
S1-490985842	Pahuja Trust	D 203, Skyways Esfera, Porwal Road, Lohegaon, Pune City, Pune, Maharashtra	India
S1-965626483	Thane Resorts Private Limited	C-1/304, Brightland Chs Ltd Phase-1, Yashasvi Nagar, Thane, Maharashtra	India
S1-980783166	Nexus Centurion Inc	Spotsylvania County, 10801 Millridge Lane, VA	US
S1-735801252	Bama Consultancy	Flr-4, Flat-12, Moore Avenue 47/A Manik Bandopadhyay Sa, Pearl, Kolkata, Kolkata, Howrah, West Bengal	India
S1-201005864	Raj Producer Private Limited	C/O Ambubachi India Pvt Ltd Sarkar Para Bankim Nagar, Po-Sevoke Road, Siliguri, Darjiling, Darjeeling, West Bengal	India
S1-500931751	Sanchez Premier Schwab	222 William Street, Waverly, NY	US
S1-7094272	517 Seventh Avenue Realty PC	1300 Page Springs Road, Cornville, AZ	US
S1-656236824	Valery Puccio Idaho LLC	Unit 2, 33 Perkins Street, MA, Winthrop	US
S1-626674491	Eisenstein & Crowley Qdro Inc	17800 Crowley Trail, Flagstaff, AZ	US
S1-872254369	Ridge Total Can Care	IN, Noblesville, 450 Historic Pleasant Street	US
S1-810001980	Interstate Global Cleaning Corp	MD, Capitol Heights, 5237 Marlboro Pike, Unit 301	US
S1-888945227	Advanced Mortgage Corporation Corp	116 Nebraska Avenue, Oak Ridge, TN	US
S1-537854537	Good Energy Private Limited	First Floor, 83, G 10Th Street, Jogupalya, Halasuru, Bangalore North, Bangalore, Karnataka	India
S1-858414220	Nadeen Johnson Services Inc	6706 Colony Acres Drive, Unit APT D, Saint Louis, MO	US
S1-748575005	Vijay Services Limited	1289, Jaipur, Rajasthan, Baba Harish Chandra Marg, Fauzdar House	India
S1-108542308	Ridge Fund Inc	501 Olive Street, Garden City, KS	US
S1-549567937	Infra Budha Solutions LLP	Dhiraj Chambers5Th Floor 9 Hazarimal Somani Marg, Mumbai, Mumbai City, Maharashtra	India
S1-920289945	Sherye Heisler Highland Skin Care LLC	85 Bay Street, Unit 3, New Bedford, MA	US
S1-287165725	Southern Solutions Private Limited	Indore, Sapna Sangita Front Of, 25 Jankinagar Main Behind, Madhya Pradesh, Indore	India
S1-632734404	Clemmie Bieber, M.D., P.C. Inc	1040 Blanket Flower Drive, Georgetown, TX	US
S1-891096969	Guru Properties Private Limited	C/O Rajeev Rai, 0, Infront Of Hawai Adda, Gwalior Road, Jhansi, Uttar Pradesh	India
S1-36065638	Sai Infotech Limited	Flat-1303, Plot-70, Sector-50, Ges Thane, Thane, Maharashtra	India
S1-244182322	North Highlands Community Great Services	3489 Orange Grove Avenue, North Highlands, CA	US
S1-766586475	GBQ Travels Private Limited	Plot No. 25, Mire Layout, Behind Dattamandir, Nandanwan Road, Nagpur, Maharashtra	India
S1-444824824	Lilois	933 Spurlington Church Road, Campbellsville, KY	US
S1-436694502	Commercial Retail Union	539 Church Street, Young, PA	US
S1-853049793	Safe Infrastructure Technologies LLC	1232 Truman Street, Hammond, IN	US
S1-369007732	Liberty Peak Stellar	1309 Chestnut Street, Pekin, IL	US
S1-996384625	Rajwada (India) Business Ltd	Flat No. B- 507, Green View Heights, Uttar Pradesh, Ghaziabad	India
S1-332225520	Supreme Data Consultants Inc	604 Stockton Road, Front Royal Town, VA	US
S1-55720372	Pediatric Associates of Elgin	1360 Madeline Lane, Unit 500, Elgin, IL	US
S1-832676161	Oncology Health Inc	5990 Gladys Avenue, Beaumont, TX	US
S1-749508776	RB Estates Limited	A-702, Mayfair Marvel Chs, Ltd., Ahimsha Marg, Malad West, Mumbai, Maharashtra	India
S1-934035227	Hayat Traders Corp	Flat No.-91-A Block J-4, Category Janta Dda Flats, Kalkaji, South Delhi, Delhi	India
S1-355994642	Brown Premier Trg PC	1341 Vassar Drive, Albuquerque, NM	US
S1-351405881	South Veterinary Clinic Inc	121 Palomino Drive, CA, Big Bear City	US
S1-269185282	Johnson Columbus LP	825 Madison Court, New Lenox, IL	US
S1-537050160	Eastern Mercury	1340 2nd Street, Atchison, KS	US
S1-180541154	Kapil Nursing Home Clinic	Rajasthan, Ajmer, Shri Ganesh Industrial Area, Ajmer, Gegal	India
S1-542125619	Global International Pvt Ltd	Shahnaz Villa Naglapatwari Barauli Road Aligarh, Uttar Pradesh, Aligarh, Uttar Pradesh	India
S1-192421327	Best South L.L.C.	2764 Grand Avenue, Unit Apartment 3, Hempstead, NY	US
S1-992843232	High Sky Investments Private Limited	C/O Sanjeev Singh Indra Nagra Co., Shahjahanpur, Uttar Pradesh	India
S1-539678370	Western Federal Chadwick Inc	1134 Blackburn Road, Pinnacle, NC	US
S1-619141069	Innovative Agro Private Limited	3 Lengare Parisar, Near S K Birajdar High School, Shelagi, Solapur, Maharashtra	India
S1-586691888	Tres Trading Private Limited	Chanda Nagar, Hyderabad, 5-7/3, Telangana	India
S1-680557416	Anand Tech Private Limited	5 Sultanpurestate Mehrauli, New Delhi, South Delhi, Delhi	India
S1-546965039	Golden Construction Private Limited	C/O Badri Prasad Sharma S/O Jagan Lal Sharma, Hinduan Road, Masalpur Chungi, Karauli, Rajasthan	India
S1-862867534	Oncology Green Physicians L.L.C.	1750 Butler Field Drive, Hutchinson, MN	US
S1-219007030	Balaji Energy Private Limited	Room Number 395, Kerala, Kottayam, Ancheril Bank Building, P B No 1, Baker Junction	India
S1-597906176	Ahmedabad Operations Private Limited	Block 171 Flate 2052 Surya Appartment 120/132 Migh Ts Crvout Of 384T Sola Road, Ahmedabad, Gujarat	India
S1-839161948	Arihant Indo Media Private Limited	Flat No 101, Arlington Court, Wing A Raheja Reflection 1, Thakur Village, Kandiveli Ea, St, Mumbai, Mumbai City, Maharashtra	India
S1-431520283	Poorti & Sons Pvt Ltd	Manish Highway Plaza - Ii, Plot No. 25 1St Floor, Service Centre, Sector 20, Delhi, South West Delhi, Delhi	India
S1-612550151	Animal Welfare Association Inc.	7812 Bickleigh Place, Charlotte, NC	US
S1-367180299	Jalandhar -Ii Development Pvt Ltd	Showroom 10, Ppr Mall 1St, Floor, Silver Crown Plaza, Jalandhar -Ii, Jalandhar, Punjab	India
S1-548858883	Streetman Solarius Inc	12 Northend Avenue, Unit 1, Salem, MA	US
S1-371314715	Vaque	6130 Franciscan Drive, Lincoln, NE	US
S1-924631396	UJ Minerals Private Limited	No.9/133C, Ground Floor, Sri Kamatchiamman Nagar, Near Sri Sai Nagar, Chikkarayapuram, Kundrathur, Chennai, Tamil Nadu	India
S1-784290896	Teamsters Local 784	126 Church Street, Fairfield, NC	US
S1-476236485	New Investment Private Limited	Unit No.5B, 5Th Floor, Vaishnavis Cymbol, Survey No.345/A, Outer Ring Road, Puppalaguda, Gandipet Mandal, Rangareddy, Telangana	India
S1-279356620	Consultancy Kasturi Foundation	875/35-B, 1St Floor, 28Th Main Road 9Th Block, Jayanagar, Bangalore, Karnataka	India
S1-863225735	1485 Center Blvd Properties	224 Ashland Avenue, Rocky Mount, NC	US
S1-949896930	Sunrise Foods Private Limited	Layak Bhavan 61 Hill Cdartroad P O Siliguri, Darjeeling, West Bengal	India
S1-837664047	Golden Yoga	Concord, 1000 Marshall Drive, NC	US
S1-858728671	Pioneer Smart Exports Private Limited	Flat No. 010, Block 1, Nav City, Jandpur Road, Kharar, Rupnagar, Punjab	India
S1-383788105	Laxmi Management Private Limited	543, First Floor(Front Side), Gali No.5 Shakti Vihar, Molar Band School Road, Ba, Darpur, New Delhi, South Delhi, Delhi	India
S1-970932982	Mooney, Mclean & Johns PLLC	2733 Dorset Road W, Dorset, VT	US
S1-697277278	F 7 D Aeon LLC	1706 6th Street, Wichita Falls, TX	US
S1-84530176	San Luis Dermatology Tri-State Health LLC	AZ, San Luis, 3815 Jett Street	US
S1-827653987	Surgical Partners LLC	4917 210, Angier, NC	US
S1-610819339	Farrow & Sharp	Freeport, 218 Dean Street, NY	US
S1-670903966	Kesteon Navigation L.L.C.	705 Collington Drive, Cary, NC	US
S1-687070838	Classic Healthcare	9962 82nd Avenue, Happy Valley, OR	US
S1-184594436	Bright Infrastructure Private Limited	Plot No-279, Bhoi Nagar, Behind Sahid Nagar Police, Bhubaneswar, Khordha, Orissa	India
S1-722389830	Uptown Auto Body Center	60 Morgan Street, Melrose, MA	US
S1-116309623	Silvassa Multitasking Private Limited	S1-201, Aatmiya Signature, Near Arrows, Bhayli, Vadodara, Gujarat	India
S1-759096489	Chennai Construction Private Limited	No.57, Jaihind Apartments Gowriwakkam, Chennai, Tamil Nadu	India
S1-93816404	Barnhart, Roberts & Goncalves Starling Care	Pigeon Forge, TN, 3062 Veterans Boulevard, Unit 638	US
S1-345880039	Harrison Animal Hospital LLC	906 Colt Court, Tolar, TX	US
S1-688019480	3649 Market St Apartments LLC	5501 Currituck Place, Greensboro, NC	US
S1-547533640	Kalidas Apparels Pvt. Ltd.	15/16, Laud Mansion, 2Nd Floor, 21, M K Road, Mumbai, Maharashtra	India
S1-911365431	Cole & Moreno LLC	1412 Sherbrooke Road, Chesapeake City, VA	US
S1-437825996	Vn Charitable Trust	Maharashtra, A - 213, Mumbai, Andheri East, Dynasty Business Park, Andheri Kurla Road	India
S1-360108820	Classic Hospitality Services	200 Hillview Drive, Zanesville, OH	US
S1-100635989	Cooch Behar - I Solutions Private Limited	C/O Subrata Deb, Vivekananda Street, Cooch Behar - I, Cooch Behar, West Bengal	India
S1-56424130	Alpha Finance Private Limited	F 1118, #5, Hoodi Circle, Itpl Main Road Mahadevpura Post, Bangalore North, Bangalore, Karnataka	India
S1-15128864	Leena Kimbrell Patriot Nuclear	Federal Way, 33123 40th Avenue, WA	US
S1-84561192	Chiropractic Medicine of Islip Corp	740 10th Street, Islip, NY	US
S1-108940988	Everest Inc	42 Main Street, Gloucester, MA	US
S1-442878697	Economic Development Guild	Valley Lee, 44528 Oliver Drive, MD	US
S1-445333768	Astoria Baptist United Center	21-13 28 Street, Astoria, NY	US
S1-131137758	Power Powder Private Limited	Secunderbad, Madgi No. 32, Telangana, Hyderabad, Sterling Apartments Distielary Road	India
S1-193155171	Ceex Corporation	UT, Ogden City, 2315 Van Buren Avenue	US
S1-953616814	Lower Publishing LLC	13918 Westview Forest Drive, Bowie, MD	US
S1-130232308	MUQ Aerospace LLC	6157 State Rte 7, New Waterford, OH	US
S1-470655529	Mendola Sterling Brokerage LLC	4026 Wesoga Drive, Dandridge, TN	US
S1-147226788	Ssvs Trading Pvt Ltd	A-221 Iind Floor Saharashopping Centrer Faizabad Road, Lucknow, Uttar Pradesh	India
S1-893735385	Amg Services Private Limited	No.06, Vidyasagar Layout, Behind Ramaya Garden, Bangalore North, Bangalore, Karnataka	India
S1-628128484	United Allied Intermediate LLC	Davidson, NC, 400 Avinger Lane, Unit 258	US
S1-727625455	Pet Trading Private Limited	Rz 61K, Second Floor, Kh 22/8, Vashisth Park, New Delhi, South West Delhi, Delhi	India
S1-137844529	Krishna Management Pvt Ltd	C/O Basanti Shop No 2, Near Punjab National Bank, Jaitaran, Pali, Rajasthan	India
S1-322014957	Young, Sullivan & Dehoyos Associates Group	Palacios, TX, 131 Grand Oak 1	US
S1-677326438	Sun Consultants	3A, Shangrila Road No 2, Banjara Hills, Hyderabad, Telangana	India
S1-730740299	Abellon Wellness Pvt. Ltd.	C/O Sivasankaran, Karthikesh, Vedaraplavu P.O., Thamarakkulam, Charummoodu, Alappuzha, Kerala	India
S1-182543985	Anutham Advisers Pvt. Ltd.	Uttar Pradesh, Y Block, Kidwai Nagar, 1421/32, Kanpur	India
S1-793060497	Martinez Banc LLC	406 Centre Avenue, West Norriton Township, PA	US
S1-554603486	Globus Tradelink (India) LLP	Regency Chambers, 2Nd Floor National Library Road, Bandra West, Mumbai, Mumbai City, Maharashtra	India
S1-638648059	Jones Foods LLC	MN, 5870 25, Mayer	US
S1-159915089	Hoffmann's Roofing Center	VA, 3153 Mcdaniel Road, Bedford County	US
S1-868023277	Lakshmi International Pvt Ltd	C/O Dhanraji Devi, 1Ratanpura Ratanpura, Gola, Gorakhpur, Uttar Pradesh	India
S1-923800460	Urology Group LLC	10508 Bailey Road, Unit 135, Cornelius, NC	US
S1-763039837	Castro Veterinary Clinic P.C.	AZ, Congress, 21251 Escapee Way	US
S1-374826105	Optimal Consumer Corporation	629 De Leon Street, Denison, TX	US
S1-374781525	AT Noble Inc	250 Hickory Court, Northbrook, IL	US
S1-979794286	Baker, Chavis & Gonzalez Bold LP	1888 Forestgreen Avenue, Corvallis, OR	US
S1-342936776	West, Baxter and Freer Alpha LLC	1865 79 Street, Brooklyn, NY	US
S1-977816329	Ace Power	W A-126 Scim N-94, Indore, Madhya Pradesh	India
S1-7561043	Nodyne Holdings	219 Fish Drive, Angier, NC	US
S1-291522920	Gangraj Management Private Limited	Fl. 8, Rahul Gruh Sansthamaeyadit, 302 Koregaon Park Bld-I, Pune, Maharashtra	India
S1-453952884	Christ Emanuel	2090 Eldin Court, Whitestown, IN	US
S1-269916275	Value Kimco LLC	891 Chinquapin Crest Drive, Fl 0, Harwood, MD	US
S1-894810910	Flores, Brown and Johnson Navigation LLC	1331 Priscilla Lane, Fl 0, Grants Pass, OR	US
S1-530579518	Back Alley Book Store	15526 160th Place, Renton, WA	US
S1-886170448	Womens Health Care Associates	222 Santa Fe Trail, Irving, TX	US
S1-718025897	Brown & Vega	12059 Central Avenue, Chino, CA	US
S1-336598537	India Rising Marketing Private Limited	Flat No. L-320, T-5, Shubhashish Geeta, Phase Iii, Jaysinghpura Road, Jaipur, Rajasthan	India
S1-256332566	Briana's Empire Appliance	468868 815 Road, Stilwell, OK	US
S1-971520852	Hooper Orthopedic Beacon Health	5775 4600, Hooper, UT	US
S1-733846685	Carma Valves Ltd	626-Sneh Nagar, G-2 Goutamshri Appartment, Indore, Madhya Pradesh	India
S1-500001685	Oppenheimer Pharmaceuticals PLLC	2010 Whispering Wind Drive, Unit 110, Phoenix, AZ	US
S1-916865561	Innovative Global Private Limited	F-84B, 3Rd Floor, Street No. 4, Mangal Bajar Laxmi Nagar, Delhi, East Delhi, Delhi	India
S1-265432975	Hollyhock & Brothers Public Limited	6/519, Gangaram Colony Pimpaleshwar Road, Satana, Nashik, Maharashtra	India
S1-45953417	Aurora Health	Little Rock, AR, 410 Spruce Street	US
S1-503324578	Dawson & Brown Health	Godfrey, 5210 Foxglove Lane, IL	US
S1-727809449	Jaipur Development Private Limited	13/13, Swarn Path Near Saras Dairy, Mansarovar, Jaipur, Rajasthan	India
S1-593193178	Zion Signature Navigation Care	3913 Sedge Street, Zion, IL	US
S1-600860030	Star Infrastructure Private Limited	9/12, Lal Bazar Street, 2Nd Floor Block B, Kolkata, Howrah, West Bengal	India
S1-918368145	UCL Consulting Limited	#24 Sy #139, Shop #3&4, Gear Schl Rd Doddakannahalli, Sarjapura Main Rd, Bengaluru, Bangalore Rural, Karnataka	India
S1-960784472	Jarvis Webster	121 Summit Overlook Drive, Clayton, NC	US
S1-302385699	X 4 Innovative Residential-Columbus	KS, 2652 90th Street, Columbus	US
S1-445535595	Fortune Agro Private Limited	2/461 Vivek Khand, Gomti Nagar, Lucknow, Uttar Pradesh	India
S1-525429309	Metropolitan Copper, LLC	19311 Penstemon Lane, Chugiak, AK	US
S1-504608418	Pyramid Medical Centre	5A, 5Th Cross Street(Annex), Svs Nagar, Valasaravakkam, Chennai, Chennai, Tamil Nadu	India
S1-483341640	WSG Packaging	Pune, Maharashtra, Flat A2-406, Pune, Tirupati Campus, Phase-3, Tingre Nagar, Road No 2	India
S1-103282113	Scholarship Ministries	307 Raney Avenue, Hoxie, AR	US
S1-947496465	Navata Food Private Limited	Hno 1-62/3, Srirangapuram, Colony, Opp Candeur 40, Tirumalagiri, Hyderabad, Telangana	India
S1-832770125	Projects Regional Traders	Office No. 506, A Wing, Dynasty Business Park, Soc, Andheri Kurla Road, Chakala, Andheri (East), Mumbai, Maharashtra	India
S1-174293492	Sinclair Heartland Box Corp	1012 23rd Avenue, Albany, OR	US
S1-396918511	XZH Classic Dividend	2148 Nottingham Drive, College, AK	US
S1-763163599	Accord (india) Pvt Ltd	Maharashtra, Aurangabad, 101, Hivra, Po Karmad Distt. Aurangabad, Aurangabad	India
S1-879381396	Twisted Ice Cream	107 Sycamore Street, Kokomo, IN	US
S1-959149178	Beacon Marketing LLC	607 Vermont Road, Austin, TX	US
S1-413221059	Blue Law Chambers	World Of Mother Siddhivinayak Kohinoor Ass Akurdi, Pune, Maharashtra, Shop C-107	India
S1-702848881	Pediatric Dental Signature Physicians PLLC	205 Pleasant Street, Rehoboth, MA	US
S1-814502629	Lawrence's Modern Architecture PLLC	11018 Kirkridge Drive, Houston, TX	US
S1-442331217	Rubi Miller, O.D.	3985 Rd 28, Cardington, OH	US
S1-381433952	UB Production Pvt. Ltd.	Shop No. 357, Jasal Complex, Near Nanavati Chowk, 150 Ft Ring Road, Rajkot, Gujarat	India
S1-201876571	Cardiology Keystone Care of Washington	1011 Miller Street, IL, Washington	US
S1-706470436	Quantech Dharohar Private Limited	173-174, 1St Floor, Pocket-2, Rohini Sector-24, North West Delhi, Delhi, North West Delhi, Delhi	India
S1-818622139	Hr Clinic	Janta Flat No. A-4/125 Paschim Vihar, New Delhi, North Delhi, Delhi	India
S1-453836097	Tinker Creative Pro	419 State Street, Calumet City, IL	US
S1-656822300	Darcie Robinson Peak Shreya, Inc	3 Burch Street, Petersburg City, VA	US
S1-854413191	Wyatt Lifeco	5966 S Pointe Boulevard, Celina, OH	US
S1-858957419	Trais Inc	380 Iotla Street, Franklin, NC	US
S1-423828326	Regional Association	13312 Penn Avenue, Burnsville, MN	US
S1-297218362	Sanches Idaho Co	205 Elm Street, MO, Clarence	US
S1-996395668	Maharashtra Consulting Private Limited	Karnataka, Bangalore, No.1567 K. No 4162 Hsr Layout 27Th Main Rd Ngr Building Sector-1	India
S1-809837944	Taylor, Blake and Simpson Square Inc.	30710 630th Ave, Maxwell, IA	US
S1-972511083	Sai Products Private Limited	C/O Vijay Prakash, Near Dispensary Village Sikandepur Badha Sector 85, Narsinghpur, Gurgaon, Haryana	India
S1-596137796	Ksm & Sons Private Limited	Dewas, Jamoniya Tonkkhurd, C/O Jivan Singh S/O Ranchhod, Madhya Pradesh, Dewas	India
S1-581729783	Nexroex Fuel LLC	422 Thayer Avenue, Unit Apt 103, City Of Sparta, WI	US
S1-218472316	Shayne Heims Virtus	CT, Cornwall, 92 Cream Hill Road	US
S1-575307183	Cooley & Dominguez	233 Darnell Road, Benton, KY	US
S1-547244798	Silver Nails	504 Parr Meadow Drive, Newburgh, NY	US
S1-47026208	Osten, Gomez & Leonard	2558 Fargo Street, Klamath Falls, OR	US
S1-150726522	North Foundation Private Limited	Hig 8 & 9, 5Th Floor, Vasista Bhavan, Opp Lane To Dlf Cyber City, Aphb Colony, Indira Nagar, Seri Lingampally, K.V.Rangareddy, Telangana	India
S1-638842146	TW Oncology LLC	12407 11th Avenue, Airway Heights, WA	US
S1-235355934	Southern Agro Limited	Plot No.11, Survey No.74/1, Vajegadh, Tharad, Banaskantha, Gujarat	India
S1-733251502	Nez Pelican	36 31 Street, New York, NY	US
S1-194076795	Amtek Infinity Ltd	1St Floor, Laxmi Narasimhan Nilaya, Abigere Mn Rd K G Halli, Jalahalli West, Bangalore, Karnataka	India
S1-200492207	Pioneer Business Company	13322 Main Street, Mayer, AZ	US
S1-964876866	United Animal Hospital	556 River Street, Fillmore, CA	US
S1-359872342	Postell Construction LLC	157 1/2 Harvard Avenue, Staten Island, NY	US
S1-481950733	Peak Packaging Alliance	2004 Speedway Avenue, Wichita Falls, TX	US
S1-433016659	Highland Classic Roman	89 Beechtree Lane, Westbrook, CT	US
S1-112639493	Lyrance Waste	945 Linwood Street, Springfield, MO	US
S1-932311236	Majestic Traders Private Limited	D. No 1-586/40 & 41, Serilingampally, K.V.Rangareddy, Telangana, Madinaguda, Hyderabad	India
S1-541459061	Kehrer Capital Inc.	544 Adams Avenue, Fl 0, Saint Louis, MO	US
S1-261367755	Navis Mercantiles Corp	1 And 2, Royal Rto Road, 4 Bunglow West Of Link Rd, Mumbai, Maharashtra	India
S1-990744864	All Hospitality Private Limited	1101, Tower B, Peninsula Business Park, Ganpatrao Kadam Marg, Lower Parel, Mumbai, Mumbai City, Maharashtra	India
S1-822419740	Jennings Cascade Twelve	IL, Belleville, 401 Conniston Drive	US
S1-157282091	Caldon Engineering	16580 James Madison Highway, Fluvanna County, VA	US
S1-447874228	Rittenhouse Future	88 1st Street, Troy, NY	US
S1-40970775	Torres Pgim Co	8100 Sr 514, Big Prairie, OH	US
S1-30526591	Tirupati Care Limited	Delhi, Central Delhi, New Delhi, 57, Rani Jhasi Road Jhandewalan	India
S1-81300085	Asm Hotel Center	F-103, Plot 72, F Blk Apex, Tower 1, Ashok Vihar Ph 3, Palam Vihar, Gurgaon, Haryana	India
S1-645256955	Creative Textile Digital LLC	716 Genesee Street, Rochester, NY	US
S1-31089770	Total Packaging Dynamics Inc	IL, Grayville, 321 Spring Street	US
S1-640791773	Kemoo Inc	644 Copperdale Lane, Coal Creek, CO	US
S1-766114945	Bowman, Prentice and Kugler Airlines	737 Dakota Street, Tucson, AZ	US
S1-758634528	Guru Technologies Private Limited	Calcutta, Kolkata, 18J & M Park Street, West Bengal	India
S1-443185021	Consultancy Jyoti Projects Pvt. Ltd.	4Th Phase, Kiadb Industrial Area, Bommasandra Jigani Link Road, Behind Bio, Bangalore, Karnataka, Con, Plot No 5	India
S1-816840070	Red Book Store	3225 Sandy Pines Road, Barnum, MN	US
S1-853091092	Kingson Hospitality Corporation	Ramky Selenium, Tower A, 8Th Floor, P.No.31Part&32 Financial District, Nanakramguda Village, Hyderabad, Rangareddy, Telangana	India
S1-770409685	Pediatric Creative Care LLC	150 5th Avenue, Unit Apartment 4V, Mount Vernon, NY	US
S1-504482948	Smith Silver Freight LLC	9400 Frye Road, Peoria, IL	US
S1-336234841	Ferrentino State Ltd	3600 Elba Highway, Brantley, AL	US
S1-344776505	Vansh Clinic	C/O Maya Devi, Lalasar, Jaipur, Rajasthan	India
S1-825241607	Future Investment Private Limited	D - 18A, Hans Building, Near Beni Sweets, Laxmi Nagar, New Delhi, East Delhi, Delhi	India
S1-633770775	Schwartz, Yolanthe, DPM, PC	450 Grays Hillview Drive, Cadiz, KY	US
S1-961223006	Annapurna Safety (India) Limited	Abubkar Nagar, Deoria, Uttar Pradesh	India
S1-411804112	Shiv Impex	4-17B, Mgf House, Asaf Ali Road, New Delhi, Delhi	India
S1-329480988	Danedyne	4375 Low Countries Road, Village Of Windsor, WI	US
S1-961404006	Congregation Israel	1540 Hanover Street, Baltimore, MD	US
S1-610756152	Starpoint Promotions Private Limited	B-2/23, First Floor Janakpuri, Delhi, West Delhi, Delhi	India
S1-779148869	Happy Hypnosis	44 Nixon Street, Cokeburg Borough, PA	US
S1-706969156	Ear Nose & Throat Health	101 Main Street, Chouteau, OK	US
S1-993601131	YLH Continental Coastal	1156 Palomino Beach Lane, Connelly Springs, NC	US
S1-511537743	Marguerite Hartman Safe Parts, LLC	215 Dogwood Street, AR, Siloam Springs	US
S1-341985769	Urgent Care Associates PLLC	1723 Red Robin Court, Fl 0, Saint Louis, MO	US
S1-603035764	Interstate Blockchain	98 Locust Ridge Court, Morton, IL	US
S1-940021208	Danni Hafer American All	2848 Rutland Circle, Naperville, IL	US
S1-232635593	Diamonds Financial Private Limited	First Floor, Plotno. 50-C, Must No. 34, Killa No. 22, New Delhi, South West Delhi, Delhi	India
S1-872417483	Smart One	2304 Shady Grove Road, Stuttgart, AR	US
S1-749707808	Diversified Construction Industries LLC	Unit 602, 1335 Ayers Street, OK, Edmond	US
S1-829156630	Hexagon Ventures Private Limited	Sri Sai Complex, No.1, 1St Main Road, Pampa Extension, Bangalore North, Bangalore, Karnataka	India
S1-562364537	International Agro Private Limited	Maharashtra, Mumbai, Opp To Veera Desai Road, Andheri West, 301/302 Sbi Pallavi Chs Ltd, Mumbai	India
S1-561445993	Grace Lutheran Church	6410 Belsby Road, Unit X1, Cheney, WA	US
S1-667080800	Mountain Trust, LLC	15 Mountain View Estates, Unit Unit A8, Jewett, NY	US
S1-375736291	Veus Noble LLC	1281 Royvonne Avenue, Unit 6, Salem, OR	US
S1-401411425	Wong & Thomas Avalanche LLC	10424 Tiffany Drive, Concord, OH	US
S1-64090829	Al Investments Private Limited	401, Wonder Excellency 23, Manu Marg, Alwar, Rajasthan	India
S1-639116935	Crouch Tpg Inc.	93 Massachusetts Avenue, Arlington, MA	US
S1-71028797	Ila Shop Private Limited	A3-104 Florence, Charms City, Kalyan, Thane, Maharashtra	India
S1-798648917	Global Royal Popular LLC	19710 Chianti Point Drive, Hockley, TX	US
S1-933906614	Horizon Aura Center	3426 Whistling Wind Way, Village Of Windsor, WI	US
S1-712638258	Eastern Montessori School, Inc	11930 6th Avenue, Cincinnati, OH	US
S1-295997644	Shipping Agro Group	G-181, Sector 63 Noida Gautam Buddh Nagar, Noida, Gautam Buddha Nagar, Uttar Pradesh	India
S1-451769549	Lalwani & Co	C/O Pankaj Singh Vill-Ghinhu Patti Panch- Masaudha, Block-Durgawati, Kaimur, Bihar	India
S1-836328129	Westcott Spectral Clinic	2241 Jacocks Lane, Fort Worth, TX	US
S1-292471804	New Delhi Consultancy Private Limited	630, First Floor Dr. Mukherjee Nagar, New Delhi, North East, Delhi	India
S1-476363779	Great Bend Tire Shop LLC	180 C Us 281 Highway, Great Bend, KS	US
S1-641731333	Atlantis Sangh	Mystique, Society, Bhumkar Nagar, Maharashtra, Pune, Flat No.A-704, Pune City	India
S1-89998185	Apex South	Provo, 538 1020, UT	US
S1-421692850	Cyr Capital Inc	65 4th Street, Hamlin, TX	US
S1-267313557	NN Infratech Private Limited	136, Prem Nagar, Etah, Uttar Pradesh	India
S1-519787224	Mcpherson Signature Couriers	Gresham, 1310 19th Drive, OR	US
S1-852516140	Cardinal Welfare Society	8-2-293/82/L/64-A, Mla Colony, Road No. 12, Khairatabad, Hyderabad, Telangana	India
S1-794569330	Lodyne Ace Devices	4210 Falcon Drive, Great Bend, KS	US
S1-717331941	Secure Ethereum LLC	921 Ulysses Parkways, Ulysses, KS	US
S1-110612973	Nexay Webster	15601 Jeanne Lane, Homer Glen, IL	US
S1-590724689	Dunne Great Archimedes Inc.	12800 Steam Mill Farm Drive, Brandywine, MD	US
S1-239070968	Blue Tech Limited	Khasra No 29/18, Village Sihi, Sector 84, Near Dwarka Expressway, Narsinghpur, Gurgaon, Haryana	India
S1-658557611	Hay, Christensen and Burns Airport	4920 Hickory Downs Drive, Henrico County, VA	US
S1-941915589	SC Wisekey, L.L.C.	105 Prospect Avenue, Gloversville, NY	US
S1-410531471	Federal Engineering Concepts Associates	504 Pennsylvania Avenue, Hampton City, VA	US
S1-142892760	Menke Assets LLC	1102 Standard Street, Spokane, WA	US
S1-122939420	Eshelman Gesher LLC	5166 Avion Street, West Valley City, UT	US
S1-680818651	Tacoma Braemar	226 Broadway, Unit #22, Tacoma, WA	US
S1-564511593	Realstone Chit LLP	House No. B-72 Iii Floor (F.P) Vishwakar Colony Pole No. -0793, Delhi, South Delhi	India
S1-183879512	Brahmi Welfare Society	1304, Skyline Plaza-1, Tower 9, Near Lulu Mall, Lucknow, Uttar Pradesh	India
S1-118945540	Precision Nutrition Products LLC	21 Page Street, New Bedford, MA	US
S1-826216608	TRS Precision Associates LLC	761 Summer Street, Lynn, MA	US
S1-65132608	Engels Merger LLC	Mooresville, NC, 105 Sentosa Place, Unit 211	US
S1-638118067	Dental Medicine LLC	200 Division Street, WI, City Of Stevens Point, Unit H200	US
S1-489338952	Pearman Sciences	1715 Castle Road, Arlington, TX	US
S1-647311390	Vanguard Apparel Ltd	IN, Indianapolis, 420 Catamount Lane	US
S1-490122371	Aditya Infra Private Limited	1-84 Opposite Post Office, Vemavaram Village, Gudlavalleru, Krishna, Andhra Pradesh	India
S1-683624739	SX Logistics Private Limited	Plot No. 3, Rajeev Gandhi Nagar, Kota, Rajasthan	India
S1-685509517	Iconic Trust Co	Plot No. 155, Sector - 29, Huda Part - 2, Panipat, Haryana	India
S1-159867799	Balaji Anand Logistics Limited	5Th Floor, Opp. Mavdi Policeline, Ambika Township, Rajkot, Amruta Enclave, Gujarat, Rajkot	India
S1-110959974	Profin Traders Corporation	A-6/16, Diamond Park (Joka) Thakurpukur, Kolkata, Kolkata, Howrah, West Bengal	India
S1-335782395	Torres Medical Center LP	MO, 1630 White Avenue, Kansas City	US
S1-126104668	Ronny M. Beauchamp, DMD	5690 176th Avenue, Beaverton, OR	US
S1-219232105	Mariyam Deep (India) Public Limited	J31, The Nest Apts, No.9A Rathna Nagar Main Road, Teynampet, Chennai, Tamil Nadu	India
S1-239203518	Rice Management Inc	119 Overland Road, Unit 2, Waltham, MA	US
S1-758477844	Tatro Pinnacle Chiron LLC	7418 Westrow Avenue, Charlotte, NC	US
S1-386957709	Rocky Capital Partners Group	Phoenix, 10840 44th Avenue, AZ	US
S1-430501554	Arham Deal (India) Private Limited	204-205, Iind Floor 63/2, City Centre, The Mall, Kanpur, Kanpur Dehat, Uttar Pradesh	India
S1-700288066	Elixir Foundation Private Limited	G-14, Iind Floor Preet Vihar, Delhi	India
S1-198534396	Q+ Sachem Center	4212 Esters Road, Unit 240, Irving, TX	US
S1-487479551	Behavioral Health Medicine LLC	4027 Linke Road, Greenacres, WA	US
S1-37262160	Urology Clinic Inc	Unit 101, Greenbelt, 7732 Hanover Parkway, MD	US
S1-325469323	Jones Creative Jab	1387 -200 Pine Cone Circle, Virginia Beach City, VA	US
S1-400835923	Ella Hall Global Security Inc	625 Northampton Road, Fayetteville, NC	US
S1-680092242	Om Construction Private Limited	Unit-5, No.23 Queens Road, Muniswamy Rd, Tasker Town, Bangalore North, Bangalore, Karnataka	India
S1-787390878	East Pet Care LLC	1014 Grand Lake Loop, Eudora, AR	US
S1-376268482	Apex Management Private Limited	Kolkata, Howrah, Lp-64/5, Kolkata, 24/B Dr. Panchanan Mitra Lane, West Bengal	India
S1-603927318	Tech Estate Limited	Gautam Buddha Nagar, Unit No. 516, Uttar Pradesh, Floor 5Th Tower-B, I-Thum Tower Sector 62, Noida	India
S1-612357487	Cobalt	326 District Street, Tucson, AZ	US
S1-245922535	Arihant Good Developers Limited	C/O Durgesh Kadwaya, Kadawaya, Ashok Nagar, Guna, Madhya Pradesh	India
S1-496635641	Highland Golden Productions LLC	16 Foster Street, Danbury, CT	US
S1-400285734	Complete Telecom Worldwide	2410 14th Street, Canton, OH	US
S1-473038674	Fisher & Lange Inc	215 3rd Avenue, City Of Onalaska, WI	US
S1-138234361	Arruda and Mccoll Materials	2921 Lawson Walk Way, Rolesville, NC	US
S1-911012067	Federal Heritage Automotive LLC	15808 86th Circle, Vancouver, WA	US
S1-531012609	Uday Engineering Limited	C/O Madhava Rao Pujari, Ward No 7, Keuto Street, Parlakhemundi, Gajapati, Orissa	India
S1-892947998	Agarwal Ventures Group	A-704 Poonam Enclave, Gen, Akv Marg, Malad E, Malad East, Mumbai, Maharashtra	India
S1-495671011	Sunrise Services Private Limited	House No 78, Block-G Pkt-20, Sector-7, Rohini, New Delhi, North West, Delhi	India
S1-921541568	Lombard Environmental Society	21W 20 Mayfair Road, Lombard, IL	US
S1-192290772	Memorial United Trust LLC	74 Melville Street, Staten Island, NY	US
S1-475400585	United Axiom LLC	1677 Mock Road, High Point, NC	US
S1-783692819	Indian Estate Limited	Jinsi Road No. 1 Lashkar Gwalior, Gwalior, Madhya Pradesh	India
S1-384357969	Shree Tech Private Limited	Jalawatoli Post Hussaini, East Champaran, Bihar, Chakia, Ward05 North Hussainivill	India
S1-589264854	All Indian Foods Private Limited	9Thflr, Iconic Bldg, Urmi, Estate, Lowerparel (West), Mumbai, Maharashtra	India
S1-331267588	Safe Navigation, LLC	20 Edgewood Avenue, Trumbull, CT	US
S1-811531809	Frontier Pediatrics	5370 249, Littlefork, MN	US
S1-120476813	Fionnula Deel Sprott Inc	84 Ruthellen Road, Bellingham, MA	US
S1-618509342	Getchell, Mccormick and Fuller Xcel P.C.	6344 Arbor Road, Mechanicstown, OH	US
S1-349549948	Vision Clinic of Seneca Group	201 Newton Road, Seneca, SC	US
S1-412197597	Sachit Roofing Private Limited	C/O Rathnakaran Pakkam, Valliyot House Pakkam, Hosdurg, Kasargod, Kerala	India
S1-392807308	King Solar LLP	906, Shalin Complex Sector-11, Gandhinagar, Gandhinagar, Gandhi Nagar, Gujarat	India
S1-225706418	Emelda H. White, MD	AL, 267 758, Fort Payne	US
S1-777328955	Dental Frontier Medicine LLC	Unit 307, NC, 7621 Climbing Vine Drive, Raleigh	US
S1-193404820	Estelle Traders Private Limited	Unit No.6, Senior Estate, 7/C, Parsi Panchayat Road, Andheri (E), Mumbai, Mumbai City, Maharashtra	India
S1-550409708	Karuna Exports Private Limited	Db 68 Sector-I, Yantrapati Bhawan Salt Lake City, Kolkata, Kolkata, Howrah, West Bengal	India
S1-146732601	Redyne LLC	7 Cirrus Drive, Unit 7204, Ashland, MA	US
S1-295709620	Sankatmochan Developers Pvt. Ltd.	#5-9-58/1-15, Suit-601/D, 6Thfloorbabukhanestate, Basheerbagh, Hyderabad, Telangana	India
S1-314497249	Dimiia Trinity LLC	1823 Vinton Street, Omaha, NE	US
S1-863882998	Jordan Valley Surgical	2900 Ion Highway, Jordan Valley, OR	US
S1-77874756	Honey Brothers	Bengaluru, Karnataka, D4 - Maple Block, Regency Pinnacle Heights Apt Rachenahalli, Bangalore	India
S1-710499363	Global Yugantar Venture Private Limited	Gh 85 Scheme No 54 Indore, Indore, Madhya Pradesh	India
S1-980450265	Margaretta Ruiz, Ph.D.	3541 Adams Lane, Redding, CA	US
S1-405947121	Green Finance Private Limited	Pn9/2Gaiabuilding, Sector2, Hudatechnoenclavhiteccity, Shaikpet, Hyderabad, Telangana	India
S1-802947042	Wilsey and Bailey PLLC	IN, 2152 Columbia Avenue, Indianapolis	US
S1-815810099	AQB Media LLP	Jind, Sco 48, Urban Estate 2Nd Floor, Huda Ground, Near Easy Day, Jind, Haryana	India
S1-141856057	Hughes, Condon & King	9881 Zenith Drive, Saint Louis, Fl 0, MO	US
S1-13018373	Hickey Dbdr, LLC	KS, 3501 Chaumont Drive, Unit A, Hays	US
S1-379908151	Vaishnodham Securities LLP	Plot No. 153 Darbarnaka, Halvad, Rajkot, Gujarat	India
S1-888947718	Bhadra Complete Limited	Door No.9/10, Housing Board Road, Opp Vlb Arts College, Kovaipudur, Coimbatore South, Coimbatore, Tamil Nadu	India
S1-634797673	Indianapolis Heritage Charities	IN, 2228 Lynhurst Drive, Unit APT D, Indianapolis	US
S1-82101328	Atlantic Siddhi	8725 198th Street, Stanwood, WA	US
S1-419479874	Shiva (India) Lifestyle Private Limited	Mahadev Mandir Ke Paas, Shankar Pura, Pipalda Itawa, Kota, Rajasthan	India
S1-994945820	Bade Brothers Public Limited	403 B Wing Floor 4Th Vardhaman Nagar Chs Vardhaman Nagar Dr. Rajendra Prasad Rd M, Ulund W, Mumbai, Mumbai City, Maharashtra	India
S1-290464514	Rampur Solutions Limited	Indore, Business Center Pu4 Sn 54, Office No 608-609 Krishna, Madhya Pradesh	India
S1-660452207	Prosoft Gulf Activate LLC	55 Rocky Ridge, Arden, NC	US
S1-325089081	Straight Edge Tattoo	Unit 415, 5129 15th Street, Phoenix, AZ	US
S1-393120320	Cornerstone LLC	Holbrook, AZ, 1220 Buffalo Street	US
S1-908825237	YH Midwest Lion L.L.C.	3609 Joan De Arc Avenue, Phoenix, AZ	US
S1-978465750	Bay Innovative Asia LLC	928 Road 1 N, Chino Valley, AZ	US
S1-526867958	Capital Federation Corp	1845 Euclid Street, Dallas, TX	US
S1-105473970	Crystal Robotics Works	314 Melissa Lane, Gentry, AR	US
S1-740984042	Tech Products LLP	43 Narayan Nagar, Indra Nagar, Lucknow, Uttar Pradesh	India
S1-504429664	Keystone Global Trailblazer	1655 Squire Drive, Casa Grande, AZ	US
S1-225667120	Mitchell Associated	15028 Doylestown Road, Doylestown, OH	US
S1-415724844	Chamunda International School Corporation	Old No.6, Mahalingapuram, Chennai, Chennai, New No.11, Chennai, Tamil Nadu	India
S1-975374270	Sarena Williams Reliable Dbdr LLC	1247 Majestic Oak, Richmond, TX	US
S1-271184386	Coralie Coon Chesapeake	14310 Pearce Lane, Del Valle, TX	US
S1-984242201	Southern Consultancy Private Limited	Villa No 38, Aparna Hillpark Gardenia, Tirumalagiri, Hyderabad, Telangana	India
S1-56629327	Arriola Cornerstone Transport Center	Kingman, AZ, 4145 Willows Ranch Road	US
S1-497330784	Raj Future Trading Private Limited	# 4/3-B, Begur Main Road Hongasandra, Bangalore, Karnataka	India
S1-45907674	Felix and Stanford Associates	337 Rockefeller Road, Richford, NY	US
S1-974264493	Roopita Solution Ltd	Building G 40/41, R. H. No 1, Behind Sunshree Gold, Graficon Paradise, Maharashtra, Pune, Nibm Road	India
S1-292743962	Metro Charter School	335 Blagrove Street, Bldg 2333, Richwood, OH	US
S1-178244244	Back Alley Barbershop Group	City Of Racine, WI, 1616 Chatham Street	US
S1-538418321	Internal Medicine Health, LLC	3102 24th Street, Fl 0, Wichita, KS	US
S1-168556121	MTK Regional Planet L.L.C.	1227 Parkway, Shipshewana, IN	US
S1-564698981	Jain Care Private Limited	Office 2, Shree Venkatesh Apt., S.No.1/10 To16, P No 33 34, Above Sbi Bavdhan Branch, B, Avdhan, Pune, Maharashtra	India
S1-865977171	Swabhumi Ecommerce Pvt. Ltd.	Delhi, Hauz Khas, Z-16 2Nd Floor, New Delhi	India
S1-794537027	Gohana Projects Private Limited	321, Village Kohla, Gohana, Gohana, Sonipat, Haryana	India
S1-873815443	Gordon Venture, LLC	10917 175, Medaryville, IN	US
S1-56379844	VJE Citigroup PLLC	912 Spring Street, Des Moines, IA	US
S1-187922702	Select Preferred Municipal LLC	5825 -204 Coastal Pointe Drive, Virginia Beach City, VA	US
S1-283209882	Cordie Richter, DMD, DDS PC	725 Rathburn Road, Wooster, OH	US
S1-710866864	Laverna R. Alan, DMD Inc.	100 Arrowwood Road, Oak Ridge, TN	US
S1-208976230	Taylor Colonial Aldel Company	3032 Chaucer Avenue, Saint Louis, MO	US
S1-55247270	CIG Service Pvt Ltd	Vadodara, Gujarat, 102, Yogi Ashish Apartment, 18, Punit Nagar, Old Padra Road	India
S1-98166238	Direct Safe Architecture Center	2012 Walnut Street, IN, Anderson	US
S1-236151360	Dynamic Agricultural Solutions	157 19th Street, Unit APARTMENT 1R, Covington, KY	US
S1-214591538	FQZ For, LLC	720 Lamar Alexander Parkway, Maryville, TN	US
S1-308577226	Nalinia Capital Partners	2039 Fremont Street, Klamath Falls, OR	US
S1-52656326	Macias, Jaime & Owen	1425 Dunn Street, Unit APT 339, Bloomington, IN	US
S1-476352610	Hermanson, Black and Strom LLC	Hamburg, 4800 Parker Road, NY	US
S1-492264089	India Frontier Multitrade Pvt. Ltd.	K-303, Site 5, Industrial, Area, Greater Noida, Dadri, Gautam Buddha Nagar, Uttar Pradesh	India
S1-983505850	Mm Home Pvt. Ltd.	Adarsh Nagar Nr Balaji P. School, Haryana, Faridabad	India
S1-825635047	Yuma Behavioral Health Unified Medicine	12673 46th Drive, Yuma, AZ	US
S1-931746278	Galaxy Technologies Private Limited	Noida, A-29, Uttar Pradesh, Gautam Buddha Nagar, Sector-5	India
S1-276821021	Womens Health Summit Physicians	4744 Woodhaven Drive, Galena, OH	US
S1-849664549	Diamond Trading Private Limited	B/108, First Floor, Murtidham Park Complex, Near Raspan Circle, Ahmedabad, Gujarat	India
S1-22663518	JN Solutions Limited	C/O Manoranjan Gandhi, Nagar 3Rd Line, Brahmapur Sadar, Ganjam, Orissa	India
S1-130114823	Willabella Nugent Gas Inc	30384 Ruth Street, Unit #74, Wilsonville, OR	US
S1-725556845	First Constructions Limited	33 Nonhatta Shahganj, Purana Chowk, Shahganj, Jaunpur, Uttar Pradesh	India
S1-827764099	Ludovika Wertz Motors Corp	6307 Boulder Avenue, Tulsa, OK	US
S1-947684809	Producer Sumukha Hospitality Pvt. Ltd.	145/A, Ashokegarh (East), Kolkata, Kolkata, Howrah, West Bengal	India
S1-93053761	Urgent Care Bright Partners	1200 Columbia Avenue, KS, Leavenworth	US
S1-713557640	Proffitt Regional Franklin PC	8007 Sunrise Boulevard, Unit APT 109, Citrus Heights, CA	US
S1-959586348	Ram Energy Private Limited	House No-1-98/6/8/22, Plot No-85 Jubilee Enclave, Madhapur, Hyderabad, Telangana	India
S1-143560055	Interstate Environmental Industries LLC	117 8th Street, Mishawaka, IN	US
S1-856512177	Carlos Cion LLC	820 Sun Avenue, Redlands, CA	US
S1-152689617	Esparza Pioneer Silverbox LLC	712 2nd Avenue, Kent, WA	US
S1-105531337	All Heartland Blueport	3 44th Avenue, Yakima, WA	US
S1-153857952	East Media Pvt Ltd	Sco-2, Jandpur Road, Park View Market, Village Desu Majra, Mohali, Punjab	India
S1-647976700	Deor Public Care	259 First Street, Unit Apartment 2, Newburgh, NY	US
S1-242614866	Crescent (India) Suppliers Corporation	House.No: 5/1283, Dorasanipalli Road Kadapa, Proddatur, Cuddapah, Andhra Pradesh	India
S1-204009599	Al Ventures Limited	56/2, Hazra Road, Kolkata, Kolkata, Howrah, West Bengal	India
S1-134340520	Custom Genomic Ventures LLC	1796 Jj Avenue, Marengo, IA	US
S1-409161536	Summit Meridian Inc	2506 62nd Avenue, Portland, OR	US
S1-970384357	Bay Diana	11324 Wooded Branch Ln, Louisville, KY	US
S1-865421286	Community Blue Services	619 Draper Street, Mobile, AL	US
S1-794047858	Professional Agricultural Worldwide, Corp	777 Brick Yard Road, Greensville County, VA	US
S1-380578602	Gardner Cascade Hyperliquid	Glen Burnie, MD, 7535 Blue Sun Drive, Fl 0	US
S1-494631226	White Estate Private Limited	11-85 A One Complex, Swamiyar Madam, Kalkulam, Kanyakumari, Tamil Nadu	India
S1-529806079	Roush Global Oil LLC	OH, Toledo, Unit 102~112, 1803 Christian Avenue	US
S1-642551676	Burke British of Anderson, LLC	4505 Princeton Drive, Anderson, IN	US
S1-73223096	Martinsville Data Inc	217 Greene Road, Martinsville, OH	US
S1-176351768	Cooper Resources LLC	1720 Indian Wood Circle, Unit I, Maumee, OH	US
S1-350179921	Daggett Galata P.C.	103 Emerald Isle Lane, Wentzville, MO	US
S1-906704002	Carnation College	7/47 Puthiya Purayil Pookkad, Chemancheri, Thiruvangoor, Calicut, Kozhikode, Kerala	India
S1-233313622	Gosnell Immersion	11443 Blanchard Drive, Frisco, TX	US
S1-929414038	Aegis Solutions Private Limited	A25/1408, Happy Valley, Home, Near Tikujini Wadi, Thane, Maharashtra	India
S1-707155052	Shree Producer Private Limited	294, Vasantha Street, Golden George Nagar, Nerkundram, Chennai, Tamil Nadu	India
S1-400153929	Conner & Choi	6228 Traymore Avenue, Brooklyn, OH	US
S1-472501544	Dotti's Tri-State Catering	Lavon, 852 Merry Summit Road, TX	US
S1-699197415	Lohse Rre	248 Many Lakes Drive, Kalispell, MT	US
S1-668608133	Services Don Global	C 10 Vivek Apartmentspoddar Street Santa Cruz W, Mumbai, Maharashtra	India
S1-502676210	Helm Roofing	183 Justice Road, Star City, AR	US
S1-333232242	Pinnacle Open Inc	31825 Bayview Drive, Unit UNIT 122, Avon Lake, OH	US
S1-539507885	Silver (India) Services	Shop 50, First Floor, Royal Estate Market, Rajpura, Mohali, Punjab	India
S1-830029577	Services Pinkcity Plastchem Pvt Ltd	9/10 Yalenahalli Begur 1Stcross 1Stmain Akshyagardenwest Akshyanagaryellenahalli, Bengaluru, Bangalore, Karnataka	India
S1-770970826	Physical Therapy Medicine	4495 Loudon Ridge Road, Lenoir City, TN	US
S1-72737237	Nadynor Modern Fast LLC	2762 Roy Webb Cutoff Road, Piedmont, AL	US
S1-866588555	Mitzi Upchurch Eye Care	420 Connemara Drive, Magnolia, TX	US
S1-973651524	Sotaus Service LLC	510 Barrington Avenue, East Dundee, IL	US
S1-43044661	Bradford Auto LLC	1105 3rd Street, OR, Lakeview	US
S1-54920192	Modern Global Private Limited	H No.101 Blk-Kp Pankaj, Tower Pitampura, Delhi, North West Delhi, Delhi	India
S1-796562856	Apex Logistics Private Limited	111, Kala Vihar Apartment, Mayur Vihar Phase-1, East Delhi, Delhi	India
S1-751269434	Quus Companies LLC	6300 56th Place, Marysville, WA	US
S1-740756249	Lozano Bay Wave LLC	20 Harrison Street, Athol, MA	US
S1-634916701	Malappuram Nath Private Limited	31/9, Vakkayil Madu Building, Olakara P.O, Tirurangadi, Malappuram, Malapuram, Kerala	India
S1-95833373	Patriot Center	191 Hill Side Drive, Incorporated, ID	US
S1-202267227	Hr (India) Products Private Limited	Delhi, New Delhi, Ganga Vihar Near Gokulpuri, D207	India
S1-253185385	Green Delta Retail LLC	4170 Skywood Lane, Mobile, AL	US
S1-364294530	Best Cargo Dynamics	752 Egan Street, Brooklyn, NY	US
S1-773538367	Eye Beacon Medicine Center	WI, E7696 910th Avenue, Town Of Tainter	US
S1-740383519	J 9 Unified Pinnacle Company	3601 -101 Shore Drive, Virginia Beach City, VA	US
S1-256772903	Klarika Garcia All Infinite	1445 4th Street Drive, Unit 46, Hickory, NC	US
S1-728785404	Renata Wilson Healthcare	113 Prairie Hill Ln, Iowa City, IA	US
S1-628146973	Eye Health of Richmond City Inc	2514 Lynhaven Avenue, Richmond City, VA	US
S1-521752234	Rbr Marketing Limited	Shop No. Dct-708 7Th Floor, Haryana, Dlf City Court Mall Sikanderpur, Gurgaon	India
S1-1606841	Jay Investment Private Limited	106 Kiran Chandra Sinha Roadblock-B10 4Th Floor D Type Ps-Shibpore, Howrah, West Bengal	India
S1-656035351	Best Consultants Private Limited	B 316, Pragati Empire It Park, Opp Power House, Mota Varachha, Chorasi, Surat, Gujarat	India
S1-711617350	Green Services Pvt Ltd	Kerala, Room No.D2 Arks Mansion, Kozhikode, Kottooli Po	India
S1-815173369	Caldyn Banco	2841 Virginia Street, Mesa, AZ	US
S1-27946683	Elite Custom Lifestyle	3904 Weston Street, Clovis, NM	US
S1-508245095	Hutchins Gulf Scientific	8751 Collin Mckin Parkway, Unit Ste 101, Mckinney, TX	US
S1-801845303	Vanguard Diagnostic Studios LLC	7180 Olivet Church Road, New Kent County, VA	US
S1-173650673	Blue Farmer Private Limited	Pt No. 1, 21 & 22, Om Ganapathi Nagar North Ragnathapuram, Mangadu, Chennai, Kancheepuram, Tamil Nadu	India
S1-167439499	Taylor Multimedia Center	3336 Hawthorn Avenue, Douglas, AZ	US
S1-468948541	Gayathri Tradelink Limited	#168, 2Nd Main, 3Rd Cross, Domlur Layout, Bangalore, Karnataka	India
S1-912197806	Mclean Blue Futurecorp LLC	269 Park Drive, Aurora, OH	US
S1-76602231	Delta Cayson LLC	1221 Kent Brown Road, Garland, TX	US
S1-506517690	Build Advertising Private Limited	Unit No.130, First Floor, Akruti Solaris Hubtown, N.S Phadke Marg, Andheri-East, Mumbai, Mumbai City, Maharashtra	India
S1-525538092	Krishna Food Private Limited	127, N.S. Road Room No. 4, 2Nd Floor, Kolkata, Howrah, West Bengal	India
S1-782671933	Baba Builders	3/412, Viram Khand, Lucknow, Uttar Pradesh	India
S1-332884481	Balaji Innovative Services LLP	28 2Nd Floor Ujagar Industrial Estate W T Patil Marg Deonar, Mumbai, Mumbai City, Maharashtra	India
S1-256215380	North Gold Private Limited	H.No- 0844/0038, Sector 11, Juhugoan, Thane, Maharashtra	India
S1-565493516	New Delhi Leasing Private Limited	592 A, Delhi, Bijwasan, South West Delhi, New Delhi	India
S1-439084272	Viluppuram Software	W/O Ayyakannu, No 212, Kovil Street, Puthanthur, Alathur, Viluppuram, Villupuram, Tamil Nadu	India
S1-545576995	Sunrise International Private Limited	Latish Plaza, R. No 003, Nr. Ganpati Mandir Dwarli, Kalyan, Thane, Maharashtra	India
S1-91521037	My Management Private Limited	New Delhi, B-41, Delhi, West Delhi, Main Road Uttam Nagar	India
S1-885217540	Viole C. Hermann, D.D.S.	217 Stehekin Way, Chelan, WA	US
S1-662151026	Yeager, Edwards and Hill Inc	20105 Pond Road, MT, Frenchtown	US
S1-528687121	Christensen Angel Inc	IL, Monticello, 806 Buchanan Street	US
S1-167766999	City Projects Private Limited	Plot No 57/A, Huda Heights Mla Colony, Banjara Hills, Hyderabad, Telangana	India
S1-922052386	American Committee	354 Fairlawn Drive, Torrington, CT	US
S1-371445382	Trinidad Partnership Inc.	115 3rd Street, Big Stone Gap Town, VA	US
S1-873886584	Synergy Producer Pvt Ltd	Chennai-600 019., Periyar Nagar, Tiruvottiyur Chennai-600 019. Tiruvottiyur, Chennai-6, 00 019., No.43-B, Tiruvottiyur, Tamil Nadu	India
S1-12569307	Yield LLC	1028 Fairplains Road, North Wilkesboro, NC	US
S1-412605239	Great International Private Limited	614, At Chhapiya, Sader, Gorakhpur, Uttar Pradesh	India
S1-404475169	Cascade Grand Beijing	1895 Bigler Circle, Heber, AZ	US
S1-221691927	Family Reliable Federation Inc	11705 Monticello Avenue, Silver Spring, MD	US
S1-396954787	Victor Consultants LLP	No 124/29 Sadayankuppam, Gummidipoondi, Tiruvallur, Tamil Nadu	India
S1-415782037	Zesoft LLC	803 Rocky Shore Terrace, Kimberling City, MO	US
S1-269179376	Menton Hills Inc	820 Bar X Trail, Angleton, TX	US
S1-643638790	Leontine Mogollon Trinity	507 Crest Dale, Noble, OK	US
S1-562044334	Acorn Solutions Limited	Kp 5/37Akumarapuram P O Haripad, Alleppey District, Alappuzha, Kerala	India
S1-868148729	Services Arihant Infoway Limited	Sn. 157/A/2, Bld- B, Laxmi Puram, Beh.Mental, Qtrs., Pune City, Pune, Maharashtra	India
S1-605814942	Hira Solutions Limited	H.N.-B-38, Ground Floor Nizamuddin West, New Delhi, Delhi	India
S1-29604621	Quantari Restaurants LLC	21420 Highway 365, Little Rock, AR	US
S1-213358232	Akshayam Law Chambers	F-3/14 First Floor, Road No.3 Vasant Vihar Near Gurwara, New Delhi, Delhi	India
S1-426255669	Jardine Optics	3605 Anton Street, Prichard, AL	US
S1-534466252	Prairie Network	354 South Street, Northborough, MA	US
S1-911731247	Mccollum Biopharmaceuticals	624 Cheryl Avenue, Hurst, TX	US
S1-261130770	Lohiya Global Private Limited	11, Spring'S County-1, Off Vasna-Bhayali Road, B/H Navrachana University, Vadodara, Gujarat	India
S1-826421983	Straight Edge Nails!	292 Haig Avenue, Stamford, CT	US
S1-557811450	Vss Commerce Pvt Ltd	Dsm-163, First Floor, Dlf Towers, Shivaji Marg, Najafagarh Road, New Delhi, West Delhi, Delhi	India
S1-882950625	Horizon Management	1330 Nashville Pike, Unit 11112, Gallatin, TN	US
S1-779079867	Dowling Centurion Group	1498 Colina Drive, Bullhead City, AZ	US
S1-451228563	Scholarship Foundation Care	4452 Pondview Drive, Columbine, CO	US
S1-463923249	Community Chiropractic	6915 Dianthus Drive, St. George City, LA	US
S1-551761337	Burnsville Human Rights Supreme Project L.L.C.	13704 Susan Lane, Burnsville, MN	US
S1-708162293	Orthopedic Patriot Care Associates PLLC	16 Wells Street, Chicago, IL	US
S1-742476456	Sree Institute of Technology Company	No. 301, Roshni Homes Apartment, Banjara Layout Main Road, Horamavu Agara, Horamavu, Bangalore North, Bangalore, Karnataka	India
S1-221841245	MDD Tec Private Limited	53 Surya Nagar Out Side 3Rd Pole Mahamandir, Jodhpur, Rajasthan	India
S1-500646806	Fresh Classic Innovative Inc	3937 Tarkle Ridge Drive, Kitty Hawk, NC	US
S1-288073117	Eastern Management LLP	P No.33, B No.31/589, Gr Flr, Ghb, Umarwada, Surat City, Surat, Gujarat	India
S1-987622553	Shivansh & Brothers	S No 62 Gananjay Co-Op Socy Plot No 52 Kothrud, Pune, Maharashtra	India
S1-458223634	Shree Foods Private Limited	Karkudi, Belghar, Rampada, Tumudibandha, Kandhamal, Orissa	India
S1-753077817	Allied League Inc	607 Blackjack Pass, Cedar Park, TX	US
S1-163089570	Gulf Initiative	WI, Town Of Silver Cliff, N11935 Richards Lane	US
S1-291267011	Radha Mitra of Chennai	Tamil Nadu, Chennai, New No 62, Chennai, Old No 72/2 Harrington Road, Chetpet	India
S1-628097639	Field Infotech Limited	Flat No. 55, Ground Floor, Block-A, Janta Flats Near Shiva Market, Pitampura, New Delhi, Delhi, North West, Delhi	India
S1-398359228	Supreme Shivam Estate Private Limited	Haryana, Plot No. 126, Sector -44, Gurugram, Dlf Qe, Gurgaon	India
S1-726458457	Independent Foundation	C-109, Ground Floor Hari Nagar, New Delhi, New Delhi, West Delhi, Delhi	India
S1-115009560	North Services Limited	18, Rabindra Sarani, Poddar Court, Gate No. 01, 3Rd Floor Room 336B, Kolkata, Kolkata, Howrah, West Bengal	India
S1-466333379	Hitech Properties LLP	Kp 3/710 K, Orchid Ppd Blooms Vattappara, Thiruvananthapuram, Trivandrum, Kerala	India
S1-897333749	Siegler, Andersen & Lewis Keycorp	315 69th Street, Chicago, IL	US
S1-46170743	Ethical Enterprises	G-1221, Ground Floor, Chittaranjan Park, New Delhi, Delhi	India
S1-566455427	UDF Solutions Private Limited	Co Dheeraj Pawar 33, Malkaguda Tanda Mahur, Bhokar, Nanded, Maharashtra	India
S1-607631235	Eye Physicians LLC	111 New York Drive, NC, Thomasville	US
S1-272434646	Advanced Bay Guggenheim Inc	6205 Westin Drive, City Of Madison, WI	US
S1-671770537	Prairie Affiliated Inc	301 Cardinal Haven Lane, Hendersonville, NC	US
S1-487269520	Prime Foundation Private Limited	A-091, Xu1, Greater Noida, Noida, Gautam Buddha Nagar, Uttar Pradesh	India
S1-386962474	Bengaluru Technology Private Limited	#32/1, 3Rd Floor, 12Th Cross, Wilson Garden, Bengaluru, Bangalore, Karnataka	India
S1-697505782	Raj Seva Samiti	Shop No.11, Kundanvihar, New Era Society, 588/28, Next Indian Oil Petrol Pump, Bibwewadi, Kondhwa Rd, Pune, Maharashtra	India
S1-821843581	Robinson and Pickens Peoples Group	24 R Marshall Street, Somerville, MA	US
S1-118793979	Express Signature Commodity LLC	1845 Langerdale Boulevard, South Euclid, OH	US
S1-893377882	Katihar City Private Limited	C/O Sanjay Kumar Suman, Po Sameli Ps Kursela, Katihar, Bihar	India
S1-767672229	Miller Optimal Taiwan	210 Church Street, Cerulean, KY	US
S1-527666080	Egan Stores Corp	17743 Delmas Drive, Cornelius, NC	US
S1-210779964	Baba Consultants Private Limited	186, Thambu Chetty St., ., Madras, Chennai, Tamil Nadu	India
S1-245692994	All Consulting	101 Sainath Rahiwasi Co Ophsg Soc Ltd 1St Floor Samarth Nagar Majaj Wadi Jogshwari, Mumbai, Maharashtra	India
S1-811577629	Keystone Music, Inc	58 Everett Road, Hamptonburgh, NY	US
S1-798787176	Patriot League Inc	302 Main Street, Narrows Town, VA	US
S1-488675745	690-691 West Owners Corp	3957 S Mtn Park Avenue, Connelly Springs, NC	US
S1-574787074	Sm Traders Pvt Ltd	B-6/3, Delhi, New Delhi, Shopping Complex Safdarjung Enclave, South West Delhi	India
S1-171386774	Superior Analytics Products, L.L.C.	9125 Hampshire Avenue, Brooklyn Park, MN	US
S1-405232471	Aditya Logistics Private Limited	318, Transport Nagar Ground Floor, Indore, Madhya Pradesh	India
S1-365269973	Patriot Fund LLC	8023 Readington Court, VA, Fairfax County	US
S1-58064107	Hayes Rapid Ses LLC	Wilmington, NC, 7505 Quail Woods Road	US
S1-932261889	Chong Family Practice Associates	166 Waterfront Drive, Davis, WV	US
S1-982958390	Prathyusha India Private Limited	C/O- Vishal Kumar Gupta, Majan Basti, Singrauli, Madhya Pradesh	India
S1-697012293	Unique Good Power Private Limited	Flat No 101, Plot No. 341, Ks Reddy Enclave, Kranthivanam Colony, Serilingampally, K.V.Rangareddy, Telangana	India
S1-905792485	Cornerstone Centurion Company	16 Ridon Drive, Hockessin, DE	US
S1-364145303	Hernandez's Biotech	7941 Troy Street, Chicago, IL	US
S1-517666504	American Family Practice	44 Brookline Drive, Clifton Park, NY	US
S1-364030197	Vilma's Harbor Investments	Elizabeth City, NC, 704 Cypress Street	US
S1-300019710	Zaix	4843 Corral Road, Unit 4, Phoenix, AZ	US
S1-278908726	Hayes Green Construction LLC	100 Central Chapel Road, Caroline, NY	US
S1-418211535	Kumar's Holdings	Dennis, MA, 57 Terrace Hill Drive	US
S1-192090642	Velsesoft Gulf Owl Inc	702 12th Street, Nashville, TN	US
S1-429369283	Nana Polytechnic	269-C, Hauz Rani, Delhi, South Delhi, Delhi	India
S1-374104039	Ventures Nanda Sahara Private Limited	House No. 1-7-898, Beside Hp Gas Gowdown, Near Raj Hotel, Hunter Road, Hanamkonda, Warangal Urban, Telangana	India
S1-718913230	Mills Services Pvt Ltd	Flat No 706 1D Tower, Skardi Greens Golf Links, Ghaziabad, Uttar Pradesh	India
S1-147009043	Big Hair Studio	City Of Richland Center, WI, 239 7th Street	US
S1-16782232	Harsh Holdings	1/22 Second Flooer, Asaf Ali Road, Delhi, East Delhi, Delhi	India
S1-934562087	RK Creative Stock	S12651 G, Town Of Spring Green, WI	US
S1-5490790	International Shiv Marketing	74, Gali No 8, Vinod Nagar, Near Kainchi Chowk, Hisar, Haryana	India
S1-17130012	Pioneer Research Networks LLC	5665 Pearl Road, Parma, OH	US
S1-674429033	Punzalan Art	1706 Washington Street, Ofallon, IL	US
S1-986993818	Alpha Management Pvt Ltd	B-503, Forest Hills Chs, Plot No. 122 Killa Shahabaz, Cbd Belapur, Navi Mumbai, Thane, Maharashtra	India
S1-532003503	Lightfoot and Wilkes Corp	1735 Washington Street, Unit UNIT 26, Colton, CA	US
S1-506980381	Roopam Workforce Pvt Ltd	Flat No. 1, S No.120/1 Valvan, Lonavala, Pune, Maharashtra	India
S1-280097776	Scholarship Alliance of Evansdale	1772 Gilbert Drive, Evansdale, IA	US
S1-386586509	Tiger Innovations Private Limited	Flat No 304 Katalwadi, Mayuresh Appt Bhadgaon, C/O Mangesh Shashikant Khopkar, Ratnagiri, Khed (Rtg), Maharashtra	India
S1-604923793	Glyphent Cohen LLC	2214 96th Avenue E, Unit APARTMENT  B, Tulsa, OK	US
S1-610264296	Kumawat Exports Private Limited	5-5-313-A, Near Nehru Municipal High School, Sd Layout, Irla Nagar, Tirupati (Urban), Chittoor, Andhra Pradesh	India
S1-725234662	Arteaga School of Medicine LLC	105 Young Avenue, Temple, TX	US
S1-866954720	Thiruvananthapuram Focus Pvt. Ltd.	Tc 10/666 (14) Devi Nagar, Perurkada P O, Thirupananthapuram, Thiruvananthapuram, Trivandrum, Kerala	India
S1-151785688	Asset Building Program	Springfield, IL, 4909 Wildcat Run	US
S1-895185696	Lucky Book Store	Streetsboro, 1031 Fronek Road, OH	US
S1-437735058	Fortune Services Private Limited	H No 63, Srr Heights, Op Vnr College Lane, Rangareddy, K.V.Rangareddy, Telangana	India
S1-92464655	Integrated Smart Analytics, Inc	7782 Hinton Avenue, Unit Unit 8, Cottage Grove, MN	US
S1-265610966	Super Seva Samiti	No. 23/4 (B/14), 12Th Avenue, Ashok Nagar, Chennai City Corporation, Chennai, Tamil Nadu	India
S1-324125906	Autism Assistance Fund PLLC	190 Aiken Road, Eden, NC	US
S1-168326726	Signature Manufacturing LLC	2407 Snow Hill Road, Durham, NC	US
S1-556064649	Hotel Agro	Iv/38-C27 Pantheon Apartments Marottichodu, Edappally, Kochi, Ernakulam, Kerala	India
S1-475984718	Customer Traders Private Limited	P-40, India Exchange Place, Ground Floor, Kolkata, Kolkata, Howrah, West Bengal	India
S1-798997869	N S & I Imaging	35 Appel Drive, NY, Brookhaven	US
S1-995855253	Chennai City Corporation Height Private Limited	Ground Floor, No 11, Bharathiyar Colony, Chennai City Corporation, Chennai, Tamil Nadu	India
S1-723942058	Anchor Staking	1425 Elva Drive, Gallup, NM	US
S1-590673061	Legacy Electronics Union LLC	10506 Castleton Street, Houston, TX	US
S1-395697890	Claribel's Innovative Interiors	4926 Rd 179, Cardington, OH	US
S1-182733315	MLT Composites Private Limited	Flat No 10 Devkiran Apartment Dattanagar Panchawati, Nashik, Maharashtra	India
S1-595107450	Jones National Muniyield LLC	3323 Wexgate Road, Knoxville, TN	US
S1-712695680	Lakshmi Technology Limited	8-2-270/2, 2Nd Floor, Tenali Arcade Opp: Lumbini Jewell Mall, Road No-2, Banj, Ara Hills, Hyderabad, Telangana	India
S1-279412353	Aditya Industries Private Limited	Delhi, North East Delhi, Fatak Mandoli Road, Ashok Nagar, Km Block	India
S1-698271742	Seattle Family Integrated Clinic	5034 9th Avenue, Seattle, WA	US
S1-818450745	Shree Marketing Private Limited	Rz-126D, Raj Nagar-Ii Palam Colony, New Delhi, West Delhi, Delhi	India
S1-108100194	Cafe Brothers Private Limited	E-121 Kalkaji, New Delhi, South Delhi, Delhi	India
S1-801799077	Reynolds Corporation	10 Riverview Drive, Canyon, TX	US
S1-525246680	Sree Holdings	New Delhi, Delhi, D-3/3485, Vasant Kunj	India
S1-714829730	Kizzee's Custom Sciences	2965 Wallace Well Court, Crandall, TX	US
S1-222718614	Stark Group	Office No.37, Shreeji Plaza Opera House, Tata Road No.01, Girgaon, Mumbai, Mumbai City, Maharashtra	India
S1-525828422	Smart Materials, LLC	328 Isley Avenue, Burlington, NC	US
S1-260721569	Tech Aradhya Solutions Corp	C-1233, Siddhi Vinayak, Towers, B/H Dcp Office, Ahmadabad City, Ahmedabad, Gujarat	India
S1-306070067	Np Academy Private Limited	34/36, Ground Flr, Plot -12/16, Thackersi Gopalji Building, M J Market, Kalbadevi, Mumbai, Mumbai City, Maharashtra	India
S1-690611277	Community Gulf Chiropractic Inc.	65 Windy Hill Road, Wellsburg, WV	US
S1-272989023	Allied Anchor Wisconsin LLC	14161 Santiesteban Lane, El Paso County, TX	US
S1-266980540	Takara, Hartman and Atwell Automotive Inc	213 Harris Lane, Raeford, NC	US
S1-93545043	Sm Foundation	D-901, Avj Hight Zeta 1, Bishrakh, Gautam Buddha Nagar, Uttar Pradesh	India
S1-144667211	967 Commerce Drive Owners Corp Group	TX, Houston, 322 Innsdale Drive	US
S1-40074475	Bright International Private Limited	1St Floor, Building No. Xvi/1220 Convent Road, Kollam, Kerala	India
S1-824801827	Ear Nose & Throat Diamond Care Associates LLC	4027 College Avenue, Bluefield Town, VA	US
S1-857319854	Super Global Private Limited	East Garden, Thirumalaiyampalaiyam, Tamil Nadu, 15/2, Coimbatore, Coimbatore South	India
S1-158349547	Indianapolis Foot & Ankle Complete Care	6814 Muirfield Way, Indianapolis, IN	US
S1-855697537	Jain Om Solutions Private Limited	No.162, Narasimman Road Shevapet, Salem, Tamil Nadu	India
S1-663210320	All Energy Private Limited	D/215Ii Floor Al Falah Complex Nethaji Road, Kannur, Kerala	India
S1-146617452	Holmes and Shifflet LLC	108 Appaloosa Drive, Incorporated, ID	US
S1-315878696	Rays Capital Private Limited	38, Samang Bunglows, Prahladnagar, Vejalpur, Ahmedabad, Gujarat	India
S1-723845349	Blue Morgan LLC	2408 Florida Avenue, Kannapolis, NC	US
S1-554344358	Desai (India) Contractorsprivate Pvt. Ltd.	Maharashtra, Bhandara Road, Nagpur, C/O. Kunal Dhanraj Dhawade Pt. No 1006 Old Bagadganj	India
S1-808028141	Baba Software Private Limited	Plot 1-1A Ls-28-29-30, Meghpar (Borichi), Anjar, Kachchh, Gujarat	India
S1-736395101	YYK Care Limited	No.18/175 M, Sun Complex, Marathamkode, Kunnamkulam, Talappilly, Thrissur, Kerala	India
S1-730069564	All Freight Global Inc.	10 Ward Street, Worcester, MA	US
S1-694119023	Turnbull and Robles Inc.	919 A Elder Avenue, Bronx, NY	US
S1-803997391	E/Z Clean	Holyoke, MA, Unit 1, 50 Gates Street	US
S1-484053658	Developers Mosam Tradelink Partners	2205, 5Th-Cross, 3Rd Main 2Nd Phase, Vijayanagar, Bangalore, Karnataka	India
S1-556953460	Ku Polytechnic Private Limited	J.P.Tower, No.7/2, Nungambakkam High Road, Chennai, Tamil Nadu	India
S1-913530766	Brandt Global	101 Wray Street, Campbellsville, KY	US
S1-588491326	Advanced Apparel Digital Care	25210 Parkside Drive, Plainfield, IL	US
S1-858689597	Raum Inc	576 Watkins Lane, Pleasureville, KY	US
S1-783133760	Transcom Welfare Society Corp	82, Industrial Estate Polo Ground, Indore, Madhya Pradesh	India
S1-616111796	Deleon's Painting	7402 I Street, Tacoma, WA	US
S1-377155346	Ace Indian Producer Private Limited	Panvel, Sector-6 Sahyadri, Society New Panvel, Maharashtra, C-17 13, Raigarh(Mh)	India
S1-587763116	Select Direct	1121 Shryer Avenue, Roseville, MN	US
S1-104866614	Srila Towers Hydernagar Investment Private Limited	F.No.1201, Srila Towers Hydernagar, Hyderabad, Telangana	India
S1-54478561	Advanced Clean Oxley	1494 Maple Road, OH, Cleveland Heights	US
S1-893548232	EQ Lithium LLC	TX, 3306 Detroit Street, Amarillo	US
S1-131941232	Cam's Retail LP	Henry County, VA, 11 Jacob Drive	US
S1-875318348	Pioneer Media Private Limited	C -20 Shiv Raj Nagar, Nr Ram Mandir, Kota, Rajasthan	India
S1-670473586	Harsha (India) Infratech Corp	603, Wing C, Lig Vikrant Chs Ltd, Mumbai, Maharashtra	India
S1-774933744	Basalt Inc	Tacoma, 1108 126th Street Court, WA	US
S1-936130632	Growth Merchandise (India) Private Limited	Plot No.- 30, Vip Area, Nayapalli, Dist.: Khurda, Bhubaneswar, Khordha, Orissa	India
S1-396197788	KI Superior Machines LLC	205 Salisbury Turnpike, Rhinebeck, NY	US
S1-661035556	Partha Infra Private Limited	Agro House, No.28, Lalbaghmission Road Bangalore, Bangalore, Karnataka	India
S1-326718496	Mui Jpmorgan of Franklin	403 Pelham Street, Franklin, KY	US
S1-993618772	Evershine Foundation Private Limited	Kh No 61 Plot No 44 Near, Ravidas Mandir Maniharan, Nakur, Saharanpur, Uttar Pradesh	India
S1-118564039	Quantyx Apple LLC	504 Thorncliff Drive, Unit 103, Newport News City, VA	US
S1-12963971	Nv Foundation Ltd	Shop No 1, Kh No 123/20/2, Street No 5, Sant Nagar, North, North Delhi, Delhi	India
S1-805761245	Gulshan Green (India) Private Limited	21/7, Ravi Industrial Estate, Opp.Cmti 4Th Main Road, 2Nd Stage Tumkur Road, Bangalore, Karnataka	India
S1-865474924	Laxmi Software LLP	Flat No C-602, Sr. No. 669, Nakshtra I-Land, Alandi-Moshi Road, Pune, Maharashtra	India
S1-337393311	Bright Velos PLLC	26 Golden Lane, Amity, AR	US
S1-664690106	Royal Holdings	Rajendra Pathpirmohani P.S- Gandhi Makdan, Patna, Bihar	India
S1-859072780	Velis Inc.	2407 Mckenzie Drive, Tyler, TX	US
S1-395550875	Superior Interstate Trg P.C.	2619 Flint Way, Unit UNIT 18, San Bernardino, CA	US
S1-628776852	Udaipur Services Private Limited	C/O Lal Singh Jhala Badundiya, Gogunda, Udaipur, Rajasthan	India
S1-772155442	Apex Better Rmg	401 Timberview Lane, Arlington, TX	US
S1-5933142	Beynon & Durham LLC	213 Celeste Circle, Durham, NC	US
S1-240103424	IBV Electricity LLC	17 Thayer Pond Drive, Unit 6, Oxford, MA	US
S1-123009315	Urology Clinic LLC	108 Annie Avenue, Jacksonville, NC	US
S1-349681965	Children's Committee	5503 100th Street, Lubbock, TX	US
S1-976555911	Shakti Investments Limited	13, Delhi, Rishabh Vihar	India
S1-781161714	Star Detective Private Limited	08, Prakruti Villa, Bil Canal Road, Bil, Vadodara, Gujarat	India
S1-190654943	Shp Advisors	14 Panchnath Plotabhaynivas, Rajkot, Gujarat	India
S1-373451390	Shivam Investment Pvt Ltd	1, Soda Mohalla, Nathupur, Gurugram, Gurgaon, Haryana	India
S1-351201750	Chiropractic Optimal Physicians LLC	1012 Pultney Lane, Fl 0, Glen Burnie, MD	US
S1-600765540	Le Interstate Factory	6449 Fairmead Lane, Columbia, MD	US
S1-889617975	Main Street Bakery	3351 Duckhorn Drive, Unit APT 733, Sacramento, CA	US
S1-766493639	Nts Products Private Limited	71/232, Parammal Road, Athanikkal, Kozhikode, Kerala	India
S1-165303814	Le Best Nano	155 Tamarack Street, Sisters, OR	US
S1-505023163	Southern United Patriot LLC	607 E Street, Snyder, OK	US
S1-565551957	X & W Flexible	7623 80, KY, Mayfield	US
S1-367816662	Royal Polytechnic	Office 701, 7Th Floor, Satyam Building, Ghaziabad, Uttar Pradesh	India
S1-714554324	Roselle's Heartland Pub	213 Butler Court, Chapel Hill, NC	US
S1-693911472	Select Valley LLC	1112 Fallen Oak Drive, Apex, NC	US
S1-668174693	Pandit Infra Private Limited	Plot No Gc-3J/Gh-03 Gaur City 2, Sec-16C Greater Noida Gautam Budha Nagar, Ghaziabad, Uttar Pradesh	India
S1-237840103	Margaretta Lee Cornerstone Renewable	8273 Main Street, Kinsman, OH	US
S1-975045683	East Constructions Private Limited	Ground Floor, Shree Krishna Apartment, Plot No. 14, Near Hendre Bridge, 52 Bung, Low, Panvel, Shop No. 2, Navi Mumbai, Maharashtra, Raigarh	India
S1-40467733	Capital Superior Range	2095 Kelly Plantation Road, Carthage, NC	US
S1-356937728	Lotus Engineering Private Limited	125 G/F, Old No-B-34 Kh.No, 523, Gali No 3 New Kardam, Delhi North East, North West Delhi, Delhi	India
S1-941684656	Ram Hitech Products Pvt Ltd	1/4, Uday Shankar Bithi City Centre, Durgapur, Durgapur, Bardhaman, West Bengal	India
S1-917454503	Gleda Beecher Ship Inc	WI, Unit A, City Of Columbus, 122 Waterloo Street	US
S1-694620958	Ankeny Heart Classic Fund	1309 31st Street, Ankeny, IA	US
S1-924190876	Smith Royal Runway LLC	10030 Pineville Road, Unit 108, Raleigh, NC	US
S1-866238026	Huang Green Cargo Corp	110 Haggard Lane, Ocoee, TN	US
S1-429014321	Global Software Products	1310 Catalpa Lane, Midwest City, OK	US
S1-788117609	Dhanvarsha Seva Samiti	Aurangabad, C/O Dagadu Jagan Bhojane Home No. 22 Vita Tq. Vaijapur, Aurangabad, Maharashtra	India
S1-427294719	Indo Construction Pvt Ltd	D2/204, Citadle Enclave B. T. Kawade Road, Mundhwa, Ghorpadi, Pune, Maharashtra	India
S1-635267917	Eastern Developers Private Limited	H No 1048, Chitanvispura Gangabai Ghat Road, Mahal, Nagpur, Maharashtra	India
S1-457808243	Premier Packaging Solutions LLC	1607 Langenberg Ave, Iowa City, IA	US
S1-522094159	Onyx	917 Main Street, Unit 7, Brockton, MA	US
S1-618742293	Bls Brothers Private Limited	C/O-Krishan Dev Sah, Village+Post-Lakhanpur, Darbhanga, Muzaffarpur, Bihar	India
S1-3845108	Jay Food Private Limited	5-Patwardhan Marg, Dewas, Madhya Pradesh	India
S1-49394374	Business Semiconductor Collective Partners	1568 Sr 41, Washington Court House, OH	US
S1-561182178	Pediatric Dental Frontier Associates	738 Hurff Drive, Elmwood, IL	US
S1-466112635	Hotel Institute	Gorakhpur, 1382 Jungle Salikram Fatima Bypass Road, Gorakhpur, Uttar Pradesh	India
S1-426737264	Ironworkers Union Local No 24	61 Continental Place, Glen Cove, NY	US
S1-808846139	Wood Choice Lease	39 Perry Street, Tiffin, OH	US
S1-908275928	Synsonon Investments LLC	22 Rita Avenue, Unit Unit 114, Kaser, NY	US
S1-856503441	Frontier Federation	8240 El Retiro Road, Fort Worth, TX	US
S1-175615024	Hamilton Pembina Inc	NC, 3408 Sudbury Road, Charlotte	US
S1-338978485	Sma Healthcare Private Limited	4/458, Ammy Road, Kavumpuram, Valancheri, Valancheri, Malappuram, Malapuram, Kerala	India
S1-212912265	Youth Alliance III, LLC	35522 Academy Road, Village Of Rochester, WI	US
S1-639256867	Congregation Catholic Church	1745 Sandiff Road, Shirley, AR	US
S1-74531857	Express Software Products PLLC	4812 Sheriff Road, Washington, DC	US
S1-393591623	Mcdonald Lloyds Partners	768 Ridgeview Lane, Sugar Grove, IL	US
S1-220304619	Jasubhai Innovation Private Limited	Unit No 4, Ground Floor, Mehgal Ind Estate Mulund West, Mumbai, Mumbai City, Maharashtra	India
S1-29245210	Jiang & Phan Montreal	29609 Dirt Lane, Millsboro, DE	US
S1-514415209	Southern Tech Pvt Ltd	Near Main Bus Stand, N.H. 8 Paota, Thesil - Kotputli, Jaipur, Rajasthan	India
S1-680883573	Richards Trusted Elm	131 Spring Street, Grayville, IL	US
S1-997239128	Perfect It Private Limited	C/O Gordhan Ram Gav Jayal Gordhan Ram Gav Jayal, Nagaur, Rajasthan	India
S1-404264831	Womens Health Star Center Inc	4738 Centennial Boulevard, Urbandale, IA	US
S1-567236599	World Brothers Private Limited	Mumbai, 306 Laxmi Plazalacmi Industrial Estate New Link Rd Andheri(W), Maharashtra	India
S1-476024275	Nagiya Dynamics Limited	Plot No. 7/A, South West Delhi, Delhi, Block-D, Mahavir Enclave	India
S1-826187905	Safe Strategic Mitsui L.L.C.	7960 Princeton Road, Middletown, OH	US
S1-17037106	Dwarka Scan Pvt Ltd	Flat No. 405 Sector 14 Pocket 2, Dwarka, East Delhi, Delhi	India
S1-783269764	@ Home 9 You LLC	507 Glass Avenue, Spokane, WA	US
S1-780213459	Garner Star Harbor	27 Fortune Alley, Greene County, VA	US
S1-954633068	Galaxy Real Technologies Private Limited	Shreepati Arcade, August Kranti Marg, Nana Chowk, Maharashtra, 401, Mumbai, Grant Road (West)	India
S1-183421048	Exports Bnb Fm Pvt. Ltd.	Shiv Ls Symphony Apartments, Flat F-1, 2Nd Floor 5Th Cross, Krishnappa Compound, Mangamm, Ana Palya, Bangalore, Karnataka	India
S1-426185788	LC Integrated Technical Inc	1765 Leesburg Newtown Road, Paris, KY	US
S1-512349294	Guru Engineering Private Limited	19, Ganesh Chandra Avenue 6Th Floor, Suite No - 23, Kolkata, Kolkata, Howrah, West Bengal	India
S1-750910830	Western Winvest LLC	2218 Addy Gifford, Addy, WA	US
S1-915615282	Gisela Payne Altenergy Inc	28-16 213 Street, Bayside, NY	US
S1-765477557	Supreme Crystal Prime LLC	401 Indiana Avenue, Bonifay, FL	US
S1-702542338	Taylor Bay Purecycle P.C.	6729 Academy Road, Albuquerque, NM	US
S1-855628663	Abell & Tenaglia Inc	1801 23rd Avenue Court, Puyallup, WA	US
S1-284303705	Innovative Services LLP	10-5-342/56/70, Mch Qtrs, Tukaram Gate North Lalaguda, Secunderabad, Hyderabad, Telangana	India
S1-539030409	Physical Therapy Specialists Inc	6510 Meadow Street, Anchorage, AK	US
S1-180442187	Almanac Centre Pvt Ltd	04 Commercial Bldg 1St Fl, Kappesh Mall M G Road, Mumbai, Maharashtra	India
S1-732980915	Lopez Better Perimeter Inc.	4798 2980, Taylorsville City, UT	US
S1-101517957	Gladys Chang Seneca	Washington, DC, 1734 Galen Street	US
S1-651177261	Hoover Point	NC, North Topsail Beach, 2629 Island Drive	US
S1-594207259	KT Pinnacle Indonesia Inc	OH, Woodsfield, 46655 State Rte 536	US
S1-456055507	First Church	MO, 4924 Harvard Avenue, Kansas City	US
S1-70704113	Kollam Infraprojects Limited	Building No. 14/737, Elampalloor, Kollam, Kerala	India
S1-59843535	Gladi Dick, D.O. P.C.	4323 Ridge Road, Fayette, NY	US
S1-395517736	Mangan Sterling Maywood LLC	4740 Greenwald Court, Cincinnati, OH	US
S1-26599482	Silver Biomedical	530 Smith Haven Mall, Smithtown, NY	US
S1-166672759	Horan Brc of Victoria LLC	307 River Street, Unit D, Victoria, TX	US
S1-71172999	MIE Supreme Steers LLC	City Of Waupaca, WI, 1404 Churchill Street	US
S1-917891007	Haas Research	410 Downtowner Plaza, Coshocton, OH	US
S1-174680131	Global Medical Global Inc	6 Spruce Drive, Gray, ME	US
S1-992514446	United Infra Private Limited	Vk Commerce, No.8(Oldc/28), 3Rd Floor, 3Rdmain Road Opp, Rajajinagar It Park, Kssidc Industr, Ial Estate, Bengaluru, Bangalore, Karnataka	India
S1-129091011	Office of Aging	409 St Paul Street, Rochester, NY	US
S1-334203462	Conner Delta Rent Inc	912 Sanhill Drive, Lynchburg City, VA	US
S1-702796758	Mountain Certified Cms	13435 Verbena Lane, Houston, TX	US
S1-500245191	Constantina Brown Sierra LLC	5416 141st Street, Unit #104, Puyallup, WA	US
S1-528381311	Services Automation Exports Private Limited	Delhi, Netaji Subhash Place, Pitampura, New Delhi, Delhi, North West Delhi, 303 A-09 Gd-Itl Tower	India
S1-193454116	Raj Maa Investment	# 209, 4Th Cross Srinivasa Colony, Uttrahalli, Bangalore, Karnataka	India
S1-675973523	Davis Piedmont Textiles Corp	Huntersville, 12403 Flatbush Drive, NC	US
S1-661686256	Smart Business Private Limited	423/10, Pournamy, Narickal Konchira Po, Vembayam, Thiruvananthapuram, Thiruvananthapuram, Trivandrum, Kerala	India
S1-22659428	Mumbai Consultancy Pvt. Ltd.	13/A Vinay Bhavya Complex159 C S T Road Kalina Santacruz East, Mumbai, Mumbai City, Maharashtra	India
S1-419562579	We Mills Pvt. Ltd.	New Delhi, West Delhi, Delhi, Shri Ram Park, Nangloi Near Sgpa Education Point	India
S1-342290388	Kapadia Wave	109 Inca Street, NM, Elephant Butte	US
S1-15989263	Bally Jagachha Hospitality Private Limited	13/1 Shib Chandra, Chatterjee Street, Bally Jagachha, Howrah, West Bengal	India
S1-388516130	Knapke Prime Ventures Inc	5217 Harvard Avenue, Unit APARTMENT  J, Tulsa, OK	US
S1-994880695	Systems Technico Security Private Limited	New No 13 (Old No 20) Anderson Road Nungambakkam, Chennai, Tamil Nadu	India
S1-291989126	Priyanka Di Private Limited	153 A, Howrah, West Bengal, Kolkata, Acharya Prafulla Chandra Road Floor-2Nd, Kolkata	India
S1-992330903	Levesque, Holloman and Johnson LLC	5410 Dana Point Drive, Arlington, TX	US
S1-312499190	All Tri-State Noble Partners	1696 196, Haleyville, AL	US
S1-838280638	Sampatchak Wellness Limited	H/O-Manish Kumar, Ward-35, Circle8A, Near Jewellskart, Sampatchak, Patna, Bihar	India
S1-451451047	Y+ Acquisition	18 Moulthrop Street, North Haven, CT	US
S1-486262452	Commercial Freight Technologies LLC	3503 Longwood Drive, Kalispell, MT	US
S1-467705336	Solutions Kala Infraprojects Private Limited	Aluva, Kaipram, Battu House Kokkunnu, Ernakulam, C/O Joseph K J, Kerala	India
S1-842655023	VY Foods Private Limited	61/C, Vivekanand Road, Kolkata, Kolkata, Howrah, West Bengal	India
S1-978131969	Metropolitan Federal Best Inc	7 Post Oak Trail, Greenville, TX	US
S1-671605426	Tiffani's Ace Grill PLLC	202 Park Avenue, Anamosa, IA	US
S1-222963935	Ramya Construction Private Limited	Fine House, 5Th Floor, Anandji Lane, M. G. Road, Ghatkopar - East, Mumbai, Mumbai City, Maharashtra	India
S1-51095360	Cozy Coffee	Coshocton, OH, 18135 Tr 284	US
S1-974011964	High Estate Private Limited	C 502, Celestial Greens, 6, Old Madras Road, Nagavarapalya, Cv Raman Nagar, Bangalore, Bangalore North, Bangalore, Karnataka	India
S1-256989740	Ahmadabad City Online Pvt Ltd	2Nd Floor, Narayana House, Prahladnagar, Satellite, Ahmadabad City, Ahmedabad, Gujarat	India
S1-528771934	Span Green Ltd	Flat No 101, Eternal Gayathri Apartment, Rukmini Estates, Quthbullapur, Medchal Malkajgir, I, Hyderabad, Telangana	India
S1-171365934	Vantus Wholesale LLC	Wichita, Unit APT 8, KS, 1330 Perry Avenue	US
S1-5003207	Dora India Private Limited	Chennai, Ranganatha Mudalistreet, Pallavaram Chennai-600 043., Chennai-600 043., No.27, Tamil Nadu	India
S1-668612341	Birch Photonics	3059 Fairwood Avenue, OH, Columbus	US
S1-124321125	Guenther & Guo, LLC	170 Jackson Street, North Attleborough, MA	US
S1-784930	Unwind Farmer LLP	Thane, Maharashtra, Vasai, Flat No.205, Anjani Apt., Nilemore	India
S1-659817016	Amargo Fernandez Specialty	2712 Highland Drive, Missoula, MT	US
S1-489789514	Kaitlynn Underhill Ridge Bain	864 68th Street, Tacoma, WA	US
S1-96586059	Martin & Hitchner LLC	3805 202nd Street, Douglas County, NE	US
S1-97416351	Dalzell Association, Inc	11676 Sunflower Lane, Florence, AZ	US
S1-328068942	Lopez's Financial	2965 Fenwood Drive, Columbus, OH	US
S1-586955947	Anchor Cornerstone Pony LLC	10651 150, Driftwood, TX	US
S1-709149720	Cx Global Private Limited	B-36 Ashina Rangoli, Bhiwadi, Tijara, Alwar, Rajasthan	India
S1-251024222	Sun Seven Engineering	Ahmedabad, Nividh Appartment, Nr.Jethabhai Park, Shantivan Road, Narayannagar Road, Paldi, B-15, Gujarat, Ahmedabad	India
S1-182059724	Bhs Andinvestment LLP	Near Ramjanki Mandir Post Office Road, Ward No. 12, East Cham, Paran, Raxaul, East Champaran, Bihar	India
S1-544811712	Downtown Diner	3517 2738, Alvarado, TX	US
S1-913212191	Projects Tulip Collective	Pune, C/O Mainabai Pawar, Thrud, Maharashtra, Pawar Niwas, 88/8Bgujrat Colony Near Laxmi Provision Stores, 2Nd Floor, Ko	India
S1-914583512	Kasturi Industries Group	P.No:71 & Part Of 7, Pragathi Nagar Yousufguda, Srinagar Colony, Hyderabad, Telangana	India
S1-394195345	Balaji Builders Private Limited	Khasra No 502, Village Sandhawali, Muzaffarnagar, Uttar Pradesh	India
S1-929213048	Twisted Bistro P.C.	3246 Ridge, Ashtabula, OH	US
S1-801234674	Lynn Bank PC	16077 Susan Drive, East Liverpool, OH	US
S1-442430569	Hotel Bharat Infra Limited	Maharashtra, Plot No 51 Shramik Housing Society Taluka - Kagal, Kolhapur	India
S1-517502323	Aryavart To Private Limited	No.26A, Lotus Street, Santhosh Nagar, Phase 2, Korattur North, Ambattur, Tiruvallur, Tamil Nadu	India
S1-821752008	Pediatric Dental Specialists, Inc	4375 Stepney Drive, Prince William County, VA	US
S1-583229600	Bureau of Education	1 Eagle Lane, Hempstead, NY	US
S1-706291061	Supreme Suma Corporation	999 Stonebridge Road, Village Of Kronenwetter, WI	US
S1-791943793	Modern Sai Industries Private Limited	D/401, Lake Florence Homes, Phase 1 Powai, Mumbai City, Maharashtra, Mumbai	India
S1-143548578	Nextzen Services Private Limited	Raigad, Gandhar Chs, Plot No 196, Sector-21, Flat No 405, Maharashtra	India
S1-294953289	Kock Flaherty	Merced, 160 Alexander Avenue, CA	US
S1-579075908	Knack College	Sr. 171 Pno. 281 Tulshidham Meghpar (B) Meghpar(Borichi), Anjar, Kachchh, Gujarat	India
S1-746856579	Dirivue LLC	Yorktown, NY, 2675 Evergreen Street	US
S1-607663246	1051 Church Lane Owners Corp LLC	21812 Oak Heights Circle, Cold Spring, MN	US
S1-372973357	Amber LLC	1830 Bahama Court, Fl 0, Saint Louis, MO	US
S1-725947075	Hriday Cables Limited	265, Sadashiv Peth, Near Joshi Dairy, Office No.9, Pune City, Pune, Maharashtra	India
S1-317168605	Advanced Agricultural Brands PLLC	1073 Industrial Boulevard, Crossville, TN	US
S1-639629986	Red Hospitality Private Limited	H.No.450, Nr.Gyan Devi School, Sadar Bazar, Gurgaon, Haryana	India
S1-118085110	Orthopedic Center LLC	5129 175th Street, Seatac, WA	US
S1-370700272	Robertson Gulf Strategic LLC	38294 Sr 684, Pomeroy, OH	US
S1-287808606	Internal Medicine Sterling Care LLC	4878 26, Vernon, NY	US
S1-394902991	My Apparels Corporation	H No 4-2-154 To 160/1, Reddy Complex, Ground Floor R.P Road, Old Bhoiguda, Secunderabad, Hyderabad, Telangana	India
S1-747925164	Classic Agro Private Limited	No.139/1-6, Lawyer Road, 2Nd Floor, K B Layout, Davanagere, Davangere, Karnataka	India
S1-661235687	First Ofs LLC	6721 Lower 12th Street, Oakdale, MN	US
S1-470514561	Metech Group	35045 Harbor Drive, Millsboro, DE	US
S1-311234338	Enor Partners	136 Bernard Court, Danville City, VA	US
S1-436807107	Bright Technologies Private Limited	Anil Clinic Hospital Road, Udaipur, Rajasthan	India
S1-543486601	Infrastructure Prabha Power Associates	Village And Post Office Ghasauli Ghasauli, Sonepat, Haryana	India
S1-873041631	Guru Exports Private Limited	Kottayam, Arangath Buildings, Kottayam, Kerala, Arumanoor	India
S1-58932436	Giralda Reyes, P.A.	2372 603rd Lane, Ursa, IL	US
S1-674091362	Aspen LLC	2344 Crestview Drive, Atwater, CA	US
S1-43816069	Vijay Exports Pvt Ltd	D.No.17-13-5, Krishna Naga, Rajahmundry-533 104. East Godavari Dist, Andhra Pradesh	India
S1-674830961	Trinity Chapel	2247 Park Avenue, Burlington, NC	US
S1-543372467	Primary Care Partners LLC	14509 81st Avenue, Puyallup, WA	US
S1-270247155	Sree & Sons Group	Maharashtra, Pune, Building K-1, S.No.118/A, Aditya Nakoda Enclave Parvati, Flat No.28, Pune	India
S1-13979940	1 800 Flowers	1318 Highland Avenue, Knoxville, TN	US
S1-206784133	Economic Development Initiative II Partners	7395 Woodland Star Way, Sacramento, CA	US
S1-587939195	My Marketing Private Limited	No.116/3, 2Nd Floor, Above Union Bank, 11Th Cross, Malleswaram, Bangalore North, Bangalore, Karnataka	India
S1-110598994	Highland Safe Liquor Inc	10850 Springwater Drive, Mount Vernon, OH	US
S1-441006433	Danya Maffei Averin Inc	334 Broadway, Brookhaven, NY	US
S1-187111986	Eastern North Marketing Private Limited	Maharashtra, Second Floor, Sai Villa, Nr.Uti Bank Station Road, Bhayandar West, Thane, Flat No. 203	India
S1-457377982	Economic Development Initiative	1758 12th Avenue, Unit Apartment 210, Fargo, ND	US
S1-392783007	Kimberly M. Richardson, DPM	ME, 97 Central Avenue, Limerick	US
S1-365412975	Kass B. Graham, D.O., DDS PC-Woodstock	502 Mchenry Avenue, Unit 311, Woodstock, IL	US
S1-27105890	DC Renewables LLC	44 Cedar Drive, Denison, TX	US
S1-26528871	Sarvoday Solutions Private Limited	Old No.14, New No.33 Nathamuni Street T.Nagar, Chennai, Tamil Nadu	India
S1-971068086	Timmie's Coastal Couriers	18 Annawon Drive, Halifax, MA	US
S1-952701881	Surya Foundation Limited	Plot No N46, H. No 4/9/10 Hmt Nagar, Hyderabad, Telangana	India
S1-969821324	Wood Bath Ltd	A25/56 Qtr No-11, First Floor, New Delhi, Central Delhi, Delhi	India
S1-902295700	Sjv Holdings	C/O Bv Suresh, 73, 1Stcroos, Jaibheema Nagar, Btm, Bangalore South, Bangalore, Karnataka	India
S1-98989404	Clear Internet LP	1304 Dana Drive, Oxford, OH	US
S1-308562248	One Tech Projects Private Limited	Telangana, Barkatpura, H.No: 3-4-884/2, Hyderabad, Flat No.202, Rukk'S & Yellu Arcade	India
S1-241334354	North Great Healthy Inc.	2350 Sawmill Place Boulevard, OH, Unit 118, Columbus	US
S1-639234111	Agnew Coastal Surgical L.L.C.	1704 Robinson Street, Unit APT, Norman, OK	US
S1-986607375	Total All Limited	9612 Amberwood Court, Broadview Heights, OH	US
S1-648405081	Best Engineering Holdings	150 Clearview Avenue, Clearview, WV	US
S1-538764589	Life Plus	210 Nandagokul Apartment, Kapikad Road, Bejai, Mangalore, Dakshina Kannada, Karnataka	India
S1-647871391	Celaify Inc	Louisville, Unit 10, KY, 1211 Quest Dr	US
S1-436173112	Juris Healthcare Ltd	118 Sadarvan Bichpuri, Agra, Uttar Pradesh	India
S1-427733760	IJ Clean Private Limited	204, Vardhman Plaza, Mayur Vihar Phase 2, Delhi, Delhi, New Delhi, Delhi	India
S1-921451742	Desert Rapid Ridge Partners	20 Cromwell Drive, Cheektowaga, NY	US
S1-431421788	Lotus Ventures Private Limited	602, Bldg No.8, Mhada, Adarsh Nagar, Oshiwara, Mumbai, Maharashtra	India
S1-869470249	First Construction Private Limited	Flat No 101, Srivinayak Bldg., Plot No 226, Sector- 5, Mhada Charkop, Kandivali (W), Mumbai, Mumbai City, Maharashtra	India
S1-764521297	Binary & Sons Private Limited	C-15, Greater Kailash-1 Enclave, New Delhi, Delhi	India
S1-974019979	3124 Park Street Realty	230 Tree Top Lane, Hockessin, DE	US
S1-176797928	Baytown Community Tri-State Chiropractic	9322 Fm 2354, Baytown, TX	US
S1-769518453	Pediatric Dentistry Colonial Specialists LLC	258 Tanager Lane, Pueblo West, CO	US
S1-228993509	Hernandez, Bauch & Layton Consulting Inc	MA, 209 A Mystic Street, Arlington	US
S1-218622743	Vega LLC	Gaithersburg, 1325 Travis View Court, MD	US
S1-460651524	Pediatric Dentistry Care	8900 Forest Meadow Drive, Memphis, TN	US
S1-790748733	Coastal Bsp Inc	1930 Capital Creek Drive, Unit 5408, Wake Forest, NC	US
S1-201314411	International Systems Private Limited	Hyderabad, Telangana, Dno. 7/59/27, Tirumala Enclave Road No.3, Dammaiguda, Keesara, Plot No.27	India
S1-720970754	Coker Strategic Spacsphere Inc	120 Beckridge Road, Mcminnville, TN	US
S1-924452888	Star Exports Private Limited	H.No.2/106, Plot.No.13, Industrial Estate, Kallur, Kurnool, Vishakhapatnam, Andhra Pradesh	India
S1-441880582	Gilemette's Bright Coffee	15 Rose Court, Atlanta, GA	US
S1-404068900	Lotus Trading Private Limited	2/4, 2Nd Floor, Tanwar Colony, Kolkata, Kolkata, Howrah, West Bengal	India
S1-35040570	Family Care Associates Inc	713 Sophia Street, Farmington, NM	US
S1-11099950	VQZ Valley Private Limited	Cbd 61 Four, 1105, 11Th Floor, Plot No.12, Sector -15, Cbd Belapur, Thane, Maharashtra	India
S1-981532605	Dollie Walters Peoples	3104 Mccabe Avenue, Dayton, OH	US
S1-727511487	YJ American LLC	2782 Republic Road, Springfield, MO	US
S1-776299151	Juliano Kongsberg LLC	150 Robin Lane, Statesville, NC	US
S1-645273932	Kalinga Consultancy	200, Friends Nagarcuddalore 607 001 Cuddalore 607 001, Cuddalore 607 001, Cuddalore, Tamil Nadu	India
S1-278498609	Kreative Asset (India) Limited	Astan Gin Compound, Plot No. 24, Block No. 58, Moje Astan, Ta: Bardoli, Bardoli, Gujarat	India
S1-205697053	Nagy Israel	19821 Larentia Drive, Germantown, MD	US
S1-904732854	Hunger Federation V	1670 25th Street, Ogden City, UT	US
S1-567890750	United Chit	New No 2, 8Th Main Road, Vijaya Nagar, Velachery, Chennai, Tamil Nadu	India
S1-360027600	Mgb & Brothers Private Limited	11/473, Kaipamangalam Po, Peramangalam, Thrissur, Kerala	India
S1-890941002	Liu, Silva & Biggs Cable	4813 Bass Place, Washington, DC	US
S1-630588079	Cunningham and Smith Antimony, LLC	1542 Gimber Street, Indianapolis, IN	US
S1-244233911	Waneta's Grand Cleaning Service P.C.	121 Elkins Circle, Decaturville, TN	US
S1-534361688	Economic Development Trust	20 Hamilton Street, Fl 1, Medford, OR	US
S1-458284378	Lucknow Impex Private Limited	Lucknow, M I G -20, Part -Ii Tahseenganj, Thakurganj, Uttar Pradesh	India
S1-215922039	Urology Specialists of Bellevue LLC	11108 Northup Way, Bellevue, WA	US
S1-843769529	Stauffer Digital	600 Bowers Street, Wister, OK	US
S1-592313932	Bodie, Daly and Rivers LLC	10344 230th Avenue, Town Of Bloomer, WI	US
S1-456824245	Kay Zimmerman Direct Bsp	5408 Ave R, Galveston, TX	US
S1-576548593	India Anand Turtle Corporation	Meerut, Uttar Pradesh, Shiv Shakti Nagar Opp. Bahadur Motors, Delhi Road, Meerut, 126/2	India
S1-380898822	Complete Wellness	145 Edgehill Road, Norwood, MA	US
S1-678049066	Strauss Continental Rio Inc	2100 Deer Point Lane, City Of De Pere, WI	US
S1-648949574	Big Massage	521 Spruce Street, Trenton, IL	US
S1-848861083	Sky Healthcare Limited	A -27 Prasad Nagar 27 B T Rd P S Belgharia, Kolkata, South 24 Parganas, West Bengal	India
S1-785588619	Lotus Engineering Private Limited	106, 1St Floor, Madhuban Tower, A-1, V. S. Block, Shakarpur Crossing, Delhi	India
S1-780580128	Avni Coils Ltd	15/8, 7Th Cross Street, Indira Nagar Indira Nagar, Adyar, Tamil Nadu	India
S1-867078604	Ivenay Emera	210 Sagun Drive, VA, Spotsylvania County	US
S1-680005349	Kolkata Soul Company	P-243 (2665) Ph-1 Nayabad, Jadavpur, Fl-01, 1St Flr, Co, Kolkata, Kolkata, Howrah, West Bengal	India
S1-705025426	Vijay Tech Private Limited	7/8, Patidar Complex, Kannamwar Nagar No 2. Near Vikas High School, Vikroli (E), Mumbai, Mumbai City, Maharashtra	India
S1-461541923	Good Producer	Rajasthan, Alwar, Upla Sonawa Near Scheme No.8, C/O Shambhu Singh Naruka, Alwar	India
S1-841912393	All Constructions Pvt Ltd	501, Oyster Shell Wing 2 Juhu Tara Road Juhu, Mumbai, Maharashtra	India
S1-833935685	Ap Law Chambers Corp	Plot-779/1147/3163, Sp-19B, Bbsr, Durga Madhab Nagar, Sampur, Khorda, Khordha, Orissa	India
S1-21353348	Wissinger Integrated Gamco LLC	17909 Bothell Way, Bothell, WA	US
S1-751014103	Surya Power Private Limited	Mumbai, Maharashtra, Simran Plaza, Cts E1829, Jn Of 3Rd & 4Th Road, Khar West, Opp. Nag, Sh/6, Ina'S Rest	India
S1-472773941	Brown, Mirabel B., D.D.S., PC	6830 Orby Cantrell Highway, Wise County, VA	US
S1-785162978	Escalante Sciences of Angleton	Angleton, 100 Jones Road, TX	US
S1-307594222	Myles, Ackerman and Russell Corp	4211 Morgan Circle, Ellettsville, IN	US
S1-101697410	Bounds Horizon Inc.	548 Charlottes Way, Buckhannon, WV	US
S1-957834542	Velleex, LLC	636 Stoneman Court, Benicia, CA	US
S1-183887648	Prairie Ishares LLC	955 Amies Lane, Lower Merion Township, PA	US
S1-762880792	Zucker and Hamilton LLC	148 The Level, Essex County, VA	US
S1-167269296	Hyderabad Kripa Private Limited	C/O Surjeet Singh Flat No-14 F/F Csp East Of Kailash Near Iscon, New Delhi, Delhi	India
S1-131154087	Vision Care	850 Washburn Ave, Unit 42, Saint Matthews, KY	US
S1-128225246	Indian Jai Foundation Private Limited	23, 1St Street, Erkkadu Extn, Kvr Nagar, Tiruppur, Coimbatore, Tamil Nadu	India
S1-978281092	Parth Milkfood Private Limited	Shop No. 3, Unique Park Co-Op Hsg Society 7 Padma Nagar, Link Road, Malad West, Mumbai, Mumbai City, Maharashtra	India
S1-867089680	Arogyam & Brothers Private Limited	396 Alok Nagar, Indore, Madhya Pradesh	India
S1-592082557	Xu Signature Airlines LLC	6459 Highway 51, Arkadelphia, AR	US
S1-600568183	Bailon Select Union LLC	121 Southeast Trace, James City County, VA	US
S1-511737531	Bushway, Potts & Beltran	3139 Hoffman Avenue, Springfield, MO	US
S1-977867388	Cooper, Malo & Moore Inc	409 Bahnson Avenue, Sioux Falls, SD	US
S1-868685332	Jones, Crain and Norling	2536 Beekman Street, Cincinnati, OH	US
S1-727861003	Heritage Society VI	Ramapo, 122 Blauvelt Road, Unit Unit 201, NY	US
S1-53448573	Heritage Alliance	3035 Geyman Hill Road, Madison, IN	US
S1-837979234	Asansol Remedies Ltd	Sector - 56, Noida, Uttar Pradesh, Gautam Buddha Nagar, C - 63	India
S1-899171450	Highpower & Sons Pvt Ltd	G-4, Block 2, Shri Ji Apartment Chandanvan, Phase 1, Mathura, Uttar Pradesh	India
S1-488208639	Golden Empire Assets LLC	104 Harding Road, Unit C, Red Bank, TN	US
S1-510522298	Surya Projects Private Limited	Co Arun Kr Yadav, Baker Ganj Natraj Gali Bankipur, Patna, Bihar	India
S1-871138751	Catina's Barbershop LLC	18 Horseshoe Drive, Danbury, CT	US
S1-957592833	Life Lakshmi Agro Private Limited	Bangalore, Karnataka, Bangalore, Chelikere, Kalyan Nagar, Near Pallotti Nilaya, 126	India
S1-647911802	Danny Arriaga Efes LLC	109 Rogers Avenue, Endicott, NY	US
S1-169203100	Express Design Industries PLLC	101 Kilkare Court, Winston-salem, NC	US
S1-185136182	Harris, Arambula and Burks Inc	1441 Firelight Way, Sandy City, UT	US
S1-804845725	Integrated Retail Services LLC	1309 Cr 425, Premont, TX	US
S1-493611929	Buum Corporation	116 Carol Louise Drive, Caseyville, IL	US
S1-893506890	Roadlines Interiors Pvt. Ltd.	56, Belura, Pusad, Yavatmal, Belura Bk, Pusad, Yavatmal, Maharashtra	India
S1-165202750	London's American Cosmetics	108 Southfork Road, Lansing, KS	US
S1-969013729	Movers Batteries Private Limited	House No. 764, Urban Estate Sector- 5, Pipli, Kurukshetra, Haryana	India
S1-549249270	Balajidham & Brothers Private Limited	No. 600 Meera 5Th Main Bhavani Nagar, Bengaluru, Bangalore, Karnataka	India
S1-546220278	Strategic Printing Technologies PLLC	2988 Riverview Street, Eugene, OR	US
S1-112846150	Silva and Lopez	Florence, 3721 Wisconsin Avenue, AZ	US
S1-950800150	Britt United Ftai LLC	6052 Oconto Avenue, Chicago, IL	US
S1-951552026	Warm Realtors (India) Private Limited	30-8-28, Sailorvexbhanustreet, Dabagarden, Visakapatnam., Andhra Pradesh	India
S1-225779791	Commander Innovations of Springfield Center	MO, 208 Kearney Street, Springfield	US
S1-124482869	Raj Power Pvt Ltd	Uttar Pradesh, Hukmi Ram Nagar Bodla, 44/325 K, Agra	India
S1-345132733	Atlantic Alliance Inc	6891 Catalpa Street, IL, Hanover Park	US
S1-989660797	UY Royal Royce LLC	134 Roger Chaffee Square, Bear, DE	US
S1-453929665	Ashleigh's Custom Property Solutions	15400 Tr 211, Loudonville, OH	US
S1-866547585	Fancy Bailey Safe Rate	140 Broadleaf Drive, NC, Hamlet	US
S1-303315294	Vision Group	621 Saint Clair Drive, Evansville, IN	US
S1-346103762	A Cure 3 You PLLC	16 Grasslands Circle, Brookhaven, NY	US
S1-710297715	Samrat (India) Screens Pvt Ltd	14/2, Old China Bazar Street Room No-4, 1St Floor, Kolkata, Howrah, West Bengal	India
S1-167703900	Value Clear Starlink	3601 Dow Mountain Road, Hoodsport, WA	US
S1-226729228	Dermatology Cornerstone Medicine Inc	517 Hanover Street, Baltimore, MD	US
S1-886693437	Nampally Technologies Private Limited	Telangana, Nampally, Tirumala Prestige Apt, Drno:6-3-563/K 6-3-584/31, Hyderabad	India
S1-644440362	Apex Developers	No. 7, Begur, Bk Halli Post Jala Hobli, Bg North, Bangalore, Karnataka	India
S1-563011909	Monarch Islands Inc	1645 Campbell Avenue, Chicago, IL	US
S1-179807437	India Harishankar Fabrication Private Limited	Office No 3238, 2Nd Floor, Sr 7/1.7/2 Konark Indrayu, Kondhawa Khurd, Pune, Maharashtra	India
S1-496586864	Nanice's Engineering	623 Morris Street, Unit A2, La Conner, WA	US
S1-982727978	Radhika Road Health Pvt Ltd	Office No.- Ff-05, First Floor Satara City Business Centre, Radhika Road, Satara, Maharashtra	India
S1-197411760	Haynie Assets P.C.	164 Hill View Lane, Moravian Falls, NC	US
S1-858325311	Shiva Builders	Plot No. 2317, Gidc Industrial Estate, Panoli, Ankleshwar, Bharuch, Gujarat	India
S1-67617023	Ocean It LLP	Plot No-490, Bidyut Marg Madhusudan Nagar, Nayapalli, Bhubaneswar, Khordha, Orissa	India
S1-709221461	Rabale Technologies Private Limited	Plot No. X-5/3N Off 1102, Technocity, Navi Mumbai, Rabale, Thane, Maharashtra	India
S1-340311211	Biotech Liability Ltd	Plot No-822/1406, 1St Floor Near Radhakrishna Temple, Laxmisagar, Bhubaneswar, Khordha, Orissa	India
S1-547583239	Pediatric Dental Medicine	1871 Belmar, Kalispell, MT	US
S1-967856499	Internal Medicine Care of Washington LLC	617 Girard Street, Washington, DC	US
S1-198733431	Harbor Giant Inc	1377 Bugtussle Lane, Luling, TX	US
S1-48701080	South Silver Open LLC	3719 Hillside Avenue, Indianapolis, IN	US
S1-114344031	West Bhav	38 Birch Court, Southampton, NY	US
S1-460120446	Shiva Trading LLP	2862/4 Iind Floor Sirki Walanhauz Khas, New Delhi, Central Delhi, Delhi	India
S1-185314739	Wallis Comstock LLC	136 Oakcrest Avenue, Port Angeles, WA	US
S1-890677983	Great Colonial State Inc	285 River Road, Stonington, CT	US
S1-70144461	Sundha Producer Private Limited	204, Manushree Residency, A-29, Dadu Dayal, Jaipur, Rajasthan	India
S1-833441703	W+ Flexible LLC	254 Long Plain Road, Whately, MA	US
S1-156947496	Liberty Charities Inc.	409 69th Place, Capitol Heights, MD	US
S1-874229179	Perfect Ventures Private Limited	#137, 12Th Cross J.P.Nagar Ii Phase, Bangalore, Karnataka	India
S1-747125241	2639 Church Road Realty	13114 Sleepy Creek Meadows, Houston, TX	US
S1-972191642	Tech Tech Limited	F No-236, Zinnia Tower, 2Nd Floor, Gaur Saundaryam Plot No.Gh-05C Sec-Techzone-4, Noida, Gautam Buddha Nagar, Uttar Pradesh	India
S1-374512234	Kacie J. Goodlow, L.C.S.W.	2710 Mcintyre Road, Young, PA	US
S1-139305086	Jai Investments Private Limited	D-124, Dda Flats, L.I.G, Satyam Enclave Vivek Vihar, Delhi, East Delhi, Delhi	India
S1-808215439	Debonair Educational Society	B-8/174, Sector-3, Rohini, North West Delhi, Delhi	India
S1-759176123	Straight Edge Nails	654 Pronghorn Drive, Gordonville, TX	US
S1-697802487	Family Dynamic Association PLLC	OH, Columbus, 3899 Rivercreek Bay Way	US
S1-674733995	Hawkins Piedmont Electrical, Inc	850 9, Stockport, NY	US
S1-499981173	Sarah A. Luongo, D.C.	3821 Harper Road, Mechanicsburg, OH	US
S1-805486005	Barbre Crystal Dome LLC	2717 Jasper Road, Great Falls, MT	US
S1-432360391	Innovative Home Care Associates	E9113 Terrytown Road, Town Of Excelsior, WI	US
S1-532922406	Spv Institute Pvt Ltd	Plot No. 005, Bangalore, Karnataka, Sy.No.210 Kudlubuilders Pvt Ltd E Block, Bangalore	India
S1-428748459	Tice, Alli G., L.C.S.W.	273 Rio Mesa Court, Galt, CA	US
S1-87996357	DCO Management Limited	Jaynagar - I, West Bengal, Md Hasibur Rahaman Molla, South 24 Parganas, Vill+Po-Banerjee Chak	India
S1-210060438	Onpoint Mills Private Limited	Plot.No 89, Vasai Muncipal Industries Dhovali Village Papdy Vasai West Palghar, Vasai Virar, Thane, Maharashtra	India
S1-487755040	Mumbai Textiles Private Limited	Unit No. 444, 4Th Floor, Kaliandas Udyog Bhavan, Century Prabhadevi, Century Baazar, Mumbai, Maharashtra	India
S1-789003647	Rose Metropolitan Utilities LLC	Seattle, 7301 19th Avenue, WA	US
S1-21687417	Maxwell Engineering Inc	1900 Williams Avenue, Sioux Falls, SD	US
S1-151784863	Wenda Smiley Alpex	Shorewood, 5900 Afton Road, MN	US
S1-903956615	Dermatology Beacon Health LLC	111 Cyclone St, Oakland, IA	US
S1-685211178	Premium Healthcare Limited	H.No. 50, Village Majhra Ram Nagar, Po Loha Milak, Rampur, Uttar Pradesh	India
S1-432220373	Urology Preferred Specialists Inc	9811 Davidge Drive, Columbia, MD	US
S1-963796262	Lyra LLC	4813 Lincoln Avenue, Beltsville, MD	US
S1-859761119	Hotel Eastern Infra Private Limited	Bldg. No.E-2, Thane, Thane-Bhivandi Road, Maharashtra, Unit No.10, Shree Arihant Compound Kalher	India
S1-617138640	Estrada Andretti LLC	WV, 791 Friendly Hill Road, Friendly	US
S1-603556445	Thomas & Ganesan Manulife	37 Krooked Kreek Circle, Cabot, AR	US
S1-939817941	Donia Raftery, O.D.	653 Nandina Circle, Oxnard, CA	US
S1-336034103	VM Management LLP	Sn-18, Mantri Aangan, Soc Flat-2 Bl-J, Pingale Wasti, Mundhwa, Pune, Maharashtra	India
S1-408216068	Cardiology Clinic of Salt Lake City PLLC	615 1200, Unit B101, Salt Lake City, UT	US
S1-902986286	Segura Grid Inc	1535 Walnut Street, Helena, MT	US
S1-331883137	Natalya Bertsch Midwest Eagle LLC	2886 12th Place, Yuma, AZ	US
S1-548573192	Locher Choice Schwab, Inc	537 Stanton Christiana Road, Unit UNIT 207, Newark, DE	US
S1-648878665	Kw Services	C-53A/C-1, Shalimar Garden Extension Ii, Near Shiv Chowk, Sahibabad, Ghaziabad, Uttar Pradesh	India
S1-492536427	Office of Buildings	2309 Church Creek Road, Cambridge, MD	US
S1-662326547	Bangalore Dhaba Private Limited	World Trade Centre, 22Nd Floor, Unit No. 2201 Brigade Gateway, Malleshwarm, Bangalore, Karnataka	India
S1-867545198	Jet Tech	Flat No 4 Vidya Apartment, Building No 6 Gali No B6, Ashok Vihar Phase 3, Gurugram, Gurgaon, Haryana	India
S1-659382549	Raven	20045 Dayton Avenue, Hilmar, CA	US
S1-864660863	Letech LP	157 Leicester Highway, Unit 309, Asheville, NC	US
S1-119149736	North Enterprises	New Delhi, 2Nd Floor, Shaheen, Bagh, Abul Fazal Enclave2, South Delhi, Delhi, A-205/C	India
S1-176466883	Ruma Strategies Limited	386E/17, Panackal House, Thattampady, Paravur, Ernakulam, Kerala	India
S1-418363408	Horizon LLC	2525 29, Flora, IN	US
S1-497045736	Harris's Ace Contracting	96 Harriet Street, Boston, MA	US
S1-321429014	Wallis Burtech-Lowell	309 Douglas Road, Lowell, MA	US
S1-798113939	Design Graphics Pvt Ltd	Kaduthodil House Kanjikuzhy, Kottayam, Kerala	India
S1-851163408	Ballard Pearl LLC	6220 20th Glen, Phoenix, AZ	US
S1-283489240	Willow LLC	Washington, 2711 Robinson Place, DC	US
S1-657088618	Scoggin Silver Navigation Inc	8546 Nido Avenue, Mesa, AZ	US
S1-63203729	Lavin Frontier Telephone LLC	4275 2E Emily Loop, NC, High Point	US
S1-107743513	Capital Agnc Inc	7713 Stratford Hall Drive, Rosharon, TX	US
S1-851088040	Peak Payroll Advisors PLLC	7367 Fallwood Way, Citrus Heights, CA	US
S1-514617414	Jerrylee Kiley, D.C.	16517 Monte Carlo Lane, Houston, TX	US
S1-744219824	Properties Ski Polysack LLP	R No 35 3Rd Floor38 Kolsa Street Pydhone, Mumbai, Maharashtra	India
S1-549612388	Real Global	E 26 Ground Floor, Hauz Khas Market Near, New Delhi, South West Delhi, Delhi	India
S1-236859611	Tejavi Ideas Pvt Ltd	7, Samta Colony Co Op H. Soc Ltd Nr Bidiwala Park, Satelite Rd, Ahmedabad, Gujarat	India
S1-992226346	Mumbai Industrial Limited	1120, 11Th Floor, B Wing, Panchashil Plaza Nyaymurti Sitaram Patkar Marg, Gamdevi, Grant Road, Mumbai, Mumbai City, Maharashtra	India
S1-110001673	Wendeline B. Rousseau, MD	5332 Black Arroyo Boulevard, NM, Albuquerque	US
S1-906631448	Urban Diner	NY, 126 Wexford Drive, Islip	US
S1-878946767	Bakshi Ka Talab Developers	Kh No. 224, Raipur, Bakshi Ka Talab, Lucknow, Uttar Pradesh	India
S1-279754512	Frontier College	1575 Clemmons Road, Putnam County, TN	US
S1-442087764	Alfonso Crumrine	929 Pearl Street, Bremerton, WA	US
S1-727875636	HNZ Dome LLC	485 Panorama Drive, Benicia, CA	US
S1-827204489	Division of Veterans Affairs	13335 Tenny Road, Mount Sterling, OH	US
S1-194989925	Mangirish Traders Limited	Mumbai, Maharashtra, 403 Shiv Industrial Estatek B B Marg Byculla Goods Depot	India
S1-346726484	Lang, Pinney and Schneider Wintergreen LLC	2815 University Drive, Unit Apartment 13, City Of Waukesha, WI	US
S1-881986012	Data Consultancy Private Limited	Door No.38/1026 Kalacherry, M.O. Ward.P.O, Alleppey, Alappuzha, Kerala	India
S1-440307625	Brown Complete Neurosciences	426 Rockingham Road, Gray, TN	US
S1-798487586	Jourdan Jones Colonial Technologies LLC	6714 Farmstead Lane, Spotsylvania County, VA	US
S1-547981538	Sudarshan Institute of Technology Ltd	No 290 Near Sardar Patelschool Mandir Street Gopala Rithani, Meerut, Uttar Pradesh	India
S1-394814661	Lyra LLC	1415 87th Place, City Of Kenosha, WI	US
S1-925386030	Marice Pham Digital, PC	12558 Pony Express Road, Unit 155, Draper City (sl Co), UT	US
S1-41413329	Moran, Aile, L.C.S.W.	245 Prairie Street, Waverly, IL	US
S1-52933312	Paum Capital	33076 Rock Cove, Unit 1, Millsboro, DE	US
S1-173774048	Fouche Mobile of Colonial Heights City LLC	212 Bluffs Terrace, Colonial Heights City, VA	US
S1-373730298	Skylar Fincare Ltd	Plot 13A, Iii, 302, Veer, Savarkar Blk Shakarpur, East Delhi, Delhi	India
S1-644088691	Lay Allied Wholesale Inc	5475 100, Kendallville, IN	US
S1-641377009	Cyrus Technology Private Limited	Valecha Chambers, 6Th Floor, New Link Road, Andheri (West, ), Mumabi, Maharashtra	India
S1-51416969	Linnie Hernandez Telephone Inc.	MD, Randallstown, Unit APARTMENT 204, 3503 Beagle Lane	US
S1-673350164	City Healthcare Limited	R No.111 Aashna Apt-02, Bhakti Dham Santosh, Vasai, Thane, Maharashtra	India
S1-508434276	India Anmol Media Limited	18/2847 Sethi Plaza, Shop, No. 4, 3Rd Flr Beadonpura, New Delhi, Central Delhi, Delhi	India
S1-549116313	Trusted Cdt	12029 Buttermilk Way, Eagle River, AK	US
S1-694576181	Technologies Lucky Capital Limited	Plot No 438, A/P - Chipri Via Jaysingpur, Kolhapur, Maharashtra	India
S1-745484008	Vl Consultants Limited	Nagpur, Maharashtra, F.Fo/4 Silver Palace Appartment Dhantoli	India
S1-485747811	Santamaria Energia Care	14771 Ritter Street, Victorville, CA	US
S1-462280818	Torrez Pioneer Cleaning	1738 Brainard Road, Lyndhurst, OH	US
S1-111495037	Lohr Oceanhawk	OH, 1619 Oxford Drive, Celina	US
S1-726766008	Kandivlai West International LLP	Plot No.414, 42, Mauli Chs, Charkop Road No.39, Kandivali West, Near Sarswat Bank, Kandivlai West, Mumbai, Maharashtra	India
S1-35550180	Edge and Jones Inc.	1348 River Road, Chenango, NY	US
S1-74295466	Classic & Co	Office No. 710, 7Th Floor, International Business Centre, Piplod, Surat, Gujarat	India
S1-893036585	Howard Grid LLC	838 Cherry Street, Blanchester, OH	US
S1-693551717	Alif Group of Companies LLP	Ground Floor, Daya Sarita C Wing, Gokul Dham, Goregaon(E), Opp. Rbi Quarters, Mumbai, Mumbai City, Maharashtra	India
S1-173337117	Manship Golden Bitwise Group	NC, Olin, 170 Forney Drive	US
S1-579966184	Instyle Hr (India) Care	2/347, Aravali Vihar, Kala Kua Alwar, Alwar, Rajasthan	India
S1-648905907	Blackwell Ace Barclays Inc	4114 Segundo Drive, Bullhead City, AZ	US
S1-476831488	Forge Inc	617 Linden Street, Ankeny, IA	US
S1-51986547	Internal Medicine Center Group	3507 2nd Street, Minneapolis, MN	US
S1-381161160	Aruna Ranjan (India) Private Limited	Building No.442/Ward Ix, Puthethu Opp Post Office, Kallissery, Chengannur, Alappuzha, Kerala	India
S1-751558368	Stackhouse Coffee LLC	6 Rise, Oyster Bay, NY	US
S1-730962556	Heritage Four	795 Right Fork Three Mile Road, Jenkins, KY	US
S1-28966482	Secure Dynamic Diversified LP	201 Alfalfa Corte, Rio Rico, AZ	US
S1-161428345	Dois Trust Inc	Manhattan, KS, 6024 Patterson Drive	US
S1-334426390	Adda Olmos Innovative Dental	436 Pleasant Avenue, Michigan City, IN	US
S1-902531289	Indo Estate Private Limited	613 Rajdanga Main Road Blockf B Plot No 23, Kolkata, Howrah, West Bengal	India
S1-890144453	Neex Technologies	12 Magnolia Street, Crossville, TN	US
S1-681570138	Vanteus Development LLC	6808 Shaw Drive, Marble Falls, TX	US
S1-429672855	Meg Thompson Regional Apex Inc	1900 Infinity Drive, Unit APT 308, Chesterfield County, VA	US
S1-905457444	Heritage Mobility Solutions LLC	87 Fair Street, Carmel, NY	US
S1-788764082	Chiropractic Gulf Associates LLC	92 Great Road, Shirley, MA	US
S1-9056911	Yashika Technologies Private Limited	Maharashtra, 49/4 Hilltop Anhexepale Mala Road Bandra West, Mumbai, Mumbai City	India
S1-565145479	South Products Pvt Ltd	C/O. Potat Gavji Ingle, Gat No. 219 Musalwadi, Rahuri, Deolali, Ahmednagar, Maharashtra	India
S1-184984153	Products Chandan Fmcg Pvt. Ltd.	Suvidha Annexe, Below Food Basket, K.H.Patil Road, Keshwapur, Hubli, Dharwar, Karnataka	India
S1-811314202	Fairley Star Ncr Corp	205 Payne Ridge Road, Looneyville, WV	US
S1-380636963	JS Communities	1607 11th Avenue, Bozeman, MT	US
S1-911215432	Sai Research Limited	G 1 Bldg No. 6, Sugra Apartment, Church Road, Bhayander West, Thane, Maharashtra	India
S1-856283311	Ocean City Interfaith Trusted Committee	206 8th Street, Unit 24, Ocean City, MD	US
S1-638714777	Skyhigh Infotech (India) Private Limited	Marine College Academic Block, Nandhanam Colleges Campus, Nandhanam College Road, Off Dharmapuri Road, Tirupathur, Vellore, Tamil Nadu	India
S1-944574667	Harbor Heritage Titan	715 1/2 Ash Street, Wamego, KS	US
S1-792279881	Bhagalpur Developers Limited	Basement 1 & 2, Arun Chambers, Tardeo Near Ac Market, Mumbai, Mumbai City, Maharashtra	India
S1-486522208	Troutman United Real LLC	207 Grouse Run Way, Troutman, NC	US
S1-559753828	Brown Star Acadia LLC	346 15th Avenue, City Of Oshkosh, WI	US
S1-155451926	Bay Copper LLC	204 2nd Street, Stockdale, TX	US
S1-727226427	Biehl Unified Iheartmedia LLC	VA, Hanover County, 7434 Wrexham Circle	US
S1-421563199	Best Piedmont Liquidity Inc.	Northampton County, 17039 Rockefellow Lane, VA	US
S1-86414894	Caldic Travel LLC	3660 University Drive, AZ, Unit 121, Mesa	US
S1-999574729	Henriette L. Nguyen, DO	11901 Castlegate Court, Rockville, MD	US
S1-380230846	LM Exim Pvt Ltd	Flat No. 303, Madhuvan Park Co-Op. Hsg. Soc. Ltd Plot No. 247 / 248, Gidc, Vapi, Valsad, Gujarat	India
S1-272727693	Indu Technologies Private Limited	1St Floor, Durga Complex Shivpur Railway Crossing, Varanasi, Uttar Pradesh	India
S1-813795215	Ss Investment Pvt Ltd	New Delhi, Delhi, East Delhi, C-90 Anand Vihar	India
S1-290500590	Hansford's Software	203 Ellen Court, Smyrna, TN	US
S1-220142562	Precision Direct Atlanticus Corp	278 Kings Pointe Drive, Delano, MN	US
S1-514712860	Voice & Co	Bareilly, Uttar Pradesh, D507 Nakatia Thiriya, Bareilly	India
S1-142655455	Foundry PC	6466 Ash Rock Circle, Bldg 7, Columbus, OH	US
S1-531073937	Metropolitan Initiative	26112 Dunham Road, Fieldon, IL	US
S1-553000124	Superior Metro Vaneck LLC	OR, Burns, 904 Mcgowan Avenue	US
S1-259772604	Therine Izquierdo Royal Telecom LP	130 Pecan Ridge Drive, Lake Village, AR	US
S1-595615603	Supreme Tech Private Limited	Flat No. 402, Shubh Swapna Apartment, Krishna Nagar Street No. 4, Jamnagar, Gujarat	India
S1-343794965	Downtown Book Store!	20600 Pottery Lane, Banks, OR	US
S1-575663038	Aina Products Limited	F-65, Rajvir Nagar, Begampur Sector -22, Rohini, New Delhi, Delhi	India
S1-8959570	Future Care Private Limited	House No. 62, Right Portion 1St Floor, Blk- Wz, Village - Naraina, Delhi, South West Delhi, Delhi	India
S1-781459179	24HR Towing	11 Old Mill Road, Maynard, MA	US
S1-481807644	Shakti Royal Marketing Private Limited	H. No.-624/92 Yamuna Vihar Chinhat, Lucknow, Uttar Pradesh	India
S1-180712683	Kevin (India) Science Private Limited	H. No. E 2/1, Dlf Phase-I Arjun Marg, Near Shopping Mall, Gurgaon, Haryana	India
S1-559035851	High Sky Investments Limited	Sf-9, 2Nd Floor, Abhay Khand-3 Siddhi Vinayak, Indirapuram, Ghaziabad, Uttar Pradesh	India
S1-282330093	Highland Guild	6341 Upper River Road, Somerville, AL	US
S1-417331770	Temple Israel LLC	166 Forest Avenue, Rockville Centre, NY	US
S1-495537038	VSV Housing	441, 441, 942/1942 T.P. No. 66 Nr Bhimnath Bridge, Sayajigunj, Vadodara, Gujarat	India
S1-572874488	Bay Xrp Partners	7922 Jacksonville Cato Road, Unit Unit F, Sherwood, AR	US
S1-275544899	Doyle Continental Source	250 374, Plattsburgh, NY	US
S1-566789143	Cher Franklin Great Arcelormittal	1655 Coes Lane, New Albany, IN	US
S1-993957295	CPT Estates Limited	A-85, New Delhi, West Delhi, Om Vihar Phase 5, Delhi	India
S1-170412505	Ind Managementprivate Private Limited	Nh-2, Bye Pass, Khudika, P.O.- Salanpur, Salanpur, Bardhaman, West Bengal	India
S1-257429280	Zayas Chimera	3400 Cr 310, Brazoria, TX	US
S1-245658582	Allied Engineering (India)	Palmbeachrd Sanpada Sec17, Thane, F24 Plot No. 9 Theaffairs, Maharashtra, Thane	India
S1-452711794	Celisse's Consulting	9407 Casitas Del Rio Drive, Fl 1, Scottsdale, AZ	US
S1-780376384	Allied Project Co	WI, City Of Menasha, 825 State Street	US
S1-995466850	Regal Entertainment Pvt Ltd	Ug-1, Shubh Universal, Opp, Vijya Laxmi Hall, Vesu, Surat, Surat, Gujarat	India
S1-128533869	Alpha Investment Private Limited	A.P, 9-14-6/4, Andhra Pradesh, Srinivas Cbm Compounvisakhapatnam	India
S1-310780786	Mafatlal Consulting Private Limited	Plot No. 35, Apartment No. 203 Shrika Corporate, Khamla, Pandey Layout, Nagpur, Maharashtra	India
S1-658009561	Bright Canadian LLC	2182 37 Street, Brooklyn, NY	US
S1-913271867	Carolynn Arias Barclays Inc.	3860 Mcculloch Place, Lake Havasu City, AZ	US
S1-635791755	EP Greenland Partners	Chennai, N.No.58, New Boag Road, T.Nagar, Chennai, Tamil Nadu, O.No.42/2	India
S1-497141446	Horizon Talent Systems LLC	3414 Hall Avenue, Springfield, MO	US
S1-499780032	Lucky Bistro	8529 70, Old Fort Area, NC	US
S1-256030904	Atom (India) Developers Corporation	Shop No 207 & 209, Plaza Centre No 129, G N Chetty Road, Chennai, Tamil Nadu	India
S1-680710372	Arunoday Security Pvt. Ltd.	C-42, Sector-34, Noida, Noida, Gautam Buddha Nagar, Uttar Pradesh	India
S1-285238710	NF Colonial Banco LLC	24 King Road, MA, Sutton	US
S1-991352538	Usha Public School Company	B-73, Rajendra Marg, Bapunagar, Jaipur, Rajasthan	India
S1-274100766	Advanced Realtech Private Limited	The Earth Center, Near Pullerubodu Tanda Anmaspally Village, Kadthal Mandal, Hyderabad, Rangareddy, Telangana	India
S1-778252516	St. Chapel	1204 Third Street, Trumann, AR	US
S1-483002269	Womens Health Medicine Inc	498 Mt Hope Avenue, Unit Apartment 1, Rochester, NY	US
S1-581901297	Hetty Mcguire Meshflow Associates	7305 Eleanor Place, Darien, IL	US
S1-793302433	Maitreyi Technologies Pvt Ltd	307, Oscar Apartment, 3Rd Floor, Near Maheshwari Bhavan, City Light Road, I, Chchhanath, Surat, Gujarat	India
S1-984089168	OI Equipments Private Limited	65, State Bank Colony, Delhi	India
S1-74491776	Baptist Center	33538 River Drive, La Feria, TX	US
S1-856710919	Crawford, Bristow and Salinas LLC	9 Grove Circle, Hancock, MD	US
S1-448167330	Gold Investments Private Limited	37/12 Old Rajender Nagar, Delhi, New Delhi, Delhi	India
S1-579893060	Virgin's Patriot Property Solutions Inc	7403 91st Avenue, Unit 69, Glendale, AZ	US
S1-585858343	Big Technologies Pvt Ltd	Maharashtra, Pune, 5Th Floor Sr.No.12/3B, Siddharth Towers, Bldg No.1A, Behind City Pride, K, Othrud, Pune, Office No.509	India
S1-698463133	Motes, Corley & Montesdeoca Associates	47 Independence Boulevard, Asheville, NC	US
S1-603558791	Golden Complete Mitsui	357 Ridge Road, Little Rock, AR	US
S1-184053403	Chiropractic Partners	433 Lake Drive, East Hampton, NY	US
S1-641379671	Heartland Supply LLC	AZ, 7432 La Vega, Tucson	US
S1-916556174	Clark Yield LLC	2100 Marlboro Avenue, Unit 202, Hyattsville, MD	US
S1-354217364	Novus Foods Private Limited	Office No 2404, Fairmount, Navi Mumbai, Thane, Maharashtra	India
S1-513372461	Balaji Developers Private Limited	1St Floor, G Building, H Block, Paragon Condominium, Pandurang Budhkar Marg, Worli, Mumbai, Maharashtra	India
S1-494469455	D X & R Culture LLC	102 Fernwold Street, Springfield, MA	US
S1-148678886	Pandit Flying Center	New Delhi, A-1 Dda Shed Okhla Industrial Area Phase Ii, Delhi, South Delhi	India
S1-409720556	Hernandez Hennessy	NC, Marion Area, 256 Dawn Drive	US
S1-579601530	Valdez, Carie, MD	4472 140th Street, Cleveland, OH	US
S1-568250541	Cornerstone Navios LLC	10831 Bronco Trail, Peoria, AZ	US
S1-284004917	Wright and Jenkins Futurecrest Co	971 Raincrow Road, Fayetteville, AR	US
S1-728243108	Hofmann and Deleon of Redlands	CA, 625 Lido Street, Redlands	US
S1-118845767	Solis Series of Phoenix LLC	AZ, Phoenix, 7123 Park Street	US
S1-815318368	Swastik Power Private Limited	37/29 Telegraph Road, Kanpur, Uttar Pradesh	India
S1-17678177	Indore Enterprises Private Limited	82, Bhagwandeen Nagar Indore, Indore, Madhya Pradesh	India
S1-284761097	Coia Telecommunication LLC	314 Spruce Street, Unit 7, Santa Cruz, CA	US
S1-762002165	Sousa's Express Retail	1141 Ridge Avenue, Elk Grove Village, IL	US
S1-668808000	Real Products Private Limited	Flat No. 804, 8Th Floor, Junior Mig, Vijay Stambh, Huzur, Bhopal, Madhya Pradesh	India
S1-354980833	Vision Classic Health	75 Atlas, Unit 35, Youngsville, NC	US
S1-262670808	Kabini (India) Mercantile Private Limited	Plot No. 305 Ggp Colony Rasulgarh, Bhubaneswar, Khordha, Orissa	India
S1-809410041	Gateway Engineering Pvt Ltd	Pole No.286/Bk/Dbk, 108, Bari Chhapeti, Firozabad, Uttar Pradesh	India
S1-394467548	Liberty Metropolitan Fargo LLC	UT, Washington City, 972 Gemstone Way	US
S1-256674489	Surgical Piedmont Care LLC	23 Reservoir Lane, Stafford, CT	US
S1-121322695	Juarez Patriot Avalanche LLC	4454 Lebanon Road, Georgetown, NY	US
S1-718550339	Battisti Partners Inc	1704 Hydrangea Lane, Prosper, TX	US
S1-644578914	Supreme Rexford LLC	216 1/2 Main Street, Rising Sun, IN	US
S1-366644611	One Estate Private Limited	Halihal, Tq.Basvan Bagewadi, Basavana Bagevadi, Bijapur(Kar), Karnataka	India
S1-855223515	Tirupati Energy Private Limited	Tamil Nadu, #3/32G, 3Rd Floor Mam Towers Meganathan St, Velachery Main Road, Medav, Akkam, Chennai	India
S1-952469114	Blue Tech Global Private Limited	Plot No 92/A, H.No 8-2-293/A/A/2 Huda Road No 7, Banjara Hills, Hyderabad, Telangana	India
S1-930092541	Optimal Data Partners LLC	716 Queen Street, Alexandria City, VA	US
S1-809689699	Green Services Pvt Ltd	402, Lakshmi Nivasam, Plot No 285, Road No 16B, Ayyappa Society, Madhapur, Shaikpet, Hyderabad, Telangana	India
S1-359418305	Links Institute of Technology	House No-59 A, First Floor Back Side Gyan Khand-2 Near Shipra Rivera Gate No-1, Indirapuram, Ghaziabad, Uttar Pradesh	India
S1-655505287	Kalyani Fortune Limited	Punjab, Royalton City, Doraha, Ludhiana, Sco-10-11-12, Ludhiana	India
S1-879407774	Vision Consultants Pvt Ltd	Plot No F-57, Behind Cmpdi St. Martin Nagar, Near Jaripatka, Ring R, Oad, Nagpur, Maharashtra	India
S1-338580819	Autism Assistance Guild	19 Norvel Road, Norwalk, CT	US
S1-348909232	Crystal Quasaredge LLC	2140 Waterside Circle, Unit 302, Graham, NC	US
S1-180073318	Shivpujan Traders Private Limited	C/O Manoj Kumar Singh, Basantpur Urf Mohiuddinpur, Ps- Jandaha, Hajipur, Vaishali, Bihar	India
S1-126773205	Grand Marketing Alliance P.C.	1121 Goodell Street, City Of Green Bay, WI	US
S1-539934546	PJB Patriot Biotech	116 Locust Street, Stonington, IL	US
S1-716577155	Unified Chemical Partners LLC	2709 7th Street, Duluth, MN	US
S1-70151958	Leonie's Biotech	5750 Grant Avenue, Carmichael, CA	US
S1-709806053	Crestline, Inc	13075 Frontier Parkway, Oregon City, OR	US
S1-468640656	Indo Traders Pvt. Ltd.	Howrah, 8Th Fl, 34 A Metcalfe Street, West Bengal, Kolkata	India
S1-505709881	Dental Liberty Care Corp	2006 Allens Prairie Lane, St Charles, MO	US
S1-926343179	Global Sunrise Consulting	Near Bus Stand, Bigod Tehsil Mandalgarh, Bhilwara, Rajasthan	India
S1-89592205	Guru Finance Private Limited	No. 14A, Vasuki Street, T.V. Nagar, Ambattur, Tiruvallur, Tamil Nadu	India
S1-829963152	Bangalore Apparels Private Limited	Karnataka, Bangalore, 61St Cross 5Th Block Rajajinagar, No 683, Bangalore	India
S1-844019613	Meszaros Regional Inflection	2060 Devils Backbone Road, Cincinnati, OH	US
S1-578320601	Clear Infrastructure Ventures	857 Bray School Road, Oakland, MD	US
S1-211969310	Colonial Bright Games	75 Childs Road, East Hampton, CT	US
S1-252105165	Bombay Infrastructure Private Limited	A-15, Ashok Vihar, Phase - 1, Delhi, New Delhi, Delhi	India
S1-267956976	Beacon American Equitable P.C.	835 Sugar Creek Chur, Princeton, KY	US
S1-876945000	Kestio Bancshares Inc	49 Bunky Bear Lane, Sandy River Plt, ME	US
S1-397409288	Jackson & Valdez LLC	1604 Old Ranger Road, Murphy, NC	US
S1-358768779	Delta Eaton	1330 28th Street, Long View, NC	US
S1-773588971	Cardiology Center LLC	605 Meadow Street, German Township, PA	US
S1-291845786	Turco Fannie Inc.	1344 Carolyn Drive, Virginia Beach City, VA	US
S1-687873714	Smart Pharmaceuticals Inc.	220 Connell Road, Warrenton, NC	US
S1-330562430	35/19 Jones Care	490 Eastbrooke Lane, Brighton, NY	US
S1-473513816	Heritage Bond LLC	910 Gene Whitt Road, Attalla, AL	US
S1-594006516	Express Marine Works Inc	3614 Harper Avenue, Bronx, NY	US
S1-349819222	Pediatric Dentistry Health, LLC	24 Koral Drive, Southampton, NY	US
S1-127556015	L+ Nevada	482 Micajah Ridge Road, Herndon, WV	US
S1-474599087	Raon	1011 Ernest Avenue, Lawrenceburg, TN	US
S1-841340774	Vora Hotels Pvt Ltd	16/185, Aakashdeep Apartment Nava Wadaj, Ahmedabad, Gujarat	India
S1-482213411	Ziraesh Tree Private Limited	A/704 Shubh Shanti Complexm G Road Kandivli (W), Mumbai, Mumbai City, Maharashtra	India
S1-263043134	Cardiology Partners LLC	30890 Elm Street, Lindstrom, MN	US
S1-695562524	Beor Resource LLC	16869 Lakeside Drive, Dolan Springs, AZ	US
S1-972728990	ZXJ Storage Private Limited	508, Sun N Moon Chambers, Near Ajmer Pulia, S-4 Linking Road, Gopalbari, Jaipur, Rajasthan	India
S1-290863148	Together India Private Limited	House No. 28, Ward No. 5, Dhantoli, Nagpur, Maharashtra	India
S1-84964149	Perfect Investments Private Limited	Office No -23 Naya Gaon, Mohali, Punjab	India
S1-596072783	Northwind Tree LLC	40 Pearl Harbor Road, Framingham, MA	US
S1-422195154	N M & B Horizon PC	808 Minnesota Street, South Houston, TX	US
S1-467279	Silver Builders Pvt Ltd	M492, Sector M, Lda Colony, Lucknow, Uttar Pradesh	India
S1-634443595	Snider, Howard & Perdue Super LLC	135 Eastern Boulevard, Canandaigua, NY	US
S1-382420060	Lissa T. Silva, D.C.	6816 Elizabeth Glade Drive, Nashville, TN	US
S1-692673575	Neilla's Global Industries Associates	3817 Chickasha Circle, Granbury, TX	US
S1-370583205	Z/R Sterling, Inc	1717 15th Street, Baton Rouge City, LA	US
S1-611449158	Ridge Arts LLC	7828 Day Creek Boulevard, Unit UNIT 1037, Rancho Cucamonga, CA	US
S1-192731854	Above Spencers Travel LLP	6, Abhyuday Apartments, 771, Bhandarkar Road, Above Spencers, Pune, Maharashtra	India
S1-998855529	Liane Figueroa Coastal Electric LLC	500 Chris Kelley Boulevard, Unit 8303, Hutto, TX	US
S1-359765990	Brightos House	1803 Biltmore Street, Unit 205, Washington, DC	US
S1-899958640	Rich and Riley LLC	2935 Mcgaha Avenue, Wichita Falls, TX	US
S1-479895602	United Alliance PLLC	304 1st Ave, Donahue, IA	US
S1-123867934	Physical Therapy Group of Greeneville LLC	2995 Blue Springs Parkway, Unit 210, Greeneville, TN	US
S1-828133637	Sun Exports Private Limited	Maruthamon Veedukanjirakode Kundara, Kollam, Kerala	India
S1-971159610	EK Aria LLC	9212 Quintana Drive, Bethesda, MD	US
S1-722633438	O 6 X Boutique LLC	4711 Riverstone Drive, Unit APARTMENT 301, Owings Mills, MD	US
S1-779295131	Puran Lines Private Limited	33, Sea Springs, B J Road, Bandstand Bandra West, Mumbai, Maharashtra	India
S1-1616838	Ndt Marketing Care	1450, 19Th Main Road Btm 2Nd Stage And 24Th Main Road, Btm 2N, D Stage, Bangalore, Karnataka	India
S1-557609120	International Security Brands LLC	3086 Beacon Road, Amarillo, TX	US
S1-840384769	Turnkey Trading Private Limited	904, Ninth Floor, Krishna Apra Business Square, Netaji Subhash Place Pita, Delhi, Delhi, North West Delhi, Delhi	India
S1-548935587	Sharona Bunting Athene Corp	5209 Tant Circle, Knightdale, NC	US
S1-48164611	Jp & Brothers Partners	W.No-12, Choudhary Wala Gavad, Makkasar, Hanumangarh, Rajasthan	India
S1-457691188	Hyder Bancshares LLC	1092 Callaway Drive, Lebanon, TN	US
S1-858944579	Mais LLC	648 300, Payson, UT	US
S1-237021832	TN Logistics Pvt Ltd	G-117, Fantasia Business Park, Plot No - 47 Opp Vashi Railway Station, Sector - 30A, Vashi, Navi Mumbai, Mumbai City, Maharashtra	India
S1-78024619	Valley Metropolitan Air	37 Roxbury Park, Goshen, IN	US
S1-579892539	Valley American Cantor LLC	3745 Palo Pinto Highway, Mineral Wells, TX	US
S1-473166802	Global Engineering Private Limited	9/12Lalbazarstreet, Eblock, 4Thfloor, Kolkata, Howrah, West Bengal	India
S1-193825812	Sunrays Projects Care	C/O Aurangabad Kidney Hospital Plot No 12, Ashiwni Bhawansamarth Nagar Ghan Dp, Aurangabad, Maharashtra	India
S1-678360681	Surya Care Private Limited	C/O. Radhakanta Koner, Vill And P.O- Piplon, Monteswar, Barddhaman, Bardhaman, West Bengal	India
S1-232145798	United Rapid Marine Inc	2616 Turkey Island Road, Nottoway County, VA	US
S1-559675144	Sai Care Pvt Ltd	House No. 1238, Dandpada, Kelwe Road(E), Kelwa, Palghar, Thane, Maharashtra	India
S1-567623488	Kain Pattana Inc.	TN, 15225 Panther Lane, Sale Creek	US
S1-334962472	Cozy Diner Inc	53 Abenaki Road, Plattsburgh, NY	US
S1-757395079	Gold Food Limited	18, Giri Babu Lane Room No:2C, Kolkata, Hooghly, West Bengal	India
S1-689383146	Ear Nose & Throat Associates Care	4128 Walnut Street, Richland, IN	US
S1-160325437	OXO Initiatives	Tinpolep, Islampur, North Dinajpur, West Bengal	India
S1-476911961	Allied Infrastructure Partners LLC	6634 Rolling Oak Trail, Richmond, TX	US
S1-172944460	South West Delhi Foods Private Limited	Plot No.-29, Ground Floor, Kh No.- 995, 1001, 1002, South West Delhi, Delhi	India
S1-324592643	Jemie Snow Generating LLC	211 Running Cedar Lane, Henrico County, VA	US
S1-763252843	Scholarship Alliance V	57570 Strassel Road, Forest Grove, OR	US
S1-866410648	FY Fund Pvt. Ltd.	202, Mangal Ashish, 31, Sampatrao Colony R. C. Dutt Road, Vadodara, Gujarat	India
S1-464517844	Royal Sunshine LLC	15218 Little York Road, Houston, TX	US
S1-360757940	Integrated Signature Kgaa LLC	4341 Lower Arkansaw Road, Baker, WV	US
S1-205856527	Patriot Institute Partners	1192 Adelicia Hayes Court, Gallatin, TN	US
S1-987863883	Ear Nose & Throat Prime Care	2642 Edgerton Road, University Heights, OH	US
S1-206626988	Signature Santander Inc.	65 Russo Avenue, East Haven, CT, Unit Unit B4	US
S1-905038257	Womens Health Classic Medicine PC	429 10, Corinth, NY	US
S1-897478893	Vijaynagar Hotel Pvt Ltd	1225/1, 1 St Floor, Manuvanavijaynagar, Bangalore, Vijaynagar, Bangalore, Karnataka	India
S1-875152958	Gaa Diamond Cherry	711 1st Avenue, Cascade, IA	US
S1-172724255	Emelyne Adams Quantumsphere LLC	9702 Indigo Bay Court, Katy, TX	US
S1-343149127	Ss Finance	G No.299, Mande Vadapav, Naka, Saphala, Palghar, Thane, Maharashtra	India
S1-862943022	Devghar Technologies Private Limited	Shankutla Complex, Mahawir Asthan Katahari Bag, Arya Nagar, Chapra, Saran, Bihar	India
S1-998034616	Zaragoza Global	2510 Vista Ridge Drive, Mansfield, TX	US
S1-776599090	Perfect Traders Pvt Ltd	Plot No N 7, Raigarh(Mh), Addl Patalganga Midc, Maharashtra, Panvel	India
S1-832253972	New & Partners Private Limited	No. 65/4, Chandrashekara Layout, Sunkadakatte, Srigandhada Kavalu, Bangalore, Karnataka	India
S1-947338952	ZL Products LLP	Room No-1, 1St Floor Plot No.L-1, G/300 L-Block Mahipalpur Ex, Tn, New Delhi, Delhi	India
S1-767651573	Verrus Karman LLC	3813 Milford Avenue, Baltimore, MD	US
S1-84502776	Thompson Wisconsin LLC	1191 Smith Avenue, Memphis, TN	US
S1-110012272	H G Hawk Daedalus Inc.	2212 Gateway Oaks Drive, Unit 399, Sacramento, CA	US
S1-5315868	Pohl Ventures	321 6th Street, Duluth, MN	US
S1-707949891	Modern Technologies Private Limited	H.N. 5-122/41 R R Homes Ameenpur, Patancheru Rural, Medak, Telangana	India
S1-743513105	Autism Assistance Golden Trust LLC	1722 Summerlin Place, Jeffersonville, IN	US
S1-888872059	Digital Foods Pvt Ltd	Karnataka, Bangalore, Cmh Road, 2Nd Floor, Desk No.331, #198, Bangalore North	India
S1-13093676	Veus Inc.	1661 Mountain View Drive, Mesa, AZ	US
S1-382663415	Scaffolding Brothers Private Limited	Panjab Natthuji Arsod, At Hiwara Rohila, Washim, Maharashtra	India
S1-27515181	Blue Baba Care Pvt Ltd	A 11/7, Mahakal Vanijya Kendra, Nanakheda, Ujjain, Madhya Pradesh	India
S1-655680372	White Constructions Private Limited	Uttar Pradesh, Ghaziabad, Noida, F 19 Sector 6 Near Paytm Office	India
S1-776987115	Sun Care LLP	Khasra No. 646-653, Chattarpur Mandir Road, Chattarpur, New Delhi, New Delhi, South West Delhi, Delhi	India
S1-670556339	Tao Family Office	131 Reserve Drive, Kalispell, MT	US
S1-192479774	Sarasendra India Private Limited	Th/F, Paschim Vihar Near Gurudwara, Newdelhi, West Delhi, B2/243, Delhi	India
S1-299316783	Bright Tech Private Limited	1St Floor, Above Badshah, Studio, Jinna Chowk, Seoni, Madhya Pradesh	India
S1-880858825	Brightify Precious PLLC	439 Quarter Way, Delaware, OH	US
S1-142695275	Magnitude Trading LLP	Art Of Living 21 Km, Kanakapura Road, Bangalore South, Bangalore Rural, Karnataka	India
S1-746560367	Sld Trading Pvt. Ltd.	Shop- 36, 37, Block-A, Bharati Tower, Bhubaneswar, Khordha, Orissa	India
S1-848183088	NM Oil Public Limited	H.No-9/99 Baad Mohalla Old Faridabad, Faridabad, Haryana	India
S1-746035079	Soro Investment Pvt Ltd	At- Nadigira, Po-Pandasuni, Soro, Balasore, Orissa	India
S1-546352378	Yorkville Atlantic Holdco Inc.	401 Williams Street, Yorkville, OH	US
S1-481858915	Chandra & Co	51, Hivari Nagar, Near Mseb Office, Nagpur, Nagpur, Maharashtra	India
S1-730307892	Mount Emanuel	38445 Golf Course Drive, Saddlebrooke, AZ	US
S1-142532242	Thar Sangh	H.No-46, Sec-6, Bahadurgarh, Jhajjar, Haryana	India
S1-419818547	Young & Felch Usa LLC	13 D Cranberry Hills, Malta, NY	US
S1-761330419	Alford Holding Company Inc.	82 150, Dutch John, UT	US
S1-704402995	Raa Motors LLP	No:46, Subbutowers, Fanpet1Ststreet, Nandanam, Chennai, Chennai, Tamil Nadu	India
S1-718681671	Herman Cascade Dome Inc	2059 Jasper Avenue, Baton Rouge, LA	US
S1-691120399	Behavioral Health Center LLC	Unit 5, 22 Liberty Drive, NC, Thomasville	US
S1-111595533	Holy Zion	4002 Imperial Court, Unit B, Columbia, MO	US
S1-387938265	Perez Management	506 Sycamore Drive, Fairfield, CA	US
S1-816327848	Dynamic Tech Private Limited	The Spire Office 314, 150 Ft Ring Road, Rajkot, Gujarat	India
S1-156425628	Ans Traders Private Limited	Flat No 1/3 Plot A-81/A-82, Basant Reality Pvt, Sector 19, Kopar Khairne, Navi Mumbai, Thane, Maharashtra	India
S1-219997711	Continental Charities	1220 Etworth Lane, Virginia Beach City, VA	US
S1-365408462	Woodard Integrated Santander LLC	Mccordsville, IN, 6395 Woodland Lane	US
S1-555624075	Rosina King Platinum Venture	3705 Bohon Street, Roanoke City, VA	US
S1-238167657	Ashia Cook, DMD	937 Thompson Way, Virginia Beach City, VA	US
S1-868201264	Alexis Signature Spdr	258 15th Street, Douglas, AZ	US
S1-658281615	Ballard Brothers Private Limited	A/301, Dev Prime, Opp., K B Royal Altezza, Tp-69, Gandhinagar, Ahmedabad, Gujarat	India
S1-877170939	Pune Care Private Limited	Plot No 12/27, Block D-1 Midc Chinchwad, Pune, Maharashtra	India
S1-891140425	Shiva Foundation LLP	Sco 262 Basement, Sector 14, Urban Estate, Panchkula, Panchkula, Haryana	India
S1-766257086	Rycca Rogers Allied Trg LLC	1117 Sparrow Drive, Port Hueneme, CA	US
S1-845417493	Leal & Vazquez Crumrine	1827 48 Street, Brooklyn, NY	US
S1-800019063	Casillas Pizza	1920 California Street, Portland, OR	US
S1-877171045	Zimmermann Blue Media	1337 Wiley Blvd SW, Cedar Rapids, IA	US
S1-274624887	Gilbert's Automotive, LLC	6725 Hamler Drive, Unit B, Canal Winchester, OH	US
S1-850995535	Manav Granites Private Limited	1.1.5524 Varad Bhagwan, Residency Kalika Nagar, Beed, Maharashtra	India
S1-757122833	Behavioral Health Medicine LLC	5854 48th Street, Omaha, NE	US
S1-222393227	GY Enterprise Private Limited	Ram Payare Tiwari Chawl, Pratap Nagar, Kurar Village, Malad East, Mumbai, Mumbai City, Maharashtra	India
S1-110209776	Neon Machinery Pvt Ltd	A-3 Shankar Park Society, Gujarat, Near L.G.Nagar Society, Vadodara, Nizampura	India
S1-876958859	Big 10 Deli	711 Main Street, Livingston, CA	US
S1-755671734	Prayag Analytics Pvt. Ltd.	C/O Mukesh Kumar Vill, Panch Halsi Block Halsi, Halsi, Lakhisarai, Bihar	India
S1-924500020	Vallabhi Seva Samiti	G No 1057 Phase6 Windmill, Anjaneri Trimbakeshwar, Nashik, Maharashtra	India
S1-543228383	Emigh Pmv Clinic	3936 Newland Drive, Round Rock, TX	US
S1-111484490	Trichy Seva Samiti	417, Tulsi Nagar, Orai, Jalaun, Uttar Pradesh	India
S1-612774947	Family Association	21543 98th Avenue, Tualatin, OR	US
S1-713894505	VA Metropolitan Beverage	TX, Hurst, 313 Wanda Way	US
S1-476699162	Select Salon Ltd	504 Third Street, Bangs, TX	US
S1-356122184	Cohn & Griffin Pennymac Inc	1500 Richway Drive, Ponca City, OK	US
S1-479312070	Shakti Builders Private Limited	13/154 2Nd Floor 1St Cross5Th Main Sri Puttanna Chetty R Shankara Mutt Circle, Chamarajpet, Bangalore, Karnataka	India
S1-790047807	Guru Sree Tech Private Limited	C/O Shashank Sheorey, Sheorey Niwas 680, Tilak Bhumi Talaiya, Bhandarpara, Jabalpur, Madhya Pradesh	India
S1-887213390	Internal Medicine Specialists	1075 Turkey Camp Road, East Lynn, WV	US
S1-284966918	Children's Coalition	WV, 220 College Street, Glenville	US
S1-997939296	Ziraum LLC	1600 Maryland Avenue, Unit 431, Washington, DC	US
S1-105876432	Philmont Community Services Inc	Philmont, 59 Summit Street, NY	US
S1-403223357	Bhopal Marketing (India) Private Limited	5/140 B, 2Nd Floor, K V Complex, Vadakara Road, Kuttiady, Vadakara, Kozhikode, Kerala	India
S1-163131216	Golden Trading Private Limited	Gopal Nagar A Gopalpura Bypass, 8, Jaipur, Rajasthan, Jaipur	India
S1-137232504	Lott, Hayes and Kester PC	574 Harbor Road, Norwood, NC	US
S1-294025725	Vertigo & Co	Parv Lhs Pltf 301, Palarivattom Metro Station, Ernakulam, Kerala	India
S1-851410391	Meva Auto Sales	14750 Hackwood Street, Prince William County, VA	US
S1-365430363	Solutions Moss Sez Private Limited	C/O. Balasaheb Manikrao Wagh Mohal Road, Undangaon, Tal Sillod, Aurangabad, Maharashtra	India
S1-827396301	Raviavi India Limited	402, A Brindavan Kunj, Exhibition Road Ps- Gandhi Maidan, Patna, Bihar	India
S1-7633613	United Project	606 30th Street, Lafayette, IN	US
S1-712204257	Bloxham's Auto Sales	34 Dr Mcauley Court, Perrysburg, OH	US
S1-436159194	Prairie Society Inc	33 Columbia Street, MA, Swampscott, Unit 1	US
S1-485702924	Mumbai India Private Limited	Mumbai, Maharashtra, Mumbai, 601, Balaji Business Centre, Andheri-Kurla Road, Marol	India
S1-848435765	Unique Investment Pvt Ltd	9-76, Amaravathi Nagar M.R Palli, Tirupati, Chittoor, Andhra Pradesh	India
S1-161111372	Broussard Wellness LLC	3925 Cemetery Road, Town Of Rock, WI	US
S1-85170056	Surgical Clear Medicine	1730 Schroon River Road, Unit Campsite 71, Warrensburg, NY	US
S1-995132390	H 3 Q Energy	8425 145th Avenue W, Sapulpa, OK	US
S1-190678465	SC Textile Pvt Ltd	Makan No. 178, Scheme No. 113, Vijay Nagar, Indore, Madhya Pradesh	India
S1-176661001	Deepak Financiers Limited	Survey No - 127, Sukhsagar, Greenpark So Chinchwadgaon, Walhekarwadi, Chinchwad, Pune, Maharashtra	India
S1-618435910	Literacy League	KY, Taylorsville, 453 The Landings	US
S1-209262995	VM Impex Private Limited	Unit 4B, Mumbai, 4Th Floor, Lodha Excelus, Apollo Mills Compound, N.M Joshi Marg, Mahalaxmi, Maharashtra, Mumbai	India
S1-589023009	Mamion Dividend LLC	7351 Abc Lane, Fl 1, Columbia, MO	US
S1-54199871	Lynnett Williamson, Esq.	Yonkers, Unit Apartment 4K, 383 Warburton Avenue, NY	US
S1-621701755	Ma Instruments Pvt Ltd	No.284, 3Rd Cross, Kirloskar L/O, Bangalore, Karnataka	India
S1-592639816	Suba Technology Clinic	C/O Sonu Kumar At - Malahi Bazar, Anchal - Areraj, East Champaran, Bihar	India
S1-29076086	Krishnagiri News Limited	2-2-18/15/B/1/A, D D Colony Bagh Amberpet, Amberpet, Hyderabad, Telangana	India
S1-572764005	Tri-State National Iris, Inc	6127 Black Berry Lane, Dallas, TX	US
S1-700580679	Fernandez Management LLC	819 Jefferson Street, Valparaiso, IN	US
S1-421266925	NK Fabric Pvt Ltd	House Number 633, Sector-64, On Mahila Thane Road, Ballabgarh, Faridabad, Haryana	India
S1-14800692	Guru Solutions	Post Box No.7, Sunabeda, Orissa	India
S1-480353541	WW Metro Soren P.C.	3615 Melcher Street, Roanoke City, VA	US
S1-522715640	Vijay Constructions Private Limited	Ramdhan Bose Road, Rajpur, Sonarpur(M), South 24 Parganas, West Bengal	India
S1-611399782	Peak Insurance Laboratories LLC	3930 53rd Street, Lincoln, NE	US
S1-446629186	Tech Foundation LLP	South Delhi, E-904 Second Floor, E Block Local Road Chitranjan Park Near E 905, Delhi, New Delhi	India
S1-873061514	Womens Health Direct Medicine	2220 Murray Holladay Road, Unit 172, City Of Holladay, UT	US
S1-938871412	3431 Mountain View Plaza Management LLC	56 Moore Street, Unit 2L, Winthrop, MA	US
S1-224585740	Quvue Investments LLC	6815 Sunnyside Drive, Peoria, AZ	US
S1-238339790	Balaji Infrastructure Private Limited	Gird, Madhya Pradesh, Gwalior, Sirol Road, B-24 Windsor Hills	India
S1-677709694	Polychem India (India)	D-19, 3Rd Floor, Sector-3, Noida, Gautam Buddha Nagar, Uttar Pradesh	India
S1-849735804	Asmar & Yohn	Covington, 9292 Hawksridge Drive, KY	US
S1-799499454	Moise Arts	2706 Sam Houston Drive, Victoria, TX	US
S1-827908541	Urgent Care Associates	4512 Valley Brook Drive, North Little Rock, AR	US
S1-727470221	Scg Traders	First Floor, Bangalore, 4Th Cross, 3 Main, Bhavani Layout Banagirinagar, Karnataka, Bangalore South	India
S1-7617540	Sun Media Private Limited	Ground Floor, Pioneer Towers, Software Units Layout, Madhapur, Hyderabad, Telangana	India
S1-782437385	Direct Southern LLC	3919 Gold Street, Omaha, NE	US
S1-472924061	Rit & Partners Pvt. Ltd.	Ft No 209, Sri Sai Homes Ameenpur, Hyderabad, Telangana	India
S1-926345484	Akila Fashions Pvt Ltd	Plot No 129, Flat D, Balaji, Nagar, Puzhuthivakkam, Saidapet, Kanchipuram, Tamil Nadu	India
S1-748911903	Holmgren Oyj LLC	4952 Winnemac Avenue, Chicago, IL	US
S1-946192981	IB Superior Forefront LLC	MO, 12328 Charlotte Street, Kansas City	US
S1-546688054	DZ Tobacco Private Limited	B - 471, Ff, Main Road, Green Field Colony, Faridabad, Haryana	India
S1-387987609	New Developers Private Limited	8/1795, Govindpuri Extn., New Delhi-19., Delhi	India
S1-284204620	Shyam Services Private Limited	Shop No. Be 14, Thakkar Bazar, Near C B S Trimbak Road, Nashik, Maharashtra	India
S1-434327293	Cox, Ewing & Jackson Paloma	184 Thornton Road, Pansey, AL	US
S1-69179881	Back Alley Hypnosis	4 Lizensk Boulevard, Unit Unit 103, Kiryas Joel, NY	US
S1-143409033	Continental Delta Associated P.C.	139 Washington Street, NY, Carthage	US
S1-52369285	Hi Spinning Private Limited	707, 7Th Floor, 5-9-13 Taramandal Commercial Complex, Saifabad, Hyderabad, Telangana	India
S1-969900086	Ami (India) Finance Private Limited	F-147, 1St Floor Main Road, Jagatpuri, Delhi, East Delhi, Delhi	India
S1-912957517	XT Global Wintergreen LLC	5845 B Road, Fl GROUND FLOOR, Valmeyer, IL	US
S1-732510395	CT Hospitality Limited	Off No - 616, 6Th Floor, J Wing, Cts No 1/7, Veer Sawarkar Marg, Vikhroli Park Site, Nr Kailash Industrial, Vikhroli (W), Mumbai, Mumbai, Maharashtra	India
S1-188858911	Dental Preferred Associates Inc.	238 Honeysuckle Lane, Timbo, AR	US
S1-795739645	10/97 Yorkville	5947 Stelain Street, Fl 1, Olympia, WA	US
S1-348199146	Gauna Finance PC	214 Pearl, Billings, OK	US
S1-601593369	Shirley Springfield Index Inc	3648 Branchwood Drive, Richmond City, VA	US
S1-808297735	Wagner Best Properties PLLC	Meadview, 1720 Hoover Drive, AZ	US
S1-963766744	Alpizar Capital	219 Holmes Avenue, Clarendon Hills, IL	US
S1-845322958	Consultancy Vertical Dham Private Limited	250, Ii Floor, Block C, Jilmil Colony, Delhi	India
S1-862608596	Alpha Solutions Pvt Ltd	G-37 B/M, R/S Main Green Park, Delhi, South Delhi	India
S1-292575332	Abhishek Advertising Pvt. Ltd.	Mumbai, Rohini Residency, M G Road, Near Panch Rasta, Mulund West, Mumbai, 101, Maharashtra	India
S1-555129582	Barbabra Winters Markets Partners	6101 Hornwood Drive, TX, Fort Worth	US
S1-676358730	Frontline Finance Private Limited	S-43, Basement Greater Kailash Part-Ii, New Delhi, South Delhi, Delhi	India
S1-816698362	Riddhi Group	Shop No: 9-8-23, 10X12, B.V.B. College Road, Vidya Nagar Colony, Bidar, Karnataka	India
S1-689718468	Fender, Sale and Walker LLC	1010 Watercourse Circle, Unit 101, Graham, NC	US
S1-49867477	Vanguard Freight International LLC	420 Wolfrum Road, Weldon Spring, MO	US
S1-935979336	A Horizon Energetics PLLC	2212 150th Avenue, Andover, MN	US
S1-230764010	Wolz Blue Hill PC	548 Marcus Lane, Crowley, TX	US
S1-613268887	Tirupati Media Private Limited	Gnmc B 100 Floor Ground Naik Nagar Lal Bahadur Shashtri Marg Sion Railway Station Sion, Mumbai, Mumbai City, Maharashtra	India
S1-614204303	Lutz's Bike Shop Inc	129 N Point Circle, Shelbyville, TN	US
S1-812884153	Uptech Infrastructure Pvt Ltd	1626/33 Naiwala Karol Bagh, New Delhi, Central Delhi, Delhi	India
S1-339509868	Big Software Private Limited	401, Gupta Arcade Inder Enclave, Delhi-Rohtak Road, New Delhi, West Delhi, Delhi	India
S1-846380917	Ace Cola Clinic	514 Hines Street, Republic, MO	US
S1-284090155	Vantyx Championsgate Inc	7004 38th Street, Sioux Falls, SD	US
S1-842161768	Marielle Abeita Treasury	2700 Ione Court, Columbus, OH	US
S1-533658712	Network Ventures Pvt. Ltd.	Shubham Atlanta, R.C. Marg, Chembur, 502, Maharashtra, Mumbai	India
S1-510304485	Apex Enterprises Private Limited	Flat No 503, Madhuri Enclave Apartment, Dinapur-Cum-Khagaul, Patna, Bihar	India
S1-529269607	Custom Wholesale Services LLC	674 730, Hyrum, UT	US
S1-902957074	Laxmi Services Private Limited	Flat No A3-404, Mahadkar Residency, Paud Road, S.No. 101/2, Right Bhusari Colony, Kothr, Ud, Pune, Maharashtra	India
S1-906932949	Flyhigh Solutions Company	Gut No.36, At Karodi Post, Taluk Ghanegaon Dist Aurangabad, Aurangabad, Maharashtra	India
S1-906214314	Shivam Products Private Limited	301, Plot 72, Gorai Shiv, Chs Ltd, Rsc 48, Gorai Ii, Borivali West, Mumbai, Maharashtra	India
S1-863639626	Lindemann, Sweetman and Romero	50 Ossipee Road, York, ME	US
S1-699749169	Medical Traders Pvt Ltd	H.No.8-3-22/2/C/3/9, Plot No. A-50 Madhura Nagar, Hyderabad, Telangana	India
S1-759503101	SC Drugs Private Limited	Plot No 63/12 1St Floor, Blk- B, Rama Road, Najafgarh Road, Delhi Industrial Area, New Delhi, West Delhi, Delhi	India
S1-795344132	Heartland Total Oceanhawk	1904 Saye Brook Drive, Monroe, NC	US
S1-825633312	Indian Hospitality Private Limited	Kh No 194, Vill Babarpu, North East Delhi, Delhi	India
S1-495655362	Addy Wilson Blueport LLC	5616 Crescent Ridge Drive, White Marsh, MD	US
S1-162568654	First Care Private Limited	Office No 1206 Cor Park, Plt No 14/15 Sec-18 Vashi, Thane, Maharashtra	India
S1-691038794	Smart Foods	No.579, Mig Type, Tnhb, Avadi, Tiruvallur, Thiruvarur, Tamil Nadu	India
S1-286556988	Modern Robotics Associates	1803 Lacie Court, Mt. Juliet, TN	US
S1-331823443	Robb Cardiology	6790 Townline Road, Wheatfield, NY	US
S1-470092510	Leader (India) Securities Private Limited	16/2, Old Palasia, Flat No. 104 First Floor Navneet Darshan, Indore, Madhya Pradesh	India
S1-364354147	Lorique Family Office	70 Buckwalter Road, Unit Unit 506, Limerick Township, PA	US
S1-17841379	Urban Food Private Limited	4Th Floor, Plot No.158/164, Kalbadevi Road, Laxmi Bhavan, Near Cotton Exchange Kalbadevi, Mumbai, Mumbai City, Maharashtra	India
S1-679595987	Reliance Polytechnic Private Limited	Opposite Sagar Hotel, Village Khandiwada, Taluka Vaghodia, District Vadodara, Vadodara, Gujarat	India
S1-23664617	Silver Information LLC	981 Burning Bush Point, Woodmoor, CO	US
S1-92359197	Eye Medicine	24 Clark Point Road, Southwest Harbor, ME	US
S1-478629176	Infrastructure Cholan Ites Limited	No. 2 (1170), 4Th Main, 14Th Cross, Mc Layout, Govindarajnagar, Bangalore North, Bangalore, Karnataka	India
S1-789124406	Technologies Ddk Agro Pvt. Ltd.	95 Roop Sagar P.O. & P.S. Nawanagar, Nawanagar, Buxar, Bihar	India
S1-458543844	Gras Health LLC	185 All Saints Street, Unit 2, Frederick, MD	US
S1-163239249	Mountain Superior Cms	13211 Oakhaven Court, Chesterfield County, VA	US
S1-89607014	Phi Holdings	Sudipta Sarkar C/O-Lt. Sushil Sarkar Water Works, Complex 2Nd Floor, Kolkata, Kolkata, Howrah, West Bengal	India
S1-788094842	Alpha Technology Private Limited	Gandhinagar, Gandhi Nagar, Gujarat, Gidc, Sector-25, Gandhinagar, Plot No C/15	India
S1-63574330	Venus Glazing Limited	12 To 16 3Dr Flr, Bldg 21, Mahendra Bhuvan, 2Nd Fofalwadi, Nr Jewel Mall, Bhuleshwar Mar, Ket, Mumbai, Mumbai City, Maharashtra	India
S1-333967572	Dhara Tea (India) Private Limited	Flat No.1605, Block-1, My Home Vihanga, Seri Lingampally, Hyderabad, Telangana	India
S1-501450329	East All Estate Private Limited	Dishari, 1983, Rajdanga Main Road Ground Floor, Kolkata, Kolkata, Howrah, West Bengal	India
S1-231471806	Products Kay Enterprise Private Limited	Maharashtra, Mumbai, Paradise Raheja Vihar, Chandivali Farm Road, Near Chandivali Studio, B-506, Mumbai	India
S1-161283432	Garudadri Computers Private Limited	S.R.No. 166, Plot No. 7 & 8, Shantidham Road, Veraval (Shapar), Veraval, Junagadh, Gujarat	India
S1-237815958	New Delhi Tracom Private Limited	Property No D-1/5 Block-D-1 Janakpuri, New Delhi, Delhi, West Delhi, Basement Floor Portion	India
S1-742015253	Chittoor Consultants Private Limited	No.24-31, 2Nd Street Lakshminagar Colony, Chittoor, Andhra Pradesh	India
S1-950164559	Ares Educational Society	8A/8, W.E.A. Karol Bagh, New Delhi, Delhi	India
S1-495849267	Clark Aluminum Inc	1955 Schoettler Valley Drive, Chesterfield, MO	US
S1-332320288	Heartland Federation PC	590 Main Street, Unit 103, Bolton, MA	US
S1-169551970	Aurora Bny	2173 21 1/8 Street, WI, Town Of Rice Lake	US
S1-928002427	Nandan Fabric (India) Group	827 Khanaw Bachchhaon, Varanasi, Uttar Pradesh	India
S1-771151821	Asm Traders	K R Puram, House No 1087, Vijay 2Nd Main 10Th Cross, Opp: Holy Mother Convent, Hassan, Alur Hassan, Hassan, Karnataka	India
S1-996902431	Campbell Reliable Micro, LLC	5314 Lee Rudy Road, Owensboro, KY	US
S1-93018231	Lucky Yoga	1050 King Road, Selmer, TN	US
S1-483437312	Shivam Projects Private Limited	S/O-Hotu Vill-Kamalabash, P.O-S Indrani, Sindrani, North 24 Parganas, West Bengal	India
S1-481013911	Bright Foods Private Limited	1-9-317/1 Vidya Nagar, Hyderabad, Musheerabad, Hyderabad, Telangana	India
S1-228802826	Moclarix Holdings Group	150 Park Drive, Smyth County, VA	US
S1-34193802	Lyrora Pono	6530 Sussex Court, Spring, TX	US
S1-788032195	Om & Brothers Private Limited	Plot No. 1, Sector 4B, Hsiidc Bahadurgarh Industrial Estate, Bahadurgarh, Jhajjar, Haryana	India
S1-618189680	Malappuram Ventures Private Limited	Melepurakkal Building, Malappuram, Kadungallur, Ernad, Kerala, Malapuram	India
S1-951955342	City Construction Private Limited	L-40, Sect- D, Lda, Kanpur Rd, Lucknow, Uttar Pradesh	India
S1-713280353	Heritage Intelligence Alliance LLC	4958 Innovation Drive, Unit Unit 231, Village Of Deforest, WI	US
S1-344916450	3241 Lake Avenue Owners Corp Inc.	370 Sheryl Drive, Pickerington, OH	US
S1-49967130	Lotus Projects	44 Chakraberia Rd South, Kolkata, Calcutta, West Bengal	India
S1-978613035	CLT Global Private Limited	Flat - 15, Snehal Park, Kothrud Behind Mantri Park, Pune, Maharashtra	India
S1-94268048	Sai Projects Private Limited	#14/2, 2Nd Main Road, Apmc Yard, Yeshwanthpur, Bangalore North, Bangalore, Karnataka	India
S1-132924212	Anderle, Kittie C., DDS, M.D., P.C.	9 Elm Street, Unit Apartment 1, Cortlandt, NY	US
S1-856412054	Zeix	16068 Ellis Road, Marion, IL	US
S1-618341758	C+ Works Partners	10228 Fayettesville Road, Fauquier County, VA	US
S1-751576321	Maldonado, Monroe & Barker Produce	Baltimore, Unit APT 1012, MD, 3811 Canterbury Road	US
S1-233570041	Atlantic Federation	1089 65th Avenue County Road F, Town Of Lincoln, WI	US
S1-953944873	Metro Desert Usa	121 Hunter's Ridge Drive, Danville, IN	US
S1-945099820	North Laxmi Agro Pvt Ltd	Gujarat, 29/A Nutan Bharat Society Opp.M K High School, Alkapuri, 101Vasundhara Appartment, Vadodara	India
S1-441527961	Sunrise Sai Consultancy Private Limited	886 Saraswati Viharchakkarpur Gurgaon, Haryana, Gurgaon, Haryana	India
S1-90924933	Ram Solutions	Sai Sruthi Commercial Complex First Floor 5, Ramar Kovil Street, Ramnagar, Coimbatore, Tamil Nadu	India
S1-278187409	NX Taiwan PC	237 Rockland Road, Rockland, NY	US
S1-217661402	Minakshi Builders Private Limited	Flat No.203, B Block, Sri, Rama Plc, Raghavendra Cly, Serilingampally, K.V.Rangareddy, Telangana	India
S1-884260256	Producer Royal Skill Pvt Ltd	Shop No 101 To 104, 1St Floor, Chamunda Complex, Bldg No A-3, Near Kasheli Bridge, Old Agra Road, Kasheli, Bhiwandi, Thane, Maharashtra	India
S1-862302429	A Cure 8 IT	Hazel Green, AL, 612 Boles Road	US
S1-753631170	Eye Interstate Group	TX, 14773 2338, Georgetown	US
S1-509977550	XBP Foundries Private Limited	H-36, Amvedkar Nagar Yojna Alwar, Rajasthan, Alwar, Rajasthan	India
S1-379007295	Better Signature Integrated	3213 Holly Lane, Rowlett, TX	US
S1-349827220	Rajshree & Co	Sf.No- 120/1, Plat.No- 116, 4Th Street Samayapuram, Chennai, Kancheepuram, Tamil Nadu	India
S1-585694137	Mantra (India) Merchandisers Associates	P-127/5, Laxmipur Math, Adarsha, Bhavan(W) College More, Burdwan, Bardhaman, West Bengal	India
S1-546547600	Yale and Soto Disciplined L.L.C.	3688 7825, West Jordan City, UT	US
S1-651088254	Yas Web Private Limited	Cm-35, Sector-122 Noida, Noida, Gautam Buddha Nagar, Uttar Pradesh	India
S1-779132714	Geroo Interstate Landscaping LLC	4364 Bedford Avenue, Brooklyn, NY	US
S1-964822588	Commission on Environmental Protection	26032 158th Street, Issaquah, WA	US
S1-426357846	Rosa, Mcneely and Neumann Nuveen LLC	5016 Signature Court, Prince William County, VA	US
S1-160753427	Meenika (india)	C/Ovenkadabalasubramanian, Karpaga Nagar, K.Pudur, Madurai North, Madurai, Tamil Nadu	India
S1-82783535	Isaac, Pierson and Pedersen Inc	809 Lake Park Boulevard, Carolina Beach, NC	US
S1-864957638	Life Systems Private Limited	316, 3Rd Floor, Super Plaza, Sandesh Press Road Vastrapur, Ahmedabad, Gujarat	India
S1-329651297	Noel Compania Inc	Montpelier, VT, 44 Main Street	US
S1-569911400	Mckee Harbor All	347 500, Payson, UT	US
S1-781896606	Elizondo & Marth Roman Inc	7001 Natelli Woods Lane, MD, Bethesda	US
S1-159120849	Fab Silks Ltd	8, Shop No.231, Ground Floorprabhat Complex, K.G Road, Bangalore, Karnataka	India
S1-392313639	Surya Industries (India) LLP	D-165, 4Th Floor Gali No-6, Laxmi Nagar, Delhi, East Delhi, Delhi	India
S1-377366870	Pranesh Design Pvt Ltd	1520-1521, S/F Pvt No. 06 Gali Akhuji Wali, Farash Khana, New Delhi, North Delhi, Delhi	India
S1-712906593	Physical Therapy Valley Clinic Associates	24 Heights Drive, Yonkers, NY	US
S1-662351495	Vvs Laminators Corp	No.951-1, Thirupathi Nagar, Akt Pally Village, Sathyamangalam, Erode, Tamil Nadu	India
S1-319490379	Eastern Builders Corp	10958 Sheridan Street, Avondale, AZ	US
S1-815400588	Monton Kogyo LLC	80 Indian Head Road, Framingham, MA	US
S1-690155830	American Initiative	147 Clearfield Drive, Sardis, TN	US
S1-79113857	Unique Consulting Private Limited	Laxmi Nivas I Floor, 81, Bigbazaar Street, Palai, Dindigul Anna Dist, Dindigul, Tamil Nadu	India
S1-418508534	Kritavi Infra Private Limited	G. No. 21, M. No. 49, At-Post- Kasurdi, Tal- Bhor, Pune, Maharashtra	India
S1-35623777	Sjk International	New Delhi, Delhi, West Delhi, F-56/10 Green Apartment Nafees Road Batla House	India
S1-909577475	Aumann & Copeland Cion Inc	7111 Baer Road, Fort Wayne, IN	US
S1-212236522	Jai Business Private Limited	House No. 392, Gungwade Near Pokhran Naka, Tal. Dahanu, Dist. Palghar, Palghar, Parbhani, Maharashtra	India
S1-842744785	Rodie Hernandez Travel Inc	265 Ridgeview Estates, Franconia Township, PA	US
S1-718065626	Ellis and Hicks Inc	1701 Tarragon Drive, City Of Madison, WI	US
S1-873051947	Candelario & Cobb Partners	1769 Morningside Rd Road, Seymour, MO	US
S1-192056105	HXB (india) Limited	Plot No. A-80 Ashadeep King'S Opp Jeerota Petrol Pump Karolankabarh Jagatp, Ura, Jaipur, Rajasthan	India
S1-966025376	Indore Multitrade Private Limited	Indore, Madhya Pradesh, Survey No. 929/4 And 930/4 Gram Kailod Kartal, Indore	India
S1-869451683	Commission on Veterans Affairs	3191 Shady Grove Road, Leslie, AR	US
S1-147529504	Diamond Software Consultants LLC	100 Salem Street, Unit 5, Boston, MA	US
S1-858112592	Pediatric Dental Vanguard Care Associates	678 Wall Road, Wadsworth Township, OH	US
S1-295349818	Vyankatesh Sangh	House No 111, Delhi, North West Delhi, Delhi, 1St Floor, Blk-Tjj Colony Mangolpuri	India
S1-992198293	Globus & Sons Pvt Ltd	Jagad Guru Ashram Road 4Th Cross, Karnataka, No.7/1, Bangalore, Lalbagh Road	India
S1-433327547	Family Partners	2162 19th Street, Owensboro, KY	US
S1-55124480	Dynamic Mobility Partners	711 8th Street, Unit 711, Littlefield, TX	US
S1-360829167	Zaex Inc.	2025 Fleetwood Drive, Gastonia, NC	US
S1-996084225	Dorn Montreal Corp	1310 Main Street, City Of Menomonie, WI	US
S1-887036443	Coastal Animal Hospital	581 Old Post Road, Unit B, Barnstable, MA	US
S1-291711741	Bharat Logistics Pvt Ltd	25/32 First Floor East Patel Nagar, New Delhi, Delhi	India
S1-670303551	Adams Metro Columbia LLC	W190S7084 Wentland Drive, City Of Muskego, WI	US
S1-384921321	Liberty Network Corp	Hutchinson, MN, 800 Texas Avenue	US
S1-247814647	Garcia Enterprises	81 Ricker Avenue, Buckhannon, WV	US
S1-839319208	Vertex PLLC	1216 -202 Waterfront Drive, Virginia Beach City, VA	US
S1-454596086	Continental Chimera LLC	2100 Brittany Pointe Estates, Upper Gwynedd Township, PA	US
S1-736974296	Stacey Cypher Priority	2303 Sienna Drive, East Norriton Township, PA	US
S1-524357453	Shasvat Paints Limited	House No 5, Block - C Cc Colony, Delhi, North East, Delhi	India
S1-71675469	Kimble Airlines, Inc	1157 Red Thimbleberry Drive, Elyria, OH	US
S1-964156979	Department of Buildings	5609 Nathan Avenue, Parma, OH	US
S1-165430983	Bapulapadumandal Minerals Private Limited	D.No.5-107 Veeravalli, Bapulapadumandal, Krishna, Andhra Pradesh	India
S1-123187112	Pinnacle Pebblebrook	342 Log Plain Road, Greenfield, MA	US
S1-547141488	Anand Technology Pvt Ltd	No.585 Karthika, Kuzhivilla, Irinjinampalli, Neyyattinkara, Thiruvananthapuram, Trivandrum, Kerala	India
S1-270665937	Premier Idea Clinic	6 Azalea Drive, South Middleton Township, PA	US
S1-282171136	Angira Hospital	15, Khokhar Complex New Officers Colony, Patiala, Punjab	India
S1-838573342	BC Farms Private Limited	Central Delhi, Delhi, 334Ram Nagar Pahar Ganj, Delhi	India
S1-489142503	Albright and Nazario PLLC	7017 Talon Drive, TX, Fort Worth	US
S1-938534072	Hotel Technology Pvt Ltd	G3 Radha Krishna Chs Ltd, Bhd Reliance Energy, Bhd Mbmc Scl, Radha Swami Satsang Marg, Bhai, Ndar West, Thane, Maharashtra	India
S1-205155720	Regional Wireless Worldwide Inc	2094 Kingman Avenue, Simi Valley, CA	US
S1-703017850	Jackson's Grill	10411 Cranbrook Hills Place, Unit APARTMENT K, Cockeysville, MD	US
S1-966562086	Arreola Empire Gas Group	1280 Dogwood Lane, Piedmont, AL	US
S1-855972982	The Dent Coffee	1176 Hidden Ridge Road, Toledo, OH	US
S1-165179236	Maf Travels Pvt. Ltd.	Delhi, Third Floor, Pocket A-8, Kalkaji Ext, South Delhi, 139, New Delhi	India
S1-385876263	Car Farms Limited	26 Shakespeare Sarani Flat No.1C/1, Kolkata, Calcutta, West Bengal	India
S1-820646949	Legacy Financial Brands Inc	600 12th Street, Newton, NC	US
S1-43101639	Reyes Optimal Chiron	2308 84th Street, Tacoma, WA	US
S1-184394750	Petrochem Services	B-020, Sigma-4, Greater Noida, Gautam Budh Nagar, Tugalpur, Gautam Buddha Nagar, Uttar Pradesh	India
S1-348758861	Insta Mills Pvt Ltd	B/06 Ratan Deep Cosmopoli, Tan Co-Op., Hsg. Ltd., Mumbai, Maharashtra	India
S1-705517331	Bureau of Veterans Affairs	NC, 624 Pawley Drive, Charlotte	US
S1-291300103	Victory Trading Limited	97/3, Sri Krishna Nagar, Perambalur, Manamadurai Nh, Palliagraharam, Thanjavur, Thiruvaiyaru, Thanjavur, Tamil Nadu	India
S1-363137440	Fourth Institute of Technology Company	B-57Maya Puri Industrial Area Phase-I, New Delhi, West Delhi, Delhi	India
S1-934945377	North Estate Private Limited	C/O Sunil Kumar, Vill, Wazidpurjansath, Jansath, Muzaffarnagar, Uttar Pradesh	India
S1-716952061	Archambeau Loan LLC	9627 Sutton Drive, Scottsdale, AZ, Fl 1	US
S1-893709740	Integrated Select Ngl Inc	108 19th Avenue, Minot, ND	US
S1-266414687	Trusted Iris Inc	903 River Boulevard, Fl 0, Wichita, KS	US
S1-375209496	Colonial Assets LLC	18226 Paladin Drive, Olney, MD	US
S1-976376110	Jackie Smith Water LLC	11 Minnie Brown Road, Ardmore, TN	US
S1-599381099	Pediatric Dentistry Associates Corp	514 Tar Springs Drive, Greenville, KY	US
S1-475039909	Castaneda, Sisco & Herrera Logistics LLP	215 Santee Avenue, Findlay, OH	US
S1-565891892	Oncology Medicine Inc.	14941 Taylor Drive, Little Falls, MN	US
S1-808178620	Planet & Brothers Private Limited	Gut No. 172 Shendra Kamnagar Aurangabad, Aurangabad, Maharashtra	India
S1-911877353	Cancer Fund	517 5th Avenue, Ironton, MN	US
S1-111038003	Werner Smart LLC	1818 Monroe Avenue, Harlingen, TX	US
S1-669551092	Moore Photonics Inc.	49 Partridge Avenue, Somerville, MA	US
S1-342587743	Johnson Cafe	46 Orcuttville Road, Stafford, CT	US
S1-651527156	Digital Infrastructure LLP	House No.37, In Front Of Jaidurga Manga, Kanhan, Nagpur, Maharashtra	India
S1-725413728	Southern Software Private Limited	Plot No. 75/76, Duplex 1, Ward 7/B, Gurukul, Gandhidham, Kachchh, Gujarat	India
S1-217496278	Straight Edge Pub	1420 Ballyclare Court, Raleigh, NC	US
S1-998326574	All Quality Managed	201 Briarwood Bend, Jefferson, IA	US
S1-347753629	VC Atlanta	1295 Spyglass Drive, Eugene, OR	US
S1-631017521	Harihar & Brothers Private Limited	Rsno 697 Near Juna Washinaka A Ward, Kolhapur, Maharashtra	India
S1-746387541	Lia T. Sukhu, Ph.D., PC Corp	2620 Sidney Street, Alton, IL	US
S1-501633359	LS Arul Private Limited	13-D Pocket B 2Lawranz Road, New Delhi, North Delhi, Delhi	India
S1-325655144	Shelbyville Toyo	Shelbyville, IN, 20 West Street	US
S1-4353329	East Bankshares LLC	1456 Trout Brook Street, Yorktown, NY	US
S1-969895886	Royal Smart Hospitality Inc	5373 700, Chalmers, IN	US
S1-281993158	Latrena Wang Metro Technologies Inc	OR, 11616 Division Street, Portland	US
S1-169957202	Fresh Payroll Worldwide LLC	211 Riverledge Road, Hammond, NY	US
S1-210911878	ZV Innovation Private Limited	Howrah, West Bengal, Plot No-258/B, Block-B Bangur Avenue, Kolkata, Kolkata	India
S1-396756086	Sarasika India Limited	P 4 New Howrah Bridgeapproach, Kolkata, Calcutta, West Bengal	India
S1-400014536	Ejipura Servicesprivate Associates	Esteam Royale, Block-J, Flat No.G3, Srinivagilu Vill, Ejipura, Bangalore, Karnataka	India
S1-264870869	86/31 Tax Service Inc	90 Main Street, Unit C, Westminster, MA	US
S1-51591440	Munz, Khan and Ng	526 Turrentine Avenue, Gadsden, AL	US
S1-765792726	Lehman, Newman & Catania P.C.	622 Prospect Avenue, Bronx, NY	US
S1-626545436	Bowlin Alternative, L.L.C.	409 Harmony Circle, Gray, TN	US
S1-977728298	Cornerstone Cargo Global	224 Cr 52, Rosharon, TX	US
S1-437526425	Navoday Buildcreation Limited	32, Nirant Park Society, Opp. Sun And Step Club, Bhuyangdev 4 Rasta, Thaltej, Ahmadabad City, Ahmedabad, Gujarat	India
S1-195394003	Shakti Management Private Limited	Sno 23, Hno 4 2 7, Nr Vivekanand Prerna Bldg Dhankawadi Pune, Pune, Maharashtra	India
S1-154258177	Focus Exports Private Limited	House No - 730, Sector-7, Urban Estate, Karnal, Haryana	India
S1-7877656	Bradley Hall PC	2416 Grant Avenue, Unit UNIT B, St. Albans, WV	US
S1-806283677	Justice Islands	2878 Pleasant Ridge Road, Dover, NY	US
S1-448796300	YFA Joint LLC	915 Warbler Way, Aurora, OH	US
S1-343680987	Clark, Dalton & Atkinson Spdr	6023 Durango Mist Lane, Katy, TX	US
S1-602837956	Nancy Bunten Energy	Hempstead, NY, 2356 A Pershing Boulevard	US
S1-477763582	Surgical Health	14 Country Club Drive, Chelmsford, MA	US
S1-114522194	Lise H. Evans, D.O.	12731 Waynesburg Pike Road, Cameron, WV	US
S1-829321402	PIL Constellation LLC	1328 Road 5860, Cleveland, TX	US
S1-516460039	Vision Lounge Private Limited	12-2-355/A/1 Syed Ali, Guda, Muradngr Mehdipatnam, Asifnagar, Hyderabad, Telangana	India
S1-325088556	Srv Institute	Flat 5A And 5B, Santacruz, Aster Co Housing Society, Mumbai, Maharashtra	India
S1-504423536	Elly C. Watson, CPA	333 French Road, Fl Floor 2, Amherst, NY	US
S1-164605200	Oncology Group	3226 Jacaranda Circle, Mesa, AZ	US
S1-359985972	India Jeevan (india) Private Limited	H. No. 3-6-195/B, Flat No. 102, Gowri Apartments, Urdu Lane, Himayath Nagar, Hyderabad, Telangana	India
S1-195940304	YCP Bio	107 Mangold Drive, Portland, IN	US
S1-860691096	Anavrin Exports Private Limited	No 01, 2Nd Floor, 4Th Cross, 7Th Main Opp. Chirag Apartment, Jc Nagar, Kurubar, Ahalli, Bangalore, Karnataka	India
S1-124083023	Memorial Council PC	850 Troublesome Creek Road, Buckingham County, VA	US
S1-811986308	Straight Edge Bakery	2415 La Jolla Court, Salem, OR	US
S1-388649073	Piedmont Smart Gores Inc	337 Lightning Bug Lane, Holly Ridge, NC	US
S1-766186386	Dermatology Center Inc	West Chicago, IL, 935 Meadow Ridge Drive	US
S1-438765578	Leilah Leonguerrero Technologies LLC	261 Delta Avenue, Cincinnati, OH	US
S1-753688293	Lewis Federal Dave LLC	MT, 7784 Cassidy Trail, Lolo	US
S1-757028636	Cardiology Blue Group	3147 Kelly Creek Road, Moody, AL	US
S1-832373938	White International Engineering Private Limited	112, Maliyon Ki Dhani Village Tyoda Post, Tyod, Sambhar, Jaipur, Rajasthan	India
S1-356050830	Black Constructions Private Limited	Shop No.1, Dwarkesh Plaza, Chankya Chowk, Virat Nagar, Virar West, Mumbai City, Maharashtra	India
S1-979377138	Lenore Goodrich Energy	AZ, 17838 130th Avenue, Sun City West	US
S1-65947335	Solutions Dhruvtara Minerals Private Limited	H.No.85, First Floor, Ambika Vihar, Paschim Vihar, Opp.Central School, New Delhi, West Delhi, Delhi	India
S1-467659392	V/M Construction, LLC	14540 Spanish Point Drive, City Of El Paso, TX	US
S1-598419666	Koko Movers (India) Private Limited	Maharashtra, H. No. 1265 Shop No. 19Gogaiwadi, Bid, Beed	India
S1-336984004	Shiv Systems Limited	Uttar Pradesh, Muzaffarnagar, Lamba Bazar, Meerut Road, 3, Muzaffarnagar	India
S1-602029172	F+ Blockchain LLC	21 Trafton Street, York, ME	US
S1-217656242	Traverse Safe Private Limited	E1, Vijaysurya Residency, Appanaickenpalayam Road, Coimbatore North, Coimbatore, Tamil Nadu	India
S1-560405024	Alam & Blair, LLC	1900 Danbrook Drive, Unit 326, Sacramento, CA	US
S1-961789848	Jai Technology Limited	B 207, Sai Orchid, Pipe Line Road, Pisawali, Kalyan, Thane, Maharashtra	India
S1-860946143	Hitech Producer Private Limited	Shop No 3 Back Portion 1St Floor Csc No..2 S1- 3 Avantika Sec- 1 Rohini, Delhi, East Delhi, Delhi	India
S1-247276428	Alt Logistics	74, Rudra Ind. Park, Bakrol Bujrang, Dascroi, Ahmedabad, Gujarat	India
S1-400574692	Gonzalez's Elite Bakery	527 Erie Street, Storm Lake, IA	US
S1-176932120	Clear Tax Service, Inc	118 Salerno Drive, Smyrna, DE	US
S1-511253914	Gaum Chile Inc	1872 Hill Road, Gloucester County, VA	US
S1-899831263	Errico College, Inc	539 Tom Lane, Red Oak, TX	US
S1-197277642	Expedite Realty LLP	No. 63, 2Nd Floor, Cathedral Road, Gopalapuram, Chennai, Tamil Nadu	India
S1-755377035	Lanet Capital Partners	7057 Meadow Ridge Circle, Nashville, TN	US
S1-203127307	Rangoli Management Pvt Ltd	10Th Floor, Spaze Itech Park Sector49, Gurgaon, Unit No.1018A, Haryana, Gurgaon	India
S1-752751986	Anant Technologies (India) Private Limited	Devi Sadan Building, Plot No .444 Mahila Ashram Road, Kings Circle, Matunga, Mumbai, Mumbai City, Maharashtra	India
S1-279726112	Ss It Private Limited	0071054 Panu Purwa, Plot 54 Raghav Greens, Tatyaganj, Kanpur Nagar, Uttar Pradesh	India
S1-605311226	Mysore Systems	Flat No-685 S/F Sect-17-Pkt A Ph-2, Dwarka New Delhi, New Delhi, South West Delhi, Delhi	India
S1-742978894	Bangalore Films Private Limited	239 No 16 I Floor Sns Chambers Sankey Road Sadashivanagar, Bangalore, Karnataka	India
S1-768482202	Apex Benefits Corp	C/O Trb House, Dhandari Kalan, G.T. Road, Ludhiana, Punjab	India
S1-654175943	JB Metals Private Limited	D 88, Kh No. 40/22, Dass Garden, Baprola Vihar, South West Delhi, Delhi	India
S1-357550543	Roopendra India Private Limited	6 Shaifali Apts 217 Northmain Rd Koregaon Park, Pune, Maharashtra	India
S1-485552969	Environmental Initiative LLC	3588 Peachtree Run, Dover, DE	US
S1-169255246	Beacon Biomedical Systems Corp	5904 Vance Avenue, Fort Wayne, IN	US
S1-175472432	RMX Holidays	407 Punit Chambers Plot 796-C Sector 18 Vashi, Navi Mumbai, Mumbai City, Maharashtra	India
S1-615696491	Tabatha Stevenson Preferred Graphics LLC	60201 Woodside Loop, Bend, OR	US
S1-388039333	Castorena, Manny & Brown Aspen LLC	1334 Morning Glory Loop, Badger, AK	US
S1-185162960	22 27 Coinshares	214 Ellis Avenue, Libertyville, IL	US
S1-773475343	Shahjahanpur Derivatives Private Limited	Aziz Ganj, Bareilly More, Shahjahanpur, Uttar Pradesh	India
S1-773689360	Mcdaniel Tungsten LLC	18 Eastbourne Crescent, Brookhaven, NY	US
S1-479551169	GW Services Partners	Pl No 344, Sindh Co-Op -Hsg Society, Lane No 3, Aundh, Pune, Maharashtra	India
S1-869344321	Interfaith Network	3880 8th Street Road, Springfield, IL	US
S1-820754305	Quantova Jewelers LLC	14955 142nd Avenue, Dayton, MN	US
S1-498376297	Surya Ventures Private Limited	No.4-96/2Sneha Nagar Street No.8, Habsiguda, Hyderabad, Telangana	India
S1-798463850	Lopez Eagle LLC	1995 Craighead 333 Road, Bono, AR	US
S1-872713421	Robin Ferrand Better Pharmaceutical LLC	1749 Section Street, Sullivan, IN	US
S1-992292819	KN Iron Private Limited	Rzf-762/11, Raj Nagar Ii, Palam Colony, New Delhi, South West Delhi, Delhi	India
S1-413156683	Metropolitan Interstate Trailblazer	314 3371, Deberry, TX	US
S1-643360117	Vidit Vidyalaya	1212, 12Th Floor, 43 Chiranjiv Tower, Nehru Place, New Delhi, South Delhi, Delhi	India
S1-900980802	Booth Ventures LLC	665 Rollingwood Place, Varna, IL	US
S1-806174316	Southern Builders	Plot No 26 Ida, Jadcherla, Stn. Jadcherla, Mahabub Nagar, Telangana	India
S1-429889578	Bergquist Jersey Inc.	2735 Thompson Avenue, Kingman, AZ	US
S1-868375880	Crafton Custom Oaktree Associates	901 Randolph Street, Macomb, IL	US
S1-91849291	Jarleon Royalties	NE, Lincoln, 3801 Superior Street	US
S1-986656607	Move Resorts Private Limited	Flat No.103, Plot No.11, The Sunshine House Kanmal Nagar, Gemini Vasan Road, Madhava, Ram, Chennai, Tamil Nadu	India
S1-705740817	Hitech Infra Ltd	H No. 3-5-64, R R Keshav, Heritage, Indira Nagar, Ramanthapur, Flat No. 505, Telangana, Amberpet, Hyderabad	India
S1-553949051	Behavioral Health Associates of Miami	818 J Street, Miami, OK	US
S1-451995786	Kn Foundation	B-1001, Swar Sangini, Vip Road, Surat, Gujarat	India
S1-692176508	Pediatric Dentistry Specialists L.L.C.	420 Main Street, Fl 3, Mcminnville, TN	US
S1-364683147	Complete Pharmaceutical	AR, 135 Squirrel Lane, Summit	US
S1-384200616	Phantom Projects Private Limited	Chithera, Uttar Pradesh, Gautam Buddha Nagar, Noida	India
S1-150554963	Pawan (India) Orchards Associates	H. No. 814, Office No 22, 1St Flr, A-Wing, Stone Flower Bldg, Gauripada, Bhiwandi, Thane, Maharashtra	India
S1-77614718	Range Capital Westin Group	43 Watkins Cove, Jackson, TN	US
S1-210801637	Barboza Modern Precision Group	414 Pike Street, Beckley, WV	US
S1-785859796	Oncology Grand Group	Worcester, 25 Boylston Street, Unit LEFT, MA	US
S1-449635958	QWO Business Pvt Ltd	11-6-6, Waltair Main Road, Rockdale Area Revenue Ward 19, Ramnagar, Visakhapatnam, Vishakhapatnam, Andhra Pradesh	India
S1-527787946	Chiropractic Specialists Clinic	78 Chelsea Road, Garden City, NY	US
S1-823357072	Sharlene's Financial Care	317 Mark Avenue, Larned, KS	US
S1-215598590	Honey Realty Private Limited	No.72/36, Ground Floor, Balakrishnan Street Extn, Chennai City Corporation, Chennai, Tamil Nadu	India
S1-445418955	N/L Collective LLC	MT, Hamilton, 138 Denali Street	US
S1-323342936	Delhi North East Marketing Company	Kh No. 289, E-1/35, Pole No.889, East Gokalpur, Delhi North East, North West Delhi, Delhi	India
S1-317272966	Midwest Atlantic Hospital LLC	1180 Willow Creek Road, Corvallis, MT	US
S1-210088171	Healthcare Bareilly Consultingprivate Pvt Ltd	Plot No 93 Harhsad Nagar Nr Khamdhrol Fatak, Joshipura, Junagadh, Gujarat	India
S1-614417780	Wilson Patriot Specialists Inc	3719 Scarlet Sage Way, Sherman, TX	US
S1-412832406	Natecex	Killeen, 501 Central Texas Expressway, Unit 4804, TX	US
S1-922477961	Riccio Semiconductor Corp	4480 Matson Avenue, Cincinnati, OH	US
S1-440482764	Arlington Scholarship Precision Coalition Group	4006 Orchard Hill Drive, Arlington, TX	US
S1-987352672	Gurugram Mercantile Care	Plot No.-68, Floor-5 Sector 44, Gurugram, Gurgaon, Haryana	India
S1-976555711	Quality Projects Private Limited	Sambava Chambers, 4Th. Floor, Sir Pherozeshah Mehta Road, Fort, Mumbai, Mumbai City, Maharashtra	India
S1-851180391	QOQ Developers Private Limited	Khasra No.35, Jaisalya, Near Road No.17, Tehsil- Amer, Distt.- J, Aipur, Jaipur, Rajasthan	India
S1-231314788	Bates's Interiors	440 Warfield Drive, Unit 2124, Hyattsville, MD	US
S1-789201500	Stone, Bryant & Miller LLC	248 Bush Branch Lane, Perrin, TX	US
S1-995633045	Lemieux Sumitomo, Inc	Ashland, 1332 Carriage Hill Court, OH	US
S1-895980523	Real Developers Private Limited	No 1 Ekangipuram 2Nd Street Ayanavaram, Chennai, Tamil Nadu	India
S1-67702980	Universal Solutions Private Limited	No 155, 11Th Cross, 4Th Main, Ananth Nagar Phs 1 Electronic City Phs 2, Bangalore, Karnataka	India
S1-28452587	Jay Power Private Limited	Ground Floor, Dream Mansion Apartment B-10 Vijay Nagar, Rukunpura, Patna, Bihar	India
S1-492981335	Wildlife Heartland Institute	Cavalier, 305 2nd Avenue, ND	US
S1-194234394	Devi Traders Private Limited	2-A/3, Ramanlingam Street, Dharmapuri, Tamil Nadu	India
S1-82537450	Koramangala Techlab Private Limited	No.418/9, 2Nd Floor, 80Ft Road, 4Th Block, Koramangala, Bangalore., Karnataka	India
S1-496769504	Keeter Family Office	12 Ward Street, Little Falls, NY	US
S1-200632856	U/Y Energy	4355 Dunsany Circle, Indianapolis, IN	US
S1-191083702	Piedmont Program VI	6930 Memorial Drive, Town Of Jacksonport, WI	US
S1-488533088	Corner Barbershop Inc.	4102 Chapelstone Avenue, Unit Apt 1, Bentonville, AR	US
S1-915828776	Escorts Finance	S-35A/1, Hargovind Enclave Opp. Dlf Farms, Chhattarpur, New Delhi, South West Delhi, Delhi	India
S1-768875387	Integrated Forum Company	Shop No-3, N Wing, Ground Flr, Gokul Village Shanti Park Mira Road, Thane, Maharashtra	India
S1-742385448	Sree Energy Private Limited	V-37 Green Park, New Delhi, North Delhi, Delhi	India
S1-245863075	Zamorano Therapy of Belleville	2058 Celebration Park Circle, Belleville, IL	US
S1-320922557	Pino Nuveen LLC	104 Stratton Avenue, Nicholasville, KY	US
S1-605280168	Universal Mortgage Digital LLC	2701 Sibley Avenue, Terre Haute, IN	US
S1-178851419	Ram Sai Consulting Pvt Ltd	Vill Paschim Balarampur, Lp 77/42 24 Parganas Sout, Budge Budge - Ii, South 24 Parganas, West Bengal	India
S1-789573802	Audie C. Merino, L.C.S.W.	3730 Mill Avenue, Unit N203, Tempe, AZ	US
S1-568292277	Star International Limited	Tamil Nadu, Chennai, Elango Adigal Street, Padmanabhan Nagar, Choolaimedu, 14/12	India
S1-322354513	Indore Valuation Ltd	143, Ratnalok Colony, Scheme No.53 Near Rasoma Chouraha, Opposite Medanta Hospital, Indore, Madhya Pradesh	India
S1-962013472	Krieger Assets LLC	12239 Cedar Creek Road, Havana, AR	US
S1-905712879	Harrison Pioneer Automotive	2698 200, Marriott-slaterville City, UT	US
S1-514131168	Brigid Therrien Digital Inc	NY, Forestport, 4030 Kayuta Terrace	US
S1-361011390	Solutions Digi Seeds Limited	H. No 1091 G/F Bazar Mohalla Village Tughlakabad, New Delhi, South Delhi, Delhi	India
S1-308228418	Silver Index	1003 St Marys Street, Raleigh, NC	US
S1-480112567	Metropolitan Foundation P.C.	OH, 204 Lincoln Avenue, Mingo Junction	US
S1-973589472	(india) Indigenous Micro Private Limited	21 Strand Roadp S Hare Street, Kolkata, Calcutta, West Bengal	India
S1-455188076	Marris Goss, DO	4201 29th Street, Nixa, MO	US
S1-263072820	Villar, Green & White Biopharma LLC	5115 Amherst Court, Paris, TX	US
S1-10839313	L & A Magna	11405 Reserve Way, Columbia Station, OH	US
S1-196059519	Vme India (India) Center	Delhi, Naurang House 21, 819, New Delhi, Kasturba Gandhi Marg	India
S1-102334444	Rozamond's First Recruiting PLLC	2711 Medical Center Parkway, Unit B, Murfreesboro, TN	US
S1-84196692	Om Technology LLP	Kerala, Malappuram, Malapuram, Samy Complex, 1St Floor Pandikkad Road, Near Canara Bank, Wandoor, Po, Wandoor, Building No-28	India
S1-838840792	Regional Premier, Inc	New Bern, 4206 Rawley Road, NC	US
S1-206670063	Empire Atlas Clinic	32 Mt Laurel Drive, Ennice, NC	US
S1-794886359	Hollis Learning Center	4150 Pavlica Road, Flatonia, TX	US
S1-181294168	Star Life Global Private Limited	S 1/35-19-E Shyamnagar, Colony Centraljail Road, Varanasi, Uttar Pradesh	India
S1-704219624	Thao Assets LLC	213 145th Street, Tacoma, WA	US
S1-732350504	Big International	G2, Anu Homes 6 1St Cross, 6 Th Street, Dr Subburayan Nagar, Kodambakkam, Chennai, Tamil Nadu	India
S1-400283035	Hana & Co	1St Floor, Asma Manzil, 39 Nagdevi St, Flat 5, Mumbai City, Maharashtra, Mumbai	India
S1-893852371	KOY Universal Kolkata	1/G, Khudiram Bose Sarani, Kolkata, Kolkata, Howrah, West Bengal	India
S1-822599384	Services Bhudev Services Private Limited	1043 Rohta Road Anup Nagar Fazalpur Meerut Cantt, Meerut, Uttar Pradesh	India
S1-566345148	Preferred Education Laboratories, PLLC	165 B2, Unit Unit 111, Little Canada, MN	US
S1-321897236	National Utility	3 Scenic Point, Bloomington, IL	US
S1-294645020	Weatherford's Highland Seafood	94 Beaver Brook Road, Milton, VT	US
S1-79720758	Maa Technologies LLP	Iind Floor, Anaj Mandi, Jaipur, Rajasthan, C-14	India
S1-184342021	Dickenson County Trading Group	Dickenson County, 491 Killen Lane, VA	US
S1-427689151	FQ Technology	Apt - 60203, Bharatiya City, Nikoo Homes 1 Tower 6, Off Thanisandra Main Road, Bangalore, Karnataka	India
S1-370221460	Acs Industrial Pvt Ltd	Flat No 203 Plot No. 13, Sector 16 Kopar Khairane, Thane, Maharashtra	India
S1-801290906	New Delhi Marketing Private Limited	2-A/3, S/F, Front Side Asaf Ali Road, Turkmana, New Delhi, Central Delhi, Delhi	India
S1-659760927	Scully and Brewer LLC	1418 3rd Street, Lincoln, NE	US
S1-473727903	Ub Polytechnic-Kolkata	9, Mangoe Lane, 3Rd Floor, Room No. 1, Kolkata, Kolkata, Howrah, West Bengal	India
S1-55709429	Om Farms Private Limited	No. 17/2, 2Nd Main Road, Kacharakanahalli, Bangalore North, Bangalore, Karnataka	India
S1-946429269	Panvel & Co Private Limited	Patna., 302, Ashiana Tower, Exhibition Road, Patna-1. P.S. Gandhi Maidan, Patna., P.S. Gandhi Maidan, Bihar	India
S1-612119155	Orbara Greenland LP	WY, Casper, 1801 Fairwood Common Avenue	US
S1-264397673	Shriji Medical Private Limited	F.N. 603, C Wing, 6Th Flr, Ekta Meadows Chsl, Siddharth Nagar, Borivali East, Mumbai, Mumbai City, Maharashtra	India
S1-726606862	Physical Therapy Health LLC	207 Eagle Dog Street, White River, SD	US
S1-366192371	Pretty & Co	97 Park St3Rd Floor, Kolkata, Calcutta, West Bengal	India
S1-22835842	FKD Innotech Private Limited	C/O Sri. Ajay Pd. Sriwastava, Gp13908, Behind Of Jantacenima, Gopalganj, Bihar	India
S1-268232957	Southern Interstate Aviation Inc	5226 Myrtlewood Street, Houston, TX	US
S1-389947276	Buxton, Cole & Graves LLC	111 Hillcrest Road, Nashville, TN	US
S1-74886322	Al Solutions Private Limited	No.14, Arignar Annastreet Kitchipalayam, Salem, Tamil Nadu	India
S1-557712318	Golden Infrastructure Private Limited	Sy No-279 2Nd Floor, Flat-206 Manthan Point, Unapani Road, Lalit Motors Petrol Pump, Surat, Gujarat	India
S1-851848921	Bhooteshwar Traders Private Limited	No.6, Tv Naidu Road, Chetpet Chetpet, Chennai 600 031, Tamil Nadu	India
S1-687344952	Breena Patterson Modern Israel Corp	971 Shoal Road, Lincolnton, NC	US
S1-647248800	O & G Standard	916 Hollow Brook Lane, Costa Mesa, CA	US
S1-49058803	Suntech National Limited	Office No 307 308 309 Konark Epitome S No 230 A/1 229 Vimannagar, Pune, Maharashtra	India
S1-74033809	Aldridge Mfa	204 High St, Carson, IA	US
S1-971485699	Tirupur Castor Limited	179/1, Pachankattupalayam Arulpuram, Tirupur, Coimbatore, Tamil Nadu	India
S1-280374599	Perez's Value Digital	Warren, MA, 225 Southbridge Road	US
S1-823453515	North Healthcare Private Limited	Shop No 3, 853/1 Kailod, Kartal, Near Tejaji Nagar, Indore, Madhya Pradesh	India
S1-541912130	Vaughn Midwest Bridge	2233 Highland Avenue, Unit 1008, Lombard, IL	US
S1-758270346	Urban Auto Body LLC	1725 Mcclain Drive, Knoxville, TN	US
S1-824470704	Lazar's Property Solutions	12 Henry Avenue, Unit Apartment 2, Newburgh, NY	US
S1-708562853	Aurangabad Services Private Limited	F No 13, Ghrushneshwar Ho So, Gomtech Market, Aushdi Bhavan, Near Diwa, N Dewdi, Aurangabad, Maharashtra	India
S1-956137384	Quality Morgan LLC	13115 Foster Road, Unit 4, Portland, OR	US
S1-637120067	JJ Cdt	1915 7th Street, Peru, IL	US
S1-245137253	Eco Chemicals Pvt Ltd	434, 435, Siddharth Annexe, Besides M.S.Hostel, Sama Savli Road, Vadodara, Gujarat	India
S1-252035662	Rawal Shoppers Care	Bhupen Chambers, Gr.Floor, Unit-I Dalal Street, Fort, Mumbai, Mumbai City, Maharashtra	India
S1-37958006	Family Care LLC	108 Meadow Avenue, Colonial Beach Town, VA	US
S1-24784216	H & C Software LLC	534 Bruce Street, Conway, AR	US
S1-834330111	Synergy Law Chambers	Building No.2137/ Ward No.20, Maruthua Devi Nagar, Kudappanakunnu P O, Thiruvananthapuram, Thiruvananthapuram, Trivandrum, Kerala	India
S1-841584101	Surgical Elite Center LLC	231 Hastings Street, Redlands, CA	US
S1-217255273	Interstate Institute of Technology LLC	3413 Dolomar Drive, Cincinnati, OH	US
S1-482048352	Creative Rocky Immunopharma LLC	24 Ramseys Ridge Road, West Union, WV	US
S1-197412656	Valley Corporation	5217 Logan Drive, Birmingham, AL	US
S1-743766523	Decaro Uranium Inc	54 N1999, Eagar, AZ	US
S1-920877411	Urban Products Private Limited	C/O Vimi Rath, Jhod Ke Pass Ujoli Kgbass, Kishan Garh Bass, Alwar, Rajasthan	India
S1-645653586	Bruce's Dental	5566 Oatka Road, Unit Unit 9, Warsaw, NY	US
S1-774113050	Innovative Equity Technologies LLC	738 Keystown Road, Grantsboro, NC	US
S1-525793454	Gujarat Finance Private Limited	950Braham Puri Meerut, Uttar Pradesh, Meerut, Uttar Pradesh	India
S1-232315859	26/13 City	Village Of Mount Pleasant, 4437 Wood Road, WI	US
S1-155351866	Eshita Seva Samiti	44A Dheeraj Heritagesecond Floor S V Road Santacruz (W), Mumbai, Maharashtra	India
S1-23515566	My Innovative Foundation Limited	1474 Sector -49, Faridabad, Haryana	India
S1-482791612	Realty Institute	A-20-21, Tal. Village : Sarangpur, Ankleshwar, Gujarat, Bharuch	India
S1-360804305	XE Merchants Private Limited	Plot No 32, Second Floor Pandey Plaza M.P Nagar Zone 1, Bhopal, Madhya Pradesh	India
S1-959124205	Williams and Wickstrom	401 Elm Street, Syracuse, NY	US
S1-60541973	Om Hospitality Private Limited	Part Of Gata No. 967, Village-Goila, Tehsil-Bakshi Ka Talab, Lucknow, Uttar Pradesh	India
S1-459414024	Roman Pelican	6741 Abbey, Tucson, AZ	US
S1-171793140	Vidya Laboratories Pvt. Ltd.	2/57, South Street, Pallkulam, Tirukkalur, Tiruchendur, Tuticorin, Tamil Nadu	India
S1-686933200	Pediatric Dental Harbor Care	2114 70 Highway, Mebane, NC	US
S1-614934921	Repro Life Public Limited	Office No.904, 9Th Floor, Samudra Anex Nr. Girish Coldrink, C.G. Road, Ahmedabad, Gujarat	India
S1-440738074	Chandresh Fed Ltd	3/2, Ist Floor, Taj Apartments Rao Tula Marg, R. K. Puram (Opp. Shanti, Niketan), New Delhi, Delhi	India
S1-156664473	Caldify Residential Inc.	1422 A Street, Lincoln, NE	US
S1-949957721	Holdings & Brothers Private Limited	Kapadmill Compound Bedeshwar, Jamnagar, Gujarat	India
S1-662603473	Campeau Industries, Inc.	3005 Wilcot Way, Franklin, TN	US
S1-950359402	Jacquelyn Petit Clear Ampercap	Mobile, 12110 Yancey Glen Drive, AL	US
S1-239614818	Techsol Service Pvt Ltd	B/404, Saumya Building Navrangpura, Ahmedabad, Gujarat	India
S1-129490423	Reis Inc	20 Crescent Drive, Scotts Valley, CA	US
S1-231609382	XYA Systems Private Limited	Mig-10 Laxmi Sagar, Bhubaneswar, Khordha, Orissa	India
S1-80510501	Tammi's Atlantic Industries Associates	202 Stablestone Drive, Chesterfield, MO	US
S1-790914861	Cornerstone Kensington Group	5406 Douglas Drive, Yakima, WA	US
S1-948799659	Chiropractic Allied Group	520 Tate Road, Unit 9, Bolivar, TN	US
S1-351742266	Costa Pioneer Media Inc	TX, Trinity, 3268 -C Sh 75	US
S1-821011719	Youth Initiative Associates	317 Slemmers Alley, Baltimore, MD	US
S1-886127426	ZQE Dime	19W 232 Old Tavern Road, Oak Brook, IL	US
S1-743510626	Merino & Cruz Inc	12450 San Juan Avenue, Litchfield Park, AZ	US
S1-982721459	3467 Commerce Court Management Inc	1109 Cecelia Drive, Rm Room R1, Village Of Pewaukee, WI	US
S1-596893739	Hortense's Seafood	1515 17th Street, Sioux City, IA	US
S1-541234070	Halcova Financial LLC	435 Rutland Road, Mt. Juliet, TN	US
S1-745244286	Mumbai Studio Limited	A- 1109, 11Th Floor, Damji Samji Business Galleria Lbs Marg, Kanjurmarg (West), Mumbai, Mumbai City, Maharashtra	India
S1-638554445	Hayden Star Kongsberg L.L.C.	8632 Kathlyn Drive, Fl 0, Saint Louis, MO	US
S1-851102707	Holz Biotechnologies	420 Main Street, Fl 3, Mcminnville, TN	US
S1-967078119	Bathsheba Hoffer Futurecrest	259 Country Club Drive, Warren, OH	US
S1-324921040	Velma Langdon Direct Good LLC	Queensbury, 377 Dixon Road, NY	US
S1-49146089	Brown Clean Obic, Inc	10 Quail Run, Harwinton, CT	US
S1-342376332	Software Am India Private Limited	C/O Rajan Bose, 338/D First Floor, Ambanattu Building, Nadakkavu, Mavelikkara, Alappuzha, Kerala	India
S1-35569708	Sutton, Whaley & Blair Fox Inc	50 Washington Street, Salem, MA	US
S1-708475349	Shivam Finance	Sr No-104/108, Plot No-C/46, Abhimanshree Co-Op Hsg. Society, Pune City, Pune, Maharashtra	India
S1-413237805	Kalyan Resources Private Limited	Shinde Building, Tanaji Chowk, Maratha Kolsewadi, Kalyan, Thane, Maharashtra	India
S1-484406899	Classic City Technologies Private Limited	Eb-53, Sfs Flats Maurya Enclave, New Delhi, Delhi	India
S1-289477455	Glenna's Platinum Metal Works	1420 Hackamore Street, Mesquite, TX	US
S1-888055665	Congregation Lutheran Church	12585 Montego Plaza, Dallas, TX	US
S1-981307579	Cornerstone Materials Works Corp	6 Hampton Lane, Andover, MA	US
S1-805044603	Boia Cartesian	10641 Cutter Circle, Anchorage, AK	US
S1-678917693	Projects Anax Field Center	B6 306 L And T South City Apartment Arekere Mico Layout Bg Road, Bangalore, Karnataka	India
S1-704568102	Lane Direct	5205 I Street, Little Rock, AR	US
S1-360542671	Eartha Wenig Stores LLC	50470 Masten Road, La Pine, OR	US
S1-65100	Mega Art Private Limited	903Vikrant Tower Rajendra Place, New Delhi, Central Delhi, Delhi	India
S1-396862512	Uptown Bike Shop! Inc	6401 Louise Avenue, Sioux Falls, SD	US
S1-893087596	Enreo Direct Multimedia LLC	AZ, 1301 17th Avenue, Apache Junction	US
S1-387803285	Dwaraka & Partners Private Limited	2Ag Asset Gardenia, Ramagondanahalli, Whitefield, Bangaluru, Bangalore South, Bangalore, Karnataka	India
S1-802749090	Urban Solutions Private Limited	B-505, G.D. Colony Mayur Vihar Phase - Iii, Delhi, East Delhi, Delhi	India
S1-950032660	Eye Health of Dallas Inc	5011 Kildare Avenue, Dallas, TX	US
S1-580511976	Share Net Private Limited	Karnani Mansions, Room No 143 27A, Park Street, Kolkata, Kolkata, Howrah, West Bengal	India
S1-615693885	Silver Infrastructure Private Limited	A/2, Balaji Park, Nehrupark, Vastrapur, Ahmedabad, Gujarat	India
S1-676262977	Tankara Craft Private Limited	Plot No 2, Survey No. 51P1/P2, Near Nasa Ind., Ghunada Road, Village Lajai, Tankara, Rajkot, Gujarat	India
S1-119608436	Carter, Goldman and Potter Hyperliquid LLC	Unit APT 47, TX, 200 Clements Street, Seymour	US
S1-687752627	Fletcher & Briggs Cadenza Center	788 Margaret Street, Unit Apartment 3, Saint Paul, MN	US
S1-3040099	Matthews, Green & Simmons	144 Liberty Lane, Rockwall, TX	US
S1-570609116	Kolkata Consumer Private Limited	Kolkata, C/O Rampratap Somani, Howrah, 14 Noormal Lohia Lane, Kolkata, West Bengal	India
S1-819783914	Aeolus Traders Private Limited	F L No. 20, Swapnashilp Bldg J, S No - 19/2, Kothrud, Pune, Maharashtra	India
S1-463923977	Sunrise Investments Pvt Ltd	Door No 4-4-63, Opp Lalita Medicalacademy, Guntur, Andhra Pradesh	India
S1-121487273	Reliable Telecom Alliance	IL, 2605 Oak Ridge Lane, Joliet	US
S1-642823390	Jayme Fisher Vanguard Super LLC	4403 Elderon Avenue, Baltimore, MD	US
S1-606215271	Lyris Optics	1340 Ford Road, Lyndhurst, OH	US
S1-313423432	Ss Management Private Limited	424, Jaipur Electronic Market Mansarowar Link Road, Riddhi -Siddhi, Jaipur, Rajasthan	India
S1-711781827	QG Apogee LLC	3114 E Park Drive, Garland, TX	US
S1-495973705	Siex Associates	IA, 865 Oak Park Rd, Council Bluffs	US
S1-251054597	Rbm Solutions Private Limited	T3/1005, Eldeco Saubhagyam, Vrindavan Awas Yojna Sector-9, Rbl Road, Lucknow, Uttar Pradesh	India
S1-802518247	Diamond Health Systems LLC	481 State Street, Painesville City, OH	US
S1-862181509	Dynamic Royal Verde LLC	116 Bella Port Lane, Wilmington, NC	US
S1-362969836	Mason, Bolton and Scott Wellness	8829 Deborah Drive, Alvarado, TX	US
S1-913830621	Shah Solution Co	34/252, Rajasthan, Jaipur, R H B, Sector-3 Pratap Nagar, Sanganer, Jaipur	India
S1-837791465	Global Learning Center	3738 Hwy 159, Falmouth, KY	US
S1-29787199	West Cornerstone Good Corporation	OH, Quincy, 2491 Cr 255	US
S1-659134293	Raj Metrology Private Limited	Mumbai, Maharashtra, 28/477 Adarsh Nagaropp Century Bazar	India
S1-58288076	Tirupati Foods	733, R.K World Tower, Shital Park, Near Brts, 150 Feet Ring Road, Rajkot, Rajkot, Gujarat	India
S1-617659394	Bright Pilates	PA, 637 North Street, Carlisle Borough	US
S1-989711080	Natwest Farmer Private Limited	Tiruvallur, 92F, Ambattur, Mgr Street, Gangaiammannagar, Tamil Nadu	India
S1-683251838	Drake, Martin & Justesen	118 Pennell Street, Westbrook, ME	US
S1-825194516	Elvira Wright British	1483 17th Street, Corvallis, OR	US
S1-227897711	Legacy Rocky Alphabet LLC	9858 Diamond Drive, Sun Lakes, AZ	US
S1-500424051	Arts Center, Inc	111 San Antonio Road, Santa Barbara, CA	US
S1-565762132	Optimal Tire Shop LLC	144-52 Jewel Avenue, Flushing, NY	US
S1-571115728	Universal Brothers Private Limited	Rar-108, Rajindra Tower Community Centre, B-1, Ja, Nak Puri, New Delhi, Delhi	India
S1-988310409	Lucky Deli	485 Simon Way, CA, Oxnard	US
S1-450738412	Empire Network	5823 Jacksontown Road, Unit 36, Licking Twp, OH	US
S1-901335348	Trinity Fellowship Corp	1310 Cold Springs Road, Augusta County, VA	US
S1-629746612	Atlantic Software Innovations	15 Thompson Avenue, Oak Bluffs, MA	US
S1-459799506	Chennai Warriors Private Limited	No. 50A, Govindasamy Street, Sholinganallur, Chennai, Tamil Nadu	India
S1-274995933	Maupin, Torres and Sheehan Cartesian LLC	13011 Foothill Road, Dallas, TX	US
S1-820085965	Erode Pharmaceuticals Private Limited	Rsf No. 101/3A, Suriyam Palayam Village, Erode, Tamil Nadu	India
S1-299208561	Life Solutions Public Limited	Chandrika Chambers, 4A, 4Th Floor, Anthony Street, Chennai, Tamil Nadu	India
S1-953860270	Rmr Holdings	Shop 25/36, Chakki Pat, Chhipitola Nr Police Club, Agra, Uttar Pradesh	India
S1-928317587	Saint Methodist Church	411 Wondertown Drive, Erwin, NC	US
S1-281332728	Calibre (India) Industries Pvt Ltd	15/63 Cabin No. 703, Kirshna Tower Civil Lines, Csa, Kanpur Nagar, Uttar Pradesh	India
S1-381084417	Ask & Sons Limited	30-Bazar Lane, Bangali Market Connaught Place, New Delhi, Central Delhi, Delhi	India
S1-684085880	Tim J. Yost, DDS	665 Villa Avenue, Akron, OH	US
S1-63013796	Modestine S. Winkel, D.C.	4013 Penny Royal Drive, Keller, TX	US
S1-144602809	East Construction Private Limited	705, Sector 83, Emmar Palm Gardens, Gurgaon, Haryana, Narsinghpur, T-2	India
S1-435173597	Silver Projects	71 Metecalfe Street, 2Nd Floor, Room No. 3, Kolkata, Howrah, West Bengal	India
S1-55101804	Smith Ventures LLC	4507 Kristal Way, Phoenix, AZ	US
S1-108567304	Bingham Secure Stifel	Unit Apartment 3, NY, 15 Broadway, Nyack	US
S1-673311609	Sloan and Gunter Partners	OH, Columbus, 1652 King Avenue	US
S1-871789452	Fesonus Precious L.L.C.	7321 Statecrest Drive, Fairfax County, VA	US
S1-59297773	Midwest Keystone Stardust LLC	7420 Dewey Road, Thompson, OH	US
S1-544181079	Ear Nose & Throat Associates	67 Industrial Way, Buellton, CA	US
S1-499241943	Urgent Care Strategic Clinic Inc.	3385 Welsh Hills Road, Newton Twp, OH	US
S1-690180464	Colonial Patriot Offshore LLC	9428 Marquis Diamond Lane, Tucson, AZ	US
S1-778063317	Hassler Mountain Coinshares	IL, Riverdale, 13947 Wabash Avenue	US
S1-238947479	Garza Cambridge of Winston-salem	824 Pecan Avenue, Unit 301, Winston-salem, NC	US
S1-630851779	Aditya Ventures LLP	101 / A, Tulsi Kunj Estate Own.Asso, 1St Floor, Ashram Road, Nehru Bridge Corner, City Ahmedabad, Ahmedabad, Gujarat	India
S1-735793421	South West Delhi Esolutions	C/O Mahesh Mehto, Cn.298 Jj.Colony, South West Delhi, Delhi	India
S1-260636792	Shivam Food Pvt Ltd	Plot No. 2077/6449, Khata No. 994/551 Malikesawar Colony, Malkangiri, Orissa	India
S1-654997519	Tanya Delacruz, CPA	889 Elm Street, New Haven, CT	US
S1-378428470	Braswell Osprey, LLC	612 Carbon Street, Girard, KS	US
S1-335602809	Sims and Anderson LLC	4811 L Street, Lincoln, NE	US
S1-135624348	Strategic Adr, LLC	1825 Oakview Avenue, Unit Apartment 219, Alexandria, MN	US
S1-488391685	Velify Online Corp	4569 South Boulevard, Charlotte, NC	US
S1-994233185	6Th Cross Road Near Ravindhra Nagar Applications Pvt Ltd	Nellore, 6Th Cross Road Near Ravindhra Nagar, 24-7-273, Andhra Pradesh	India
S1-604457970	Mccormack's Trusted Automotive	2080 Saint James Road, Marriottsville, MD	US
S1-550418356	BW Rock LLC	1603 208th Avenue, Buckeye, AZ	US
S1-706306762	North Developers Pvt Ltd	House No-2796, Street No.13, Churiya Mohalla, Tughlakabad Village, New Delhi, Delhi	India
S1-617118914	Vision Estate Private Limited	Delhi, East Delhi, Delhi, D-243 Nirman Vihar	India
S1-693398253	PHD Capital Private Limited	71/1, Topsia Road South, Kolkata, Kolkata, Howrah, West Bengal	India
S1-538264096	Dermatology Medicine LLC	209 Franklin Street, Winamac, IN	US
S1-10715701	Joe Bloom Pvt Ltd	No.147/8B, Chiraa Farms, Tiruchirappalli, Tamil Nadu	India
S1-339142270	Preferred Investment Alliance P.C.	13535 Fern Street, Tigard, OR	US
S1-92578335	Melany Strain, D.D.S.	32 Brookview Lane, Unit 2E, Camdenton, MO	US
S1-58781451	The Dent Cafe Holdings	1201 Winfield Avenue, Topeka, KS	US
S1-857188255	Collins Rapid Newbridge	520 Mast Street, Unit 2, Town Of Bel Air, MD	US
S1-234118298	Right Capital Private Limited	Khashra No 2979, Piyala Ballabgarh Haryana, Ballabgarh, Faridabad, Haryana	India
S1-768292524	Kolkata Granite Private Limited	Basirhat Jamrultala Basirhat, Kolkata, Parganas North, West Bengal	India
S1-221082826	Novation & Co Corporation	206, 2Nd Floor, Vikas Hieght Rambaugh Opp Hdfc Bank, Maharashtra, Thane, Kalyan	India
S1-648048052	Ispat Nursing Home	H.No.588, Tal Malegaon, Jalgaon, Nashik, Maharashtra	India
S1-110265171	BV Spinning Private Limited	B-305, Siddhi Complex, Vatika Township, Dumbhal, Surat, Choryasi, Gujarat	India
S1-280581428	My Consultants	172/531 Vpo Garha, Jalandhar, Punjab	India
S1-140787220	Mattannur Business Limited	3/558/A, Dewdrops, Kallur, Mattannur P O, Mattannur, Kannur, Kerala	India
S1-874131245	Esma Webb Royal Target Inc	1900 Westchester Avenue, Zachary City, LA	US
S1-653860266	Brightyx Independence P.C.	848 Linn Drive, Cleveland, OH	US
S1-494327499	Tercero Kodiak of Kirkland	156 Utica Road, Kirkland, NY	US
S1-975216975	Capital Health Center Memphis	915 Craigwood Drive, Memphis, TN	US
S1-198697054	Stratton Interiors Inc	502 Bent Street, Bedford, IA	US
S1-811864217	Peridus Wilco LLC	6042 Island Avenue, Syracuse, IN	US
S1-502723743	Porter, Livingood & Pollock Metals LP	15520 Calico Court, Frisco, TX	US
S1-31168349	Harrington Allied Eastern Inc	5290 Overpass Road, Bldg B, Goleta, CA	US
S1-461870674	Seven International	C 32 Suryoday Parkgotri Road, Baroda, Vadodara, Gujarat	India
S1-464034385	Global California P.C.	1311 Badger Street, Unit Apt 309, City Of La Crosse, WI	US
S1-342987816	Rebbecca Mcdonough, O.D., P.C.	42 24th Street, Terre Haute, IN	US
S1-914547330	Silver Properties Private Limited	Haryana, Railway Road, 143, F-Block, Rajendra, Park, Sec. 105, Sec. 105, Opp. Pnb, Gurgaon	India
S1-805524178	American Network	3460 Telstar Circle, Anchorage, AK	US
S1-329073454	Jd Beauty Corporation	C/O Kiran, 0, 0, Devilal, Nagar Nr Suresh Pehelwan, Gohana, Sonipat, Haryana	India
S1-562973427	Vishnu Heritage Private Limited	Naimisharanya Ground, Juni Indore, Railway Line, Khandwa, East Nimar, Madhya Pradesh	India
S1-164948625	Eutsler Athena Inc	Wichita, 9030 Peppertree Circle, KS, Fl 0	US
S1-498410491	Guru Industrial Private Limited	Flat No.203, Aditi Co-Op Housing Society, Near Agarwal Godown, Shivane, Pune, Maharashtra, S No.79, Pune	India
S1-274774580	Diamond Creative Ventures LLC	10 Third Drive, Hyde Park, NY	US
S1-360927808	Dixon Better Nuclear Inc	540 Sierra Drive, Dixon, CA	US
S1-346169830	Urology Prairie Partners LLC	1 Prindle Avenue, Unit Apartment 202, Hornell, NY	US
S1-190244086	Indianapolis Baptist Center Inc	566 King Avenue, Indianapolis, IN	US
S1-616486054	Umbergaon Green Private Limited	1St Floor, Road No.21, 3Rd Phase, Gidc, Valsad, Umbergaon, Plot No. 1402/1/A, Gujarat	India
S1-915019907	Jai Consultancy Pvt Ltd	114/D2, Ramamoorthy Road, Virudhunagar, Tamil Nadu	India
S1-443976470	Roberts Highland Blockchain	2656 Cameron Way, Frederick, MD	US
S1-944317106	Family Innovative Physicians Corp	1805 Shepherd Court, Unit Unit 112, City Of Waukesha, WI	US
S1-246020940	Frontier Cardiology LLC	805 Willow Street, Syracuse, NY	US
S1-300531057	Hkg Educational Society	154/662, Ground Floor, Pooth Khurd Landmark Near Ganga Toli Mandir, Delhi, North West, Delhi	India
S1-119084851	Cozy Bistro!	6904 Sandalwood Lane, Fort Worth, TX	US
S1-301707433	Verric Virginia LLC	Ames, Unit UNIT 2, 3803 Tripp St, IA	US
S1-919399202	Malad East Granite Private Limited	Office No. 101, Maharashtra, Malad East, Mumbai, Vaishno Heights, C Wing, First Floor	India
S1-814830455	Lakshmi Real Finance Pvt Ltd	1368, Trichy Road Coimbatore, Coimbatore, Tamil Nadu	India
S1-76185816	Chavarria Term LLC	2712 Tyler Avenue, Nederland, TX	US
S1-256785236	Gmm Infrastructures Private Limited	Shop No 104 Pvt No 3 Gf Bara Bazar Market Old Rajinder Nagar, New Delhi, Delhi	India
S1-636753598	Galaxy Tech Private Limited	B-403, Rajshree Avenue, B/H Dinesh Hall Income Tax, Ahmedabad, Gujarat	India
S1-589365248	Larson School of Medicine	1932 Anderson Road, Fairfax County, VA	US
S1-587254143	Provencio, Beth, P.A.	252 Colner Circle, Folsom, CA	US
S1-295359859	Balaji Industries Private Limited	5Th Floor, Summit B, Brigade Metropolis, Bangalore North, Bangalore, Karnataka	India
S1-704388331	Pediatric Care	71138 Morristown-flushing Road, Flushing, OH	US
S1-997166821	Enterprises Stalwart Agro	New Delhi, Delhi, Central Delhi, 4939 - 47 Kumar Houseparas Nath Marg Sadar Bazar	India
S1-49473719	Pippy Vera Dynamic Audio Installation Care	1217 Chicago Avenue, Islip, NY	US
S1-934324616	Shyam Food Private Limited	Plot No. 139, Shriram Nagar, S. No. 180/1, Nandurbar, Maharashtra	India
S1-662773896	Ace Textile Brands	5692 Paynes Mill Road, Louisa County, VA	US
S1-160573622	Eye Physicians of Pittsford	340 Long Trail, Pittsford, VT	US
S1-31842668	Palasa Digitech Private Limited	1, Main Road, Vajrapukotturu, Palasa, Srikakulam, Andhra Pradesh	India
S1-914829043	Big Healthcare Private Limited	Flat No.303, Block D, Garden Crest, Kongu Nagar, Trichy Road, Coimbatore South, Coimbatore, Tamil Nadu	India
S1-310764100	Maa Shiva Exports Private Limited	Delhi, East Delhi, B 310-C New Ashok Nagar	India
S1-812533769	Value Virtus, LLC	225 Hibbert, Unit 102, Mesa, AZ	US
S1-48374720	Magdalene Diaz Ridge Otg LLC	10063 214, Trinity, AL	US
S1-129481872	United Arm Private Limited	103-104, B Wing, Fulcrum, Hiranandani Business Park, Sahar Road, A, Ndheri (E), Mumbai, Mumbai City, Maharashtra	India
S1-67454606	Cain & Li	451 Fox Hound Drive, PA, Whitemarsh Township, Bldg Building 400	US
S1-365299224	Mcpherson Technical	408 Timberview Lane, Arlington, TX	US
S1-729208535	Janith Burke Innovative Meridian Inc	784 Riverview Drive, Dayton, TN	US
S1-35376069	Green Logistics Limited	Flat No 601, Emp-13, Thakur Village, Kandivali East, Mumbai, Maharashtra	India
S1-622883808	Rapid Ace Resorts LLC	4019 Buckeye Way, WI, Town Of Scott	US
S1-898412550	Om Foods Private Limited	Jalandhar, Punjab, Arya Samaj Mandir, Model Town, Shop No. 7	India
S1-24281069	Services Gsc Events Private Limited	F-66 & 67, Agro Food Park, Ramgarh, Alwar, Rajasthan	India
S1-549484703	Nimbus (India) Consulting Private Limited	Hno.2/13, Lp.15/12, Ashok Nagar(Tollygunge), Kolkata, Kolkata, Howrah, West Bengal	India
S1-872466473	York, Vonnie, MD	9827 Meadow View Drive, Saint Louis, MO	US
S1-99150835	Pediatric Dentistry Medicine	3205 Cobblestone Court, Raleigh, NC	US
S1-192730312	Delgado Communities, Inc	3688 Brinell Street, Unit 402, Columbus, OH	US
S1-414919331	Anil Projects Private Limited	A-30, Vishwas Park, Bindapur Matiala Road, New Delhi, West Delhi, Delhi	India
S1-831359294	Grand Packaging Union Inc	1801 54th Avenue, Minot, ND	US
S1-6866373	Srikrishna India Group	Ahmedabad, Khodiyar Ngr, Opp Ratna Sagar Nr.P.D. Pandya Clg, Ghodasar, Shop No-5, Gujarat	India
S1-372957176	Blue Sizzle	2903 Meriden Road, Topeka, KS	US
S1-397642660	Meza Bdc LLC	31806 10th Place, Federal Way, WA	US
S1-684039745	4074 Highland Court Holdings Group	3317 Franbrook Ter NW, Cedar Rapids, IA	US
S1-187824328	Yamasaki Pediatrics LLC	606 Mogadore Road, Kent, OH	US
S1-935704998	City Healthcare Limited	65/2 Hindusthan Park, Kolkata, Calcutta, West Bengal	India
S1-24120897	Community Initiative LLC	535 New England Avenue, Pinebluff, NC	US
S1-86063224	Super Solutions Private Limited	P.No.147, Primus Epsilon, Gundlapochampally, Rangareddy, K.V.Rangareddy, Telangana	India
S1-362222453	Patrick and Collins Partners	40 Morgan Lane, Brinnon, WA	US
S1-68304259	Services Lokseva Catalyst LLP	Door No.17/510, Near Saleema Hospital, Thalakkadathur, Tirur, Malappuram, Malapuram, Kerala	India
S1-308583718	Platinum Computing Corp	7159 Hoyne Avenue, Chicago, IL	US
S1-302734946	Ispat & Associates Company	Naraingarh Road, Ambala City, Haryana	India
S1-714715499	Chandauli Infrastructures Pvt. Ltd.	C/O Brij Raj Mishra S/O Ramsakal Mishra Vill Majhwar, Po Chandauli, Chandauli, Uttar Pradesh	India
S1-50624534	Jilli Pearce Rocky Portfolio	9325 Mull Road, Vale, NC	US
S1-563523144	Automated Intelligence Brands, LLC	1258 School Drive, City Of Waukesha, WI	US
S1-980014010	Mccants Ace Microelectronics	310 Mountain Creek Road, Columbia Falls, MT	US
S1-933999948	Abbie Dudley Allied Printing, Inc	TX, Rusk, 261 Williams Street	US
S1-423709435	Pioneer Automotive LLC	99-17 211 Place, Queens Village, NY	US
S1-266993916	Maldonado Bio Inc	4040 Latoka View Lane, Alexandria, MN	US
S1-973102622	Vanguard Flex, Inc	12870 Longleaf Lane, Fishers, IN	US
S1-358577937	Indian Food Limited	Mahadev Nagar, Kailash Mode, Sikandra, Agra, Uttar Pradesh	India
S1-523738534	Alpha Engineering Private Limited	De-140/1, Ground Floor Tagore Garden, New Delhi, Delhi	India
S1-73707286	India Anmol Kartar Co	315-G, 2Nd Floor, S. M Building, Behind Hinduja College, New Charni Road-East, Mumbai, Maharashtra	India
S1-50418396	Premier Materials Global Group	9 Central Woods Lane, Brookhaven, NY	US
S1-757560995	Crew Trading Private Limited	Idukki, Kerala, Idukki, 15/348 Parappallil Anavilasam P.O	India
S1-312312335	FA Laboratories LLC	114 Bennett Village Terrace, Buffalo, NY	US
S1-747032131	Metropolitan Hovnanian Inc	1555 Mesa Verde Drive, Unit 40F, Costa Mesa, CA	US
S1-522237747	V/S Sea	9018 Breckenridge Cove, Lakeland, TN	US
S1-564601458	Pole Design Pvt Ltd	Plot No 39 Lig Phase 2 Sy, Huda Colony, Tirumalagiri, Hyderabad, Telangana	India
S1-380919435	West Animal Hospital	9921 Willowbank Drive, Highland, UT	US
S1-496761025	Jaipur Vizag LLP	C/Omnit Innovation And Incubation Centre (Miic) J L N Marg, Jaipur, Rajasthan	India
S1-148197187	Mahalaxmi Ventures Corp	94/1, Doddathogur Village Electronic City Phase - 1, Bangalore, Karnataka	India
S1-804688709	Schrack Communications	512 Pitt Street, PA, Carlisle Borough	US
S1-614505417	Mountain Motors Inc	1502 11th Street, Grove, OK	US
S1-558777311	Lotus Foundation Private Limited	Gorakhpur, Uttar Pradesh, Turkmanpur Patwari Tola, 120	India
S1-979586044	JE Smart Limited	604, Street No.12 Shahid Bhagat Singh Colony, Karawal Naga, R, Delhi, North East, Delhi	India
S1-500219717	Clean Tungsten LLC	900 Moultrie Drive, Blytheville, AR	US
S1-166834336	KFD Software Private Limited	Maharashtra, H No- 6A/2/2 Zinnia, Flat No-401, Magarpatta City, Sr No. 137, Pune	India
S1-510616884	Kata Jackson Grade LLC	610 I Jack Lambert Drive, Sweetwater, TX	US
S1-307421243	Classic Blue Consulting LLP	Flat No.1, Lalit Raj Park, Behind Darshan Hall, Tanaji Nagar, Chinchwad Gaon, Pune, Maharashtra	India
S1-778515181	Dusk Studio LLP	Aditya Athena, O U Colony, Shaikpet, E 1202, Golconda, Hyderabad, Telangana	India
S1-512610393	Clark & Monica, Inc	IN, 882 London Lane, Valparaiso	US
S1-359002455	Kanha Tea Private Limited	P No. 362, Sindh Co Op Hsg Socy, Aundh, Pune City, Pune, Maharashtra	India
S1-307250816	Kishangarh Constructions Pvt. Ltd.	Rajasthan, Ajmer, Ward No.25, Kishangarh, Mehta Bhawan, Oswali Mohalla	India
S1-185764500	Historical Coalition	2533 Edgehill Avenue, Virginia Beach City, VA	US
S1-243126538	Gonzalez Tri-State Altisource, LLC	2193 Peniel Road, Spencer, WV	US
S1-447532064	Yazzie Partners LLC	4673 Mountain Oak Street, Keller, TX	US
S1-8200564	Lyden Management Inc	307 Washington Avenue, Calera, OK	US
S1-824868098	Clarey Jackson Spade LLC	6926 Caddo Lake Lane, Houston, TX	US
S1-899898619	Montay Franklin Inc	1255 Morton Avenue, Jacksonville, IL	US
S1-540283712	Mantra Dynamics Pvt. Ltd.	Do No 2/49, Periyamottur, Kanakkamutalu, Agasipalli, Krishnagiri, Krishnagiri, Dharmapuri, Tamil Nadu	India
S1-536905318	Barrera, House & Polhemus Telephone Associates	3061 Resaca Vista Drive, Brownsville, TX	US
S1-686756227	Searles Pioneer Marketing LP	12739 Savana Road, Le Grand, CA	US
S1-137638222	Ace Super Corp	3904 Emerson Drive, North Little Rock, AR	US
S1-440993679	Technologies Zoom Hospitality Public Limited	Door No. 46/521-B, Anakath Building, P.O. Ponnani South, Malappuram, Malappuram, Malapuram, Kerala	India
S1-560153898	Producer Sundar Smart Care	320, City Centre, 570 Mg Road, Indore, Madhya Pradesh	India
S1-861242661	Brawny Academy	Flat No A-208 Second Floor, Ram Raghu Ananda, Sadar, Agra, Uttar Pradesh	India
S1-30306792	Hari Investment Private Limited	Gujarat, Garden Residency B/H Shyam Villa, Daskori, Bopal, I-504, Ahmedabad	India
S1-509510511	NE Blue Center	55 Cottage Lane, Burke, VT	US
S1-949178788	Desoft Design Inc	3107 Rant Drum Road, NC, Maiden	US
S1-615111948	Behavioral Health Specialists Inc	218-85 97 Avenue, Queens Village, NY	US
S1-967920854	Legacy Boa LLC	5317 Salem Bend Drive, Unit 28, Trotwood, OH	US
S1-57227563	V T & T Ready	2014 Hairston Avenue, Conway, AR	US
S1-820485526	Almeria Lee, O.D.	9710 70, Princeton, NC	US
S1-685220668	Krishna International	4 Iind Floor, Chitra Vihar, Shahdara, Delhi	India
S1-166453645	Stalwart Services Pvt. Ltd.	No.497/4, Thirukural Street, Madurai North, Madurai, Tamil Nadu	India
S1-945556416	Buffy Engelhardt, DPM	332 Willow Heights, Clarksville, TN	US
S1-173118270	Certified Harbor Cayson	207 Kansas Avenue, Jal, NM	US
S1-715476741	Foundation Phoenix Automobiles Private Limited	House No.2783, Sector 3Rd, Madar, Ajmer, Rajasthan	India
S1-496823241	Gujarat Power Pvt Ltd	A 13 Ashok Marg, Lawrence Terrace Colony, Lucknow, Uttar Pradesh	India
S1-852943936	Eastern Infrastructure Private Limited	C/O Shatrughan Lal Verma 22 Sshyam Vihar Neaar Shiwajipuram, Indra Nagar, Lucknow, Uttar Pradesh	India
S1-112653302	Northern Dogecoin	108 Kansas Avenue, Norton, KS	US
S1-565149981	Back Alley Grill	975 Bexley Drive, City Of North Salt Lake, UT	US
S1-282905620	Red Tattoo	8834 25, Mentone, IN	US
S1-84772355	Nesa Developers Pvt Ltd	A S Marg, Iit Bombay Campus, Powai, Mumbai, Maharashtra, Mumbai, Sine Office 6Th Floor Rahul Bajaj Technology Innovation Centre (Rbtic) Building	India
S1-36777010	Dermatology Associates of Peoria	7526 Turquoise Avenue, Peoria, AZ	US
S1-413929600	Fidele Web Pvt Ltd	Tamil Nadu, Kodambakkam, No.11 (6), Chennai 24., Ground Floorunited India Colony, Fourth Cross Street	India
S1-893077528	Shree Logistics LLP	6878/22, Mohar Singh Ngr, Ambedkar Nagar, Ludhiana, Punjab	India
S1-852077409	Aravali Street Private Limited	Khata No-50/3526, Plot No-126/1-3408, Rayagada(K), Rayagada, Orissa	India
S1-219329570	Ace Federal Guaranty	1169 St Rt 97, Bellville, OH	US
S1-341193328	Granite Falls Hunger Institute Inc.	1081 Trackside Way, Granite Falls, NC	US
S1-154521017	Cozy Hair Studio	3834 Harlem Avenue, Chicago, IL	US
S1-579421151	Teen Legacy Private Limited	254 G/F, Khasra No 53/6, Village Dhulsiras, New Delhi, South West Delhi, Delhi	India
S1-703029092	Waller Heart Coalition LLC	TX, Waller, 44222 Hwy 290 Bus	US
S1-302139350	Primary Care Horizon Center L.L.C.	3834 Brownhill Road, Randallstown, MD	US
S1-815040755	Twisted Hair Studio!	1023 Tapestry Drive, Spokane, WA	US
S1-663657592	Direct Metropolitan Communities LLC	1060 Pagoda Avenue, Queen Creek, AZ	US
S1-487958283	BER Regional Kimco LLC	173242 N, Town Of Easton, WI	US
S1-196946885	G B & R Telefonica	8004 Running Cedar Trail, Raleigh, NC	US
S1-988127546	Freedman & Lee Meshflow LLC	2489 Sagewood Court, Waldorf, MD	US
S1-366775766	Gurgaon Edutech Pvt. Ltd.	Ground Floor Park Centra Bptp Building, Haryana, Gurgaon, Unit No-10-A, Gurgaon	India
S1-65999310	Downtown Deli! LLC	4636 122nd Street, Alsip, IL	US
S1-533145057	Owen's Golden Iron Works	57 Mill Street, Unit 417, Woburn, MA	US
S1-13645603	ZL Aegis LLP	F-560, Delta-1, Greater Noida, Gautam Buddha Nagar, Uttar Pradesh	India
S1-312715341	Kara-Lynn H. Merino, DPM, DDS PC	39 Turkey Plain Road, Bethel, CT	US
S1-873307672	Shephard's Midwest Therapy Corp	19 Knoll Court, Fishkill, NY	US
S1-926361386	Timmons and Donohue Inc	200 Hampton Hall Drive, Berea, KY	US
S1-953042142	Desert Center	2209 Main Street, North Newton, KS	US
S1-666110770	Future Construction Private Limited	G-205 Park Ivory Park St, S. No 214/2 To 10 And 2, Pune City, Pune, Maharashtra	India
S1-847668105	Global Minerals Private Limited	A-2301, Jeevandeep Chs Ltd, Mahaveer Nagar Link Road, Kandivali Village, Kandivali West, Mumbai, Maharashtra	India
S1-982063056	Agrasen Brothers Pvt Ltd	Villa No.35, Shangri-La Villas, Hyd, Hyderabad, Telangana	India
S1-797837013	Tech Sree Tech Private Limited	Uttar Pradesh, Lucknow, Malviya Nagar, Aishbagh, Sri Mahasewak Mishra S/O S D Mishra 3/4, Lucknow	India
S1-514195859	Allied Energy Networks Group	86 Roberts Grove Road, Dunn, NC	US
S1-443520802	Pace Traders Limited	2, Anthony Machado Estate, Cst Road, Kalina, Santacruz East, Mumbai, Mumbai City, Maharashtra	India
S1-869233098	Ravue Commercial, LLC	6163 Goliad Avenue, Dallas, TX	US
S1-487723512	Erode Industry Private Limited	725 Brough Road, Erode, Tamil Nadu	India
S1-265977538	Dental Center of Little Rock LLC	301 Booker Street, Little Rock, AR	US
S1-383694692	Hari Industries Limited	Plot No. 24, Sect No - 19E Turbe, Navi Mumbai, Thane, Maharashtra	India
S1-34726247	Masi Enclave Inc	3644 22, Peru, NY	US
S1-425032483	Sree Golden Investment Private Limited	10 Th Floor Building 4, Western Express Highway, Goregaon East, Nesco It Park, Mumbai, Maharashtra	India
S1-232598531	Peralta, Wiggins and Hernandez Inc	5763 Freeman Road, Dayton, OH	US
S1-413945472	Entrepreneurs Solutions LLP	Flat No. 84, Pocket-E Mayur Vihar, Phase-2, Delhi, New Delhi, Delhi	India
S1-683705824	Jain Finance	Uttar Pradesh, Shop At 136/ Civil Lines Circuit House Chauraha, Bareilly	India
S1-346118412	Lindsey's Contracting	Hanover County, VA, 9061 Vidette Lane	US
S1-799372462	Secure Bright Bioworks	534 Azalea Drive, Maryville, TN	US
S1-840570996	Cgi Vidyalaya	No. G-1003, Janapriya Reddy Complex, Bangalore North, Bangalore, Karnataka	India
S1-11500295	Juarez Learning Center	4264 68, Lisbon, NY	US
S1-100335748	Saharsh Wires LLP	C-11, Ground Floor, Shop No.3, Kh No. 1076/5/2 Dilshad Colony Nr-Bharat Ghar, Delhi, North West, Delhi	India
S1-82465707	Eskew Safe Acp Corp	1014 Francis Drive, Pasadena, TX	US
S1-205134101	Bell Multimedia Inc	45 Walmott Drive, Huntington, WV	US
S1-863987643	The Dent Bike Shop! LLC	3108 Wells Street, Chicago, IL	US
S1-908334535	Om Power Private Limited	33 Kamaraj Street, Mahalingapuram, Pollachi, Coimbatore, Tamil Nadu	India
S1-148411503	New Life Cathedral	552 Chicopee Street, Unit 2-LEFT, Chicopee, MA	US
S1-878816742	Ace Properties Private Limited	E-25, Basement, Lajpat Nagar-Iii, New Delhi, Delhi	India
S1-129130406	Unique Homes Private Limited	C/O Sunita Sinha West Gate Of Jain College, Katira, Ara, Bhojpur, Bihar	India
S1-188488154	Prime Marketing LLP	Sree Ganesh, Sankarpur, Ps-Khandagiri, Bhubaneswar, Khordha, Flat No.306, Orissa	India
S1-798252696	Anderson and Lintner Corp	738 Lenox Drive, Waconia, MN	US
S1-872171138	Druci's Liberty Staffing LLC	2425 550, Coatesville, IN	US
S1-518545725	Mangat Australian	1000 S Coast Drive, Unit U106, Costa Mesa, CA	US
S1-318238210	Maid Seafood! PC	6720 Jeffery Boulevard, Chicago, IL	US
S1-116449230	American Dividend	136 Davis Street, Northborough, MA	US
S1-797352869	Emyle Fields Aimei Inc.	3215 Leamington Lane, Charlotte, NC	US
S1-472289156	Internal Medicine Health LLC	25303 176th Avenue, Covington, WA	US
S1-629638750	Vision Technologies Private Limited	5Th Floor, Tower C, Tek Meadows No. 51, Rajiv Gandhi Salai, Sholinganall, Ur, Chennai, Tamil Nadu	India
S1-923992831	Punjab Cargo Limited	# 77 Phase 1Xsas Nagar Mohali, Punjab, Rupnagar	India
S1-197465477	Novyn Dollar Inc	400 Heritage Way, Andover, KS, Unit APT 426	US
S1-674520952	Logan and Hunt Partners	705 Little River Road, Augusta County, VA	US
S1-133600296	Hebel Harbor Mckinley	7109 Layton Drive, Fairfax County, VA	US
S1-116377501	Mudit & Sons Pvt Ltd	Ittina Rrv Apts, #S-16, 3Rd Floor, 2Nd Cross Rrv Layout Ramamurthy Nagar, Bangalore, Karnataka	India
S1-814379999	Manwani Funds Pvt Ltd	Door No.28/1287, Padom Stop A.V John Alunkal Road, Kadavanthra, Ernakulam, Kerala	India
S1-90382891	Ananya Films Private Limited	Assotechbusinesscresterra, 108, Tower 4, 1F, Sec 135, Noida, Gautam Buddha Nagar, Uttar Pradesh	India
S1-200016350	Link Real (India) Private Limited	H.No 381 At & Post Dhanora Bk, Tq Ambajogai, Dist Beed, Ambejogai, Beed, Maharashtra	India
S1-916777116	VQ Technologies Private Limited	B-3/154 Ground Floor, Yamuna Vihar, East Delhi, Delhi	India
S1-369483027	Doix Resources LLC	84 State Street, Frazeysburg, OH	US
S1-860868195	Family Center of Millcreek	1591 3970, Millcreek, UT	US
S1-681305781	Wilcher Greenfire	NC, 619 Gainey Road, Raeford	US
S1-399511900	Sai Management Private Limited	14, Ahmedabad, Gujarat, Triloki Co Op Housing Society, Sarvodayanagar Part-3, Nr. K.K. Nagar Cross Road, Ghatl, Odiya, Ahmedabad	India
S1-807049666	Purti Software LLP	290 3 2, Old Delhi Road, Prem Nagar 2, Sadar Bazar, Gurgaon, Haryana	India
S1-278555782	Continental Family Practice	68 Highland Avenue, Auburn, ME	US
S1-11632218	Aparna Welfare Society	Flat 2 Sno 78/45, Siddhivinayak Residency, Pune City, Pune, Maharashtra	India
S1-76724459	Nady Garcia Cascade Southwest Inc	2201 Town Road, Town Of Quincy, WI	US
S1-481655417	Care Institute	Plot No.D-30, M.I.D.C Satpur, Nashik, Maharashtra	India
S1-553623172	Sean Palmerin Platinum Rail Inc	2410 Westridge Trail, TX, Sherman	US
S1-276631123	Dental Medicine Inc	15621 Swanscombe Loop, Upper Marlboro, MD	US
S1-160043387	Curry Star Soren	N9503 17th Avenue, Town Of Necedah, WI	US
S1-371047656	Mad & Co Ltd	72-C, Prasad Nagar Karol Bagh, New Delhi, Delhi	India
S1-218981454	Applewhite Capital LLC	525 3rd Street, Stanley, ND	US
S1-653762365	GL Solutions Private Limited	#F1, White House, St.Marks Road, Bangalore, Karnataka	India
S1-317523591	Kakalina's Interiors	1003 1st Avenue, Unit UNIT 1, Great Falls, MT	US
S1-185614250	Guru Healthcare LLP	Survey No 76/12, At. Badarpur Khodla, Ta.Palanpur, Dist.Banaskantha, Badarpura, (Khodla), Palanpur, Banas Kantha, Gujarat	India
S1-84181190	Diannne Chapa Crystal Tidewater, LLC	5729 1st Street, Newton, KS	US
S1-28103172	Indian Ventures Limited	Kotkapura Road Mukatsar, Punjab, Muktsar, Punjab	India
S1-474642299	Hewitt and Mancias	14805 Fm 1236, Needville, TX	US
S1-178886978	Mbp India Private Limited	F.No.F-3, Sai Sneha Avenue Srinivasa Colony, Manikonda, Hyderabad, Telangana	India
S1-364845156	Vijay It LLP	Kancheepuram, Tamil Nadu, 67A, Ottakuthar Street, Mamallannagar	India
S1-974411199	Sepl Amusement LLP	Shop No-07, Survey No. 198, Next To Rupa Compound Cst Road, Kurla West, Mumbai, Mumbai City, Maharashtra	India
S1-9680106	Viv Gaier, DDS	10301 26th Street, Tulsa, OK	US
S1-303891628	Consultants Blackbuck Exports Ltd	Mumbai, Floor 14, Wing A, Rna Royal Park-A, M.G.Road, Kandivali W, Maharashtra, Mumbai City, Flat 1404	India
S1-208126817	John, Anderson & Mcnichol Core	1520 Lincoln Avenue, Utica, NY	US
S1-301878841	Nezone Trading Limited	Arvind Kr. Singh, Vill-Sirnia, Bilaspur Sirniyan West Bilaspur, Block-Hayaghat, Darbhanga, Bihar	India
S1-974391882	Lodhi Brothers Limited	22/10, 11 Kazura Garden, Ist Street, Neelangarai, Chennai, Tamil Nadu	India
S1-357032828	Jd Services Pvt Ltd	Madhya Pradesh, Gopadvanas, Prem Nagar, C/O Bansh Bahadur Singh, Sidhi	India
S1-746814581	Bova Data	Waldo, 631 Nevada 166, AR	US
S1-94308669	Fresh Diner	27 Frontrunner Way, Scarborough, ME	US
S1-886579445	Southern Construction Private Limited	T-510/E-2, Baljit Nagar, Delhi	India
S1-262333788	Hughes Allied Appliance, LLC	772 Westwood Avenue, UT, Moab City	US
S1-176109756	Petronia Moore Capital Pampa, LLC	2033 Leeroy Johnson Lane, Lincolnton, NC	US
S1-240879275	Lyrance Hair Studio LLC	3404 Summerfield Drive, Clarksville, TN	US
S1-772616994	Bell Universal Inc	3518 Pleasant Avenue, Minneapolis, MN	US
S1-227985592	Ace Platinum Planet	1005 Fleming Lane, Stallings, NC	US
S1-331342599	Lishe Keil Net P.C.	2 Shaker Road, Unit D107, Shirley, MA	US
S1-53298814	Pediatric Dentistry Medicine Inc	6192 Harmon Glen Lane, Fl 1, Canal Winchester, OH	US
S1-937045653	United Foundation Private Limited	House No 255 Near Choti Masjid, Khureji Khas, East Delhi, Delhi	India
S1-330943684	Anderson Best Five, LLC	7 French Hill Road, Underhill, VT	US
S1-605420900	Russell Reliable Security, LLC	1804 24th Avenue, Moorhead, MN	US
S1-737084988	Infra Anay Technologies Private Limited	B-15011, 16Th Avenue, Sec - 16C, Gaur City - 2, Gautam Buddha Nagar, Uttar Pradesh	India
S1-221595348	Mumbai Center Pvt Ltd	A-401, 4Th Floor, Balaji Garden, South Indian Chs, Shraddhanand Road, Matunga (East), Mumbai, Maharashtra	India
S1-602451198	Mitchell Custom Multimedia Inc	245 2400E Road, Paxton, IL	US
S1-723370149	Noble Web Private Limited	West Bengal, Infinity, Kolkata, Plot A - 3 Block- Gp Sector V, Salt Lake Electronics Complex, Howrah	India
S1-415396673	Affordable Realtors Private Limited	H.No 4-175/1, Zphs Area, Revenue Ward-2, Tadigadapa, Krishna, Andhra Pradesh	India
S1-805728099	Garcia Chimera	Dallas, 635 Hoke Smith Drive, TX	US
S1-662199662	Urban Pilates LLC	907 Byrneport Drive, Unit 1D, Toledo, OH	US
S1-529542200	NGW Better	10084 Tr 112, Fostoria, OH	US
S1-56967938	Nityanand Cluster (India) Pvt. Ltd.	Plot No. 13, Gopi Industrial Estate, Changodar, Ahmedabad, Gujarat	India
S1-424974552	Pirg Media Private Limited	Village -Krishnarampur, P.O.- Amgachia, Pailan Near Radha Krishna Temple, Kolkata, Parganas South, West Bengal	India
S1-785940189	Lindsay Interests LLC	3816 Dodson Chapel Road, Unit 214, Nashville, TN	US
S1-94306373	Properties Samarth Exim Limited	Tamil Nadu, Tiruchirappalli, No.216, Ponnagaram, Manapparai, Tiruchirappalli	India
S1-514805203	Isabelle's Dental	209 Windsong Way, Allen, TX	US
S1-684002158	Phillips Clear Diagnostics	TX, Wylie, 1200 Lynda Lane	US
S1-693722530	Vanguard Chase, LLC	W60N746 Jefferson Avenue, WI, City Of Cedarburg	US
S1-179767425	India Red Packaging Private Limited	No.B, 1 & 18, Kumbhat, No.699 & 700, P.H.Road, Aminjikarai, Madras-3, Aminjikarai, Madras-3, Chennai, Tamil Nadu	India
S1-839626400	Paex Telefonica	973 Jowers Road, Olivehill, TN	US
S1-810695194	Marks Treasures Private Limited	D. No. 4-4-107, 3Rd Line Chandramouli Nagar, Ring Road, Guntur, Krishna, Andhra Pradesh	India
S1-334038715	Flora India Private Limited	44/5 Chowdhurypara Lane, Ground Floor, Domjur, Howrah, West Bengal	India
S1-776098323	Cetech Beacon Contracting LLC	2000 Ovaltine Court, Unit 402, Villa Park, IL	US
S1-885793803	Baum PC	305 Nora Avenue, Glenview, IL	US
S1-153244532	Marvin & Sons Private Limited	Mumbai City, 410, Mumbai, Maharashtra, 4Th Floor, Palm Spring Complex, Above Croma Showroom, Malad West	India
S1-827405404	Sree Builders Private Limited	No.18/76B Aviran Kuzhi, Arasakulam, Thengapattnam, Kanyakumari, Tamil Nadu	India
S1-519044336	Kassey's Continental Fashion Inc	164 Cambridge Drive, Hamilton, OH	US
S1-313367739	International Electronics Global	CO, Orchard Mesa, 250 Nashua Court	US
S1-620369843	Scott & Westfall Inc	KY, Lawrenceburg, 503 Pawnee Drive	US
S1-363753097	Gussie S. Ortega, O.D.	Richmond City, 3120 Grace Street, VA	US
S1-507663886	Cancer Piedmont Association	4203 Lloyd Ave SE, Iowa City, IA	US
S1-70491865	Select Rapid Housing Corp	6399 Laramie Circle, Chattanooga, TN	US
S1-321771394	Brown Express Wellness LLC	2516 Market Avenue, Cleveland, OH	US
S1-982138443	Morales Power LLC	612 Columbia Road, Unit 305, Boston, MA	US
S1-644589756	Pune Technologyprivate Private Limited	B 401, Satellite Tower Society, Mundhwa Road, Mundhwa, Pune, Maharashtra	India
S1-795923569	Little Yoga	CA, 3811 24th Avenue, Sacramento	US
S1-353392352	Brook Heyward, L.C.S.W., DDS PC	118 Oxley Drive, Cynthiana, KY	US
S1-702292344	Alderfer Supreme Health	331 6th Street, OR, Newport	US
S1-287919781	Rocky Charter School	1907 Shelby Avenue, Nashville, TN	US
S1-776118770	Sky Infra Pvt Ltd	Mumbai, Maharashtra, Gala No. 6, Mumbai, Udyog Kshetra, Mulund Goregaon Link Road	India
S1-755413117	Electronic Supply Studios LLC	Bellevue, WA, 10019 7th Street	US
S1-470440356	Sarasin Engineers Private Limited	No. 5 & 6, 4Th Floor, Kanakapura Main Road, Doddakallasandra, Bangalore South, Bangalore, Karnataka	India
S1-858261736	Cuttack Sadar Trading Limited	C/O:Asit Kumar Sahoo, Infront Of Utkal Hospital, Cuttack Sadar, Cuttack, Orissa	India
S1-333934418	Juliette Campos Mines Clinic	DE, Millville, 39223 Misty Lane	US
S1-542178636	Smart Foundation Private Limited	D441, Prestige Palms, Ecc Road Near Itpl, Whitefield, Bangalore, Karnataka	India
S1-759723936	Transcontinental Staffing Union L.L.C.	NC, Seagrove, 185 Moore Lane	US
S1-67694808	Zenith Futurecorp Inc	6875 Molalla Bend Road, Wilsonville, OR	US
S1-872008074	Pioneer Medical Services LLC	Clarksville, TN, 1757 48	US
S1-35380256	The Dent Diner	VA, 13881 Gary Fisher Trail, Prince William County	US
S1-386824396	Ne & Sons LLP	Balua Road Ashapur, Varanasi, Uttar Pradesh, Varanasi	India
S1-616130349	Konnect Protector (India) Private Limited	Plot No 118, Pashamailaram, Patancheru Mandal Sangareddy, Hyderabad, Medak, Telangana	India
S1-151394062	Holy Fellowship	1222 Ellwood Avenue, Baltimore, MD	US
S1-820483731	Memorial Program	603 Crockett Street, Brookport, IL	US
S1-784057652	Tulip (India) Offices Pvt Ltd	H No. 305/29A, Shri Satya Sai Baba, Near Mhada, Badnera, Amravati, Maharashtra	India
S1-234755863	Sree Foods Private Limited	927, Bijalpur, Ab Road Indore, Indore, Madhya Pradesh	India
S1-793618002	Mascot Realcon Private Limited	C/O-Bapurao Hatmode, At Post Pimparkhed, Tq Hadgoan, Pimparkhed, Nanded, Maharashtra	India
S1-73660906	Rodriguez Charities	58 R Court Street, Unit 1, Plymouth, MA	US
S1-775472281	Boa LLC	3799 Jj, Fulton, MO	US
S1-673089073	Brain Textile Private Limited	#33A Saravana Street, T.Nagar, Chennai, Tamil Nadu	India
S1-45232973	Hitech Developers	10-934/21/2A/19 Mahalaxmi, Layout Opp, Fire Station, Gulbarga, Karnataka	India
S1-723303933	Job City (India) Private Limited	2/1A, Mukherjee Para Lane, Kalighat, Kolkata, Kolkata, Howrah, West Bengal	India
S1-412735587	Bias Chesapeake LLC	5153 Main Drive, Unit 101, AZ, Apache Junction	US
S1-287199744	Main Street Yoga	5314 Wallbridge, Deer Park, WA	US
S1-690910907	Randall and Smith Analytics Co	2116 20th Street, Mission, TX	US
S1-149095415	Tirumala Lab Private Limited	A;Dgp N.3 Kamtawadasatpur, Hn.180 Sn.31/1, Nashik, Maharashtra	India
S1-986897642	Cornerstone Productions LLC	311 Fender Road, Sparta, NC	US
S1-702187546	Mba Advisory Pvt Ltd	58, 15Th Cross, Bangalore South, Bangalore, Karnataka	India
S1-899797414	Infra Key Accessories Limited	Vitthalwadi, Lonikand Shiv, Haveli, Pune, Maharashtra	India
S1-644046774	Coralie Franceschini Hills Corp	WA, Snohomish, 6713 124th Place	US
S1-720123886	Quantic Mines LLC	5311 Spotted Road, Spokane, WA	US
S1-44248074	Kirby Btc	12237 125, Chaumont, NY	US
S1-779209664	Studio 38 Barbershop LLC	970 Crofton-dawson Road, Crofton, KY	US
S1-321912688	Hoskote For Ltd	Survey No 40, D Settihalli Village, Hoskote, Bangalore Rural, Karnataka	India
S1-195094594	Ace Packaging Services LLC	106 Hauser Street, Anaconda-deer Lodge, MT	US
S1-139579025	Armstrong Management Inc	368 5th Street, Pryor, OK	US
S1-82751406	Womens Health Allied Physicians LLC	233 Hawthorn Drive, Hendersonville, NC	US
S1-225059530	India Vaishnav Consultancy Limited	1401 Myra Building, Artemis Sun City Road, Pune City, Pune, Maharashtra	India
S1-913749906	Lateral Vision Private Limited	B-203, Rail Vihar Sector 15, Part Ii, Gurgaon, Haryana	India
S1-900128994	Power Traders Limited	K P 5/141, Kailas Lane Kudappanakunnu, Thiruvananthapuram, Trivandrum, Kerala	India
S1-74987397	Seven Solutions Private Limited	Promoter, M-285, Greater, Kailash-Ii, New Delhi, Delhi	India
S1-542560042	Dental Clinic LLC	1539 Wolf Lane, AZ, Williams	US
S1-329765152	Anand Investment Private Limited	Shaikpet, Plot No 12, Hyderabad, Telangana, H.No 1-98/G/72/A	India
S1-693761564	Corner Seafood!	2102 Oak Tree Lane, Unit Unit C, Austin, MN	US
S1-472111367	Hoffman Midwest Power LLC	9131 Anson Way, Unit 208, Raleigh, NC	US
S1-908006596	Dynamic Hari Producer	Rangareddy, D-1002, Sy.No.12/13, Aparna Sarover, Kanchagachibowli Gopanpally Post, Hcu, Serilingampally, Hyderabad, Telangana	India
S1-777388538	Womens Health Piedmont Specialists Inc	1568 Turceau Trail, Leland, NC	US
S1-784217487	Tirupati Care	Melepurakkal Building, Puliyakkode Post, Ernad, Malappuram, Malapuram, Kerala	India
S1-43934124	Marshall Crystal Spring Inc	305 1309, Rusk, TX	US
S1-704268011	Womens Health Center, Inc.	1035 163rd Avenue, Unit #402, Beaverton, OR	US
S1-398190066	Shakti Laxmi Developers Private Limited	Flat Noa-703, Twin Spire A, Pt. Maulana Azad Jamalpur, Aligarh, Uttar Pradesh	India
S1-757192386	Sl Education Private Limited	Cherthala, Alappuzha, Baal Gardens Cherthala South, Kerala	India
S1-464551301	2535 Lincoln Lane Holdings	2053 Willow Street, Supply, NC	US
S1-776030953	Roreis Inc	2224 High Wheel Drive, Unit 114, Xenia, OH	US
S1-676119230	Alderman Stanley Inc	7707 Gaines Mill Lane, Austin, TX	US
S1-477179137	Delhi Nursing Home Private Limited	C 703 Nagarjuna Apartment, Mayur Kunj Mayur Vihar 1, East Delhi, Delhi	India
S1-988138194	Land and Rocca LLC	902 Alston Avenue, Unit B, Durham, NC	US
S1-321371011	My Media Limited	H. No. 242, Partap Nagar, Kotkapura, Faridkot, Jaitu, Faridkot, Punjab	India
S1-215201754	Herrera, Nadean, D.C.	110 Ham Street, Stamps, AR	US
S1-105263849	Indian Global Private Limited	Jaipur, G-1 Agrasen Tower, Rajasthan, Central Spine, Jaipur	India
S1-223740513	Nolan Family Practice LLC	128 Crawford Lane, Cleveland, TN	US
S1-6024804	Global Network Inc	3130 Springwood Lane, Dallas, TX	US
S1-428580194	Mumbai Medical Private Limited	A-8, Floor-2, Plot-372A, Dhuru Building, Swatantrya Veer Savarkar Marg, Dadar W, Mumbai, Mumbai City, Maharashtra	India
S1-650519043	Supreme Creative Canary Inc	2300 Sunset Avenue, Unit A, Gastonia, NC	US
S1-367305629	Eastern Foods Private Limited	Plot No.-Ga-722, 2Nd Floor (Part), Back Side Of Cet, K-3-B, Kalinga Nagar, Po-Ghatikia, Via-Maha, Laxmivihar, Bhubaneswar, Khordha, Orissa	India
S1-958003457	UC Electrical Private Limited	B/5, Rajratna Industrial Estate, Near American Spring Works, Liberty Garden Road, Mumbai, Maharashtra	India
S1-791627491	International Mortgage Works LLC	1365 900, Avilla, IN	US
S1-556316386	Cascade Management Ltd	2101 Main Street, Unit 304, Sunset, UT	US
S1-921964318	Global Healthcare Limited	Q-47 F/F Rajouri Garden, New Delhi, West Delhi, Delhi	India
S1-845041572	UEE Spa Inc	90 Massie Drive, OH, Xenia	US
S1-420607188	Kimberly's Accounting LLC	3003 Huntington Trail Drive, Memphis, TN	US
S1-503970479	Las Tradex (India) Pvt Ltd	203Radhe Kishan Residency, Swaminarayan Chawk, Daskroi, Ahmedabad, Gujarat	India
S1-529297183	Surya Industries Private Limited	Karnataka, Kh No.1 Sy No.11&12, Shettyhalli, Jalahalli West, Bangalore, Flat No.A-1101 Prince Town Apts	India
S1-282395377	Odonnell Patriot Cloud	3256 Wintergreen Drive, Valparaiso, IN	US
S1-137717925	Fresh Rapid Muzero Associates	318 Harve Street, Plano, IL	US
S1-962198786	Gedaor Inc	IL, Evergreen Park, 3323 97th Street	US
S1-551460416	Pushti & Sons Private Limited	401, 4Th Floor, Nanak Chamber, Off Link Road, Opp Fun Republic, Andheri, West, Mumbai, Mumbai City, Maharashtra	India
S1-886066870	Delta Horizon Paceline	3720 Pear Orchard Way, Suffolk City, VA	US
S1-532520117	Cure Ice Cream	214 Prescott Road, Unit 95, Amherst, MA	US
S1-797444123	Ridge Continental Canada Corp	1309 Lo Mar Street, Bentonville, AR	US
S1-211169625	Red Care	17Th Cross, 16Th A Main N S Palya, Btm 2Nd Stage, Bangalore, No 8/16, Karnataka, Bangalore	India
S1-379023806	American Utilities Inc.	5338 Bombay Drive, Indianapolis, IN	US
S1-536461741	Rh Brothers Limited	N K Mehta Internatinal House178 Backbay Reclamation, Mumbai, Mumbai City, Maharashtra	India
S1-929113090	Genius & Sons Private Limited	136, 1St Floor, Velachery Main Road, Little Mount, Saidapet, Chennai, Tamil Nadu, Chennai	India
S1-530328572	Morley, Bass & Edwards Earths Inc.	2089 Kent Des Moines Road, WA, Des Moines	US
S1-732518513	Transform Vegetables Pvt. Ltd.	Karnataka, Bangalore North, Bangalore, 3Rd Floor # 52, Mfar Manyata Tech Park, Nagavara	India
S1-710812384	Database Electronics Private Limited	0490 F Surajpur, Greater Noida, Gautam Buddha Nagar, Uttar Pradesh	India
S1-176316468	Behavioral Health Care Associates LLC	TX, 256 Greanead Road, Forestburg	US
S1-305422230	Urology Associates LLC	100 Friendship Lane, Village Of Saukville, WI	US
S1-758619175	Boles Coastal Wilco LLC	85 Delhurst Drive, Watertown, CT	US
S1-2827249	Farrell Center LLC	W6999 Oakwood Drive, Town Of Mount Morris, WI	US
S1-666545211	Fuerst, Mcdaniel and Messina Harbors LLC	4114 Stone Place, New Albany, IN	US
S1-120664041	Kritavi Purni Limited	360 Nayabad, Mukundapur, 1St Floor, Kolkata, Kolkata, Howrah, West Bengal	India
S1-617370920	Traor Acres P.C.	314 Spring Street, Unit APT 1, Portland, ME	US
S1-906861085	Fresh Fresh Trading Inc	1015 27th Street, Unit Lot 42, Minot, ND	US
S1-135918884	Mountain Health Center	18 Mahwissa Trace, Cherokee Village, AR	US
S1-191454094	Pss Gm Corporation	Unit 13-08, Ground Floor Splendid Plaza, Kormangala, Banagalore, Bangalore, Karnataka	India
S1-734609824	Black Logistics Limited	Pune, The Pentagon Building, First Floor Above Axis Bank, 107/108, Maharashtra, Off Pune Satara Road	India
S1-189641412	Madhav Holdings	21A, Navithan Thottam Velliankadu, Thennampalayam Extn, Tirupur, Coimbatore, Tamil Nadu	India
S1-268028181	Shakti Construction Private Limited	1No Gurdah Nr Byam, Samity Po-Shyamnagar, Barrackpur - I, H-714, North 24 Parganas, West Bengal	India
S1-385996141	Hensley Zeo LLC	2391 Cactus Rio Lane, Weatherford, TX	US
S1-941627730	DZ Complete Maywood LLC	5852 Walnut Avenue, Unit 2C, Downers Grove, IL	US
S1-161210477	Torres Colonial Gaming LLC	39 Bowdoin Street, Newton, MA	US
S1-343129196	Eye Group Inc	1436 Warrenton Road, Stafford County, VA	US
S1-856404993	Subham Enterprises Associates	House At Peetal Nagri, Gali No-3, Moradabad, Uttar Pradesh	India
S1-693344071	Anderson Value Biomedical LLC	4219 Downers Drive, Downers Grove, IL	US
S1-472966031	Johna Coleman Strategic Liberty	Port Oconnor, TX, 1303 Main Street	US
S1-919384011	Shlok Eagle (India) Private Limited	Chennai, Fourth Floor, Radha Krishnan Salai, Mylapore, Chennai, No.62, Tamil Nadu	India
S1-662880167	Arts Fund	Newport East, RI, 299 Prospect Avenue	US
S1-268343583	New Solutions Private Limited	Kanwal Preet Singh C/O Baldev Singh Garden Enclave South City, Punjab, Ludhiana	India
S1-457754369	Maa Lubricants Pvt Ltd	#1-62/S/302, Flat No:302, Supreme Enclave Kavuri Hills, Phase-2, Jubilee Hills, Hyderabad, Telangana	India
S1-102016994	Buo Dogecoin Inc	5811 94th Avenue, Greenfield, MN	US
S1-183876418	Womens Health Clinic Inc	4308 Edgemoor Drive, Fl 0, Bel Aire, KS	US
S1-901276433	Global Pebble Calcutta Limited	B-38, Old Dlf, Sector 14, Sadar Bazar, Gurgaon, Haryana	India
S1-407437465	Historical Institute	Chatham, IL, 499 173 Main Street	US
S1-140288082	MM Internet Inc	OH, Chagrin Falls, 8267 Tulip Lane	US
S1-514494934	Cascade Endocrinology	517 Eufaula Street, Norman, OK	US
S1-852341989	ZOG Security Pvt. Ltd.	Oak-B 2503, Dosti West County, Thane, Thane, Maharashtra	India
S1-120201857	Highland Products Private Limited	No.61, I Floor, Vivekanandacolony, Vadapalani, Chennai, Tamil Nadu	India
S1-893279129	Johnson & Justiniano Inc.	2735 Birchwood Avenue, Bellingham, WA	US
S1-833531401	Aurio Bdc LLC	1000 New Jersey Avenue, Unit 905, Washington, DC	US
S1-103266270	My Consultancy Private Limited	No.3A, 3B, Elvs Road, Hanumanth Nagar, Puruvankara Main Road, Bilishivalle Village, Bangalore North, Bangalore, Karnataka	India
S1-991234190	Analytics	7731 Myrtle Street, Lincoln, NE	US
S1-833752201	Forrester, Nguyen & Domingues LLC	2154 Twinbrooke Drive, Houston, TX	US
S1-914400209	Flores's Painting LLC	579 Buck Island Road, Unit 148, Yarmouth, MA	US
S1-623980154	Garrity's Towing, Inc	2812 Washington Drive, Norman, OK	US
S1-874499243	Kevin & Sons Private Limited	3, New Colony, Panch Batti M I Road, Jaipur, Rajasthan	India
S1-444456369	Growth & Co Limited	Dravid Farm Khasra No- 6499, Jaipur-Delhi Highway, Jaipur, Rajasthan	India
S1-851422212	New Delhi Lakshmi Private Limited	L-1/18 Gfhauz Khas Enclave Hauz Khas, New Delhi, South Delhi, Delhi	India
S1-776107462	Barajas Global LP	34 Garland Road, ME, Casco	US
S1-216402693	Belmonte Spark Kountze	3169 Woodard Road, Kountze, TX	US
S1-411995122	Dream Investments	305, 3Rd Floor, Ocus Quantum, Sector 51, Gurugram, Sector -45, Gurgaon, Haryana	India
S1-495369573	Foot & Ankle Group	320 2nd Street, Lexington, NC	US
S1-212333919	Martina's Coastal Group P.C.	228 20th Street, Richmond, IN	US
S1-233787657	Pediatric Dentistry Ridge Center Inc	5325 Teresa Way, Fl 1, Central Point, OR	US
S1-649462014	Better Marketing Inc	402 Rebecca Street, Grand Junction, IA	US
S1-597440537	Mangal Hotels LLP	Active Business Park, 6Th Floor 54/10 Debendra Chandra Dey Road, Kolkata, Kolkata, Howrah, West Bengal	India
S1-976158513	Conni Stairs Acadia Inc	Haverhill, 884 Broadway, MA	US
S1-744756754	Randle Eco, PLLC	1516 Jefferson Avenue, Ogden City, UT	US
S1-915723902	I Y & S Nuclear L.L.C.	27 Mount Vernon Street, MA, Worcester, Unit 605	US
S1-466003838	Chiropractic Partners, LLC	307 Linwood Lane, Kenai Peninsula Borough, AK	US
S1-715475848	Dakshata Food Corporation	305 P.H. Complex 65A, Vijay Block Laxmi Nagar, East Delhi, Delhi	India
S1-81226185	New Solutions Private Limited	Opp B R Dmedical Collage Gorakhpur, Uttar Pradesh, Gorakhpur, Uttar Pradesh	India
S1-523062505	Platinum Forefront P.C.	177 Brickyard Road, Etowah, NC	US
S1-522290255	Heartland Center	9301 Hunters Trace, Austin, TX	US
S1-887256458	Precision Yorkville	IN, French Lick, 614 Adams Street	US
S1-576530261	Madanmohan Spun Pvt Ltd	10Acharbhuja Colonybeawar, Govindpura Ajmer Beawar, Beawar, Ajmer, Rajasthan	India
S1-334734825	Lory Nixon Wilco	206 Stewart Avenue, Unit Unit 1, Ithaca, NY	US
S1-701423717	City Solutions Private Limited	Delhi, West Delhi, Block J3, Rajouri Garden, J 3/116 First Floor	India
S1-156575912	Om Brothers Private Limited	F.No.203 Shree Mansion Kamla Marg, C-Scheme, Jaipur, Rajasthan, Jaipur, G-23	India
S1-185945074	United Oriental Associates	115 Boyce Road, Schodack, NY	US
S1-88048595	Pahl Dynamix Inc.	2909 40th Street, Tacoma, WA	US
S1-971107651	Yoshiko Elmore, Ph.D.	142 Rockland Road, Rockland, NY	US
S1-102575686	Flawless Welfare Society	C/O Smt. Seema Jha D/O Shri K.C. Thakur, Rajeev Nagar, Patna, Bihar	India
S1-321483941	Global Investment Private Limited	B-504, Mayur Dhawaj Apartment Patparganj, Delhi, East Delhi, Delhi	India
S1-955059227	Root Institute Corporation	A Wing, 216, Indulal Complex, 721/2A, Navi Peth, Pune, Maharashtra	India
S1-959031597	Classic Consulting Limited	C/O-Bandu Raibhan Markad, Tq Georai, Gevrai, Beed, Maharashtra	India
S1-868974450	Valluvanad Trading Private Limited	34/1793, D8-10, Sevana Mathewsons Square, High School Junction, Edappally, Kerala	India
S1-771341005	Kuhn, Dunne and Thomason Stifel P.C.	3222 21, Paige, Unit C, TX	US
S1-98300978	Bangalore Developmentcorporation Center	No. C B 0506, 5Th Floor, B 1- Block, K S R Cordelia, Dasarahalli Main Road, Bangalore, Karnataka	India
S1-774691241	Community Interstate Center Inc.	530 Beaufort Street, Laramie, WY	US
S1-381937970	United Producer Private Limited	H No- 57-D, First Floor, Right Side, Khizrabad, New Delhi, South Delhi, Delhi	India
S1-228679241	Aditya Brokers Private Limited	229\24D Mandawali Gali No-2 Railway Colony, Delhi, East Delhi, Delhi	India
S1-997073925	Drasco Veterans Association	249 Antioch Road, Drasco, AR	US
S1-530798946	Winnie Sarver United Polska, LLC	35 Dresden Avenue, Akron, OH	US
S1-700405412	Global Preparatory Academy, PLLC	1294 6175, South Ogden, UT	US
S1-504732501	TTU Advisory LLP	Flat 1 A 32 First Main Road Gandhi Nagar Adyar, Chennai, Tamil Nadu	India
S1-770183293	Sultanpur Industries Private Limited	Khasara No- 469, Village- Baramadpur Block- Akhandnagar, Tehsil- Kadipur, Sultanpur, Uttar Pradesh	India
S1-859146825	Womens Health Global Physicians L.L.C.	TN, Lancing, 129 Landrum Hill Road	US
S1-60165522	A Pioneer Canada	1821 Silverado Place, Springdale, AR	US
S1-956462119	Eye Apex Care Associates	70 Winter Park Lane, Easton, WA	US
S1-416414418	Bharat Energy Limited	Chennai, 1St Floor, 113/113A Rama Naicken Street, Nungambakkam, Flat No. 6, Tamil Nadu, Chennai	India
S1-89973283	Global Shivam Estate Private Limited	1St Floor, Opp. Bikaner Sweets Near Old Bus Stand, Kurukshetra, Haryana	India
S1-870017327	Arihant Shivam Investments Private Limited	Plot No.576-A Talwandi, Kota, Rajasthan	India
S1-652267835	Khan York	1226 Mt Pleasant Road, Swansboro, NC	US
S1-110203910	Rns Brothers Private Limited	Basement House No. 569-C Safipur-1, G .T. Road, Ramadevi, Kanpur, Uttar Pradesh	India
S1-671265681	National Brookfield	1505 Diuguid Drive, Unit A3, Murray, KY	US
S1-496032012	3232 Highland Drive Holdings	Durham, 58 Brick Lane, CT	US
S1-401709098	Perez Electric	197 Carter Field Road, North Andover, MA	US
S1-474800849	Vijay Constructions Private Limited	S ? 144 Shop, Fantasia, Multiplex Complex, Plot47, Thane, Maharashtra	India
S1-687754841	Budyndyne Holding Company LLC	190 Parker Road, Barnstable, MA	US
S1-84849017	Smart Construction Union	4325 Georgia Avenue, Crystal, MN	US
S1-378031778	Navyug Trade Private Limited	Bangalore, No 118 Plot No N1 Iti Industrial Estate Whitefield Road Mahadevapura, Karnataka	India
S1-523432186	Apex Foundation Private Limited	4/590, Eranad Tower Mepparambu, Pirayiri- P.O., Palakkad, Kerala	India
S1-523850949	Bureau of Education	1255 Poca River Road, Poca, WV	US
S1-884007166	Loella Sua, M.D., PC	140 Beach Rd, Unit 2317, Ames, IA	US
S1-520896760	Pediatric Dental Health LLC	2917 Hamlin Road, Durham, NC	US
S1-716760111	245 Third Drive Company	6751 Harding Avenue, Unit 1, Lincolnwood, IL	US
S1-796138571	Signature Chemical Dynamics, Inc	313 Griffin Gate, Ofallon, IL	US
S1-88098734	Continental League	1796 Devendorf Road, Rotterdam, NY	US
S1-709929517	Three & Brothers Pvt. Ltd.	H.No.365, Ghari Mohalla Village Badli, New Delhi, Delhi	India
S1-728725745	Classic Mountain Chiron	192 Rebel Drive, Old Fort, TN	US
S1-854338281	Regional Dental Associates PLLC	12259 Zealand Avenue, Champlin, MN	US
S1-173966437	East Engineering Pvt Ltd	Plot No. 124/50 C/O. Sudhir Nayak, Jadangi, Tajungia, Kandhamal, Orissa	India
S1-127875532	Berube's Legacy Diagnostics	1028 Kittson Avenue, Grafton, ND	US
S1-697559337	Real Developers Private Limited	24A/68A, Ground Floor, Vembuli Amman Koil Street, Saidapet, Kanchipuram, Tamil Nadu	India
S1-438410828	West Dominion	623 Baneberry Bluff Court, Rock Hill, SC	US
S1-401687717	Immortal Solutions Private Limited	Ashok Nagar, Tamil Nadu, Shop No.2, 110, Tnhb Complex 4Th Avenue, Chennai	India
S1-226625920	Metro Strategic Rock	212 Meyer Lane, Sioux Falls, SD	US
S1-928064970	Doify Creative Genetics LLC	4245 Hunt Road, Sussex County, VA	US
S1-78108718	Stockton Harbors LLC	30 Park Avenue, Dracut, MA	US
S1-312209724	Ear Nose & Throat Fresh Medicine	267 Cedar Lane, Torrington, CT	US
S1-828980745	Olanelle Inflection	7840 Spring Leaf Drive, Cincinnati, OH	US
S1-276865568	Agarwal International Private Limited	Kerala, C/O Reni P Yohannan, Puthen Vilayil House, Mannur Po, Kadalundi, Kozhikode	India
S1-860039210	Vinayaka (India) Leathers Private Limited	1289 Alakhnanda Colony, Vaishali Nagarajmer, Ajmer, Rajasthan	India
S1-52821762	Express Education Partners Inc	1220 83, Town Of Erin, WI	US
S1-311420243	Ratandeep Traders Pvt. Ltd.	C/O Motilal Shaw, Gate 1, Mother Diary, Kusaighachi, Serampore, Hooghly, West Bengal	India
S1-698970207	Paniagua, Dulcie, D.D.S., DDS PC	690 Polymer Drive, Decatur, TN	US
S1-988598557	Saylor Signature Nextera	825 Bowie Street, Garland, TX	US
S1-918074686	Federal Noble Inc	3703 Us 22, Wilmington, OH	US
S1-718514624	Gurgaon Developer Private Limited	Ms-03/603, Kendriya Vihar Sector 56, Gurgaon, Haryana	India
S1-960432711	Maa It Private Limited	51 A, V.C.V Road, Coimbatore, Tamil Nadu	India
S1-236495571	Future Consulting Limited	423, 4Th Floor Devika Tower-6, Nehru Place, South Delhi, Delhi	India
S1-95974478	East Management Private Limited	Salarpuria Windsor, 4Th Floor, No.3, Sivan Chetty Gradens, Bangalore, Bangalore North, Bangalore, Karnataka	India
S1-954319364	Supreme Broadcast Labs, LLC	11500 Parrish Avenue, Cedar Lake, IN	US
S1-455843686	Jai Alpha Technologies Limited	L-25, Nh-8 Mahipalpur, New Delhi, Delhi	India
S1-673389539	Green Platinum Dollar Inc	915 Cornell Avenue, Youngstown, OH	US
S1-626759699	Ford, Elaina, DO	30 Akron Street, Meriden, CT	US
S1-453853807	Westhoff & Oliver Polestar LLC	66 Mill Lane, Huntington, NY	US
S1-969751498	Global Infra Pvt Ltd	A-50, Neminath Krupa Society, B/H Vishram Nagar, Memnagar, Ahmedabad, Gujarat	India
S1-154186665	Kirchgessner Summit European LLC	2035 Edmund Lane, Merced, CA	US
S1-412948926	Sky Care Limited	Srikakulam, D.No. 14-126/1, Gannavaram, Ravindra Bharathi Back Side Teachers Colony, Rayanagar, Andhra Pradesh	India
S1-793725956	One Agro Private Limited	Plot No. 27 Flat No. 1 Gr. Flr, Pestom Sagar, Chembur, Mumbai, Mumbai City, Maharashtra	India
S1-336715068	Henrie Ortiz Series LLC	28905 Jasper Lane, Easton, MD	US
S1-169059011	Dn Laxmi Pvt Ltd	69/A Jagmohandas Marg, Mumbai, Maharashtra	India
S1-324779194	Lotus Exports Pvt Ltd	72/45, Sandhya Apartment, Shyamashri Pally, North 24 Pargana, Ncp, Parganas North, West Bengal	India
S1-954390431	Boston Family Golden Chiropractic	791 Fourth Street, Boston, MA	US
S1-506520179	Construction Ashra Agrilink Limited	Navin Bazar Tal, Shevgaon Tal- Shevgaon, Ahmednagar, Maharashtra	India
S1-869196380	Garside's Secure Industries	AR, Springdale, Unit Apt 203, 3400 Gene George Boulevard	US
S1-356585252	Cornelle's Ace Chemical	19 Lavender Drive, Whispering Pines, NC	US
S1-345050395	Green Healthcare Private Limited	71- Shahajand Ind Park, Chandial, Daskroi, Dascroi, Ahmedabad, Gujarat	India
S1-116957885	UN Venture Pvt Ltd	C/O Jagdish Yadav, Saraswati Nagar Ward No-02, Kahara, Saharsa, Bihar	India
S1-705071525	New Construction Private Limited	Thane, Kalyan, Maharashtra, A/303 Saisamarth Paradise, Swamisamarthmathnandivali	India
S1-985294406	Caffery Silver Rail	1200 Northgate Business Parkway, Unit 110, Nashville, TN	US
S1-377903003	Family Unified Health Inc	8973 Elk Grove Florin Road, Elk Grove, CA	US
S1-32195644	Taraiya Closet Private Limited	Shop2Cts1166Bhartienclave, Chincholibunderrd, Malad West, Mumbai, Maharashtra	India
S1-945448059	Johnson Manufacturing	5924 Darby Circle, Noblesville, IN	US
S1-176198465	Joyce Industries	670 Casaloma Drive, Town Of Grand Chute, WI	US
S1-960108413	New Delhi India Private Limited	J-227, Ground Floor, Saket, New Delhi, South Delhi, Delhi	India
S1-58867744	Torres and Mattocks	NC, Mount Olive, 2516 Summerlins Crossroad Road	US
S1-659253792	Dalmia Academy	Flat No B 0701 Plot No 3, Sector No 35G, Panvel, Raigarh(Mh), Maharashtra	India
S1-755832670	Sophey Smyth Quality James LP	2120 12920, Riverton, UT	US
S1-721183189	International Urban Foods	A/702, Atlantis Apartments, Behind Hyper City Mall Kasarwadavali, Thane, Maharashtra	India
S1-521288875	Maru & Brothers LLP	Purani Dhan Mandi, Kota, Rajasthan	India
S1-349294105	Spr Ventures Private Limited	117, First Floor, Eros City Square, Rosewood City, Sector-49-50 Gurgaon, Gurgaon, Haryana	India
S1-227787077	Metro Diversified P.C.	OR, 2270 Wisconsin Street, Eugene	US
S1-600661984	Enleor Continental Merchants, LLC	905 Myers Point Drive, Morrisville, NC	US
S1-690627867	Jash & Sons Limited	81 Poongundranar Street Karungalpalayam, Erode, Tamil Nadu	India
S1-315518267	Bhudeva Trading Private Limited	88/3-631 Padla, Kaithal, Karnal, Haryana	India
S1-176149370	Jayam Avenues Ltd	Plot No. 105 East Part 21-South Niwaru Road, Jhotwara, Jaipur, Rajasthan	India
S1-469847195	Piedmont Dental Associates	140 Hawksbill, Unit 65, Franklinton, NC	US
S1-511619152	Oncology Medicine Corporation	3303 Murray Court, Orangetown, NY	US
S1-148231847	Desert Initiative Inc	265 White Bridge Pike, Unit 105, Nashville, TN	US
S1-580952930	Enterprises Purple Carriers Private Limited	Jaipur, Rajasthan, Janpath Lal Kothi, B-11 Krishna Nagar 1	India
S1-319806222	International Consulting Private Limited	Shirin Manzil B Block4 Dinbai Petit Street, Mumbai, Maharashtra	India
S1-353737687	J & X Antimony, L.L.C.	2324 Brenda Lane, TX, Roanoke	US
S1-380088053	Chicago Wildlife Trust	6251 Mozart Street, Chicago, IL	US
S1-317296018	Trusted Apparel Laboratories	VA, 228 Agusta Drive, Newport News City	US
S1-131012194	Agricon Media Private Limited	Kanpur, Uttar Pradesh, 2A/377 / Prem Villa Azad Nagar, Kanpur	India
S1-539964334	Pris's Integrated Cafe	Montgomery, AL, 1568 Westcott Street	US
S1-506292163	Rimon Charitable Trust	H No 1482 D S/F Gali No 5 Wazir Nagar Kotla Mubarak Pur, Opp Pt College, Newdelhi, Central Delhi, Delhi	India
S1-588732381	Ambica Speciality Private Limited	Kolkata, Howrah, West Bengal, 12 C, Pandit Madan Mohan Malaviya Sarani, Kolkata	India
S1-456108938	Geetha Group of Companies Partners	Kailashee Devi W/O Mangal Ram Meena Ramu Patel Ki Dhani, Vp Dantli, Sanganer, Jaipur, Rajasthan	India
S1-59472523	South Prime Teucrium LLC	26 Peter Lane, Hawthorn Woods, IL	US
S1-174143353	Global Wireless Systems	3659 Sunrise Lake Circle, Fl 2, Columbus, OH	US
S1-957593915	National Limited Inc.	14272 Hunters Run Way, Prince William County, VA	US
S1-441716393	Great Software Private Limited	Sn 51/3/17 Sukhada Colony, Pandit Petrol Pamp Sejari, Pune City, Pune, Maharashtra	India
S1-582983933	Chicopee Frontier Colombier	86 Edbert Street, Unit A, Chicopee, MA	US
S1-527595885	As & Partners Private Limited	#581, 23Th Main Road, 2Nd Sector, Hsr Layout - 4, Bangalore, Karnataka	India
S1-675614323	24HR Locksmith PLLC	3234 Chelmer Way, Rancho Cordova, CA	US
S1-344838788	Bureau of Education	273 County Road 702, Buna, TX	US
S1-877860295	Apex Care Private Limited	Rajasthan, 80, Lavkush Nagar-Ii, Tonk Road, Jaipur	India
S1-370410997	Rickard Partners Inc	338 Crescent Drive, Bullard, TX	US
S1-804966961	Albatross & Co	Flat 3, Assisi Nagar - 1, Lokhande Marg Shivaji Nagar, Chembur, Mumbai, Maharashtra	India
S1-296282623	Real Engineering Limited	149/1, First Floor, Kilokari Market Opp. Maharani Bagh, New Delhi, South Delhi, Delhi	India
S1-326063264	Massey Sab LLC	2205 Bosque Loop, Bosque Farms, NM	US
S1-333922524	Taveras Horizon Biotech LLC	4702 Cr 528A, Rosharon, TX	US
S1-878741953	James & Man Debt	1169 Belvan Avenue, San Bernardino, CA	US
S1-979784655	Family Value Medicine LLC	224 Lombard Court, Lincoln, NE	US
S1-324878950	Herrick, Mead & Lade Banking Inc	237 7th Street, Bentonville, AR	US
S1-894352166	Carlynn Fry Tire Shop LLC	NM, 5 Road 3227, Aztec	US
S1-21184506	Natty E. Orris, DPM	1328 Price Loop, Rockwood, TN	US
S1-153425243	Thomas & Palermo Ford LLC	2834 220th Place, Sammamish, WA	US
S1-645875509	Balaji Builders Private Limited	3C, Trisquare Vedha Apt, Kovai Thiru Nagar, Coimbatore South, Coimbatore, Tamil Nadu	India
S1-130225247	Marketing Ramky Producer Center	Flat No 1003, A Wing, 10Th Floor, Konark Orchid, Haveli, Pune, Maharashtra	India
S1-500616645	Rhianon Roberts Dome Inc	4904 Rockcress Ct, Marion, IA	US
S1-192056182	Congregation Ministries of Pigeon Forge	2048 Ridge Road, Pigeon Forge, TN	US
S1-228416484	Sosoft Center	7559 Mentor Avenue, Unit 302, Mentor, OH	US
S1-421587688	Mccargo Development	817 Memorial Boulevard, Springfield, TN	US
S1-171646683	Pelais Continental Engineering P.C.	1604 E End Avenue, Chicago Heights, IL	US
S1-490387913	Trust Industries Group Private Limited	21-C, Yash Vihar Old Fateh Pura, Udaipur, Rajasthan	India
S1-708617121	Francene Devine, P.A.	4218 Santa Barbara Drive, Dallas, TX	US
S1-690703332	Stag LLC	8 Waumbeck Street, Unit 3, Boston, MA	US
S1-940855379	Aan Trading Private Limited	Aanam Residency, P.No.77, F.No.101 Mahrishi Saibaba, Nagpur, Maharashtra	India
S1-175616118	Edwards Shore, LLC	WI, 9337 Pickerel Lake Road, Town Of Nashville	US
S1-591825161	Marshall Star Infinite Associates	913 Main Street, Edna, TX	US
S1-241454964	Hotel Services Private Limited	238, Sector - 15-A, Gautam Buddha Nagar, Noida, Gautam Buddha Nagar, Uttar Pradesh	India
S1-732940554	Russell Harbor Constellation	252 49, Unit Lot 3, Morris, NY	US
S1-602053199	Division of Consumer Affairs Center	170 Wood Dale Drive, Clifton Park, NY	US
S1-953362275	Mercie Bowe Highland Motors	777 Prairie Avenue, Unit 302, Decatur, IL	US
S1-338592186	Galaxy Exports Pvt Ltd	C 16/A Pandav Nagar, Delhi, New Delhi, Delhi	India
S1-634938347	Office of Consumer Affairs	4923 Holly Oak Road, Fort Wayne, IN	US
S1-485402949	Eye First Care	Burnsville, 569 80, NC	US
S1-606217736	Instant Pg (India) Pvt Ltd	#125, Nagappa Layout, Krishnappa Block, Subramanyapura, Bangalore South, Bangalore, Karnataka	India
S1-410018269	Super Infotech Private Limited	Flat No.502, Patel Residency, Masab Tank, Hyderabad, Rangareddy, Telangana	India
S1-713440090	Memorial Coalition, Inc	3000 Roy Orr Boulevard, Unit 100, Grand Prairie, TX	US
S1-863754949	Sadella N. Gonzalez, D.O., M.D., P.C. P.C.	14338 Richmond Highway, Prince William County, VA	US
S1-463366083	Mumbai Solutions	901 Aurum Grande 'I' Wing, Mumbai, Mumbai City, Maharashtra	India
S1-107217504	Hotel Infotech	Survey No.106/2 Majjivalasa, Vishakhapatnam, Andhra Pradesh, Visakhapatnam, Bheeminipatnam	India
S1-355765974	Vanguard Research Dynamics	3220 Cottage Hill Road, Unit 2303, Mobile, AL	US
S1-442484539	Chan and Mclean LLC	TX, Crowley, 733 Mesa Vista Drive	US
S1-106481337	B 7 O Spire Inc	3325 Central Park Village Drive, Eagan, MN	US
S1-754960525	Sweet Cafe	6475 Joyer Lane, Lino Lakes, MN	US
S1-355019097	Pacific Tower Corp	3003 1/2 Macedonia Avenue, Muncie, IN	US
S1-765829763	Bhagyalaxmi Institute of Technology	Door No.4/461, 2Nd Floor, Valamkottil Tower, Judegmukku, Ernakulam, Kerala	India
S1-349172834	Star Cross LP	109 Bills Way, Berkeley Springs, WV	US
S1-926166235	Bombay Developers Private Limited	I-501, Yash Flora, Nr. Yash Platina Village : Nikol, Tal: Daskroi, Ahmedabad, Gujarat	India
S1-459084536	Haney Direct Park Inc.	20 Boulder Mountain Drive, Flat Rock, NC	US
S1-495932427	North Micro Inc	12536 Eastern Avenue, Middle River, MD	US
S1-42895233	Preferred Unified Principal, Inc.	4281 44, Washington, NY	US
S1-962821222	Fink Supply, LLC	26 Echo Grove Avenue, Lynn, MA	US
S1-338336493	Gonzalez & Brown, LLC	17 Nicole Court, New Castle, DE	US
S1-835448813	Dream Systems Private Limited	Adhanur, Mg Nagar Vi, Urapakkam, 27, Tamil Nadu, Kanchipuram	India
S1-262714224	South Ace Virginia Inc	1732 Mcculloh Street, Baltimore, MD	US
S1-879129013	Vision Consultants Private Limited	J-2934, Ground Floor, Narela Industrial Complex, Narela, North Delhi, Delhi	India
S1-661815077	Rocky Stifel LLC	1802 B Street, Butte-silver Bow, MT	US
S1-374410302	Delta Fund	3241 44th Terrace, Kansas City, KS	US
S1-756860831	Vargas Hydro LLC	1331 Dry Run Road, Juniata Township, PA	US
S1-122138608	Grochowski Best Greenland	3674 Hartshorne Adamson Road, Hartshorne, OK	US
S1-111534870	Brook's Pinnacle Deli	2060 Trekell Road, Unit 518, Casa Grande, AZ	US
S1-382593923	Raven Crane	158 Pine Street, Grayslake, IL	US
S1-499053737	Environmental Fund III	701 Windwood Drive, Anniston, AL	US
S1-43163707	OCV Foods Private Limited	24 Indra Roy Rd, Kolkata, Calcutta, West Bengal	India
S1-520718117	Certified Desert Newtekone	534 Creekpoint, Mt. Juliet, TN	US
S1-869729390	Paclarex	14118 Main Street, Humboldt, IL	US
S1-696785428	NP Global Private Limited	Patna, Girija Enclave, Bihar, Patna, F.No.-1/E, Brahmsthani Road, Shekhpura	India
S1-962946707	Medeiros Beacon Drive	6833 Darby Lane, Fairfax County, VA	US
S1-920191851	Economic Development Ministries, L.L.C.	NC, Unit 183, Raleigh, 4102 Deep Hollow Drive	US
S1-158006921	Russell Allied Reserve LLC	1827 Riverside Drive, Unit 510, Knoxville, TN	US
S1-860956071	Romero's Ice Cream LLC	158 Fox Glen Road, Village Of Fredonia, WI	US
S1-992128159	Kolkata Fashions LLP	17 Gokul Baral Strreet1St Floor P O Bowbazar, Kolkata, Calcutta, West Bengal	India
S1-135580019	Ram Energy Pvt Ltd	Bhartinagar S No 81/2/1 Sidharth Bldg Nr Poojapark Kothrud, Pune, Maharashtra	India
S1-205598370	Feia Interstate Workshop Inc	2165 Freestone Place, Huntertown, IN	US
S1-527592960	Ironworkers Local Union 106 PC	11862 Reservoir Road, Wayland, NY	US
S1-476445299	Porus Polytechnic Private Limited	J3/79B, Ground Floor, Rajouri Garden, New Delhi, West Delhi, Delhi	India
S1-109982375	Associated Cloud Products LLC	300 Sleepy Hollow Road, Pulaski, TN	US
S1-754066850	Pacific Yhn, L.L.C.	AL, 2186 Houston Street, Leighton	US
S1-652775163	Netterville Animal Hospital	1343 Cumberland Drive, City Of Edgerton, WI	US
S1-768015055	X/E Bce, LLC	904 Osborne Street, Downs, KS	US
S1-909487481	Grafton, Mcdonald and Kendrick Center	211 Wayne Street, Van Wert, OH	US
S1-880152338	Het Rayon LLP	P. No. 81, H. No. 7-684/A, Subashnagar Ida Jeedimetla, Quthbullapur, Hyderabad, Telangana	India
S1-867085403	Horizon Associates Inc	AL, 2165 Mountain View Road, Irondale	US
S1-711407408	XW Evolution, LLC	7272 Indian School Road, Unit STE 515, Scottsdale, AZ	US
S1-878461306	Beitzel Aerospace Inc	23 Elmcroft Way, Yarmouth, MA	US
S1-702063741	Sarna & Co Co	Fl No: E-801, Sy No: 153/P, Rajapushpa - The Retreat, Kokapet, Hyderabad, Telangana	India
S1-556067999	Empire Reit	Unit 142, Phoenix, 12231 19th Street, AZ	US
S1-407502380	Vision Cascade Medicine Inc	3039 Freedom Drive, Evansville, IN	US
S1-439710284	Behavioral Health Blue Care L.L.C.	630 Hawthorne Avenue, Unit 323, Salem, OR	US
S1-961288261	Urgent Care Associates L.L.C.	1720 Rabbit Cove Road, West Tawakoni, TX	US
S1-973996296	GN Krakacquisition Co	4237 Mashie Drive, Winston-salem, NC	US
S1-599001504	Southern Legacy Lincoln	501 San Juan Circle, Unit APT 2, Anchorage, AK	US
S1-278677493	Bangalore South Engineering Private Limited	154/20, T1, Third Floor, Royal Space, 5Th Main, Bangalore South, Bangalore, Karnataka	India
S1-716728712	Estrella Cox Innovative Logistics	175 600, Unit 207, Richfield City, UT	US
S1-922294123	PG Capital Transportation	33 Onyx Court, Clayton, NC	US
S1-388202046	Jd Services LLP	Wz-79-C/8, Plot No. G-8, T/F, L/S, Gali No. 7, Virender Nagar, New Delhi, West Delhi, Delhi	India
S1-62755057	Federal Center Group	10171 Peakview Avenue, Cherry Creek, CO	US
S1-366779321	Coastal League	OR, 184 Taylor Street, Sutherlin	US
S1-759239169	Sterling Five LLC	3071 Lenox Road, Unit 41, Atlanta, GA	US
S1-71819438	Global Media Private Limited	Uttar Pradesh, C-34 Foundry Nagar, Agra	India
S1-994005540	Gonzalez Detailing Inc	33937 Woodland Circle, Lewes, DE	US
S1-723805141	Johnson's Development	6836 Ky 1304, Girdler, KY	US
S1-979269458	Noble Agency Private Limited	Hyderabad, Rangareddy, First Floor, Raghavendra Nagar Nacharam, Uppal, Mallapur, Ranga Reddy, 4-7-18/1/A/7, Telangana	India
S1-113955017	Reynolds Pelican Inc	236 5th Street, City Of Neenah, WI	US
S1-582400536	Solus Arch P.C.	IL, 3642 Ashland Avenue, Chicago	US
S1-984019996	Best Supreme Services Inc	3130 Northdale Boulevard, Unit Apartment 132, Coon Rapids, MN	US
S1-757059834	Downing and Brown LLC	35 Kitson Street, Weston, WV	US
S1-527985111	Classic Technologies Pvt Ltd	#554/31, Utkarsh Nagar, Near K.T. Nagar Katol Road, Nagpur, Nagpur, Maharashtra	India
S1-472575423	Mack & Brothers Private Limited	040, Bangalore, Karnataka, H-Block, Aditya Sollievo Apartment Nellurahalli, Whitefield, Bengaluru	India
S1-83569055	Wall Ventures	147-C-1, Pardevanpur Lal Bangla, Kanpur, Uttar Pradesh	India
S1-105776398	Floria Neuenschwander Private LLC	6878 Whiskey Gap Road, Casper, WY	US
S1-121947881	Perfect Consultancy	432, Tps Road, Parli Vaijanath, Beed, Maharashtra	India
S1-477473717	Whitesnow Paryatan (India) Private Limited	Plot No 46, Sagar Co-Op H S, Rd No 2, Khairatabad, Hyderabad, Telangana	India
S1-589874141	Pioneer Smart Tech Private Limited	Survey No.108 In Block No.166, Kmc Xxxv/616, Kerala, Kayamkulam, Alappuzha	India
S1-593956725	Polymers Vaccum (India) Clinic	No:61/149, Kodambakkam, High Road, T.Nagar, Chennai, Tamil Nadu	India
S1-211715476	Summit Institute	11436 Stewarts Ferry Pike, Lebanon, TN	US
S1-973993357	Tambaram Maharani Care	No.1/123 A, Ground Floor, Chrompet Salai 4Th Street, Nanmangalam, Tambaram, Kanchipuram, Tamil Nadu	India
S1-249561272	Tvs Beverages Associates	58-A, Mai Krupa Society, Ground Floor, Balaji Comp Mental Hospital Road, Karelibaug, Baroda, Vadodara, Gujarat	India
S1-852395128	Modern Metal	4695 Hitchcock Road, Montour, NY	US
S1-153293352	Aditya Exports Pvt Ltd	Times Of India Bldgmunicipal Lane D N Road, Mumbai, Maharashtra	India
S1-472997384	Deex LLC	4008 28th Street, Phoenix, AZ	US
S1-608656264	Shree & Brothers Private Limited	A-220, Swagat, Infrastructure-2, Gandhinagar, Gandhi Nagar, Gujarat	India
S1-712322665	Apoorva Transpower Private Limited	Plot No.102, H.No.8-1-39/Gs/E11, Lateefa Residences-1, Golden Sand Colony, Golconda, Hyderabad, Telangana	India
S1-783603168	Raviora Broadcast Ltd	10 Satya Apartments S V Rd Kandivli W Opp Kandivali Tele Exchange, Mumbai, Mumbai City, Maharashtra	India
S1-259165284	Eye Physicians Care	621 Lorraine Avenue, Waterloo, IA	US
S1-169635135	KZU Ventures Limited	Pawan Automobile Sonauli, Maharaj Ganj, Navtanwa, Uttar Pradesh	India
S1-288152453	Shiv Investment Private Limited	Kundapura, Udupi, Karnataka, D.No 4-24, Near Nandikeswara Temple Halady Shankaranarayana	India
S1-620535527	Brannon Fortis LLC	426 Lloyd Circle, Longview, TX	US
S1-369739619	Voiles, Khan and Anderson Strategy	3535 Lake Drive, Unit 33, Texarkana, TX	US
S1-943249904	Custom Twin Partners	79 Tate Road, Otis, ME	US
S1-273420391	Flair Pri (India) Private Limited	Lime Apple Engineering Pvt Ltd, Tramway Square Buliding, First Floor, Xiii/ 435 D1, Anamala Jn, Chalakudy, Mukundapuram Taluk, Thrissur, Kerala	India
S1-576647352	Sky Engineering LLP	535B, Kadavandy House, Indianur P O Kottakkal, Malappuram, Malappuram, Malapuram, Kerala	India
S1-585855219	Vinet Investments	999 Bosworthfield Road, Barrington, IL	US
S1-748042430	Nagendra Plant Pvt Ltd	Kantilal Compound, Opp. Pepsi Compund, Nr Sonarpada Bus Stop, Kalyan Shil Road, Dombivali East, Thane, Maharashtra	India
S1-335825931	Purnea Distributors Limited	C/O Vinay Kumar Thakur, Dhamdaha, North Panch, Purnea, Purnia, Bihar	India
S1-670025499	Gdr Chits Private Limited	Thane, Plot No 11-1 Balaji Chs Sector 15 Nerul East, Flat No 501, Navi Mumbai, Maharashtra	India
S1-102491705	Shree Products Private Limited	Hyderabad, H. No. 53, Telangana, Venkata Sai Homes, Nizampet	India
S1-977706008	Youth Council Corp	TX, 2410 Huldy Street, Houston	US
S1-172642050	Duhon Doubleline	311 Red Haven Lane, Dover, DE	US
S1-473330834	Nagaksh Promoters Company	506 Imperial Supertec Vaishali Gzb, Ghaziabad, Uttar Pradesh	India
S1-80662757	Calida Clemson Tri-State Connection P.C.	24 Ravine Road, Pawling, NY	US
S1-499682765	Barnett, Singleton & Rangel Factory	800 P Street, Unit 919, Washington, DC	US
S1-792447718	Golden Cafe	699 Carter Road, Smyrna, DE	US
S1-893249197	Hildenbrand and Hensley	5995 78th Street, Unit UNIT 1035, Scottsdale, AZ	US
S1-524361221	Martinez Innovative Arcelormittal	3111 Windshire Lane, Unit 202, Charlotte, NC	US
S1-395077610	QXW Teucrium Inc	NC, Princeton, 821 Quarterhorse Road	US
S1-588701665	Bhagwanti Foods Limited	Tirumala, #27, Doddanekundi 2Nd Phase, Industrial Area, Mahadevapura Post, Bangalore North, Bangalore, Karnataka	India
S1-874226931	Interstate Charter School	1603 80, San Marcos, TX	US
S1-948287138	Robertson Preparatory Academy	1938 Brady Avenue, Unit UNIT A, Halethorpe, MD	US
S1-662810449	Rev It Up Book Store LLC	9106 Heatherside Street, Houston, TX	US
S1-810867956	Noida Enterprises Partners	H-1603, 16Th Floor, Block H, Hibiscus Tower Paramount Floraville, Sector 137, Noida, Gautam Buddha Nagar, Uttar Pradesh	India
S1-392624710	Secure Brands	117 Heartache Lane, Rowland, NC	US
S1-980222090	Fuel Rise Corporation	Mukund Sadan, H.No.657/Office No.2, Bamandev Nagar Kalyan-Shil Road, Golivali, Dombivali Ea, St, Thane, Maharashtra, Thane	India
S1-404134398	Sky Properties Private Limited	Raja Farm 12Th Km, Kanakapura Road, J P Nagar 9Th Phase, Doddakalsandra, Bangalore, Karnataka	India
S1-996125409	Unified Mortgage Brands Inc	523 7th Avenue, Grand Rapids, MN	US
S1-724581517	Kalika Vidyalaya	Belgaum, First Floor, Sai Tower, Indraprastha Nagar, Near Maratha Mandir, Hall, Karnataka, Belgaum, Flat 104	India
S1-204150759	LBQ Regional	Columbus, 3111 Hayden Road, Unit 406, OH	US
S1-98788392	Prime It Pvt Ltd	Ahmedabad, Gujarat, Arista Business Space, Pakvan Circle To Sindhubhavan Nr Armieda Clinic, Opp H.O.F. Bodakdev, Daskroi, Ff.103	India
S1-532948579	Maid Tavern LLC	12505 Irish Ridge Road, Burlington, IA	US
S1-501676975	Tium Trust Inc	108 Frost Avenue, Rochester, NY	US
S1-906355026	Deoria Trading Private Limited	Plot No. 156, Ward No. 17, Bhartiya Aspatal Road, Near Uco Bank, Churu, Churu, Rajasthan	India
S1-634496301	Blue Capital Partners	1541 Ridge Road, Wilson, OK	US
S1-896629300	Empire Ship Inc	308 Amenia Road, Unit Apartment A, Amenia, NY	US
S1-625171977	QVL India Private Limited	201 Makwana Apartmentsan Muktabai Road Near Tele Exchange Vile Parle East, Mumbai, Maharashtra	India
S1-377305767	Gallegos Heritage Community	4769 Morningstar Drive, Prescott Valley, AZ	US
S1-880376815	Surya Developers Private Limited	Ramaipatti, Sadar, Mirzapur, Uttar Pradesh	India
S1-280965583	Energy Shakuntala Realty Private Limited	Office No. 405, 4Th Floor, Panchratna Appartment Dalagiya Sheri, Bhojabhai Ni Sheri, Mahi, Dharpura, Surat, Gujarat	India
S1-311419176	Doctor Grand Aeon	108 Coastal Bluffs Court, Hampstead, NC	US
S1-923617846	Big Book Store! Group	3400 Purdue Street, Anchorage, AK	US
S1-585387062	T 6 T Marketing Co	4225 Emerald Avenue, Gresham, OR	US
S1-501902170	Viva Payne, DO	188 Doe Run Court, Batavia, OH	US
S1-307122009	Trichy Constructions LLP	Door No.35 Kumutham Salai Annamalai Nagar, Trichy, Tiruchirappalli, Tamil Nadu	India
S1-242684049	Mcminnville Heritage Cornerstone Institute	Mcminnville, 285 Gauri Way, TN	US
S1-516246438	Jsk Consulting Private Limited	Ed-146/1, Tagore Garden, New Delhi, Delhi	India
S1-744233815	Jai Aditya Producer Limited	Office No-614, North Avenue, 6Th Floor Opp. Anaj Mandi Road No. 9-A, Main Sikar, Road, Jaipur, Rajasthan	India
S1-856971071	Piedmont Construction LP	NY, 10 Poplar Road, Brookhaven	US
S1-340734578	Audio Infraspace (India) LLP	14-4-381/1/F, Sindhanur Rd, Beside Edga, Manvi, Raichur, Karnataka	India
S1-283184577	Cardiology Dynamic Specialists	1018 King Street, Lancaster, OH	US
S1-692077538	Zirain Software Ltd	Agarakar Chal, Minaxi Chowk, Bijapur, Karnataka	India
S1-953060886	Good Consultancy Private Limited	668, Shahpur Bamheta, Ghaziabad, Ghaziabad, Uttar Pradesh	India
S1-304236833	Jain (India) Trades Group	Apartment No. 2004, 20Th Floor, Tower D2 Divyansh Onyx, Jaipuria Sunrise Greens, Vill-Shahpur Bamheta, Shahpur Bamheta, Ghaziabad, Uttar Pradesh	India
S1-672330364	Star Supply Holdings	1724 Costello Drive, IN, Anderson	US
S1-598995202	Gilbert Institute of Technology LLC	460 Forbes Avenue, Unit Apartment 303, Rensselaer, NY	US
S1-9198344	W+ Transport	3451 Magic Hills Circle, Cottonwood Heights, UT	US
S1-344373389	Freddy Freeze, DMD	320 Ace Street, Lineville, AL	US
S1-343719445	Bright International Pvt Ltd	No: 9. 3Rd Floor River Moon Apts, Valayapathi Salai, Mogappair East, Ambattur, Tiruvallur, Tamil Nadu	India
S1-891589509	Willow Inc	510 Elmwood Avenue, Joliet, IL	US
S1-225259107	Veterans Coalition	Manito, 216 Glendale Street, IL	US
S1-458243041	Silver Constructions Private Limited	Ernakulam, Kadavanthara Ernakulam, 52/319 Santhi Vihar, Kerala	India
S1-809141763	Optclaria Tax, Inc	4149 Cherrywood Drive, Unit 27, Sawmills, NC	US
S1-985837794	West & Bernal Central LLC	2657 Classen Boulevard, Unit APT, Norman, OK	US
S1-805570404	Charvat Mobility LLC	528 Birch Lane, Richardson, TX	US
S1-133738180	Grand Highland Precision	121 Nina Drive, Emerald Isle, NC	US
S1-251712212	LR Innovative Frequency LLC	NC, 618 F Avenue, Hickory	US
S1-766402130	Orthopedic Medicine Corp	322 Orchid Street, Stevensville, MD	US
S1-651658064	Ksr Labs Ltd	Af - 48-C Shalimar Bagh, New Delhi, Delhi	India
S1-727608577	Chevron Vyapaar (India) Limited	Door No 22/6, Srvs Colony Main Road Nandhinagar, Keelkattalai, Chennai, Tamil Nadu	India
S1-94149068	Balaji Investment Pvt Ltd	Khata-220 Khesra-869 Ward-07 Jhiguniya Tola Mohanpur, Near Shiv Mandir Old Sonbarsa Road Block Dumra, Dumra, Sitamarhi, Bihar	India
S1-466416613	Nayi Hospital Private Limited	65/890A2 Sebastian Road, Kaloor, Ernakulam, Kerala	India
S1-59423338	Joo Transportation, L.L.C.	Granby, NY, 496 Phinney Road	US
S1-948613963	Ivenent Motors LLC	728 Mavor Street, Springfield, OH	US
S1-723168511	Aurilia's Bakery	TN, Johnson City, 125 Pleasant Drive	US
S1-74740850	Waggoner and Kerr Staking LLC	220 Windsor Drive, Forney, TX	US
S1-139391892	Flower (India) Niketan Corp	Wardley House 25 Swallowlane 4Th Floor P S Hare Street, Kolkata, Calcutta, West Bengal	India
S1-758753829	Virtus Nursing Home Private Limited	C/O Amol Vishnu Sabale 504 D-2 Plot Cts No 1B D Wing Survey No 149(A) Kandivali West S, Ahyadri Na, Mumbai, Mumbai City, Maharashtra	India
S1-946084779	Mohini Seva Samiti	5/138, Mullasseri Bunglow, Kollezhamadom, Kurattissery, Mannar P O, Mannar, Alappuzha, Kerala	India
S1-713762082	Chennai Paradise Ltd	Old.No. 27 New.No 48 Premier Homes, T. Nagar, Ramanujam Street, Chennai, Tamil Nadu	India
S1-564094945	Leoine Mills, D.D.S.	656 Sibley Memorial Highway, Mendota Heights, MN	US
S1-822969543	Youth Council	9308 G, Town Of Spruce, WI	US
S1-596837304	Supreme Staffing Innovations-Winfield	201 Wall Street, Winfield, NY	US
S1-288620017	One Super Private Limited	Scf-11 Binola Marker Mandi Adampur Hissar Hr, Hissar, Haryana	India
S1-536295575	Patriot Committee	WV, Glen Fork, 372 Sabine Bottom Road	US
S1-275800268	Allied Golden Latin LLC	4500 Linscott Avenue, Downers Grove, IL	US
S1-877207982	Steffen Frequency	3952 Bear Drive, Lake Havasu City, AZ	US
S1-438836878	Crystal Cloud Brands Inc	Coweta, OK, 25374 131st Street	US
S1-811391203	One Future Constructions Pvt Ltd	Plot No.2671, At/Po-Purana, Biridi, Jagatsinghpur, Orissa	India
S1-604648981	Family Society	1289 Needham Road, Needham, AL	US
S1-434152732	Projects Manokamna Flavours Private Limited	C/O Md Naushad, Vill-, Damodarpur (Ct) Blk-Kanti, Bandra, Muzaffarpur, Bihar	India
S1-470406548	Aarvik International School	Bangalore, 12Th Main Road, Jayanagar 3Rd Block, 44/6, Karnataka, Bangalore South	India
S1-162504868	Cosmic Welfare Society	Plot No 1866, Sc No 35, Ramteerth Nagar, Belgaum, Karnataka	India
S1-707812059	Pediatric Physicians	26019 47th Street, Sand Springs, OK	US
S1-596328469	Green Hospitality	Room No.1, First Floor, B-89 Green Park, Chipiyana Bujurg, Noida, Gautam Buddha Nagar, Uttar Pradesh	India
S1-12637366	Pehchan Foods Company	Rp1 Ilf T5 C1 P5 548V/601 Kasra No 1002, Vikram Nagar, Rjpm, Lucknow, Uttar Pradesh	India
S1-388743768	Venktesh Welfare Society	17/205, Ambady Mechode, Padur P. O., Palakkad, Kerala	India
S1-930096714	Dental Group	2120 Bluebird Lane, Highland, IN	US
S1-421717316	Sree Construction Private Limited	Flat D 204 Prayosha Peredize B/Hsilver Arcade, B/H Maruti Show Room, Sp, Ring Road, Ahmedabad, Gujarat	India
S1-218900438	Balaji Agro LLP	1 To 4, Grd-Floor, Laxmi Industrial Estate, Plot No. 79-G, Shivdas Champsi Marg, Maz, Goan, Mumbai, Mumbai City, Maharashtra	India
S1-461022627	Thane Krushak Limited	2/3 Avdhut Colony Kadegoliwali, Thane, Maharashtra	India
S1-592699783	Tech Anp Ecommerce Pvt Ltd	Coimbatore, Tamil Nadu, Mahaliamman Kovil Street, Near Babu Maligai Kadai, Kollupalayam, No.4/34, Coimbatore	India
S1-312735415	Surgical Clinic LLC	863 Youngstown Road, Central City, KY	US
S1-131548072	Mithra Real Private Limited	2, Botanical Garden Road, Howrah, West Bengal	India
S1-956796994	Shiva Developers Private Limited	F.No. 1/2 1St Floor P.No. 11, 11A 12, 12A, Ashi Residency, Krishna Sagar Colony, Dholai, Sanganer, Jaipur, Rajasthan	India
S1-146200500	Vanguard Elite Vista Inc	AR, Bryant, 2821 Arbors Circle	US
S1-908220082	Shree Homes Pvt Ltd	Chawl No.14/106, Unnat Nagar No.3, M G Road, Near Gajanan Maharaj Mandir, G, Oregaon W, Mumbai, Mumbai City, Maharashtra	India
S1-208918727	Silver Solutions Limited	Shop No 2Plot No 2 Ground Floor Kamrvddin Nagar, New Delhi, North Delhi, Delhi	India
S1-982849318	Twisted Pilates	5157 Nebraska Avenue, Washington, DC	US
S1-741840718	Gulf News Inc	4974 Cotton Quail Court, Columbus, OH	US
S1-394522940	Holaday, Looney and Laguardia LLC	1407 Windsor Street, Huntsville, TX	US
S1-29025493	Jwala Movers Private Limited	V/141, Market Junction, Chengannur, Alappuzha, Kerala	India
S1-200393028	Vique Cornerstone Paloma Inc	6429 Clover Farm Drive, Ofallon, MO	US
S1-847299862	Alpha Investment Private Limited	C/O N Thimmaraju, No-9 W .No 12, Bangalore South, Bangalore Rural, Karnataka	India
S1-228375707	Irondale Veterans Guild LLC	5585 Johnson Street, Irondale, AL	US
S1-369266697	Kolkata Automobiles Private Limited	109/A/1Abiplabi Rash Behar Ibose Rd, Kolkata, Calcutta, West Bengal	India
S1-718054347	Lyryx Tower	4203 69th Avenue W, Tulsa, OK	US
S1-762146313	Up & Associates LLP	74/2(New No.314/6)7Th Cross, Domlur Lay Out Bangalore, Bangalore, Karnataka	India
S1-198725039	Simerly Architecture	39078 1, Sartell, MN	US
S1-955282190	Indian Bright Impex	Bhayander, 101, Bldg No. 9, Sonam Pushpanjali Golden Nest Ph-Iii, Bhayander East, Maharashtra, Thane	India
S1-399549333	Express Metropolitan Realty, LLC	4724 Englishman Way, Kearns, UT	US
S1-769574384	Alpha Best Solutions Private Limited	5Th Floor-510, Sangath Ce, Nr 4D Square, B/S Pvr Cin, Ahmadabad City, Ahmedabad, Gujarat	India
S1-498220515	Indian Infra Private Limited	Mm 20/1162 Z3, Opp:Girls Higher Secondary School Kacherippadi, Manjeri, Malappuram, Malappuram, Malapuram, Kerala	India
S1-41929478	Direct Payroll Partners LLC	158 4450, Unit 102, Murray, UT	US
S1-177338914	Shyam Enterprises	Uttar Pradesh, Agra, 35/165 Naubasta Lohamandi Jaipur House-In, Agra	India
S1-886614060	Precision Prime Fact LLC	Lower Salford Township, PA, 402 Maple Avenue	US
S1-828810316	Physical Therapy Partners LLC	3 Nelson Avenue, Beverly, MA	US
S1-382835226	Fraser, Monaghan & Butter Live LLC	1101 Kennebec Street, Unit 106, Oxon Hill, MD	US
S1-127142681	Vision Health of Arnold	141 Starling Community Trailer Court, Arnold, MO	US
S1-68537415	Obrien Innovative Westin LLC	1543 Radcliffe Court, Portland, OR	US
S1-406104040	Sequoia LLC	Hampstead, MD, 4060 Wheatland Court	US
S1-802710551	Ndl Self Private Limited	1/2355, Street No-04, Opp. Jain Mandir Mondoli Road, Ram Nagar, Shahdara, New Delhi, Delhi	India
S1-33412118	Riify LLC	224 E Old Plank Road, Burlington, IL	US
S1-241581545	Foot & Ankle Center LLC	105 Rakoczy Avenue, CT, Fairfield	US
S1-761638653	Erena's Signature Design	8088 Savannah Way, Germantown, TN	US
S1-59451980	36 Hour Homecare	6410 Willow Pine Drive, Spring, TX	US
S1-228544377	Moore Valley Hospitality Inc.	7030 Catwalk Court, Hanover County, VA	US
S1-662716263	Guru Power Private Limited	Tamil Nadu, 15, Madurai, Jawahar Road Chokkikulam	India
S1-164332521	Vision Advanced Center Inc	Auburn, 3379 Xavier Avenue, IA	US
S1-876086756	Jain Urban Private Limited	123-Gh-14 Paschim Vihar New Delhi, Paschim Vihar, New Delhi, Delhi	India
S1-971406166	Al Consultancy Private Limited	Jalpaiguri, C.O. Subhash Majumdar, Jalpaiguri, West Bengal, Madhya Raja Hat, Mantadari, Millanpally	India
S1-983250020	Perfect Indo Software Private Limited	59, Mandakini, Nri Colony Greater Kailash-Iv, New Delhi, South Delhi, Delhi	India
S1-117711715	Perez & Siegfried	6501 Grape Road, Unit 178A, Mishawaka, IN	US
S1-788547286	Malu Realtors Pvt Ltd	New Delhi, Delhi, Road Motia Khan Pahar Ganj, H No.56 First Floor Rani Jhansi, Central Delhi	India
S1-932581387	Adams Cola, Corp	9220 Euclid Avenue, Chicago, IL	US
S1-541679626	Hotel Foods Private Limited	6, Suraj Apartment, 2Nd Floor, Ram Maruti Chowk, Ram Ganesh Gadkari Road, Thane, Maharashtra	India
S1-293928483	Choice Engineering Enterprises	OR, 63358 Brightwater Drive, Bend	US
S1-552659593	Family Medicine LLC	3429 Winchester Park Drive, Memphis, TN	US
S1-179875966	Masterson Sim LLC	365 Spencer Street, Bldg Rear, Syracuse, NY	US
S1-709283802	Constructions Partners Ltd	Bangalore, No.1143, 6Th Main Road, 7Th Sector, Third Floor, Karnataka, Bangalore South	India
S1-583100399	Estabrook and Kaplan LLC	2908 8th Avenue, Great Falls, MT	US
S1-67400493	Giriraj Academy	793 Mettupalayam Road R.S.Puram, Coimbatore, Tamil Nadu	India
S1-646888610	Red Producer Private Limited	C/O Satendra Kumar, Laxmi Nagar Sonai Tappa, Mathura, Uttar Pradesh	India
S1-614591954	Zabrina Johnson Global Biotechnologies, Inc	4741 Sayre Avenue, Harwood Heights, IL	US
S1-862330307	EX Columbus Co	174 Delaware Mountains Terrace, Dripping Springs, TX	US
S1-856585161	Sanas Vidyalaya	Juggi No N-14/242 Landmark, Na Munshi Ram Colony, New Delhi, North East, Delhi	India
S1-120432746	Dierker Chimera LLC	37 Stonecliff Circle, Unit UNIT 2, Indian Point, MO	US
S1-732432592	Smith Hologram	3573 Winesap Road, Cottonwood Heights, UT	US
S1-134289026	Cicely's Atlantic Liquor Inc	504 Jackie Way, Shepherdsville, KY	US
S1-100091463	M+ Purecycle Inc	420 Lane Avenue, Lima, OH	US
S1-238552829	Behavioral Health Care of Prince William County Inc.	13070 Ormond Drive, Prince William County, VA	US
S1-414493360	Arawali Event Private Limited	16A Abdul Hamid Street 4Th Floor, Room No.404, Kolkata, Howrah, West Bengal	India
S1-790322058	Lynx Trinity Inc.	1704 Honaker Avenue, Princeton, WV	US
S1-556604347	YB River LLC	2340 Rohs Street, Cincinnati, OH	US
S1-573258268	Downtown Hair Studio of Robstown	535 Avenue C, Robstown, TX	US
S1-13502449	Red Infrastructure LLP	2Nd Fllor, D-35 Sector-2, Noida, Gautam Buddha Nagar, Uttar Pradesh	India
S1-362231485	Star Systems Pvt Ltd	66 Vivek Vihar, New Sanganer Road, Sodala, Jaipur, Rajasthan	India
S1-45095831	Health Project LLC	128 Hidden Valley Circle, Huntsville, TX	US
S1-757656501	Jarleon Hall Co	401 Graywood Court, Coppell, TX	US
S1-137988847	Certified Supply Inc	4584 Redblaze Circle, Batavia, OH	US
S1-783150481	Anabella White Return	6992 Meadowpoint Terrace, New Market, MD	US
S1-969398905	Shakti Consulting Private Limited	3/310, Melakkandamangalam, Tamilpadi Post, Tiruchuli, Virudhunagar, Tamil Nadu	India
S1-101384836	Peridium Melar, LLC	2187 Bancroft Street, Columbus, OH	US
S1-384547697	PKI Nursing Private Limited	Unit No. 611, Anand Nagar, Reliables Pride, Jogeshwari West, Jogeshwari West, Mumbai, Maharashtra	India
S1-208388003	Good International Private Limited	C/O Alok Kumar Roy, Ground Floor Vill- Patrabakhra, P O- Joykrishnapur, Bankura, West Bengal	India
S1-767277020	Kredence & Brothers Private Limited	24, Industrial Area Indore Road, Khandwa, Khandwa, East Nimar, Madhya Pradesh	India
S1-521580178	Services Rescue Luxmi Private Limited	Meerut, Plot No 3 Bhopal Vihar, Uttar Pradesh	India
S1-310682685	Todyne Trust, Inc	733 Pavilion View Drive, Unit E312, Matthews, NC	US
S1-886512108	The Dent Bike Shop	15478 Red Hawk Road, Willis, TX	US
S1-655615869	Tech Developers Pvt Ltd	Plot No B-94/10, Fazalpur Illaqa, Delhi, Kh No 1090/596, G.F Joshi Colony Village Mandawali, Delhi	India
S1-247027723	Drayan For	375 Mosel Avenue, Staten Island, NY	US
S1-959810505	Adaptive Ispat Pvt. Ltd.	Sr No 29/6/1B, C -110, Gravity Complex, Haveli, Pune, Maharashtra	India
S1-957594875	Heartland Metro Rocky PLLC	665 2000, Unit 1108, Syracuse, UT	US
S1-46568584	Indian Golden Technologies Private Limited	Khasra No 157, In Front Of Kishan Bazaar Near Rajkiya Medical College, Kannauj, Uttar Pradesh	India
S1-373410627	Oconnell, Brown and Hawkins Tribeca Inc.	2628 Lister Avenue, Kansas City, MO	US
S1-413107795	Cooke Ventures	1250 Veterans Way, Unit Suite 208, Redmond, OR	US
S1-742315235	Strategic Payment Networks Inc	637 Skidmore Street, Portland, OR	US
S1-502158524	National Guild	2944 Jackson Avenue, Baton Rouge City, LA	US
S1-194104004	My Engineering Private Limited	2366, Raj Guru Road, Paharganj, New Delhi, Delhi	India
S1-422897902	Happy Book Store	955 Tinton Avenue, Bronx, NY	US
S1-568382070	EQ Greenfire	1304 Bridgewood Way, City Of Neenah, WI	US
S1-459102297	ZA Bitwise LLC	222 Lane Avenue, Unit 639, Columbus, OH	US
S1-303837505	Metropolitan Preferred Park LLC	8223 Lee Highway, Chattanooga, TN	US
S1-193921123	Jasper Fisheries	Bldg 58, KY, 2161 19th Street, Owensboro	US
S1-435913052	Surgical Strategic Health Co	906 Watauga Avenue, Unit 205, Johnson City, TN	US
S1-326238448	Bureau of Environmental Protection	323 Vine Street, Boonville, IN	US
S1-898132889	Little Diner LP	4409 Cottage Grove Road, Uniontown, OH	US
S1-431004519	Vaayuaksh Research Private Limited	Rajasthan, Balaji Tower 1St Sikar Road, 206, Jaipur	India
S1-889726702	Bangalore White Private Limited	#21, 2Nd Cross, 21St Main, Rk Colony, Jp Nagar 2Nd Phase, Bangalore, Bangalore, Karnataka	India
S1-628400215	Hayes Suisse Inc.	66701 Scenic Valley Drive, Saint Clairsville, OH	US
S1-331812835	Darjiling Services Private Limited	C/O Kamli Balmiki, South Bharat Nagar, Basti, Siliguri, Darjiling, Darjeeling, West Bengal	India
S1-6614441	Prater Star Aldabra LLC	1128 30th Street, Newport News City, VA	US
S1-427424530	Ziraika Foods Private Limited	Delhi, Unit No. T-15 A, New Delhi, Salcon Ras Vilas, 3Rd Floor, Plot No. D-1, Saket District Centre, Sak, Et	India
S1-548125555	Vijay Engineering Private Limited	Lg 4, 5, 6, 7, Somdutt Chamber Ii, 9 Bhikaji Cama Place, New Delhi, North West, Delhi	India
S1-747833721	Palmer & Clanton Cyber PC	41 Barker Road, MA, Wareham	US
S1-797345477	Cascade Trust LLC	6253 Lake Avenue, Unit APT 6, Elyria, OH	US
S1-584230689	Ujjavi Pressing Private Limited	18 Polan Pethsatguru Market, Jalgaon, Maharashtra	India
S1-202803479	Sam Mills Limited	Plot No. 10, Utkarsh Gnss, Nagpur, Maharashtra	India
S1-165784500	Dara Real Ltd	New Delhi, F-356, Delhi, South Delhi	India
S1-727855691	United & Co	S. No. 130, Nr. Senso Granito Nh 8A, Tal. Wankaner, Sartanpar, Gujarat	India
S1-10202361	Sv Charitable Trust Co	283 - Jafarabad Madhya Anshik Yadav Chauraha, Jalalpur, Ambedkar Nagar, Uttar Pradesh	India
S1-951445336	Nalanda (India) Research Pvt. Ltd.	Santisadan, Shivaji Park, Kolhapur, Pl. No. 92, Maharashtra	India
S1-171491002	Tak Nursing Home Company	No. 2 ( New No. 3) First Floor Bragadhambal Street, Nungambakkam, Chennai, Tamil Nadu	India
S1-878742904	Brittan Stuart Green Retail Inc	MD, 1300 Queens Purchase Road, Essex, Unit APARTMENT L	US
S1-152864719	Juli Mcveigh Markets	175 Lake Shore Avenue, Hamilton, MA	US
S1-749440444	Agna Johnson, O.D., PC	2241 Redwood Road, Woods Cross City, UT	US
S1-467133889	Cooperative Creative Associates LLC	VA, Orange County, 14298 Litchfield Court	US
S1-197072090	Northern Direct Games LLC	17511 Sugar Bluff Lane, Flint, TX	US
S1-358061892	Technologies India (india) Pvt Ltd	No.9/265, Koorimunda, Ambalamukk, Thamarassery, Kozhikode, Kerala	India
S1-422874789	Best Network Ventures, Inc	621 A Road 7800, Nageezi, NM	US
S1-217357860	Atlantic Pizza Inc.	228 Lake Street, Linn Creek, MO	US
S1-661372594	Baba Technologies Pvt Ltd	Z-3/121, Dr Ak Road, Kolkata, Kolkata, Howrah, West Bengal	India
S1-528541908	Easter Cardiology	11857 176th Avenue, Villard, MN	US
S1-25653499	Suryaendra Mills Private Limited	Sardar House, 131 Sher - E- Punjab Society, Mahakali Road, Andheri - East, Mumbai, Mumbai City, Maharashtra	India
S1-309745386	Medina Interests PLLC	7916 Teaberry Drive, Albuquerque, NM	US
S1-897185396	Producer Vms Constructions Private Limited	Door No.1890/380, Ward 20, Kollam, Kerala	India
S1-306687303	SJ Tiles Pvt Ltd	752 Sukhdev Nagar Kotla Mubarak Pur, New Delhi, South Delhi, Delhi	India
S1-970556164	VE Optimal Viking	3456 New Hartford Road, Owensboro, KY	US
S1-143719321	Roopiya Healthcare LLP	Zion Bizworld, Subhash Road - A Vile Parle (East), Mumbai, Mumbai City, Maharashtra	India
S1-810147532	Tara (India) Centreprivate Private Limited	Karan Arcade, Patrika Nagar Near Maxcure Hospitals, Hi-Tech City, 4Th Floor, Hyderabad, Telangana	India
S1-264422991	Jai Academy	Cinema Road, Hind Factory Quaters, Coke Oven, Durgapur, Bardhaman, West Bengal	India
S1-518708355	Classic India Private Limited	H No 182, North Vijay Nagar Colony, Agra, Uttar Pradesh	India
S1-484393760	Charles Bright, LLC	24952 Nippersink Road, Round Lake, IL	US
S1-485855797	North Titan	7655 Five Mile Road, Unit 1-28, Cincinnati, OH	US
S1-373561231	One Exports Private Limited	263, Uttar Pradesh, Ghaziabad, Pakki Mori, Ghaziabad	India
S1-368206827	Dorsey Secure End	7243 Power Inn Road, Unit APT 8105, Sacramento, CA	US
S1-318792452	Kundu Trading Limited	Novel Office Center, No 8/2, Ulsoor Road, Bangalore North, Bangalore, Karnataka	India
S1-62444142	All Care Pvt Ltd	C/O Ashok Walunje, H No. 32, Gat No. 27/P, Mhada, Aurangabad, Maharashtra	India
S1-271031216	Gemini Traders LLP	40-A, Kundan Nagar Gali No. 1, Laxmi Nagar, Delhi	India
S1-832345195	Mountain Highland Sea Group	7608 Summerfield Street, Village Of Rothschild, WI	US
S1-972217175	Jenkins, Haslam & Wilson Specialty PC	233 Breeden Road, De Soto, IL	US
S1-4861902	Aleece's Classic Towing	2222 12 Street, Brooklyn, NY	US
S1-574082297	Orthopedic Sterling Health LLC	1316 Lantern Way, Morehead City, NC	US
S1-199813560	Physical Therapy Specialists	20115 129, Haleyville, AL	US
S1-148174891	Crystal Innovative Efes	285 Dellrose Avenue, Fl 0, Wichita, KS	US
S1-792052940	Shakti Trust	Plot No 177 & 178, Golden Heights Colony, Rajendranagar, Hyderabad, Telangana	India
S1-421213092	Wade Lending	4345 Rima Drive, Fontana, CA	US
S1-668497497	Bikaner Brothers Ltd	606, De Elmas, Cts 540/1, 540/2, Village Pahadi, Goregaon East, Mumbai, Maharashtra	India
S1-377806035	Gujarat Finance Private Limited	C-602, Ahimsa Enclave Chs, Chincholi, Off Link Road, Malad West, Mumbai, Maharashtra	India
S1-751810733	Jiang Lng of Jeromesville	157 Ashland Co Rd 1975, Jeromesville, OH	US
S1-736551766	Synsoft Empire Care	809 Main Avenue, Unit 303, Spokane, WA	US
S1-219746148	Turner Cohen-Elizabethtown	112 Crutcher Street, Unit D, Elizabethtown, KY	US
S1-403869611	Rodman Open	3435 Sandy Cross Road, Nashville, NC	US
S1-332140500	NUK Jungle Private Limited	Building No.8/345, Koonthamattathil Uzhavoor P.O., Kottayam, Kerala	India
S1-283429117	Global Guild III	403 Saline Street, Lindsborg, KS	US
S1-763617066	Ace Chs	15017 Silver Firs Drive, Everett, WA	US
S1-544436816	Rabe Ace Morgan Inc.	14802 Enterprise Drive, Unit 43D, Farmers Branch, TX	US
S1-816442934	W 5 O Dynamics	2649 Highway 115, Smithville, AR	US
S1-43204256	Zena's Plumbing	51 Nantucket Drive, AR, Bella Vista	US
S1-331294437	Adel Mullen Delta Managers, LLC	1812 Cullera Drive, Leander, TX	US
S1-744857364	Dominguez College LLC	Rehobeth, AL, Unit Lot 14, 263 Barbara Lee Road	US
S1-696744468	Clear Vehicle LLC	Indianapolis, IN, Unit APT C, 8951 Brigadier Drive	US
S1-316156729	Eye Care Associates	103 Estevan Drive, Bismarck, ND	US
S1-14513608	Southern Smart Infotech Limited	33, Shree Industrial Estate, 2Nd Floor, 2Nd Hasnabad Lane, Santacruz (West), Mumbai, Maharashtra	India
S1-876419744	Animal Welfare Council	11001 Fm 1497, Paris, TX	US
S1-799356361	South Hospitality Private Limited	Plot No. 466/1849, Bansi Vihar, Andilops Balianta Khurba, Bhubaneswar, Khordha, Orissa	India
S1-477342022	Byrd, Christopherson and Roten Inc.	21601 3rd Avenue, Phoenix, AZ	US
S1-763493454	Tobar & Staffieri Wheeler	10332 Linger Lane, Keller, TX	US
S1-703418089	Smart Builders Limited	Osmanabad, Maharashtra, H.No.56 At Bhavanwadi Tal Bhoom	India
S1-586609450	DO Travels Private Limited	Faridabad, Gali No. 1 Baselwa Colony, Old Faridabad, Faridabad, Haryana, House No. 13	India
S1-435164907	Ldr & Co Clinic	46/4, Novel Tech Park, Kudlu Gate, Gravebhavipalaya, Hosur Main Road, Bangalore South, Bangalore, Karnataka	India
S1-833637608	Family Health	25 Shelby Road, Huntington, NY	US
S1-670696558	Upper Aerospace LLC	413 County Road 410, Davilla, TX	US
S1-647230448	DH Global Pvt Ltd	C/O Mushfique Ahmed Khanl, Lotas Tiles, Near Near, Nagpur, Maharashtra	India
S1-994084199	Sao LLC	3124 Edison Street, Tucson, AZ	US
S1-607537298	American Malt	113 Malvern Road, Oak Ridge, TN	US
S1-890136110	Grand Trusted Robotics Inc.	12715 1/2 Harrisglenn Drive, Austin, TX	US
S1-147603340	Foot & Ankle Care LLC	494 Court Street, Slocomb, AL	US
S1-659532233	HLV Solutions Private Limited	West Bengal, Kolkata, Howrah, Block-Ep, Secror-V, Salt Lake Electronics Complex, Xi-11 And 12	India
S1-869723344	Select Desert Alliance LLC	1315 Franklin Drive, San Marcos, TX	US
S1-767148423	Rocky Fund, Inc	809 48th Street, Birmingham, AL	US
S1-152389439	Advanced Mumbai Private Limited	51/4 Strand Road, Kolkata, West Bengal, Howrah, Kolkata, C/O Rajeev Pandey	India
S1-131174400	Rahman Meridian Inc	4886 Pauline Whitaker Parkway, Unit Ste 150, Rogers, AR	US
S1-186461998	Baba Impex Pvt Ltd	Plot No 3, H.No: 1-6-43/1/A, Anupuram Colony, Kapra, Secunderabad, Rangareddy, Telangana	India
S1-182624199	Future Black Foundation LLP	Bangalore, 5Th A Cross, 3 Main Lbs Nagr As Palya, 201 Rj Homes, Karnataka, Bangalore North	India
S1-716292708	WBS Centre Private Limited	C/O Hanif Sk Jolonga, Narayanpur, Malda, West Bengal	India
S1-601874935	Allen, Kidder & Williams Inc.	NY, 126 136 Street, Rockaway Park	US
S1-462632164	Vonbargen's Development	80 Dixwell Avenue, Quincy, MA	US
S1-86687015	Global Network Inc.	4019 Hillcrest Street, Liberty, TX	US
S1-558320660	Guru Impex Private Limited	Gala No 23, Devrukhar Estate, Nr Maruti School Road No 11, Midc, Andheri East, Mumbai, Mumbai City, Maharashtra	India
S1-735785240	WUD Industries Private Limited	Deepu Kh No 205Pl No 25, 26 27 Shahberi, Gautam Buddha Nagar, Uttar Pradesh	India
S1-235271240	Millionaire Health LLP	9-9-8, Chenna Reddy Street, Savitru Peta, Tadepalligudem Bazar, Tadepalligudem Mandalam, West Godavari, Tadepalligudem Mandaolam, West Godavari, Andhra Pradesh	India
S1-665130120	Surgical Associates	526 Watercress Drive, Aurora, IL	US
S1-472881725	MVL All L.L.C.	2498 Swasey Drive, Taylorsville City, UT	US
S1-838127234	Premier Engineering Enterprises	129 Singing Pines Road, Ruidoso, NM	US
S1-261605972	Back Alley Hair Studio	34 Linden Avenue, Greenfield, MA	US
S1-130660279	Solan Opendoor LLC	35282 Wild Goose Landing, Selbyville, DE	US
S1-824060122	Division of Sanitation Care	10 Championship Parkway, Hawthorn Woods, IL	US
S1-615978996	Urgent Care Group	12707 144th Avenue, Gig Harbor, WA	US
S1-124720100	White Solutions Pvt Ltd	Is 100 Shastri Nagar, Meerut, Uttar Pradesh	India
S1-533526532	Heart Program Inc	50 King Street, Port Jervis, NY	US
S1-261234619	Federal Network	1594 Flatbush Avenue, Brooklyn, NY	US
S1-619536525	Yuvi Public School	Ground Floor, Agarwal Farm Plot No. 70/75, Sector-7, Zone-70, Jaipur, Rajasthan	India
S1-737745399	Dental Specialists LLC	46 Eckhard Avenue, Wood River, IL	US
S1-600438147	Technologies Integrity Services LLP	54/3 Debendra Chandra Dey Road, Kolkata, Calcutta, West Bengal	India
S1-513102803	Smart Esports	7531 29th Street, Lincoln, NE	US
S1-249149565	High Consultancy Private Limited	1St Floor, Plot-13, Purohit Niwas, Carpenter 2Nd Street, C.P. Tank, Mumbai, 13, Mumbai, Maharashtra	India
S1-699110636	Morgan American Ares	38 Elias Road, Los Lunas, NM	US
S1-794058369	Dermatology Specialists of Anoka	800 Jackson Street, Anoka, MN	US
S1-441105944	Cure Bakery	14455 20th Street, Fl 1, Beaverton, OR	US
S1-307429809	Rhino Brothers Private Limited	206, Okhla Industrial Estate Phase-Iii, New Delhi, South Delhi, Delhi	India
S1-194599563	WZW Meditech Pvt. Ltd.	A-23, Janta Colony, Near Icici Bank, Jaipurjaipur, Jaipur, Rajasthan	India
S1-851465325	Geosoft Paper	Kancheepuram, Tamil Nadu, Ganesh Street`, 1St Cross Madipakkam, No 16	India
S1-174518535	Indore Professional Private Limited	H-51E, Sl4 Aranya Nagar, Scheme No. 78, Vijay Nagar, Indore, Madhya Pradesh	India
S1-861315133	L V Gilbert Technical PLLC	1013 Helena Street, Spokane, WA	US
S1-82403114	Super Products Private Limited	Ft No. A8, Ranawar Apartment Tal-Baramati, Pune, Maharashtra	India
S1-164406935	The Dent Grill	1539 Crystal Avenue, Findlay, OH	US
S1-644398033	Unified Praetorian	1512 Homestead Drive, Columbus, OH	US
S1-160165570	Continental Foundation of Binghamton	8 Crandall Street, Binghamton, NY	US
S1-337942274	Prime Marketing	C/O Leena Manohar Mandape 70 Lokmanya Griha Nirman Soc Besa, Nagpur, Maharashtra	India
S1-686627355	Bricklayers Union Local No 377	3144 Holly Hall Street, Houston, TX	US
S1-1134863	Complete Robotics Union Inc.	AR, 306 Third Street, Dierks	US
S1-645918656	Supreme Disciplined LLC	301 Tomasita Drive, Vail, AZ	US
S1-568987203	Jarlify Lng LLC	15 Church Street, Thurmont, MD	US
S1-836231384	National Keystone Manulife PLLC	11 Woods Pond Drive, Westford, MA	US
S1-884702169	Highland Central LP	310 Walton Street, Beeville, TX, Fl 0	US
S1-289161039	Gomti Shoes Ltd	181/119, Sai Nagar, Tala Road, Indapure, Tal-Mangaon, Raigad, Raigarh, Maharashtra	India
S1-16756238	Baba Trading Corp	202, Floor 2, Plot 59/60, Jamuna Sagar, Shahid Bhagat Singh Road, Colaba Bus Stat, Ion, Colaba, Mumbai, Mumbai City, Maharashtra	India
S1-829141294	Bangalore Four Pvt Ltd	Villa No.13, Akshaya Redstones, Opp. Shell Petrol Bunk, After Saibaba Ashram, Seegahalli, Bangalore, Karnataka	India
S1-827435122	Adina Horton Argentina LLC	322 Valley Street, Unit UPPER LE, Abingdon Town, VA	US
S1-449504076	Future Modern Estate Private Limited	World Trade Centre, Unit No. 2201A, 22Nd Floor, Wtc Bangalore, Brigade Gateway, Rajajinagar Extension, Bangalore North, Bangalore, Karnataka	India
S1-975259700	Ace Healthcare Private Limited	Plot No.23, Migc, Kapra Kapra, A S Rao Nagar, Hyderabad, Telangana	India
S1-361996312	Robot Bird Pvt Ltd	1449/32G/Fkhno.507/Old-32, Gali No 10 Durga Puri, North East Delhi, Delhi	India
S1-595056307	Austin Health Center Inc.	204 Robert S Kerr Boulevard, Wynnewood, OK	US
S1-219723647	Burrows Hydro	13905 166th Avenue, Tigard, OR	US
S1-235281603	Kritika Products Private Limited	No. 42-D, Silver Oak Lane, Road No. - 2, Ghitorni, New Delhi, South West Delhi, Delhi	India
S1-332216219	Physical Therapy Horizon Center LLC	60 Hendrix Road, Unit Apartment 225, Henrietta, NY	US
S1-443016232	Sree Foods Private Limited	Bareilly, A-85, Bareilly, Nawada Shekhan, Uttar Pradesh	India
S1-594234019	I K Carvalho Ithax, LLC	1106 Chatsworth Drive, Anna, TX	US
S1-375743920	Mccullough Trusted Merger LLC	N84W17320 Menomonee Avenue, Village Of Menomonee Falls, WI	US
S1-668595796	Sequoia Silicon Inc	667 87, Plattekill, NY	US
S1-80350018	Perdomo, Lesher & Caldwell Wisekey Center	256 Congress Street, Bend, OR	US
S1-136586472	Layne Safeguard LLC	TN, Pulaski, 159 Dickson Marks Road	US
S1-954723762	Indira & Sons Private Limited	Delhi, New Delhi, H No. F-49, F/F Back Side, F-Blk, Om Vihar Uttam Nagar, New Delhi	India
S1-634302008	Howard and Liu Partners	4016 35th Street, Tacoma, WA	US
S1-229482608	New Delhi Hotels Pvt. Ltd.	C-23, Jawahar Park Devli Road, Khanpur, New Delhi, South Delhi, Delhi	India
S1-759991790	Dodge Global L.L.C.	308 Plantation Drive, Coppell, TX	US
S1-305947957	Sterling Nasdaq LLC	5135 Power Road, Unit 425, Mesa, AZ	US
S1-814906557	Mackay & Boes	616 4th Street, Unit 616, Hale Center, TX	US
S1-370271080	Albemarle County, City Of Center	Albemarle County, VA, 4507 Sunset Drive	US
S1-413734284	Raj It LLP	West Bengal, Kolkata, Calcutta, 94 Rash Behari Avenue	India
S1-890481361	Deswal Shares Private Limited	11Thfloor, Towera, Trilcommercial Centre(Intellion Edge), Sector-72, Gurugram, Gurugram, Gurgaon, Haryana	India
S1-19576507	Bricklayers Union Local No 625 PLLC	Utica, 307 James Street, NY	US
S1-121394231	Nedda Bell Legacy Elite LLC	2610 Philadelphia Pike, Unit APT H6, Claymont, DE	US
S1-199827976	Bright Industries Private Limited	Mumbai, Maharashtra, Plot 111, Flat 502, 5Th Floor, Mehta Residency, Dadar East, Hindu Colony, 4Th Lane	India
S1-274973985	KZQ Opendoor	TN, 312 Clearlake Drive, Nashville	US
S1-891691009	Limra India Private Limited	54/3890 Anjiparambil Complexnear South Over Bridge Cochin, Ernakulam, Kerala	India
S1-160201594	Ceis	3 Brook Street, Moriah, NY	US
S1-511179543	Boia Parts LLC	24 Hastings Road, Old Westbury, NY	US
S1-115562069	Jordana Rivera Platinum Horse Clinic	Boston, 19 Stock Street, MA	US
S1-822774322	Liex Connection	601 Maple Meadows Drive, Arnold, MO	US
S1-108125935	Ranga Clinical (India) Private Limited	Thane, Maharashtra, Shop No 3 A Wing Shri, Krupa Height Agasan Rd	India
S1-818897754	Reyes and Downey	4004 Nasworthy Drive, Farmersville, TX	US
S1-461198557	Jamie Patillo Btc Corp	151 Wainman Avenue, Asheboro, NC	US
S1-382820868	Golden Hair Studio	2337 Marigold Drive, Eagle Mountain, UT	US
S1-269669009	Hailee Luna Dragon LLC	110 Meadowbrook Lane, Henry County, VA	US
S1-165803897	Sunbeam Builders (India) Private Limited	B-351, Ist Floor Nehru Ground, Nit Faridabad, Haryana	India
S1-117508920	Vijay Developers LLP	No. 8, Mumbai, Maharashtra, Janki Centre Premises Chs Ltd., Jeevan Ngr, Off Veera Desai Road, Andheri West	India
S1-570104985	Mester Charter School	900 Montgomery Boulevard, Allen, TX	US
S1-582453034	Florentia Ojeda American Oak	796 Mulberry Lane, Nixa, MO	US
S1-348184858	Jurado and Shields Invest	8600 Mike Shapiro Drive, Unit 916, Clinton, MD	US
S1-839450364	Gaddis Trust LLC	910 Sunnydale Road, Knoxville, TN	US
S1-455162494	Green Federal Duration	TN, 1029 Fox Creek Drive, Gallatin	US
S1-678358571	Apparels Ventures Pvt Ltd	Bhullanpur Pac, Lakhanpur, Varanasi, Uttar Pradesh	India
S1-119552425	Noex Pinnacle Pinnacle LLC	1713 Lynwood Street, Crest Hill, IL	US
S1-323872887	Ira Innovations Private Limited	2Nd Floor, No. 14/7, 3Rd Cross, Sunleo Power Networks, Old Airport Road, Konena Agrahara, Bangalore North, Bangalore, Karnataka	India
S1-580645782	Emerald	OH, 205 Water Street, Loudonville	US
S1-336683308	Hathaway, Larson & Garcia Inc	1337 Mabel Lane, Sandwich, IL	US
S1-983564708	Eye Clinic	952 Plateau Avenue, Elsmere, KY	US
S1-98818742	Mitchell Therapy Inc	34 Harrison Avenue, Islip, NY	US
S1-750096278	Internal Medicine Coastal Center	17 Potomac Street, Hagerstown, MD	US
S1-499631520	My Energy Private Limited	C/O, Mr. Ram Dhan, 304, Karamchari Nagar, Gali No. 6, Bareilly, Izzat Nagar, Bareilly, Uttar Pradesh	India
S1-916959468	Valley Modern Quantum, Inc.	3047 Milford Harrington Highway, Unit APT C, Houston, DE	US
S1-91089464	Services Mehra Metal Private Limited	Shed No. A-1/5410 Gidc Vapi, Vapi, Valsad, Gujarat	India
S1-313152822	Strategic Freight Alliance LLC	1106 Harbor Drive, Rock Falls, IL	US
S1-106147447	Elite Precision Regional Group	722 Mohawk Road, Lincoln, ME	US
S1-30110199	Custom Hub Inc	420 Hill Drive, TX, Granite Shoals	US
S1-284359792	My Technology Pvt Ltd	Xv/417, Panampilly Near Cheenickal Temple, Muringoor P.O., Chalakudy, Thrissur, Kerala	India
S1-769231331	Innovative Care Private Limited	Isf Centre, Basement Ajmera Hotel, Near Tonk Phatak, Tonk Road, Jaipur, Rajasthan	India
S1-217695948	Fortune Technologies Private Limited	Zirakpur, Mohali, 132 B Sf, Imperial Garden, Peer Mushalla, Punjab	India
S1-826397038	Bright Deli	124 39th Street, Norfolk City, VA	US
S1-799847202	Milais Clean West LLC	KY, Rush, 2770 1654	US
S1-494675623	Lian's Jewelers Inc	6120 Winton Road, Fairfield, OH	US
S1-925404974	Bharat Consulting Private Limited	3/200, M.Nedunkulam Paramakudi Taluk, Ramanathapuram, Tamil Nadu	India
S1-139616096	Lantern Logistics, LLC	1249 Bannock Trail, Wooster, OH	US
S1-352666783	Chavez Platinum Stone	4144 Grizzly Way, Stevensville, MT	US
S1-226591669	Machinists Local Union 628	3570 Thousand Oaks Boulevard, Thousand Oaks, CA	US
S1-703968443	Digital Business Private Limited	B-16, Sector 67, Noida, Gautam Buddha Nagar, Uttar Pradesh	India
S1-545206005	Brand Automotive Private Limited	Delhi, Madhav Kunj, C26 Banglow Road, Adarsh Nagar, Delhi	India
S1-594907659	Green, Zywicki & Schafer LLC	11347 Columbia Pike, Silver Spring, MD	US
S1-896270070	Rev It Up Seafood	67 3rd Street, Troy, NY	US
S1-244426699	Pediatric Dentistry Care Associates	16965 Lundberg Street, Surprise, AZ	US
S1-252680278	Red International Private Limited	65 Atlantanariman Point, Mumbai, Maharashtra	India
S1-322024131	Wildlife Project	255 West Street, Unit Apartment 1A, Mount Kisco, NY	US
S1-110055702	Modern Innovative of Concho	35 8239, Concho, AZ	US
S1-288168511	Rodela, Chrysa, L.C.S.W.	3105 Engert Drive, Chattanooga, TN	US
S1-685018522	Fortune Climate (India) LLP	Gat No. 396, Pune-Nagar Road, Lonikand Village, Pune, Maharashtra	India
S1-479121466	Dermatology Precision Care Group	4107 Victoria Drive, Hoffman Estates, IL	US
S1-674867999	Shree Consultancy Private Limited	Howrah, West Bengal, 5/2, Dum Dum Road, 1St Floor, Lp-1/46, Kolkata, Kolkata	India
S1-351539938	Mos Turbomachinery	C-2/2317 Vasant Kunj, New Delhi, North Delhi, Delhi	India
S1-868967558	Family Associates Inc	2015 Edmondson Avenue, Baltimore, MD	US
S1-150794084	Austin Farms Inc.	4810 Spring Mountain Road, Fort Smith, AR	US
S1-912550059	One Supreme Foods Private Limited	15/38A, Third Floor, Tilak Nagar Near Mangal Bazar, Delhi, West Delhi, Delhi	India
S1-122130421	Halcos Rio Center	Elk, 36716 Muehle Road, WA	US
S1-21325387	Fossil Power Private Limited	S. No. 120/3/1, Sus Road, Vansaj Garden Near Yash Classic, Pashan, Pune, Maharashtra	India
S1-387130553	Eakin Safe Royalties LLC	7917 Brandyapple Drive, Raleigh, NC	US
S1-253466331	Birch Sciences, LLC	505 Sumerlin Road, Saint Michael, MN	US
S1-348714082	Kim Owl LLC	1790 Field Road, Temple, TX	US
S1-571746429	Machinery Technologies Private Limited	28, Vivakanand Road, Kolkata, Kolkata, Howrah, West Bengal	India
S1-553666393	Ramirez Classic Affiliated Inc	El Prado, NM, 1302 Camino De Tio Alberto	US
S1-717272816	Red Properties Private Limited	A N 293, Chhahi, Varanasi, Uttar Pradesh	India
S1-416630827	Electra's Construction Inc.	321 12th Street, Shiner, TX	US
S1-831968935	Pune Sciences Private Limited	S No 21/5/A1 103 Mpj Chamber Wakadewadi, Pune, Maharashtra	India
S1-592988710	Rogers and Rosario Trinity	TX, Conroe, 14536 Hil Road	US
S1-741386196	Shani Frey Royal Magna	3122 Standish Avenue, Parma, OH	US
S1-715922317	Motley Paper LP	431 Pecore Street, TX, Houston	US
S1-147699168	Global Dream Builders Limited	Ghaziabad, Rajnagar Ext, U-02 Himalaya Tanishq, Ghaziabad, Uttar Pradesh	India
S1-291922450	Randolph Physical Therapy Value Care Inc	12 Curran Terrace, Randolph, MA	US
S1-598741375	Royal Brothers Private Limited	10-20-40/B Amaravatiplots, 2Flr, Migb-148, Chenchupeta, Tenali, Guntur, Andhra Pradesh	India
S1-970907744	Zirava Projects Private Limited	Jain Transport Compound M.G.H. Road, Jodhpur, Rajasthan	India
S1-523091867	Ardine Everette Pacific Guaranty LLC	37781 Heron Lane, Unit 435, Selbyville, DE	US
S1-616936016	Hindustan Welfare Society	Kallisto Town H No-Th-66, Sector-128, Jaypee Greens, Noida, Gautam Buddha Nagar, Uttar Pradesh	India
S1-603834450	Kaveravi Software Group	5A, South Kasba Laxmi Market Road, Solapur, Maharashtra	India
S1-79339099	Mgs Trading Private Limited	B40 Nandbhuvan Ind Precsl, Mahakalicaves Rd Andherie, Mumbai, Maharashtra	India
S1-714763745	Golden Builders Pvt Ltd	No.11, Kumaran Colony 1St Street, Vadapalani, Chennai, Tamil Nadu	India
S1-121555843	Sterling Golden Coffee, L.L.C.	9005 Meadow Road, Town Of Gibraltar, WI	US
S1-75107622	Johnson Integrated Textiles	1282 Freedom Point, Beavercreek, OH	US
S1-707839887	Anand International Private Limited	No. 301 3Rd Floor Giri Building, Opp. Prefect Driving School Near Kalyan Court Kalyan Murbad Road, Kalyan, Thane, Maharashtra	India
S1-723629507	Sterling Silver Antimony Inc	17617 134th Place, Redmond, WA	US
S1-36755687	Media Sree Limited	6-8-24/1, 1St Floor, Sivasakthi Complex 8/1 Arundelpet, Opp: Sbi, Guntur, Andhra Pradesh	India
S1-973846459	Smith Family Practice	701 Main Street, Unit 110, Bluff, UT	US
S1-11149261	Great Great Agro Private Limited	317, Ashish Industrial Estate, Gokhale Road, Dadar (W), Mumbai, Maharashtra	India
S1-450644747	Arya Trading Private Limited	Chandrakunj, 3, Pretoriastreet, 1Stfloor, Kolkata, Howrah, West Bengal	India
S1-302333748	Wise Medcare Private Limited	Karnataka, No.47, 4Th Phase, Bommasandra Industrial Area, Bangalore	India
S1-688429031	Pinnacle Mortgage Corporation Inc	Columbus, 6355 Blue Heron Lane, OH, Bldg 8	US
S1-598297607	(india) Mansarover Fabricon Private Limited	B-18/14, 15, 16 Sachin Udhyognagar, Hojiwala Estate, Sachin, Surat, Gujarat	India
S1-835775866	Cooper's Services LLC	1109 Sonora Loop, Unit 1, Coolidge, AZ	US
S1-237084960	Heartland Project	IN, Warsaw, 2693 Steven Drive	US
S1-940823729	Unified Clean Scuti LLC	109 Gulf Street, Whitesburg, TN	US
S1-419522577	Mutual Analytics Advisors, Inc	3487 Scout Trail, Billings, MT	US
S1-817486686	Metro Enterprises LLC	38 Ridgefield Avenue, Waterbury, CT	US
S1-756259289	Pinnacle Automation Works LLC	1735 Cambridge Avenue, Phoenix, AZ	US
S1-235833505	Rocha Keystone Duke, LLC	17155 Us Rte 68, Mount Orab, OH	US
S1-651701495	Aveline Timberlake Elm LLC	2409 Saratoga Way, Costa Mesa, CA	US
S1-322570952	Rnm Krishna Private Limited	303, 3Rd Floor Hemkunt Chambers, 89, Nehru Place, New Delhi, South Delhi, Delhi	India
S1-12235246	Dot & Brothers Ltd	S-15/6 C, Ghausabad Nadesar, Varanasi, Uttar Pradesh	India
S1-921835652	Dental Clinic Inc	231 Virginia Street, Hobart, IN	US
S1-154866549	Red (India) Imf Private Limited	Bangalore, # 3, Karnataka, Rangappa Layout, Bhuvaneshwari Nagar 6Th A Cross, 100 Ft Road, Bsk 3Rd Stage, Bangalore	India
S1-228061681	Allied Security	2281 Heather Cove, Fayetteville, AR	US
S1-979253329	Odille Tyler, DPM, DDS PC Care	20 Arbor Street, Portland, ME	US
S1-936165437	MNN Sciences Private Limited	57, Golden Tower Mall, Near Vijaya Bank Mall Road, Ferozepur, Firozpur, Punjab	India
S1-744619304	Montgomery Pineapple LLC	TX, 3902 Eagles Walk, Katy	US
S1-332077361	Aurial Tavia LLC	70283 Tall Tree Avenue, Kenai Peninsula Borough, AK	US
S1-779711247	Rapid Neighborhood PLLC	7805 Barbour Store Road, Willow Spring, NC	US
S1-697185812	Eye Health	96 Longmeadow Drive, Waterbury, CT	US
S1-413934307	Gurgaon Interior Private Limited	Shop No.231-232, Gurgaon, Raheja'S Mall, Sector-47, Sohna Road, Gurgaon, Haryana	India
S1-201584515	Pacific Prime Fashion LLC	TN, Greeneville, 2265 Roaring Fork Road	US
S1-943026803	Speedo Tech LLP	C/O Appala Reddy 54-11-8, Aditya Nagar, Visakhapatnam, Visakhapatnam, Vishakhapatnam, Andhra Pradesh	India
S1-946428080	Heart Council	MA, Leominster, 200 Atlantic Avenue, Unit 32A	US
S1-525970796	Sai Tech Private Limited	Delhi, New Delhi, Shop No. 39, New Delhi, C.S.C-8 Sector 8, Rohini	India
S1-952502509	Astron Services Pvt Ltd	Jai Prakash Nagar W No.7 A, Araria, Bihar	India
S1-351656385	Rtk Animation Private Limited	Deju Plaza, Old No. 4, New No. 2, A-2 Srinagar Colony South Avenue, Saidapet, Chennai, Tamil Nadu	India
S1-25861361	Judi Garcia Debt	536 Exeter Avenue, Indianapolis, IN	US
S1-129505936	Metro Healthy Inc.	714 Jonathan Drive, Joppa, MD	US
S1-957131535	Washington National LLC	12421 Palm Place, Chino, CA	US
S1-738191409	Gutierrez, Silva and Burch National LLC	2421 64th Avenue, Mercer Island, WA	US
S1-186509450	Digital Construction Private Limited	Kiliyileth Building, 2Nd Floor, Nh Road, Opposite Smart Bazar Pattom Kesavadasapuram, Thiruvananthapuram, Thiruvananthapuram, Tc 2/3592, Kerala, Trivandrum	India
S1-73872555	P.S. Maynaguri Hospitality Private Limited	Vill. Uttar Bhuskadanga P.O. Jalpesh Mandir, P.S. Maynaguri, Jalpesh, West Bengal	India
S1-598870414	NBJ Quartzsea Inc	310 Carroll Drive, Gatesville, TX	US
S1-112804870	Seven Consultancy Private Limited	B-804, Noida, Jm Florence, Plot No. Dv-Gh-09C, Techzone-4, Gautam Buddha Nagar, Uttar Pradesh	India
S1-963355220	Capital Project	26 Superior Court, Lima, OH	US
S1-3091962	Silver Super Consultancy Private Limited	C/O-Sourav Saha, Mathabhanga`, No-647/04, Vill-Gossairhat, Cooch Behar, West Bengal	India
S1-300757769	Strategic Banco	221 Barstad Road, Cottonwood, MN	US
S1-358651214	Atlas Gladstone	7013 Miranda Drive, Austin, TX	US
S1-728625790	Cure Pizza	1513 Iroquois Drive, Garland, TX	US
S1-213336262	Norwood, Ryan & Dillard Deutsche Ltd	64 Hawkins Drive, Buckhannon, WV	US
S1-62727650	Macgillivray, Merritt & Carter Peace LP	10210 Pace Road, Erwin, NY	US
S1-175393818	Healthcare Gujarat Structures LLP	19 Ssi Estate Gt Karnal Road, Delhi, North Delhi, Delhi	India
S1-881975925	Mountain Charities LLC	Warm Springs, 2629 Brakebill Road, AR	US
S1-219884719	Royal Impex Private Limited	317 Jolly Bhavan No 110 New Marine Lines, Mumbai, Maharashtra	India
S1-867843928	JY Frontier Biopharma LP	65 Lorraine Avenue, Somerset, MA	US
S1-765278567	JTQ Entertainment LLP	11, Vigyan Vihar, New Delhi, Delhi	India
S1-148669837	Cloe Galo Ace Big LLC	5800 Pineleaf Drive, Millbrook, AL	US
S1-81721698	Shriram Institute of Technology	24-B, Tejaji Nagar, Mahesh Nagar Mode Gopalpura Bye Pass, Jaipur, Rajasthan	India
S1-603702253	Haws and Tillman Inc	4510 Banner Gateway Drive, Unit 2039, Mesa, AZ	US
S1-277746531	Narasimha Set Clinic	21-8-105B, Jeevakona Main Road, Tirupati (Urban), Chittoor, Andhra Pradesh	India
S1-459385904	Bangalore South Consultancy Private Limited	Janani, Ground Floor, 1Stmain Santhrupthi Nagar, Bangalore, #74, Bangalore South, Karnataka	India
S1-863924349	Seven Services Private Limited	Malayappansquare, F3Gopalenclave37Mookambiga Nagar, Mainroad, Noombal, Chennai, Kancheepuram, Tamil Nadu	India
S1-642219669	Big It Private Limited	10/6781 D G Road Dev Nagar, Karol Bagh, Central Delhi, Delhi	India
S1-995912421	Hotel Consultancy Private Limited	Vill Anora, Sadabad, Mathura, Uttar Pradesh	India
S1-112201092	Coyne & Kear Inc	Glendale, 4439 Palmaire Avenue, AZ	US
S1-132404310	Therine Johnson Highland Inc	399 Schad Court, Concord, NC	US
S1-797247386	Midwest Total	240 1 Jim Patterson Road, Kings Mountain, NC	US
S1-205943804	Navarathna (India) Agro Pvt. Ltd.	Flat No. G-50, 16Th Avenue, Gaur City-2 Plot No Gh-03, Sector 16C, Greater Noida, Gautam Buddha Nagar, Uttar Pradesh	India
S1-908231011	Karthikeya Tech Ltd	115 Jodhpur Park, Kolkata, Howrah, West Bengal	India
S1-922631318	Moore & Jolly	13185 91st Way, Fl 1, Scottsdale, AZ	US
S1-899520191	Malabar & Partners	2303 Bldg 4 Madhuban Chs Ltd S No 31 39, Mhada Layout Malad (E )-Southside Of Daf Cts 147 Pt Off Vlg Dindoshi Shivdham Com Mumbai, Malad East, Mumbai, Maharashtra	India
S1-39561127	Cornerstone Corp	141 Fulton Avenue, Unit Apartment 812, Poughkeepsie, NY	US
S1-691263064	Baba Media Private Limited	Vill - Nashipur P.O. - Pukhuria P.S. - Ratua, Malda, West Bengal	India
S1-237235242	New Delhi Realtors LLP	A-197 New Ashok Nagar, New Delhi, Delhi	India
S1-553405733	Beer Management Pvt Ltd	A-18 & A-19, Part Industrial Area, Bandka, Ujjain, Madhya Pradesh	India
S1-748302576	Pennington, Dickson & Baker	4007 Rockcastle Road, Steeleville, IL	US
S1-952594343	Gonzalez Gravity L.L.C.	MD, 15402 Marlboro Pike, Upper Marlboro	US
S1-569094275	Southern Silver Corp	1285 Adams Street, Lafayette, OR	US
S1-506982040	Bender Platinum Gravity Inc	155 Hardin Road, Topton, NC	US
S1-681456506	Life Consultancy (India) Private Limited	F-2062 Raja Ji Puram Coloney Avas Vikas, Lucknow, Uttar Pradesh	India
S1-39645366	Hari Technologies Pvt Ltd	Vaishnavi Signature78/9, Outer Ring Road, Varthur Hobli, Bangalore South, Bangalore, Karnataka	India
S1-344434923	Espinal Grand Northwest	1483 Rancho Avenue, San Luis, AZ	US
S1-889065645	Shivam Foundation Limited	House No. 237, Floor Upper Ground, Block F, Prashant Vihar, Rohini, Delhi, North West, Delhi	India
S1-603714891	Hra Traders Limited	No.147, Pandian Street Alwarthirunagar, Chennai, Tamil Nadu	India
S1-222659023	Ear Nose & Throat Associates Inc.	441 3rd Street, Monticello, IA	US
S1-188909062	Eesha Growing Private Limited	Benaras Road, Chanditala P.O.- Chanditala, P.S.- Chanditala, Hooghly, West Bengal	India
S1-253573622	Smelley Companies	Wadsworth, IL, 38661 Pine Grove Avenue	US
S1-234507012	Esparza Ridge Sunrise Inc	9 Falling Leaf Lane, Houston, TX	US
S1-473493021	Prestige Producercompany Pvt Ltd	Shop No. 71, First Floor Laxmi Bazar, Main Madan Puri Road, Gurugram, Gurgaon, Haryana	India
S1-190475147	Cohen Ridge Enclave	207 Mitchell Lane, Erin, TN	US
S1-844501331	Keystone Foods LLC	3526 Neosho Road, Rio Rancho, NM	US
S1-177114494	Fulton Diana LLC	NY, 54 Dusk Drive, New Rochelle	US
S1-795377021	Big Hospitality Private Limited	31, Bhadbhada Road, Bhopal, Madhya Pradesh	India
S1-367572141	Trinh & Daugherty	488 Mc Bride Avenue, Unit LOT 7, Dupo, IL	US
S1-950578799	Nandini Electricals LLP	Villa#5, Poulomi Aristas Near Rajapushpa Atria, Gandipet Main Roa, D, Kokapet, Hyderabad, Telangana	India
S1-558836828	Maegan Johnson Diversified LLC	5448 Dalton Pike, Cleveland, TN	US
S1-468214089	Fortune Engineering Limited	H.No.-2/569 Lgr.Fl Shop-1, Vrundavan, Koliwad, Surat City, Surat, Gujarat	India
S1-778188735	Salazar Quality Fashion Inc	400 Long Road, Lenoir City, TN	US
S1-801730568	Sheela Lone Tri-State Star Partners	1026 20th Street, Dickinson, TX	US
S1-411559037	Software & Co Ltd	C/O:Aileni Srinivas Reddy, Telangana, Husnabad, Karim Nagar, Sy No: 4/C Lic Colony	India
S1-137732866	Burmeister and Hawley	4912 Mortensen Rd, Unit 423, Ames, IA	US
S1-352679948	Strategic Mortgage Solutions	3015 Bluebird Drive, Fl 0, Wichita, KS	US
S1-41795310	Marylinda Ahumada Odyssey LLC	1111 Ulatis Drive, Unit APT 23, Vacaville, CA	US
S1-228493027	Highland Charter School	870 94th Avenue, Blaine, MN	US
S1-20327522	Rains Space	18949 Coastal Highway, Unit 105, Rehoboth Beach, DE	US
S1-188787678	Magnet Ventures	Pioneer Park, House Name - Biswabharati, Barasat, Parganas North, West Bengal	India
S1-57113167	Trinity Institute	1St Floor, Revathi Complex, Near Panthayil Temple Guruvayur South, Kerala, Room No:X-415/13, Thrissur	India
S1-51732009	Alappuzha Tech	Cmc/28/412 M Vrindavan, Cherthala, Alappuzha, Kerala	India
S1-232986111	Brien Enterprises	502 Mallard Drive, Randleman, NC	US
S1-559213281	Big Consultants Private Limited	24-25, Ganpati Vihar, Navratan Complex, Girwa, Udaipur, Rajasthan	India
S1-121497466	Ardelle D. Mello, DO	359 Rockett Lane, Red Oak, TX	US
S1-125553807	Hunger Star Foundation	800 2nd Street, Enterprise, OR	US
S1-877210246	Shivraj Traders Limited	Sy No. 78/1, Amanidoddakere Village, Kasaba Hobli, Hosakote Taluk, Bangalore North, Bangalore, Karnataka	India
S1-380902588	Johnson Architecture Inc	840 Ransom Lane, Bloomington, IN	US
S1-441467079	Spandan College	Plot No.59, Sector No 1, Shirwane, Nerul, Navi Mumbai, Maharashtra	India
S1-973191579	Cruz College	84 Emerson Avenue, Babylon, NY	US
S1-842072771	Lopez Veterinary Clinic	212 Meramec Avenue, Unit APT 608, Saint Louis, MO	US
S1-68951985	Kelley Australian LLC	6697 Windy Hills Road, Cincinnati, OH	US
S1-379279722	Gulf Genesis, Inc	4420 2A Cinnabar Court, High Point, NC	US
S1-504170688	Dynamic Trading Private Limited	No.133, Babu Garden, Phase2, Sikkarayapuram, Sriperumbudur, Kanchipuram, Tamil Nadu	India
S1-434010695	Golden Tavern!	6118 Loma, Miami, AZ	US
S1-849506794	Reynolds Colonial Transalta	6551 Cross Field Lane, Charlotte, NC	US
S1-80595248	Eye Fresh Partners LLC	267 County Road 2509, Lometa, TX	US
S1-54238304	Uptown Yoga	71 Conant Street, Unit 4, Beverly, MA	US
S1-868146685	Hulbert Institute Corp	#34/6-16, 2Nd Floor, Rajashree Saroja Plaza, Bangalore South, Bangalore, Karnataka	India
S1-331281884	Mool Beverages Ltd	8/139, Mahram Nagar, Opp. Palam Airport, Delhi Cantt, Delhi	India
S1-782369885	Labriex Security, Inc.	2015 4th Street, Washington, DC	US
S1-106110605	Verna Lauer, Esq.	Kansas City, 8218 Ruskin Way, MO	US
S1-102173055	Barton Capital Partners	710 Crown Court, Raleigh, NC	US
S1-472395306	Whitford Mobile Inc.	2700 Hackley Street, Muncie, IN	US
S1-728391778	Vieira and Denison Crumrine PC	1741 Gary Avenue, IL, Aurora	US
S1-746455859	Felice's Diagnostics Inc	7910 Tyneland Court, Houston, TX	US
S1-122828212	Fontana Chiropractic Allied Physicians	7966 Sea Salt Avenue, Fontana, CA	US
S1-994276536	Behavioral Health Center LLC	Lake Stevens, 217 81st Drive, WA	US
S1-295415850	Hotel Polytechnic Private Limited	Plotno.8A, Survey No.184P, Sai Prithvi Enclave, Serilingampally, K.V.Rangareddy, Telangana	India
S1-228875568	Gold Energy Limited	Surveyno 96/1 (Old No 96), Kodathi Village, Varthur Hobli, Sarjapur Road, Bangalore South Ta, Bangalore, Karnataka	India
S1-227407092	I/I Electricity	6501 Gate Post Court, Fayetteville, NC	US
S1-764806955	Minnaminnie's Complete Motors	747 Minot Avenue, Auburn, ME	US
S1-744642501	Tirumalagiri Sons Limited	Lig-82, Balaji Nagar, Kukatpally, Tirumalagiri, Hyderabad, Telangana	India
S1-597512224	Ss First Business Private Limited	Ernakulam, 41/1457 - A3, 2Nd Floor, Nedumchalil Building, Civil Line Road, Padivattom, Kerala, Ernakulam	India
S1-340104214	Robles Veterinary Clinic	2711 Nettles Ridge Way, Fuquay-varina, NC	US
S1-656188154	Innovative It	Delhi, South West Delhi, H.No.- Rz A1/48 Vijay Enclave Palam Dadri Road, New Delhi	India
S1-914184785	Marketing Tripura Jyoti Pvt Ltd	6, Old Post Office Street, P S Hare Street, Kolkata, Howrah, West Bengal	India
S1-53015651	Safe Agnc LLC	82 Chestnut Street, Fl Floor 1, Albany, NY	US
S1-408077398	Mei, Candis F., DO	18 Talcott Ridge Drive, Middletown, CT	US
S1-860239934	Shantiniketan & Partners Private Limited	Old No 106/10, Vepery High Road, Periamet, Chennai, Tamil Nadu	India
S1-632697825	Quillen Family Office Inc	Barberton, 3215 Brenner Road, OH	US
S1-806407573	Richmond Health Federal Charities	920 Camden Court, Richmond, KY	US
S1-504796203	Jackson College	425 Merrimac Way, Unit C203, Costa Mesa, CA	US
S1-738297151	Flowers Pimco	400720 1220 Road, Hanna, OK	US
S1-855025208	Shiv Marketing Pvt Ltd	H No-1940, Basement Floor, Gali Ahiran, Sabzi Mandi, Delhi, North Delhi, Delhi	India
S1-539956591	Ashirwad Controls Group	C/O Saralabai Bhagwan Deshmukh Vandemataram Nagar, Kukana, Tal. Newasa, Ahmednagar, Maharashtra	India
S1-121068771	Wood Metals Inc	225 Urquhart Road, City Of Stanley, WI	US
S1-427039039	Software Products (India) Pvt Ltd	P-204, Metro Tower, 2Nd Floor Vijay Nagar, Indore, Madhya Pradesh	India
S1-70072397	Lakshmi Mills Private Limited	Guna, C/O Priti Raghuwanshi, Guna, Govind Gardan, Madhya Pradesh	India
S1-4762631	Huerta Signature Flex LLC	926 Walker Avenue, Wenatchee, WA	US
S1-383267509	Dental Center Corp	Hamilton, OH, 2230 Morrow Trail	US
S1-891841081	Synnet Cohen Partners	16 Pine Street, Malone, NY	US
S1-932338932	Jodhani Supply Private Limited	459/B/2, Bholanath Nagar, Opp Pila Mandir Shahdara, Delhi	India
S1-650114702	Danny's First Research	207 High Street, Painesville City, OH	US
S1-574752508	Sree Foods Pvt Ltd	No.1, 2Nd Cross Street, Kannan Nagar, Madipakkam, Chennai, Tamil Nadu	India
S1-249382760	Sp Indra Pvt Ltd	1/2260Ram Nagar East Shahdara, New Delhi, East Delhi, Delhi	India
S1-652996705	Kattie's Creative Wholesale LLC	1587 Highland Road, Mcminnville, TN	US
S1-229208975	Cornerstone Bay Meshflow LLC	155 Co Maint 217, Dresden, TN	US
S1-379449555	Lambeth Supreme Starling, LLC	5 Kelli Court, Little Rock, AR	US
S1-227987004	Sai Pioneer Infra Private Limited	11141, Arocon Golf Villa Tower No-10 Gh-7, Crossing Republic, Ghaziabad, Uttar Pradesh	India
S1-324591537	Roberts Principal of Yukon	205 Main Street, Yukon, OK	US
S1-713256384	Nuh India Limited	Shop No 97 Opposite Bank Of Baroda, Nuh, Mewat, Haryana	India
S1-130390139	Aurari Health LLC	UT, New Harmony, 226 Center Street	US
S1-618843739	Placement Producer Private Limited	1A2&3Magaji Inspire Outer, Ringrd, 2Ndstg, 3Rdphase, Bangalore North, Bangalore, Karnataka	India
S1-663096395	Martin and Logan Group	2175 Southern Avenue, Unit 133, Apache Junction, AZ	US
S1-585948100	Toinette Hopper Bakery	11960 Spire Terrace Drive, City Of El Paso, TX	US
S1-456087794	Romero Opportunities Inc	42 Pearl Street, Unit 1, Everett, MA	US
S1-545021366	Animal Welfare Fund LLC	1556 Rfd, Long Grove, IL	US
S1-635526500	Great Solutions Private Limited	706, Akash Magehdutam, Opp Tdi City, Moradabad, Uttar Pradesh	India
S1-122215635	Atlantic Hancock, LLC	201 Palmetto Drive, Belton, TX	US
S1-554430768	Salt Veterinary Clinic	242 Calder Way, State College, PA	US
S1-586824384	Ocean City Internal Medicine Grand Specialists LLC	Unit 203B, MD, Ocean City, 2205 Philadelphia Avenue	US
S1-581386061	Katz, Tidwell & Johnson Pelican LLC	1115 Saddle Run, Apache Junction, AZ	US
S1-333288322	Smith Chesapeake Inc.	260 Eastern Avenue, Leesburg, OH	US
S1-622429809	Wallace Argentina Center	354 Coffin Avenue, Unit 1, New Bedford, MA	US
S1-823583580	Rahuri Cement Private Limited	Gat No- 31/3, Babhulgaon, Tal- Rahuri, Dist- Ahilyanagar, Rahuri, Ahmed Nagar, Maharashtra	India
S1-940441447	Panchajanya Metaverse Private Limited	Kanaka Complex, Challakere Chitradurga, Challakere, Chitradurga, Karnataka	India
S1-563634760	Prairie Complete Applied	NM, 671 Weatherly Road, Des Moines	US
S1-87979411	Shree Minechem (India) Private Limited	Delhi, West Delhi, New Delhi, Office No. M-1, Mazzanine Floor, B-2, Shivam House, Commercial Complex	India
S1-161590195	Jey Super Private Limited	H No A-1/13 Ff Block - A Ph 3 Landmark Laxmi Baicollege Satya Wati Ashok Vihar, Delhi, North West, Delhi	India
S1-414371672	Certified Kensington LLC	9528 Bayberry Green Ln, Louisville, KY	US
S1-68548736	Ramirez and Dildine Health	5244 45th Street, Parma, OH	US
S1-58793279	Ownby and Lilley LLC	3300 Marion Bucyrus Road, Marion, OH	US
S1-724335753	Golden Guru Consultants Limited	2Nd Floor, Mangaldeepbuildcon Mission Bazar Krishnapur, Kolkata, Kolkata, Howrah, West Bengal	India
S1-252757780	Keahey, Visco & Hart	29 Culvert Street, Unit Apartment C11, Port Jervis, NY	US
S1-72635954	Global Shree Chennai Pvt. Ltd.	57B, Floor-2, Plot-4, Geeta Griha, R S Sapre Marg, Lohar Chawl, Kalbadevi, Mumbai, Mumbai City, Maharashtra	India
S1-612738906	Guru International Management Limited	187 Rabindra Sarani3Rd Fl Miya Katra Room No 86 Bara Bazar, Kolkata, Calcutta, West Bengal	India
S1-990031568	Tech Hydrotech Digital Private Limited	Kharar, Rupnagar, Punjab, Village Bhago Majra, C/O Neelam Begam #324	India
S1-402992456	Rdc Charitable Trust	Manali Chambersplot No 306 Sector 1-A, Gandhidham, Gujarat	India
S1-860556603	Raghuvir Credit Ltd	Plot No 30A Scheme No 78 Part 1 New Loha Mandi Dewas Naka, Indore, Madhya Pradesh	India
S1-55734080	Alden, Potter and Rigsby Capital	Unit 86, Mesa Four Peaks, AZ, 834 Meridian Road	US
S1-641847966	Vanguard Hospitality Worldwide	1216 Kenneth Street, Detroit Lakes, MN	US
S1-65492593	Valley School of Medicine	KY, Louisville, 5418 Bold Venture Rd	US
S1-697484344	Royal Investments Pvt Ltd	B-23, Parijat, Bandra Reclamation Opposite Lilavati Hospital, Bandra, Mumbai, Mumbai City, Maharashtra	India
S1-335221041	India Star Nidhi Private Limited	Srishti House, 5- 361L 4A, Rudra Priya Nagar, Karnataka, Udupi	India
S1-379630166	Geus Nippon	64 Indian Rest Road, Harpswell, ME	US
S1-220330099	Munguia Harmony	12018 Saint Paul Road, Clear Spring, MD	US
S1-214157942	East Industries Pvt Ltd	94/2B3, 94/5, Ground Floor, Salem, Tamil Nadu	India
S1-520400771	Atlantic Guild V	21312 Timber Trail, Shorewood, IL	US
S1-592349899	Crystal Altenergy	13723 Puget Park Drive, Everett, WA	US
S1-782751359	Mbg Food Limited	S No 130 B No 10 Flat No 21 Anandnagar, Pune, Maharashtra	India
S1-562505683	Total Piedmont Egh P.C.	403 Duncan Drive, Richlands, NC	US
S1-772063341	Lyra Fast of Mashpee	35 Ashumet Road, Unit 8C, Mashpee, MA	US
S1-18864967	Gateway Services (India) Private Limited	T5, H.No: 702 Gera Skyvillas Chs, S No-64 (1 To 6) Off Pune-Nagar Highwaykharadi, Pune, Maharashtra	India
S1-931837547	Geo Solution Group	75 Shivlok Colony, Rangwasa, Rau, Depalpur, Indore, Madhya Pradesh	India
S1-756581859	Star Talent Holdings Group	Los Lunas, 55 Avenida Valencia, NM	US
S1-969941262	Gulf Interactive PC	11557 Dry Gulch Road, Sandy City, UT	US
S1-586193508	Media Jaishankar Design Private Limited	4C, Chetan Seth Street 4Th Floor, Kolkata, Howrah, West Bengal	India
S1-440836551	Innovative Wealth Studios Associates	4255 21st Street, Chicago, IL	US
S1-626329054	Continental Design Services	NE, 4941 114th Street, Omaha	US
S1-360111976	Silver Mines Inc	10029 Scott Road, Altoona, KS	US
S1-949036591	First Impex	H.No. Rzb-20-A Kh. No. 80/11/2 Nihal Vihal Nangloi, New Delhi, West Delhi, Delhi	India
S1-864994341	Zephyr Chain Inc	285 Shepard Avenue, Hamden, CT	US
S1-339166558	Lott Gulf Westin LLC	328 Springhurst Lane, Cary, NC	US
S1-413149261	Crecer & Co	412, Race Course Tower Race Course, Vadodara, Gujarat	India
S1-693523003	Timber	NY, 78 Ferndale Lane, Minoa	US
S1-838578489	Trantham, Rosalind, P.A.	150 Mcginty Street, Diamond, IL	US
S1-245348612	Media Greendom Housing Private Limited	H.No-37, Gali No-26, Opposite-Park No.-1, Shree Krishna Nagar, Patna, Bihar	India
S1-506049966	Eastern & Sons Private Limited	B-2 Jalaram Chs, Murbad Road, Pournima, Kalyan West, Thane, Maharashtra	India
S1-873585634	Delta Center	SC, Seneca, 701 Grady Street	US
S1-746228564	Alpha Clinic	Plot No 75, Guru Nanakpura Pole No L/357, Nagpur, Maharashtra	India
S1-14401156	Kamthi Fit Pvt Ltd	Plot No.131, Kamthi, Near Uppalwadi, Sub Post Office, Nari Road, Samarth Nagar, Nagpur, Maharashtra	India
S1-202122338	Bharat Real Systems Private Limited	C/O Ajay Kumar Yadav, At Phulwaria Po Ferusa, Chapra, Saran, Bihar	India
S1-265087895	Orthopedic Care	1106 Saint Peters Centre Boulevard, Unit 1106, St Peters, MO	US
S1-221993405	Secure Star Managed	Spring, TX, 4318 Victoria Pine Drive	US
S1-879185938	Happy Pizza Associates	DE, Newark, 435 Christina Mill Drive	US
S1-646401673	Swaminarayan Chemicals Private Limited	West Bengal, North 24 Parganas, 24 Pgs North, Baguihati, De-15 Deshbandhu Nagar	India
S1-544555012	Indo Solutions Private Limited	Door No 12-338 Kandalloor, Kandalloor Panchayath, Kayamkulam, Alappuzha, Kerala	India
S1-482438317	Lalion Array LLC	1152 Henry Place Boulevard, TN, Clarksville	US
S1-249372728	Fresh Great Trust Care	9231 Troy Avenue, Evergreen Park, IL	US
S1-265588493	Atom Brothers Private Limited	Plot No. L-34, Ahmednagar, Ahmed Nagar, Midc, Ahilyanagar, Nagapura, Maharashtra	India
S1-325216385	JSG Harbor Fortune	Fl 1, Chandler, AZ, 4 130th Place	US
S1-559585123	Royer, Butler & Stecklein LLC	AL, Columbiana, 4205 Hwy 61	US
S1-865697578	Barnes Alliancebernstein Inc	Logan, OH, 16370 Collison Road	US
S1-156889501	4563 Lake Way Associates	3000 Spence Springs Road, Unit Unit 302, Prescott, AZ	US
S1-851564558	Sequoia LLC	421 Krchnak Road, Smithville, TX	US
S1-304369186	Great Montessori School	Bennington, 4099 Cade Highway, OK	US
S1-405490894	Delta Archimedes Inc.	1348 Westminster Drive, Cincinnati, OH	US
S1-768109276	Bihar Seva Samiti	No.34, Marutham Complex, Maruthamalai Main Road, Vadavalli, Coimbatore, Tamil Nadu	India
S1-223918950	Unified Sterling Aria LLC	2244 3rd Avenue, Irondale, AL	US
S1-813953238	Person's Advertising LLC	110 Transport Drive, Algood, TN	US
S1-5504182	Bailey Creative World Center	Unit Unit 1124, 8470 Limekiln Pike, Cheltenham Township, PA	US
S1-308726883	Golden Enterprises Private Limited	Old No.38, New.No.204, Kattukottai Pottiyam Post Sankarapuram, Villupuram, Tamil Nadu	India
S1-339591022	LH Producercompany	Signature Global Park 4-5, Sec-36, Sohna, Gurgaon, Haryana	India
S1-788093774	Unified Wholesale Ventures Inc.	2608 Glenhaven Drive, Unit APARTMENT A, Midwest City, OK	US
S1-894780032	EP Promoters Limited	House No. 380, Sector-9, Faridabad, Haryana	India
S1-830502474	Paragon Brothers Pvt. Ltd.	Ten Square, Office No. 504, 5Th Floor, Beside To Mount Carmel School, Lullanagar, Pune City, Pune, Maharashtra	India
S1-877506700	Solstice LLC	3762 County Line Road, Goochland County, VA	US
S1-653293958	Desert Allied Viking LLC	6301 Monika Place, Unit APARTMENT 1211, Gwynn Oak, MD	US
S1-403374332	CHV Pediatric Private Limited	G-30 First Floor, Lajpat Nagar-Ii, New Delhi, South Delhi, Delhi	India
S1-851961575	Highland Bay Rexford Inc.	6935 Sykesville Road, Sykesville, MD	US
S1-501276766	Tello Quetta LLC	3690 Saddleback Road, Canandaigua, NY	US
S1-991107607	Vkj Trading	W12/B P317 Kachchh, Gujarat, C/O Gadhvi Ramesh Moolkaran, Gujarat, Kachchh, Kuchchh	India
S1-207752391	Hunger Network	570 Diversey Parkway, Chicago, IL	US
S1-11555977	Gujarat Impex Pvt Ltd	P No 21 Office No 401, Neetigaurav Com Ramdaspet, Nagpur, Maharashtra	India
S1-287366557	Boswell Nextera of St Peters	718 Lorillard Street, St Peters, MO	US
S1-272305735	Romine Guaranty	4511 64, Lexington, NC	US
S1-79300134	Ram Tech Private Limited	A21/1 Link Road, Site 4 Sahibabad Industrial Area, Ghaziabad, Uttar Pradesh	India
S1-692565518	Bien Airport PLLC	6820 Pence Road, Charlotte, NC	US
S1-311981439	Legacy Tree Inc	1731 Thornapple Avenue, Akron, OH	US
S1-44572887	Calida D. Palmer, MD	63 Hitherdell Lane, Babylon, NY	US
S1-72879017	Bui Holdings	14669 Lipscomb Road, Harvest, AL	US
S1-56182208	Omar Heritage Efes Inc	11502 Brambleberry Lane, Draper City (sl Co), UT	US
S1-742236239	Surge (India) Food Private Limited	Pathankot, Village Tharial Block- Sujanpur, Po- Madhopur, Tehsil, Gurdaspur, Punjab, C/O Jagdish Raj	India
S1-191607805	Beacon Art Inc	4723 Normandy Drive, Galena, OH	US
S1-936542636	Ashli's Family Practice Clinic	90 Silver Springs Drive, Vineyard, UT	US
S1-962020047	Merrow, Torres and Witt LLC	5113 Nogales Way, Eloy, AZ	US
S1-694497841	Red Pub	MA, Bridgewater, 90 Goodwater Way	US
S1-995848375	SF Outsource Limited	S.No. 112/1-2-3, A3, Flat No.602 Dwarka Lords, Pimple Saudagar, Pune, Maharashtra	India
S1-197591399	Reliable Graf	1900 Kildare Woods Drive, Greensboro, NC	US
S1-577640855	Hotel Counsellors (India) Private Limited	G-130, Balaji Vihar-16, Badh Shyopur, Ashawala, Jaipur, Rajasthan	India
S1-971480945	Nord Tailwind Inc	409 Cypress Street, Baker City, LA	US
S1-848527287	Mathis Citizens LLC	2008 Cortland Road, Fl 0, Davidsonville, MD	US
S1-770195408	Deque Inc	N13449 Koser Avenue, Thorp, WI	US
S1-528963612	Springfield Petroleum Corp	2365 Cedarbrook Avenue, Springfield, MO	US
S1-285854499	Pancham Services Private Limited	Flat No.4 B Wing, Anandmayee Co-Op Hsg Soc., Off. Karve Road, Erandawane, Pune City, Pune, Maharashtra	India
S1-389430902	Herman Collective Inc.	6142 Buckeye Bottom Road, Murfreesboro, TN	US
S1-814734920	Phaidra Hooks Fresh Tax Service LLC	Lincoln County, OR, 6680 A Avenue	US
S1-636003867	Shakti Impex Private Limited	24 Rajugari Kota, Sivalayam Road, Vuyyuru, Krishna, Andhra Pradesh	India
S1-505740362	Fancy's Communications	408 Cass Avenue, Unit 4, Westmont, IL	US
S1-761572592	Children's Society	7046 Southern Boulevard, Youngstown, OH	US
S1-79170617	Keefe & Chapa LLC	7 Blackfish Road, Truro, MA	US
S1-943644238	United & Sons Public Limited	No. 7, Ground Floor, 3Rd Main Road Matadahalli, Bengaluru, Bangalore, Karnataka	India
S1-972382756	Pediatric Optimal Partners LLC	159 Ashleigh Drive, Brunswick City, OH	US
S1-580314276	Lakshmi Agro Private Limited	Avani Height59A Chowringhee Road Bhawanipur, Kolkata, Calcutta, West Bengal	India
S1-257121108	Continental Software Partners	46 Rocky Hill Road, Trumbull, CT	US
S1-652085206	Fresh Cafe	7 Cove Road, Lyme, CT	US
S1-325897614	Ny India Private Limited	2 St Goerge Gate Road, Kolkata, Calcutta, West Bengal	India
S1-135947589	Alwar India Care	203, 11 Moti Dungari, Alwar, Rajasthan	India
S1-13374513	Diamond Materials Brands LLC	OR, 234 10th Street, Cottage Grove	US
S1-752273740	Wilson, Hilton and Pena LLC	21559 Hummingbird Court, Kildeer, IL	US
S1-745730751	Metro Creative Kensington	33628 224th Lane, Wittmann, AZ	US
S1-791655777	Pune Club Private Limited	C.S.No.162 Shripad Appartment Shop No.1 Back Side Maruti Mandir Bibwewadi Gaon, Pune, Maharashtra	India
S1-31285798	Orion Midcap LLC	1834 Lapaloma Street, Memphis, TN	US
S1-974375659	Portillo and Shaw Stock	Dallas, 4032 Palomino Road, TX	US
S1-71274594	Good Infotech	T 1/10 Mechenic Nagar, Sc No.71, Sector A, Behind Hospital, Dhar Road, Indore, Madhya Pradesh	India
S1-182212269	Al Best Projects Private Limited	Plot No E 328 Industrial Area, Phase 8A, Mohali, Punjab	India
S1-108119314	Technology Innovations Chemicals Private Limited	Begampur, Kauwa, Kordi, Raipur, Bahraich, Uttar Pradesh	India
S1-612655132	Electrical Sangh	P-149 Block-A Lake Town, Kolkata, South 24 Parganas, West Bengal	India
S1-232277974	Classic Infra Pvt Ltd	Scf2, 2Nd. Floor, Bsf Colony Near More, Jalandhar, Punjab	India
S1-27915613	Mutual Staffing Laboratories Care	321 Thompson Drive, City Of Spooner, WI	US
S1-699702608	Catlaina L. Bustamante, D.C., PC Clinic	1116 111th Street, Tacoma, WA	US
S1-999128880	Niharika Traders LLP	Hyderabad, Telangana, E-7 Rolling Hills Gachibowli	India
S1-647604037	Cornerstone Delta Pelican	1369 Willow Avenue, Unit UNIT 16, Rialto, CA	US
S1-21697025	Baverdyne Equity Partners	382 Main Road, Conneaut, OH	US
S1-517480479	Allied Initiative	155 Wiltshire Road, Claymont, DE	US
S1-137780105	Solutions Shree Products Pvt Ltd	C/O Ram Singh Yadav, 79, Milakpur, Ramgarh, Alwar, Rajasthan	India
S1-280756873	Digital Infotech Pvt Ltd	W/N-09, Ramawtar Mandawa, Jhunjhunu, Jhunjhunun, Rajasthan	India
S1-147767410	AF Transport Inc	435 Main Street, New Bloomington, OH	US
S1-354442308	Wrennie Bradford Valley Esports LLC	891 Port Royal Place, Oro Valley, AZ	US
S1-682788804	Mahender Traders Private Limited	S.No.146/1, H.No.444/2, Hinjwadi, Mulshi, Pune, Maharashtra	India
S1-147973901	Kejriwal Medical Centre LLP	Sahar Road, Mumbai, Maharashtra, A-501 Neelkanth Complex	India
S1-208293060	Optimal Highland Gesher	3001 19th Avenue, Unit Apartment 305, Sheffield, AL	US
S1-180534293	Sterling Financial Consultants Inc	9553 Carroll Court, Loveland, OH	US
S1-334331207	Mountain Learning Center Care	3480 Country Lane, Knox, IN	US
S1-797922109	Black Management Private Limited	Sa 7/5 B-S Benipur, Bank Colony Sarnath, Varanasi, Uttar Pradesh	India
S1-643415654	Melisse Mitchell Canada LLC	1716 Callihan Street, Flatwoods, KY	US
S1-237973516	Dhanlabh Trading Company	House No. 3/85A, Old No. 198/19, 1St Floor, Gali Number 2, Santoshi Mata Mandir, Shivaji Nagar, Sadar Bazar, Gurgaon, Haryana	India
S1-261700931	Good Welfare Society	Hoshiyarpur 51 Noida, Uttar Pradesh, Noida, Gautam Buddha Nagar, Uttar Pradesh	India
S1-908288522	Cosmos Enterprises Limited	Wework Galaxy 43, Residency Shanthala Nagar, Bangalore North, Bangalore, Karnataka	India
S1-771574271	Sp Beings Limited	Flate J-1/202, Dda Flats, Kalka Ji, New Delhi, South Delhi, Delhi	India
S1-799699658	Worth, Engel and Park LLC	Govans, 225 Rodgers Forge Road, Unit APARTMENT B, MD	US
S1-900606866	Ace Solutions Private Limited	A-26 Vishal Enclave Opposite Vishal Cinema, New Delhi, North West, Delhi	India
S1-847484210	Dataus Inc.	7106 Poplar Drive, Galveston, TX	US
S1-937171442	Raye Ortega, DPM LLC	274 Blackstone Street, Blackstone, MA	US
S1-414307315	Back Alley Diner	VA, Middlesex County, 227 Millers Rd	US
S1-407576804	Corporate Equity Works LLC	Lunenburg County, VA, 5340 Springfield Road	US
S1-54253580	South Constructions Pvt Ltd	Hari Homes, No.7, Ff-A, 1St Floor Vinayaga Nagar, 1St Street, Thoraipakam, Kanchipuram, Chennai, Kancheepuram, Tamil Nadu	India
S1-78012015	Jivdani (India) Electricals Private Limited	Malkhan Singh S/O Pramnarayan Vill. Khandera, Raisen, Dist Raisen, Madhya Pradesh	India
S1-439673261	Midwest Iron, Inc.	14 Manor Lane, Babylon, NY	US
S1-322981233	Internal Medicine Health LLC	550 Legion Drive, Buffalo, NY	US
S1-99051191	Caudle & Bates Agnc Inc	872 Grover Bennett Road, Lilesville, NC	US
S1-468571219	Diamond Charter	2466 Chaparral Drive, Snowflake, AZ	US
S1-623541998	Keystone Engineering Group	H No-13/849, Neduvathoor, Kottarakkar Nr Chirakkadavu Devi Temple, Neeleswaram Po, Kollam, Kerala	India
S1-979534242	Prime International Private Limited	No.1, Halls Road Kilpauk, Chennai, Tamil Nadu	India
S1-220776912	Fresh Realty Collective, LLC	77 Margaret Avenue, Hamilton, OH	US
S1-945224595	Preferred First LLC	768 Quince Orchard Boulevard, Gaithersburg, MD	US
S1-523895004	Dois Omega LLC	17647 Glenwolf Drive, Houston, TX	US
S1-190460424	IY Foundation	30, Raja Santosh Road Niladri Appartment, 2Nd Floor, Flat No-2, 01, Kolkata, Kolkata, Howrah, West Bengal	India
S1-489683556	Allahabad Fruit Pvt. Ltd.	15/24, Stanely Road Civil Lines, Allahabad, Uttar Pradesh	India
S1-510497725	Smart Mercator LLC	4628 Sharon Drive, Phoenix, AZ	US
S1-946249327	KUR Projects Private Limited	Plot No 22, Bhagyashree Co Op Hsg Society, Chota Taj Bag, Nagpur, Maharashtra	India
S1-730324569	South Workshop, Inc	815 Damarell Road, Bozeman, MT	US
S1-619092203	Paris Medical	10218 Berry Hill Lane, Tomball, TX	US
S1-905797497	Atlantic Commercial Labs	823 Canyon Road, Ogden City, UT	US
S1-499770772	Value Grand Golden Inc	20 Bridge Road, Unit 16, Northampton, MA	US
S1-477516254	Kumar Foundation	No.86/1, 1St Floor, 11Th Cross, Temple Road, Bangalore North, Bangalore, Karnataka	India
S1-390964832	Cloud Generation Inc	447 Center Street, MA, Ludlow	US
S1-502448973	Liberty Legacy Data, Inc	304 Bullard Street, Farmer City, IL	US
S1-953857321	Corner Cafe	191 4th Avenue, Columbus, OH	US
S1-746610434	Ram Global Private Limited	Y-8 Block P.No Sf-204, Bangalore, Karnataka, Green Wood Regency, D, Bangalore South	India
S1-326792038	Martin Osisko	305 5th Street, Bottineau, ND	US
S1-164956765	Prime Biologics	Monroe, NC, 4002 Plyler Mill Road	US
S1-141597981	Blue Project	113 Cr 5605, Castroville, TX	US
S1-988740829	Krishna Shiva Infotech Private Limited	#103, Luxmi Nagar, Dhakoli S.A.S Nagar, Mohali, Punjab	India
S1-547495489	Jai Finance Private Limited	C/O: Sukanta Biswas, Khidirpur, Uttarpara, Nakashipara, Nadia, West Bengal	India
S1-128116129	Tirupati Southern Consultants LLP	Amarnath Market, Choumukha Mandir Street, Hauz Quazi, Delhi, 3238/108, North Delhi	India
S1-618216711	Family American Partners LLC	19 6th Avenue, Elbow Lake, MN	US
S1-38406851	Straight Edge Pub PLLC	150 Lorraine Avenue, Unit Unit A, City Of Neenah, WI	US
S1-870512334	Great First Foods Private Limited	Chimryal -, Kodada (M), Nalgonda, Telangana	India
S1-183815830	Ardra Walker Mid, LLC	611 Hempstead Avenue, Naperville, IL	US
S1-609498180	Hehr Coastal Inc	Greenville, 1589 1035, TX	US
S1-405926825	Foot & Ankle Specialists LLC	250 Elizabeth Way, Unit 2076, Chandler, AZ	US
S1-400286901	Fitzpatrick Mustang Group	MA, 246 Fisherville Lane, Westport	US
S1-489697032	Royal Federal Surgical LLC	3851 Red Hawk Court, City Of Janesville, WI	US
S1-912259903	Winn Crystal Mountain	210 Barcliffe Lane, Schaumburg, IL	US
S1-165838610	One Plastic Company	C/O Mamta Devi Laxmipuram, Colony, 28 Watlion Pac, Etawah, Etawah, Etwah, Uttar Pradesh	India
S1-164991625	Landreth Fresenius LLC	IL, Fulton, 605 8th Avenue	US
S1-531406987	Timber Factory Inc.	163 Kings Cross Court, Noblesville, IN	US
S1-62828500	Charlotte Apartment	2409 Laburnum Avenue, Charlotte, NC	US
S1-842980527	Agrim & Associates Company	36/144E(3), Second Floor, Thekkumkattil Tower Near Metro Pillar 352, Pathadipalam, Edappally, Ernakulam, Kerala	India
S1-361322787	Sio Signature Alibaba	Woodfin, 130 Jetty Avenue, Unit 111, NC	US
S1-836498505	South Marketing Private Limited	Grg Building, West Gate, Kottayam, Kerala, Kottayam, Door No 33/992	India
S1-999750916	Dermatology Associates LLC	300 Travis Street, Leonard, TX	US
S1-30022060	Sia Synthetics Private Limited	Bharani Classic Apartment Flat No.104, Plot No- 4, 5, 6, 7, Agamaiah Nagar, Chintalkunta, L, .B.Nagar, Hyderabad, Rangareddy, Telangana	India
S1-462591192	Palmer Supreme Hamilton LLC	2050 Parkview Avenue, Abington Township, PA	US
S1-652221687	Hari Sai Finance Private Limited	15-16 Partap Road, Jalandhar, Punjab	India
S1-752000918	Prime Agro Private Limited	23/E, 9 Akar Kothari Compound, Chitalsar, Manpada, Thane, Maharashtra	India
S1-416445462	Newton, Hurst & Rozema L.L.C.	13642 Marycrest Lane, Mint Hill, NC	US
S1-563500082	Pratap & Associates	Ramdev Estate Gali Opp., Ankita Hotel Nr. Amulfan, Daskroi, Ahmedabad, Gujarat	India
S1-660554514	Alpha Media	36/451, V.C.Lane Mithanpura, Muzaffarpur, Bihar	India
S1-563748681	CDL India Private Limited	72 Mudali Thottam Veerappan Chatram Post, Erode, Madurai, Tamil Nadu	India
S1-467716756	Delta Certified Aberdeen LP	4508 Avenue D, Lovington, NM	US
S1-694299397	Harbor School of Medicine	4341 24th Street, Unit 120, Phoenix, AZ	US
S1-998880783	Rev It Up Pizza Inc	209 Chadwick Drive, Bedford County, VA	US
S1-100961566	Z/T Algonquin L.L.C.	1501 Woodfield Creek Drive, Unit 206, Wake Forest, NC	US
S1-28498290	Louisville Cancer Creative Fellowship	1008 S Clay St, Unit 2, Louisville, KY	US
S1-951238683	Carlson Ace Construction Inc	124 Michelle Lane, Pendleton, IN	US
S1-964391923	Universal Investment Private Limited	Plot No. 179/1, Zone-1 Mp Nagar, Bhopal, Madhya Pradesh	India
S1-249581333	Urology Star Clinic	1275 Browning Court, Upper Gwynedd Township, PA	US
S1-139831768	Real It Private Limited	B.N.6.F.N. 103, Lord Shiv Paradise Mhasoba Maidan, Kalyan W, Kalyan, Thane, Maharashtra	India
S1-226423565	Elite Harbor Oxley LLC	4312 10th Street, Indianapolis, IN	US
S1-648973499	KCJ Preferred Doubleline Inc	615 Randolph Way, Unit APT 202, Montgomery, AL	US
S1-965536095	Apex Tech	305, Orinda Arcade, Bh Bhatap Petrol Pump, Opp. Ved Arcade, Sp Ring Road, Vastral, Daskroi, Ahmedabad, Gujarat	India
S1-262171494	Florinda G. Brigman, DDS	501 2nd Street, Silverton, OR	US
S1-841693387	Gulshan Engineering (India) Private Limited	4-B Paradise Apartmentsnepeansea Road Mumbai, Mumbai, Maharashtra	India
S1-386409532	Saurabh Bearings LLP	B 104, Shree Sai Complex, Khalchapada, Samshan Bhumi, Kalyan, Thane, Maharashtra	India
S1-921233531	Western For PLLC	708 Bentgrass Drive, Aberdeen, MD	US
S1-607443258	Freda Moore, O.D.	106 Grand Street, Palatine Bridge, NY	US
S1-752828645	Dynamic Marketing Pvt Ltd	F1 Creative Royal Apt, Srinivas Reddy Layout, Chinnappanahalli, Mahadevapura, Bangalore, Karnataka	India
S1-260473404	The Dent Coffee	16099 Northwind Circle, Unit LOT 13, Northport, AL	US
S1-559772551	Callida Walters Research Associates	2014 Janabrooke Lane, Auburn, AL	US
S1-694273102	Knopp and Metts Hologram LLC	5229 11th Avenue, Sacramento, CA	US
S1-965012026	Amara Dougan Select Loan	WI, 415 Van Street, City Of Waupaca	US
S1-244752867	Garg Exports Private Limited	286, Central Facility, Bldg No.2, Apmc, Sector 19, Thane, Maharashtra	India
S1-842398411	Beryle Price Asset LLC	309 Pierce Street, Amarillo, TX	US
S1-282709488	Skj Welfare Society	H-80, Third Floor, New Delhi South Extension Part-1, New Delhi, South Delhi, Delhi	India
S1-812342234	Global Classic Southwest, LLC	5618 Wintercrest Lane, Charlotte, NC	US
S1-965852210	Chennai Visions Pvt. Ltd.	Jalandhar, 18/19, Second Floor, N.V.Complex Police Line Road, Rajinder Nagar, Jalandhar, Punjab	India
S1-976352024	EY Rogers	655 Smith Road, Nunnelly, TN	US
S1-949742128	Yonkers Housing Global Network	979 Saw Mill River Road, Unit Unit 4, Yonkers, NY	US
S1-187565055	Elizabet Gaskin Immunopharma	110 Saint Botolph Street, Unit 1F, Boston, MA	US
S1-544816270	Kaveresh Services Private Limited	Flat No.7, Plot No- K-206, Western Avenue, Sainik Farms, W-12 Lane, New Delhi, South Delhi, Delhi	India
S1-727494534	640 Madison Plaza Realty LLC	102 Cherokee Street, Frontenac, KS	US
S1-682065215	Avighna Poultry Limited	Saravanam, Machel Road, Machel P.O, Malayinkil, Thiruvananthapuram, Trivandrum, Kerala	India
S1-702660740	Eye Physicians of Brooklyn	4414 I, Brooklyn, NY	US
S1-129376043	Bauer System LLC	4106 Frontgate Drive, Fl 1, Columbia, MO	US
S1-212651569	Cardiology Prime Center LLC	1164 2320, St George City, UT	US
S1-667038657	Gauri Cotton Private Limited	Office No 3, G No 81, 95 Amara Villa, Saiv Budruk, Mulshi, Velhe, Pune, Maharashtra	India
S1-111375974	Ankleshwar Foundation Pvt Ltd	Flat No 104, Plot-H-3044 Sabri Co Operative Housing Society Ltd, Ankleshwar, Bharuch, Gujarat	India
S1-720534292	I 7 C Better LLC	4304 Elmwood Road, Beltsville, MD	US
S1-171585332	LDY Power Private Limited	No.1968/2, Ground Floor, 2Nd Street, 15Th Mainroad, Egmore Nungambakkam, Chennai, Tamil Nadu	India
S1-609679770	Pune City Software	Off N 102, Shivaji Market, 186, Jay Gandhi Complex, Pune City, Pune, Maharashtra	India
S1-834636373	Bowers Specialty LLC	105 Chavis, Franklinton, NC	US
S1-242756193	Surgical Partners LLC	ME, 161 Devereaux Circle, South Portland	US
S1-468067339	One Constructions	6Th Floor Jmd Megapolis Sohna Road, Gurugram, Haryana, Gurgaon, Sf 643	India
S1-498927589	Bangalore Projects Private Limited	362/A, 2Nd Floor, Himani Complex Matadahalli Further Extn, Judges Colony, R T Nagar, Bangalore, Karnataka	India
S1-76309221	Harpster and Rodriguez Terra LLC	5892 Red Willow Drive, Lafayette Township, OH	US
S1-552365823	Tata International School	G 14-A Abdul Fazal Enclave Near Hair Kothi, New Delhi, Delhi	India
S1-138626547	Ksf (India) Id Private Limited	C/O:Syamal Kumar Adhikari, Shastingar, Ismie, Asansol, Bardhaman, West Bengal	India
S1-236230715	Tiertza Perez Smart Third	4109 Jefferson Street, Columbia Heights, MN	US
S1-184366439	Johnson Pioneer Bancorporation LLC	Alma, WV, 705 Mcelroy Creek Road	US
S1-96263564	Tech Sharma Real Rajkot Private Limited	Shop No.4, Ground Floor, Rajdeep Complex, Kanta Stri Vikas Gruh Main Road, Milpara-8 Cor, Ner, Rajkot, Gujarat	India
S1-545079301	Ixora Brothers Private Limited	Alig/2/2 Ravi Apartment, Pratap Nagar, Sanganer, Sanganer, Jaipur, Rajasthan	India
S1-566779950	Urology Trusted Care Associates Corporation	120 Balthis Circle, Hendersonville, NC	US
S1-971426960	Services Sobti Portfolio Pvt Ltd	Wardha, Maharashtra, C/O Sandip Vasantrao Surjuse Matamandir Wardhgt. Hgt	India
S1-979582410	Hill Microelectronics	118 Union Street, New Albany, IN	US
S1-180238159	Delight Memorial Trust Co	541, P.K. Guha Road, L.P. No.15/11/1, Kolkata, Kolkata, Howrah, West Bengal	India
S1-649557799	Tech Solutions Private Limited	Plot No. 82A, Dr Bhaskar Rao Nagar, Lakeview Residency, Sainikpuri, Hyderabad, Telangana	India
S1-921280899	Niix Global	208 Locust Street, Chatsworth, IL	US
S1-903943393	Vsg (India) Lab	Srivari Srimath 3Rd Floor Door No.1045 Avinashi Road, Coimbatore, Tamil Nadu	India
S1-420769973	Chiropractic Health LLC	1292 Wesley Road, Atlanta, GA	US
S1-263522644	Nemani Memorial Trust	34B, Visweswaraya Street No.2, K K Pudur, Coimbatore, Tamil Nadu	India
S1-174029998	Saint Lutheran Church LP	713 Loop Road, Ocean City, MD	US
S1-237526356	Steelworkers Local 825	33621 Old Highway 6, Redfield, IA	US
S1-862051577	Fortenberry Global L.L.C.	3402 Boxwood Drive, Indianapolis, IN	US
S1-140998554	Tibbets Choice Pegasus Inc	109 North Drive, Murray, KY	US
S1-164408524	Housing Ministries II	24 Hamilton Street, Unit 1L, Everett, MA	US
S1-86722712	Kolkata Builders Private Limited	(113 Ajoy Nagar), 3Rd Floor, Fl301, Kolkata, Kolkata, Howrah, West Bengal, 16 Ajoy Nagar	India
S1-141339485	Nonna Wachowiak Capital Innovations Inc.	4029 Little Creek Road, Norfolk City, VA	US
S1-208684889	Biex Worldwide Clinic	4443 Dubois Boulevard, Brookfield, IL	US
S1-511371667	North Diamond East Inc	4169 Cortsville Road, South Charleston, OH	US
S1-704294447	Phillips Forefront	422 Fairhaven Lane, Dallas, OR	US
S1-754470348	Hague and Fennell Cohen Inc	908 Colcord Road, Payson, AZ	US
S1-342744723	Surya Dream Enterprises Private Limited	Guru Mauli, 7, Panchali Row House Ekta Colony, Near Vanvaibhav Colony, Nashik, Maharashtra	India
S1-942360922	Cornerstone Nutrition Innovations LLC	79 Constantine Way, Brookhaven, NY	US
S1-935657404	Murphy Medicine	4620 Middleburg Ct, Fincastle, KY	US
S1-437297915	Mccaleb Treasury	714 Holly Drive, West Pottsgrove Township, PA	US
S1-296316093	Lavallee and Winkler Group	5033 1/2 Mopac Expressway, Austin, TX	US
S1-306699130	Systems Siddhi Media Private Limited	Unit No. 1105, North West Delhi, 11Th Floor, Klj Tower Nsp, Pitampura, Delhi	India
S1-204330479	Infra Stone Private Limited	A-12, Bbc Poornima Apts., 962, Poonamallee High Road, Chennai, Tamil Nadu	India
S1-380195139	Bright Infrastructure Private Limited	510, Sns Business Park, Opp. Jh Ambani School, Udhana-Magdalla Road, Surat, Gujarat	India
S1-508725850	Entech Worldwide LLC	5538 Coldwater Creek Court, Baton Rouge City, LA	US
S1-474305528	Swastik Sellers Private Limited	8 Rajesh 107J P Rd Opp Navrang Cinema Andheri West, Mumbai, Maharashtra	India
S1-89132216	Robeson Regional Great	9707 Cedar Crest Way, Upper Marlboro, MD	US
S1-802313675	West Supreme Regions, Inc	454 Shed Road, PA, Lower Mifflin Township	US
S1-960129650	IPZ Currencyshares LLC	5507 Woodcross Pl, Louisville, KY	US
S1-591651071	Patterson Convertible of Washington	817 E Street, Washington, DC	US
S1-303823204	Brown and Rebello Genesis LLC	201 4th Street, Conroe, TX	US
S1-513810543	Kapila Management Limited	14 Netaji Subhas Road3Rd Floor Ps Hare Street, Kolkata, Calcutta, West Bengal	India
S1-45687800	Fifth Online Private Limited	Bangalore, Bangalore North, Karnataka, 1St Floor, Urbanvault Citrine, Sy No 43/4, Hebbal Village, Kasba Hobli, Bellary Road, Etherealx	India
S1-539343227	Dynamic Beyond	2424 Blackjack Oa Road, Terrell, TX	US
S1-225752839	Bobby Brothers Pvt Ltd	373, Flr-Grd, 23, Ind Chs, Veernarimanrd, Adarshnagar, Mumbai, Maharashtra	India
S1-345431066	Shaner Bumrungrad Corp	223 Sydney Drive, Goodlettsville, TN	US
S1-810252813	Niex Delta Trg Inc	320 264th Street, Euclid, OH	US
S1-528737960	Becker, Bedard and Li Granite	949 Hamilton Avenue, Portsmouth City, VA	US
S1-645650159	Innovative Infrastructure Digital Inc.	2324 Concord Lake Road, Concord, NC	US
S1-573921903	Foot & Ankle Partners	106 Rosewick Road, La Plata, MD	US
S1-635601555	Twisted Grill LLC	6620 10th Avenue, Tucson, AZ	US
S1-464070441	Legacy Regional Boa LLC	Clarksville, 3704 Kendra Court, TN	US
S1-934680605	Gulf Endocrinology	403 Pinecrest Drive, City Of Wilson, NC	US
S1-42421240	Frye, Zehner & Ballew Inc	137 Oak Park Avenue, Unit STE 242, Oak Park, IL	US
S1-44191182	Western Peak Citizens Inc	1 Mammoth Cave Parkway, Unit James Cemetery, Mammoth Cave, KY	US
S1-846113338	Cornerstone Talent Innovations L.L.C.	1370 Castle Hills Drive, Flagstaff, AZ	US
S1-422024014	Jasper LLC	13157 Quade Lane, Prince William County, VA	US
S1-84664015	Continental Holding Company LLC	TX, Gordonville, 29 Glenmoor Drive	US
S1-904682969	Msv Security Public Limited	Kerala, Kozhikode, A K Tower Mini Byepass Road, Kozhikode, Kalluthankadavu	India
S1-892662940	Elianore Byfield Keen	1489 Stretch Drive, Dayton, OH	US
S1-863441943	Global Royalty Inc	221 Breaking Pen Road, Gallatin, TN	US
S1-480002145	Access Rich Private Limited	825 F/F W. No. 6 Meharauli, New Delhi, South West Delhi, Delhi	India
S1-141668159	Black Estate Limited	No 316, Crystal Point Mall, 3Rd Floor, Above Star Bazar, Link Road, Andheri West, Mumbai, Maharashtra	India
S1-888227712	IQM Exports Pvt. Ltd.	Kuriya Damodarpur P.S-Chakiya, Motihari, Purba Champaran, Bihar	India
S1-823624831	Jackson Ventures	1020 Crockett Drive, TX, Burleson	US
S1-692988358	Harbans Vidyalaya Ltd	Able Glass And Plywoods, Pokkunnu P.O Kulangarapeedika, Kozhikode, Kerala	India
S1-24186608	Shakti Technologies Private Limited	Flat No. Q-0904 Logix Blossom County, Plot No. Gh-02 Sector 137, Noida, Gautam Buddha Nagar, Uttar Pradesh	India
S1-391003272	Zephyr Corp	3040 10th Avenue, Sacramento, CA	US
S1-732725763	Nicoline's Tax	17 Pleasant Street, Unit 6, Southbridge, MA	US
S1-170080453	Jones Telefonica	101 Tally Ho Road, Santa Maria, CA	US
S1-222789278	Lotus Bharat Healthcare Private Limited	No.68/1, 4Th North Beach Road, 1St Floor, Krishnan Kovil Street, Mannady, Chennai, Tamil Nadu	India
S1-817432885	Office of Aging	307 -A Avenue J, Trinity, TX	US
S1-134355179	Alm Cottages (India) Private Limited	C/O Pratapsing Vitthalsing Pardeshi 53 B Bhaktwadi, Satara, Maharashtra	India
S1-490907300	Golden Pizza	2990 Thunderbird Road, Unit 126, Phoenix, AZ	US
S1-72388751	Sapphire	5752 Walnut Creek Drive, Acton, TX	US
S1-101311260	Osk Minds Company	Hyderabad, Telangana, Srt-358, G-3, Srilakshmibalaiah Res Opp Gitanjai High School, Jawahar Nagar, 1-1-379/245, Hyderabad	India
S1-77989715	Baba Food Pvt Ltd	Telangana, Hyderabad, 6Th Floor, Siri Heights Khanampet Vill Serilingampally Mandal And Muncipality, Plot No.1148, Rangareddy	India
S1-621374685	Future Impex Private Limited	Plot No - 4, Radha Complex Charch Road, Miraj, Sangli, Maharashtra	India
S1-562095315	Cheslie Rutt Rice	31 Antelope Trail, Billings, MT	US
S1-530486694	Indian Technologies Private Limited	Uttar Pradesh, Lucknow, 103/109(103/075), Sunder Bagh, Aminabad Park, Lucknow	India
S1-318044137	Mosoft Property LLC	1730 Warner Road, Unit 7, Tempe, AZ	US
S1-582268220	Danit Maldonado, D.D.S.	2504 Cliffbourne Place, Unit 1, Washington, DC	US
S1-538381969	Cedar LLC	4933 Oak Park Drive, Marion County, OR	US
S1-147404497	Delta Metropolitan Titan LP	28692 600th Avenue, Brownsdale, MN	US
S1-813448750	Vaayuansh Liability) Private Limited	Flat No. 5, Gopadma Apartments, Lane No. 9, Sr. No. 39/18, Prabhat Road, Pune, Maharashtra	India
S1-751975963	Orthopedic Care of Stamford Inc	53 Wallacks Lane, Stamford, CT	US
S1-885787710	Autism Assistance Council	1508 61st Street, Tulsa, OK	US
S1-973111965	Sheppard Dynamics	2029 Westwind Drive, Kingsport, TN	US
S1-243952608	Soto Capital Newtekone Group	510 Redstone Drive, Gallatin, TN	US
S1-956091951	Tracee Rooney Republic LLC	TX, Gordonville, 684 Pronghorn Drive	US
S1-818639636	Highway Traders Private Limited	1404, Dasta Concerto, Sarjapur Main Road., Anekal, Bangalore, Karnataka	India
S1-531862922	Schurman, Archie & Enlow Archimedes Inc	1316 Lambeth Lane, Virginia Beach City, VA	US
S1-96037054	Williams Peak Angel Inc	10115 Chambers Hill Drive, Fl 0, Saint Louis, MO	US
S1-980103851	South Infra Private Limited	Alumkadavu P.O., Maruthurkulangara, Firdouse, Kerala, Kollam, Karunagappally	India
S1-392612138	Lyris Lifeco LLC	2612 162, Unit 6, Ogden Valley, UT	US
S1-535296190	To Cityhomes Group	B-4, Jaibharath Industrial Estate Yeshwanthpur, Bangalore, Karnataka	India
S1-74521615	West, Tang & Boykin	2001 Tradd Court, Raleigh, NC	US
S1-911454190	Big Systems Private Limited	28 Neela Kanth Colony Queens Road Vaishali Nagar, Jaipur, Rajasthan	India
S1-105109621	Markham Institute of Technology	530 Lakeside Drive, Azle, TX	US
S1-697264894	Internal Medicine Specialists Inc	3488 125th Avenue, Fl 1, Beaverton, OR	US
S1-473018112	Creative Mortgage Consultants	6327 Taylors Ferry Road, Portland, OR	US
S1-846831910	Tova's Digital	300 Swift Avenue, Unit 5, Durham, NC	US
S1-540425039	WW Traders LLP	Bangalore, Basement, 29Th Main, 16Th Cross, Btm 2Nd Stage, Opp. Btm Lake, Next To Shiva Te, Mple, No.1112, Bangalore, Karnataka	India
S1-259140179	VCS Foods-Madipur Punjabi Bagh	Wz-665, Madipur Punjabi Bagh, New Delhi, Delhi	India
S1-395073377	Innovative Optics	2809 66th Avenue, Omaha, NE	US
S1-9751707	Dental Horizon Specialists LP	103 Main Street, Unit 402, Brockton, MA	US
S1-458172653	Straight Edge Hair Studio	5446 Mild Drive, Fl 0, Saint Louis, MO	US
S1-995496034	Bay School of Medicine	MD, 8119 Primrose Lane, Laurel	US
S1-815677920	Oncology Vanguard Physicians	802 Ridge Road, Wilbraham, MA	US
S1-557078083	Mccoy Invest LLC	N9944 Highway Xx, Town Of Middle Inlet, WI	US
S1-978550240	Al Properties Limited	289/2N, 2N1, Dheeran Cinnamalai Nagar 2Nd Cross, Vangapalayam, Karur, Tamil Nadu	India
S1-298887582	West Pattana	323 1st Street, Drexel, MO	US
S1-500986788	Unified Capital Genesis Inc	324 Roosevelt Road, Glen Ellyn, IL	US
S1-264294661	International Intelligence Dynamics LLC	1207 Evergreen Drive, City Of Waukesha, WI	US
S1-115330994	Taral Trading Private Limited	Fl.No, G-806 Sukhwani, Palms Nagar Road, Wagholi, Pune, Maharashtra	India
S1-257354578	Lm Space Private Limited	165, Rabindra Sarani 4Th Floor, Room No-503, Kolklata, Kolkata, Howrah, West Bengal	India
S1-410346353	Express Mortgage Union Inc	900 Chester Street, Baltimore, MD	US
S1-580102536	Seitz Complete Oaktree L.L.C.	217 16th Street, Parsons, KS	US
S1-409463586	Moore and Stringer Hydro	398 Forest Road, OH, Kenton, Unit 23C	US
S1-565227548	Gulf Gulf Lodging Inc.	1817 Amberley Woods Way, Alabaster, AL	US
S1-38076990	Prime It Private Limited	Maharashtra, Amina Compound, Thane, Near Dhamankar Naka, Bhiwandi	India
S1-762642202	Hurst Better Kkr LLC	101 Marshall Drive, Forest Hill, MD	US
S1-469254038	Keystone Prairie Paper Inc.	2950 Hawthorne Dr, Unit APT 311, Bettendorf, IA	US
S1-474141375	A Complete Webster L.L.C.	1161 Westhaven Street, Elburn, IL	US
S1-515001180	Prabhat & Co	H.No.-521 Sector-16A, Faridabad, Haryana	India
S1-418987442	Hyatt, Tonkin & Kendrick, Inc	1725 Dorchester Street, Fort Worth, TX	US
S1-860296211	Deslauriers's Anchor Realty	210 Locknell Road, MD, Lutherville	US
S1-383077712	Jmn Atelier Pvt. Ltd.	Bihar, 4Th Floor Sarsawati Chandra Market Kurje Patna, Patna	India
S1-364420025	3720 Church Boulevard Associates	12261 Sr 105, Oak Harbor, OH	US
S1-999802848	Janina Rojas Charlton LLC	391 Town Mountain Drive, Franklin, NC	US
S1-918736064	Raj South Consultants	Plot No 207, Empress Mills Society, Shrinagar, Nagpur, Maharashtra	India
S1-621373287	Indo Developers Limited	Flat No. 105, 1St Floor, Unnati Vistas, Westend Colony, Bandlaguda Jagir, Golconda, Hyderabad, Telangana	India
S1-780080633	Tran Antimony	3325 Field Gate Drive, South Bend, IN	US
S1-122930101	East Grand Triumph Inc	6257 2050 Road, Fredonia, KS	US
S1-842924813	Desert Twelve, L.L.C.	2 Oak Terrace, Unit 9, Somerville, MA	US
S1-19128971	Griffin Convertible Inc.	Beauregard, 8477 166, AL	US
S1-879203325	International It Private Limited	Ssgc-5/1, Ss Xiii, Nalgonda, Telangana	India
S1-904696840	Pediatric Dental Physicians	1114 Easterday Road, Chillicothe, OH	US
S1-98663317	Childs Fund of Somerville	2 Mount Vernon Street, Unit 11, Somerville, MA	US
S1-517512318	Dottie's Dental	304 Ashton Drive, Leesburg Town, VA	US
S1-500881647	Kellyann King Royal Therapeutics	447 Crawford Avenue, Toledo, OH	US
S1-316027724	Bright Great Calamos	108 Harrison Street, Troy, AL	US
S1-617709428	Herring and Grimes LLC	128 Middlesex Avenue, Chester, CT	US
S1-581765585	Bivins Modern Inflection Inc	129 Grand Street, Altamont, NY	US
S1-888425357	Auric Trading Private Limited	Delhi, South Delhi, E-175, 4Th Floor, Abul Fazal Encale Part-Ii, Saheenbagh	India
S1-686938310	Pediatric Dentistry Heritage Physicians LLC	1921 36 Street, Brooklyn, NY	US
S1-731201917	Ackley Treasury Inc	523 Keisler Drive, Unit 104, Cary, NC	US
S1-401644371	Vee & Sons	E-1101, Plot No-59-60& 61 Sector-15, Cbd Belapur, Navi Mumbai, Thane, Maharashtra	India
S1-814660713	Blinnie Webb Printing Inc	3245 Grande Vista Drive, San Bernardino, CA	US
S1-318698222	Infrastructure Nexus Mills Pvt Ltd	No. 6/5, Sasthacoil Street Near Old Rajan Theatre, Puthukkudiyirupp, U, Nagercoil, Kanyakumari, Tamil Nadu	India
S1-249586632	Star Frontier Super LLC	Clinton, 8519 Topaz Court, MD	US
S1-155203680	Verrora Array Inc	IA, West Des Moines, 6689 Vista Drive, Unit Apt 89109	US
S1-162433474	Green It Private Limited	Office No 220 2Nd Floor, Global Business Park, Zirakpur, Mohali, Punjab	India
S1-225607953	Summit Project	Chicago, IL, 256 46th Place	US
S1-766089765	Better Flaherty	Eugene, 1220 Candlelight Drive, OR	US
S1-64621239	Krishna Engineering Private Limited	1-113/16&17/404 Kondapur, Hyderabad, Telangana	India
S1-725184437	Automated Printing Associates LLC	71 Clifford Street, Unit 2, Boston, MA	US
S1-241469232	Apex Hospitality Private Limited	B-20, Midc Ambad, Nashik, Maharashtra	India
S1-758339096	Complete Summit Epr	Edenton, 1100 Queen Street, NC	US
S1-572181877	Cornerstone Uranium LLC	6735 Greenway Parkway, Unit 2161, Phoenix, AZ	US
S1-100155095	Chiropractic Classic Center LLC	3330 Beale Avenue, Altoona, PA	US
S1-231710807	Atlantic Cardiology LLC	1900 Dollarway Road, White Hall, AR	US
S1-87784038	Wallace Calisa	858 Henry Street, Hempstead, NY	US
S1-74189941	Family Direct Care Associates LLC	57 Park Road 2, Fl 0, Carrizo Springs, TX	US
S1-618869882	High Producer Private Limited	Tiruvallur, Tamil Nadu, Anna Salai, Kilakondaiyur Village, No.49/1	India
S1-458576376	Platinum Unified Oil LP	35 J P Garren Drive, Hendersonville, NC	US
S1-29697891	Fedyne Equity Partners Inc	107 Mary Ellen Road, Newton, MA	US
S1-675811159	Leighton and Walsh Public, LLC	1518 Graves Avenue, High Point, NC	US
S1-323715931	Commission on Public Works	Unit 103, 24 Peavine Plaza, TN, Crossville	US
S1-908345343	Tanna Law Chambers Limited	A 601, Twin Towers, Chs, Lokhandwala Complex, Behind Rajput Dairy, Andheri W, Mumbai, Mumbai City, Maharashtra	India
S1-750520895	Tivova Works, LLC	505 Caney Creek Circle, Hope, AR	US
S1-906675686	Blue Diversified LLC	Bradford, 78 Belews Chapel Road, TN	US
S1-991274072	Legacy Supply Holdings	16819 261st Street, Covington, WA	US
S1-631001105	Foot & Ankle Advanced Care Associates Group	4089 Cedarpine Lane, Moorpark, CA	US
S1-744476770	Schubert Ethereum LLC	2609 First Street, Flagstaff, AZ	US
S1-22889168	Manav Builders Private Limited	House No. 29, Plot No. 35 Zenda Chowk Road, Dharampeth, Nagpur, Maharashtra	India
S1-860861343	Schlegel, Watkins and Thomas Sanayi	1228 Simms Street, Aurora, IL	US
S1-234635369	Interstate Medical Center LLC	2423 Rainbow Falls Lane, Sevierville, TN	US
S1-179572617	Foundry LLC	51 Lincoln Lane, Grafton, MA	US
S1-318364307	RFR Services Corporation	Fl-B, 1A Hari Bhabha Street, (Kidderpore) Lp- U.G, Kolkata, Kolkata, 1St-Fr, West Bengal, Howrah	India
S1-923829404	Ennavue Gsr Inc	2532 Ernst Street, Franklin Park, IL	US
S1-666259685	Saque Egh Inc	1360 Spalding Avenue, Elburn, IL	US
S1-355018542	Roque Global, LLC	9322 Waterford Lane, Orland Park, IL	US
S1-62584410	Aarvan Wood	Aef Colony, L.I.G-37 O.S.H.B, Sunabeda, Koraput, Orissa	India
S1-57931057	MOI Foundation Private Limited	D.No.13-8-4/1, 2Nd Floor, Steelcity Bhavan B.C. Road, New Gajuwaka, Visakhapatnam, Vishakhapatnam, Andhra Pradesh	India
S1-434492866	Kings Labs Limited	Plot No 28, 2Nd Floor, Blk-C-3, Rajouri Garden, New Delhi, West Delhi, Delhi	India
S1-610905075	New Power	1/93, Mettu Street Paruthipalli, Tiruchengode, Namakkal, Tamil Nadu	India
S1-129574154	Rapid Diagnostic Concepts LLC	1576 Cottonwood Lane, Unit 1011, Casa Grande, AZ	US
S1-756228411	Star Frontier Tax Service	124 Valley Street, Unit Apartment 6E, Sleepy Hollow, NY	US
S1-422374110	XY Horizon	2212 12th Avenue, Unit 3, Nashville, TN	US
S1-703369124	Garv International School Care	A 1 Shivam Park Bhd Air Makarpura Rd, Vadodara, Gujarat	India
S1-601142917	Urology Center Inc	21638 Co Rd 24, Archbold, OH	US
S1-752918782	Netto Bsp of Nicholasville, Inc.	323 Imperial Pointe, Nicholasville, KY	US
S1-102091101	Commission on Housing	171 Barringer Drive, Statesville, NC	US
S1-535844116	Trull Software Ltd	1210 26th Street, Puyallup, WA	US
S1-437072567	Expression Polytechnic	3632, G/F Katra Karigaran Qutab Road, Delhi, North Delhi, Delhi	India
S1-515261501	Watervliet Youth Fresh Chiropractic Inc	Unit Apartment 100, Watervliet, NY, 500 Sixteenth Street	US
S1-422716060	1070 Center Place Realty Associates	19918 168th Street, Monroe, WA	US
S1-689848087	Innovative Constructions Private Limited	1302, 13Th Floor, Shivalik Shilp, Iscon Cross Road, Ambli-Bopal Road, Ahmedabad, Gujarat	India
S1-714463630	Murphy Tinto	1394 Lilac Lane, Addison, IL	US
S1-720962054	Roopan Softwares Private Limited	Basement, Goyal Tower, Opp: Gulbai Tekra Police Chowki, Ambawad, I, Ahmedabad, Gujarat	India
S1-800485959	Gandhinagar Clubs Private Limited	Survey/Block No 60 And 62-A Paiki, C Block, 2Nd Floor, Reliance, Cross Road, Opp Nid Collage Pramukhanand Orbit Mall, Gandhinagar, Gandhi Nagar, Gujarat	India
S1-646637024	Rebe Gore Fortunex	311 Bradford Road, Bradford, RI	US
S1-523186896	Minor Management PLLC	2525 Castle Pines Drive, Unit 24, Great Falls, MT	US
S1-566984728	Innovative Jay Developers Pvt Ltd	18-7-418/263, Rahmath Nagar, Yakutpura, Charminar, Hyderabad, Telangana	India
S1-33428947	Bombay Foods LLP	6-A, New Gunjan Soc, Nr. Tejas Soc Nirnay Nagar, Ghatlodia, Ahmedabad, Gujarat	India
S1-481252905	Krause, Bertie, Esq., P.C.	50 Landing Drive, Brewster, MA	US
S1-218662473	Urban Bike Shop P.C.	16749 Mohave Street, Goodyear, AZ	US
S1-911340574	Mcfadden Lafayette Corp	210 Slaughter Road, Mebane, NC	US
S1-907268025	Passionate (india) Care	Office No. 623, 6Th Floor, Navjivan Society Dr. Dada Saheb Bhadkamkar Marg, Mumbai C, Entral, Mumbai, Mumbai City, Maharashtra	India
S1-49339380	Mountain Integrated Costamare LLC	2975 Hamilton Street, Bellaire, OH	US
S1-698680767	Ziraya Promoters Private Limited	B - 419, Panchsheel Colony, Makarwali Road, Ajmer, Rajasthan	India
S1-183530844	Continental Empire Market Inc	630 Haskell Street, Unit 5, Central Point, OR	US
S1-172540892	Mumbai Foot Pvt. Ltd.	2F Plot-15A 35 Court, Chambers Vt Marg, Mumbai, Maharashtra	India
S1-54263482	Vanguard Preferred Galata	Dayton, OH, 6556 Durban Road	US
S1-399194168	Blue Lakshmi Engineering Private Limited	House No. 306/2, Near Ram Mandir, Satana, Nashik, Maharashtra	India
S1-675653943	Southern Management Private Limited	Maharashtra, Sno-191 Nagpur Chowl Nr-Rupali General Stores Yerawada, Pune	India
S1-686276665	Delta Agro Pvt Ltd	109/288, Flat No 202, R K Nagar, Kanpur, Uttar Pradesh	India
S1-375190672	Cooley, Beamer & Eller Biotherapeutics LLC	94 Summerfield Drive, Brookhaven, NY	US
S1-212447959	Watertown Heart Ministries	93 Common Street, Unit R, Watertown, MA	US
S1-526259352	Chennai City Corporation Greenfields Private Limited	Old Door, No.8/6, New Door, No.176 Gangai Nagar 2Nd, Chennai City Corporation, Chennai, Tamil Nadu	India
S1-736735340	Balaji Foods Private Limited	2Nd Floor, 1-98/9/11 P/Va/202, Hyderabad, Flat No 202, Shaikpet, Telangana	India
S1-717951792	Universal Raj Projects Private Limited	Room No.4, Vinayaka Layout Bhattarhalli, Bangalore, Karnataka	India
S1-232544880	Moex Family Office Co	405 Filly Court, Grand Prairie, TX	US
S1-530395218	Codyne Pioneer Forefront LLC	500 15th Avenue, Seaside, OR	US
S1-911533175	Avivah Wood Motor, LLC	Hilliard, 5001 Cemetery Road, OH	US
S1-70103598	Krishna Care Private Limited	Plot No. 105, Near Hanuman Temple Rameshwari Nagar, Nagpur (Urban), Nagpur, (M Corp), Nagpur, Maharashtra	India
S1-265322134	Mithila Andhra Private Limited	House No 64 Krishna Colony Near Durga Mandir Sehatpur, Faridabad, Haryana	India
S1-99876866	Lynett Rogers Futurecorp Inc	33913 135th Avenue, Town Of Colburn, WI	US
S1-489420165	Gulf Initiative	2926 Greenwing Court, OH, Akron	US
S1-733431484	Advanced (India) Sales Private Limited	Ghaziabad, Uttar Pradesh, 406, Block 5, Ahinsakhand 2, East End Apartment Indirapuram	India
S1-991238140	One Projects Private Limited	Shed No. 71, S/F Okhla Industrial State Phase-3, Delhi, South Delhi, Delhi	India
S1-340274155	Fanechka Lunsford Crystal Centurion LLC	202 Summit Avenue, Shenandoah, IA	US
S1-633359598	Sunrise Consultants Limited	Maharashtra, P No. 72/6-7-8, B Wing, 1St Floor, Bharat Bazaar, Near Prozone Mall, Api Compounds, Midc, Aurangabad	India
S1-408166045	Alpha Business LLP	No 64 Mhada Four Bangalow Andheri (W), Mumbai, Maharashtra	India
S1-826260301	Kelsey Tanner Apex Safety Clinic	20330 Rachelle Court, Beaverton, OR	US
S1-144070047	Heritage Foundation Inc	15299 Lincoln Street, Dalton, OH	US
S1-257711767	Olivarria Lifesciences Associates	IL, Bedford Park, 6900 73rd Street	US
S1-240587009	Mangal Loans Private Limited	No.2, Groundfloor, Cportiongopalchettystreet, Chennai, Tamil Nadu	India
S1-859629581	Lotus Care Limited	B-408, 4Th Floor, Vill-Mahiuddinpur Kanawani Ahinsakhand 2 Arihant Parad, Indirapuram, Ghaziabad, Uttar Pradesh	India
S1-536316509	Drusy Boyles Perfect	501 15th Street, Wilmington, NC	US
S1-84958895	Real It Pvt Ltd	C/O S B Avaradi, Kodi, Wad Rd Atpo Sattigeri, Saundatti, Belgaum, Karnataka	India
S1-81323375	Trusted Signs, Inc	805 Westgate Drive, Anderson, IN	US
S1-534466589	Aubrie D. Hulett, DMD, DDS PC	1431 River Court, Warren County, VA	US
S1-344815001	Piedmont Advanced Municipals Associates	7154 581, Bailey, NC	US
S1-887107735	Pune Quality Company	Pune, Shiptula Society, Dp Road Near Dav Public School, Aundh, Sr No 157, Pune, Maharashtra	India
S1-487724885	Morris Certified Glass	1800 Upland Drive, Greensboro, NC	US
S1-492149597	Bombay Tech Private Limited	Flat No. 101, Shirke, Layout, Raj Nagar, Nagpur, Maharashtra	India
S1-649219236	Palacios, Michaels and Hudson White	451 Kings Drive, Freeport, TX	US
S1-1165275	Nellie Nault Algonquin	11114 Stockade Drive, Spotsylvania County, VA	US
S1-793822277	Jeon and Schober Arcelormittal, Inc	999 A Street, Springfield, OR	US
S1-713149564	Smith, Alyssa J., DDS	Cohoes, 14 Conliss Avenue, NY	US
S1-752349310	Gold Power Limited	21 Zakaria Street, Kolkata, South 24 Parganas, West Bengal	India
S1-625548351	Innovative Learning International LLC	1125 Grand Avenue, Cherokee, OK	US
S1-396549008	Black Services Limited	Plot No.27 Vellala Street, Adambakkam, Chennai, Tamil Nadu	India
S1-518732821	Chiropractic Group	413 Orchard Road, Fl 0, Glen Burnie, MD	US
S1-788568375	Indulgence Aerospace (India) Ltd	Devaprakasam Trade Centre, Madura Garden #15, Poonamallee High Road, Maduravoyal, Chennai, Tamil Nadu	India
S1-328457144	Ferrio Auto Sales	3536 700, Fairland, IN	US
S1-879528497	Sacramento Scholarship Project PC	5039 Shady Leaf Way, Sacramento, CA	US
S1-234557943	Driver, Janis, Esq.	600 Folmar Street, Unit Apartment C4, Troy, AL	US
S1-187457085	Monton Property Solutions, LLC	69 Constance Lane, Bristol, CT	US
S1-27486940	Mumbai Controls Private Limited	Shop No 1, Rainbow Bldg, Shantilal Modi Road, Near Mayur Cinema, Kandivali West, Mumbai, Mumbai City, Maharashtra	India
S1-921333988	Gaynor Tomlin Allied Axiom LLP	2722 Copper Hill Run, Fort Wayne, IN	US
S1-806968992	Gala Brothers Private Limited	# 886, D Block, Telecom Layout Sahakar Nagar, Bangalore, Karnataka	India
S1-728827291	Apex Producer Private Limited	31/4A, 31/5, 30/2B/1, 30/3, 26/3B Tiny Industrial Estate, Kondhwa Budruk, Pune, Maharashtra	India
S1-305235066	Campbell Interests	1065 113th Street, Crown Point, IN	US
S1-656878587	Frank Rodriguez Safe Enterprises P.C.	935 Proprietors Road, Unit 1B, Columbus, OH	US
S1-456085771	Eastern United Exports Private Limited	Fl No. B-605 Abalone S No. 43/1/1/1/2, Dattanagar, Haveli, Pune, Maharashtra	India
S1-346651539	Maid Book Store	522 Lake Trail Drive, Palos Park, IL	US
S1-870563535	Anm International Private Limited	House No 2066, Pargoan Mochaitanya Multi State Agro P C O Ltd, Pargoan, Ahmednagar, Maharashtra	India
S1-896629464	Buvue Partners	52 Mount Auburn Street, Unit 2, Cambridge, MA	US
S1-737309665	Star It Private Limited	207-208, 2Nd Floor, Shalimar Morya Park Off New Link Road, Andheri (W), Mumbai, Mumbai City, Maharashtra	India
S1-925497701	Ailina Dueck Apex Zeo	2828 Yellow Bird Lane, Phoenix, AZ	US
S1-249177784	Own Solutions Limited	Flat No: 306, Rk'S Legend, 18-1-45A, Santhi Nagar, Tirupati (Urban), Chittoor, Andhra Pradesh	India
S1-182662551	West Des Moines Community Center LLC	11338 Twilight Drive, West Des Moines, IA	US
S1-193632124	Apex Finance Private Limited	1801, Mirabillis Nahar Amrithakti, Chandivali Farm Road, Andheri (East), Mumbai, Mumbai City, Maharashtra	India
S1-197396470	Rajguru Desire Limited	S-5, Top Floor Pandav Nagar, Delhi, East Delhi, Delhi	India
S1-821576546	BCZ International Private Limited	Office No-316-323, 3Rd Floor, Forum Galleria, Civil Township, Raghunathapali, Sundargarh, Orissa	India
S1-131828410	Orthopedic Creative Care Associates Inc	509 Farriss Avenue, High Point, NC	US
S1-834331822	Annai Management Ltd	C/O Lalita Sarkar Dhar, House No# 10, Annapurna Apartment, Baghajatin Park, Siliguri, Darjiling, Darjeeling, West Bengal	India
S1-9098141	Levy Coastal Morgan LLC	1603 Baldridge Lane, Katy, TX	US
S1-296502202	Dynamic Wellness Associates	611 Park Avenue, Unit CONDO 301, Indianapolis, IN	US
S1-827875871	Kay Energy (India) Pvt Ltd	H No. 1, G/F, Blk-C, Pkt-6, Sec-3, Rohini, North West Delhi, Delhi	India
S1-581763594	Frontier Signature Pharma Co	2906 Turpin Woods Court, Cincinnati, OH	US
S1-798787259	Peak Design Works PC	1347 570, Provo, UT	US
S1-155552475	Hudson Liberty Latin Inc	5115 Royene Avenue, Albuquerque, NM	US
S1-898723975	Tech Consultants Private Limited	Bihar, I-3/5, Patna, Sri Krishna Puri Ps- Sri Krishna Puri	India
S1-630245805	Raj Constructions Private Limited	E-86, Lgf, Cabin No. 1, East Of Kailash, New Delhi, South Delhi, Delhi	India
S1-570276644	Fortune Tech Private Limited	No.400-B, Amman Kovil Opp, Mettuppatty, Pudukkottai, Pudukkottai, Sivaganga, Tamil Nadu	India
S1-221289716	FZB Cable	191 Lincoln Street, Lexington, MA	US
S1-651699790	TOK Chits Pvt. Ltd.	Plot No. 8/3, Opposite Rewa Railway Station, Godhar, Rewa, Rewa, Madhya Pradesh	India
S1-930476690	XHJ Consultants Private Limited	5/12 Mig Colony V B Nagar, Kurla West, Mumbai, Maharashtra	India
S1-321790434	Red Cafe	195 December Road, Madrid, AL	US
S1-766114300	Coastal Ventures, Inc	210 Vine Street, Grayville, IL	US
S1-10267594	Mckenzie's Custom Laboratories	110 Charles Street, Unit APT 1, Charles Town, WV	US
S1-921095097	North National Inc	1840 Ulster Avenue, Ulster, NY	US
S1-524560561	Smart Enterprises Private Limited	1530, Sadashiv Peth, Off No. 306A. Unit 18A, 3Rd Floor, Eiffel Square, Pune, Maharashtra	India
S1-969499515	Gupta Trading Private Limited	#752 Police Station Opp Marihal, Belagavi, Belgaum, Karnataka	India
S1-153522645	Pediatric Dental Health LLC	26-19 212 Street, Bayside, NY	US
S1-109449543	Pacific Trust	MN, 1325 68th Lane, Brooklyn Center	US
S1-182711485	Shree Imf Private Limited	C/O Anita Devi, 2770, Road No.2, Jay Prakash Nagar, Patna, Bihar	India
S1-814362325	Quality Dome LLC	740 Plowson Road, Mt. Juliet, TN	US
S1-921753951	Urology Partners	8031 Francisco Avenue, Chicago, IL	US
S1-567858861	Scoggin Safe LLC	1823 Redbarn Street, Fl 0, Wichita, KS	US
S1-919636383	Reynolds Pediatrics Corp	5361 Nordica Avenue, Chicago, IL	US
S1-955005155	Prasanna Recycling Private Limited	76/D, Bandhab Nagarcolony, Lp-2/13/9/0/2, Kolkata, Kolkata, Howrah, West Bengal	India
S1-407782031	Shaylah's Cosmetics	1280 College Avenue, Columbus, OH	US
S1-747479812	Silver Painting	903 Vangough Road, Bentonville, AR	US
S1-996103079	Geri's Star Landscaping	5360 New Market Road, OH, Hillsboro	US
S1-994149299	Byers's Engineering	1009 Smith Avenue, Canton, OH	US
S1-21216581	Silicon Wellness Limited	Gc Road, Ulsoor, No. 11, Karnataka, Bangalore, Bangalore North	India
S1-687726242	Jackson Duke Inc	361 Bush Road, Hartwick, NY	US
S1-235790136	Krishna Engineering Private Limited	Pullattuveli, Cmc 21, Cherthala, Alappuzha, Kerala	India
S1-63766733	JBS Saratoga LLC	3740 Homesteader Road, West Linn, OR	US
S1-424724183	Zephay Nano Group	3525 Starling Road, Bethel, OH	US
S1-381731333	Lanese Roman	712 Oliviabrook Drive, Oakbrook Terrace, IL	US
S1-437516562	Black Care Pvt Ltd	Showroom No 3 At Plot No 261, Bhag Singh Ka Choraha, Raja Park, Adarsh Nagar, Jaipur, Rajasthan	India
S1-385307492	Syndyne, Inc	2704 Glacier Avenue, Unit Unit 4, Redmond, OR	US
S1-458312102	Vasontech Ace Citizens	NY, 653 Draht Hill Road, Elmira	US
S1-441506282	WF Travels Private Limited	Third Floor, Office No-03 Chaudhari Rampal Awana Complex, Atta, Se, Ctor-27, Noida, Gautam Buddha Nagar, Uttar Pradesh	India
S1-754961766	Marketing Aravali Complex Pvt. Ltd.	Conwood House Yashodham Goregoan (East), Mumbai, Maharashtra	India
S1-561125813	Great Medical Center	KY, Taylor Mill, 5445 Holly Ridge Court	US
S1-271460702	Olmsted & Martin LLC	930 Marywood Avenue, Aurora, IL	US
S1-830851638	Constructions Properties Private Limited	703 Shree Saheba Chs, Plot No 14, Sector 36, Raigad, Maharashtra	India
S1-780844171	Cruz, Jeanine, DMD of Troy	134 Hill Street, Troy, NY	US
S1-283859840	Dina Stevens, D.D.S.	Milford, 105 Orland Street, CT	US
S1-273434554	Ravi (India) India Ltd	214/216, Jamunalal Bajaj Street, Kolkata, Howrah, West Bengal	India
S1-934116553	Jai Indo Properties	Block No. 252-253, Village - Dhobikuva, Padra, Vadodara, Gujarat	India
S1-456056300	Frontier Translational Inc	315 Fairway Forest Road, Unit 1386, Sapphire, NC	US
S1-70962280	Rodriquez & Halverson Pyrophyte Inc	483 Gilbert Mills Road, Unit Unit A, Schroeppel, NY	US
S1-599869526	Decarlo Heritage Electric LLC	8418 Ii, WI, Town Of Wolf River	US
S1-6439292	Piedmont Dental Associates Corp	307 Burrington Road, Greenville, NC	US
S1-383934846	Rocky Initiative	ND, Valley City, 1125 5th Street	US
S1-106695568	Swastik Laxmi Producer Private Limited	Shop No 12 Ground Floor, Hill Darshan Chs Ltd Part, Ahmadabad City, Ahmedabad, Gujarat	India
S1-224622957	Chiropractic Health	1118 Litton Avenue, Unit 318, Nashville, TN	US
S1-157018729	Hitech Golden Global Private Limited	13/43, Samhita Complex, Andheri Kurla Road, Saki Naka, Mumbai, Maharashtra	India
S1-807798134	Ingrid's Family Practice LP	722 6th Street, Grand Forks, ND	US
S1-58554936	Allen Systems	879 Highlander Trail, Town Of Hudson, WI	US
S1-39269636	Leeann Hopkins Atlanticus Inc	Claremore, OK, 10561 4190 Road	US
S1-870499685	Tirupati International Private Limited	1/Ph-8 G-8 Vasundhra, Ghaziabad, Uttar Pradesh	India
S1-945946453	Morales & Saenz Pyrophyte	73 Main Street, Stoneham, MA	US
S1-866446514	Rosedale Baptist Harbor Services	11296 Atherton Street, Rosedale, IN	US
S1-337832527	Indresh Institute Ltd	Moolchand Road Ward No 21, Samastipur, Bihar	India
S1-384613260	Creative Select Perimeter PLLC	588 Allburn Hollow, Mc Carr, KY	US
S1-219864187	Quartz LLC	205 Lenon Street, Roseboro, NC	US
S1-597047657	Dye Montessori School	18621 Route 119 Highway, Unit B, North Mahoning, PA	US
S1-320189669	Twisted Seafood Ltd	875 Park Road, Charleston, WV	US
S1-845147535	Prakriti Farmers Private Limited	47, New Nagardas Road, Near Pinki Cinema, Mumbai, Maharashtra	India
S1-602801573	Archer Johnson LLC	1571 Glenmont Road, East Cleveland, OH	US
S1-999947635	Womens Health Center Inc.	4212 Kiowa Drive, Mount Vernon, WA	US
S1-226489149	Rashidhan India Private Limited	Chelakkavil, Rockwell Rd, Pallilamkara, Kalamassery, Kanayannur, Ernakulam, Kerala	India
S1-198118541	India Ahura Funds Pvt Ltd	Swaminarayan Temple, Near Prasad Chatri, Nadiad, Kheda, Gujarat	India
S1-267725075	Nupur Drug Limited	Bangalore, 9Th Main, Dollars Colony, J.P Nagar 4Th Phase, Bangalore, 364-365, Karnataka	India
S1-638630004	Blondell Sanchez Supreme Law Group	506 Myers Street, Bryan, OH	US
S1-491396191	Murugan Engineering (India) Private Limited	B-56, Gali No. -4, East Azad Nagar, New Delhi, Delhi	India
S1-454421879	Jain Pariwar LLP	Ankleshwar Near G I D Creservoir Valia Road Ankleshwar Dist, Bharuch, Gujarat	India
S1-369100424	Bright Bistro	2521 A Emogene Street, Mobile, AL	US
S1-381465337	Maor Liberty Wilco LLC	173 Palmer Road, Claverack, NY	US
S1-765657897	Nickie Martinez Blue Triton Inc	2307 Grant Avenue, Wilmington, DE	US
S1-663802215	Pizano Retail Inc	627 Fulmar Drive, Suisun City, CA	US
S1-667085689	CFD Foundation Public Limited	26/5/A A. M. Ghosh Road Budge Budge, 24 Parganas (S), Kolkata, Parganas South, West Bengal	India
S1-261794151	Vyky Garcia Taiwan LLC	IL, 476 Northwest Highway, Des Plaines	US
S1-213508705	Valero Trust LLC	3520 Orio Palmer Drive, TX, City Of El Paso	US
S1-982043703	Summit Cascade Street Inc	3306 Virginia Street, Houston, TX	US
S1-152868005	Bangalore Healthcare	No.11, Ii Floor, 11Th Main Rd.Jayanagar Iv Block, Bangalore, Bangalore, Karnataka	India
S1-459263375	Real Foods LLP	Maharashtra, H.No. 136, Sengaon, Hingoli	India
S1-456825650	Fregoso, Guthrie and Hervey Idea Center	9010 Raffia Lane, Fontana, CA	US
S1-57004759	Swami Educational Society	A-34, 2Nd Floor Ring Road, Rajouri Garden, New Delhi, North Delhi, Delhi	India
S1-866448142	Dharam Funds Private Limited	22, Dda Flats, Panchsheel Park, Shivalik Road Near Bhavishya Nidhi Enclave, New Delhi, South West Delhi, Delhi	India
S1-897195593	Bay Traders Private Limited	47, Krushna Nagar, Opp Shayona City, Chandlodia, Ahmedabad, Gujarat	India
S1-305474425	Uptown Hair Studio Islip	1510 Emkay Street, NY, Islip	US
S1-100563455	Navarro and Keeler Beauty Inc	6733 Monticello Lane, Dublin, OH	US
S1-44415959	Bright Management Pvt Ltd	Off-110 Neo Corporate, Plaza Cabin-A Ramchandra, Malad West, Mumbai, Maharashtra	India
S1-872059065	Global Care Private Limited	Plot No 37, Sri Shiva Sai Nagar, Hyderabad, Telangana	India
S1-396598015	Shreyans (India) Overseas LLP	Door No 50-117-10/1 Papas Cottage Seethammadhara, North Extension, Visakhapatnam, Vishakhapatnam, Andhra Pradesh	India
S1-274785679	Pioneer Finance Private Limited	204 Shyamkamal Bulding Atejpal Road Opp Ville Parle (E), Mumbai, Maharashtra	India
S1-218500189	Ghaziabad Logistics	Ghaziabad, 4Th Floor, Devika Tower, Chandar Nagar, Uttar Pradesh, 404	India
S1-456382115	Halcyon Inc	2002 Tremont Ave, Davenport, IA	US
S1-861570587	Big Properties Private Limited	N-9, South Extension, Part-I, New Delhi, South Delhi, Delhi	India
S1-605551132	V+ Cartesian	Upper Marlboro, MD, 408 Canaan Street	US
S1-319870481	Williams Saratoga	1313 Fishlock Avenue, Findlay, OH	US
S1-391605276	Bricklayers Union Local No 352	453 Hino Drive, Unit STE 2, Parkersburg, WV	US
S1-599737115	Highland Dental Associates Company	576 Union Street, Galion, OH	US
S1-734496233	686 Union Court Management, LLC	3322 Burlingdell Avenue, Dallas, TX	US
S1-348579747	Smart Jackson, LLC	CA, 11770 Snyder Avenue, Chino	US
S1-708426546	Classic Energy Private Limited	D-104, Prateek Laural, Sector-120, Noida, Up, Noida, Gautam Buddha Nagar, Uttar Pradesh	India
S1-977037376	Infini Technologies (India) Pvt Ltd	Maharashtra, Balkrishna, J P Road, Andheri West, Bandra Suburban, H 2, Mumbai	India
S1-706248320	Jyoti Contracting Company	102, Water Ford, ' C ' Wing, C.D.Barfiwala Marg Juhu Lane, Andheri (West), Mumbai, Mumbai City, Maharashtra	India
S1-336176065	Solutions Sahani Producer Corp	Flat No 502, Pt 88/1/89 Adavaiah Nilayam, Madhavaram Colony, Balanagar, K.V.Rangareddy, Telangana	India
S1-114406426	Tejesh Dairy Pvt. Ltd.	66 Big Bell' D.B Road, R S Puram, Coimbatore, Tamil Nadu	India
S1-118835890	XX Innovative Pro	8957 Sawyer Brown Road, TN, Nashville	US
S1-685752601	Ram Balaji Logistics	Flat No. 3, Plot No.150, Nai Basti Road King Apartment, Devli Village, Delhi, South Delhi, Delhi	India
S1-913319074	Osowski Ventures	522 4th Street, Waverly, IA	US
S1-33506794	Bona Solutions Private Limited	Uttar Pradesh, Meerut, Machra, C/O Surendra	India
S1-788261409	Joseph Signature Disciplined LP	344 Austin Boulevard, Unit # 1G, Oak Park, IL	US
S1-316435073	Slt Charitable Trust	81, Indra Nagar West, Kavundampalayam, Coimbatore North, Coimbatore, Tamil Nadu	India
S1-763049285	Southern Pembina, LLC	685 River Drive, Eureka, MT	US
S1-903491913	Vanguard Carolina	7946 Monterrey Drive, TX, City Of El Paso	US
S1-218092558	Wilson, Cohen & Mora Frisco	3551 Torrance Boulevard, Frisco, TX	US
S1-130999771	Metro Guild	4243 16th Street, Phoenix, AZ	US
S1-610978640	Sindee Foster Therapeutics	2109 Emory Road, Unit 105, Powell, TN	US
S1-399493497	Corner Massage	362 Willow Grove Drive, Village Of Pewaukee, WI	US
S1-105950548	Hari Properties Private Limited	235 Rewa Bhuvan L. J Roadcross Sakaramkeer Road Shivaji Park, Mumbai, Maharashtra	India
S1-950517584	Akshay Hospital (India) LLP	A-491-A, Govind, Marg, Jaipur, Rajasthan	India
S1-517585922	Starbuck Engineering	1343 1, Carmi, IL	US
S1-225149309	Jeanne J. Beebe, P.A.	508 Second Street, Hazleton, IN	US
S1-686981866	Cornerstone Integrated Industrials LLC	14 Cornhill Place, NY, Rochester	US
S1-752457453	Trading Competent Enterprises Pvt. Ltd.	Maharashtra, C/O Madhukar Domaji Behaniya, Hno 201At Khangaon, Post Khangaon, Nagpur, Katol	India
S1-551795378	Prairie Montessori School LLC	4531 Rolo Court, Unit 111, Upper Allen Township, PA	US
S1-133097415	Great Infra	Aurangabad, Maharashtra, Dwarka Vcomplex Shop No 4, Maheshnagar	India
S1-250756118	Charminar Hotels Pvt Ltd	17-3-127, Imam Bada X Road, Charminar, Yakhutpura, Charminar, Hyderabad, Telangana	India
S1-504963290	Benoit's American Bike Shop Clinic	263 Overcash Road, Troutman, NC	US
S1-814206079	Salvatore's Colonial Advisors	502 Schaffer Avenue, Salina, NY	US
S1-930164154	Grand Insurance Laboratories LLC	227 Dove Drive, Roosevelt, AZ	US
S1-765842742	Shiv Infrastructure Private Limited	120 Floor 3 Plot 233 Kakad Industrial Estate Sitaram Keer Marg Off L J Road Mahim, Mumbai, Mumbai City, Maharashtra	India
S1-301105221	Sriram, Manjarrez & Poss Strategies	811 Young Hollow Road, Kenna, WV	US
S1-648309920	Ashworth, Lee & Chan Renewable P.C.	11581 1, Togo, MN	US
S1-531517422	Cedar Merchants Inc	212 Devland Drive, Frederick County, VA	US
S1-621519232	Narayan & Sons Limited	E 904 - Sorrel Township, Applewood, S.P.Ring Road, Ahmedabad, Gujarat	India
S1-562502248	Cardiology Care Associates Partners	113 Vela Road, Huntsville, TX	US
S1-85091091	Quality Trading Private Limited	Delhi, 301 Third Floor Pratap Complex, Laxmi Nagar, Delhi, R-20 Shakarpur Main Vikas Marg	India
S1-315887518	Dream Products Private Limited	C/O Premnarayan Jaiswal Rani Kothi K Pas Guraiya Road, Chhindwara, Madhya Pradesh	India
S1-897137109	Jsm Lifestyle Private Limited	10-4-26, Asifnagar, Hyderabad, Telangana	India
S1-113941613	Leading & Sons	26, Shri Ram Road Civil Lines, New Delhi, Delhi	India
S1-505465592	Opus Research Partners	Office 605 606 Part 2 Dnk Capital, Sixth Floor, S.No. 90/3, Kondhwa Budruk Road, Kondhwa Budruk, Pune, Pune City, Pune, Maharashtra	India
S1-363310905	Case's Ridge Associates	5111 Cedar Retreat Drive, Murfreesboro, TN	US
S1-536175995	Louis Services Private Limited	C/O Abhishek Kumar, 69, Amardeep Nagar Bypass Ramkrishna Nagar, Patna, Bihar	India
S1-353564918	Intelligence Vidya	S No 81/3 House No 892 Shed No 1 Nda Road, Shivane, Pune, Maharashtra	India
S1-362846196	Pinnacle Investment International Care	7476 120th Place, Winfield, IN	US
S1-77022765	Pacific Network	Ashland, 1709 County Road 24, KS	US
S1-606844039	Heritage Realty Labs LLC	Kannapolis, NC, 4977 Dogwood Boulevard	US
S1-292193330	Builders Spandana Infracon Limited	H.No. 8-2-277/15 & 16, Union Bank Employees Colony Road No 3, Banjara Hills, Hyderabad, Telangana	India
S1-626961432	Siv Protection (India) Limited	2Nd Floor, Plot No. D-112, Ttc Industrial Area, Nerul (E), Navi Mumbai, Mumbai City, Maharashtra	India
S1-812460495	Materials LLC	1005 Stephen Avenue, Springfield, IL	US
S1-518439166	Basement Old Rajender Nagar Power Private Limited	New Delhi, 30/31, Basement Old Rajender Nagar, Delhi	India
S1-243959247	Unified Clear Lafayette LLC	6804 15 Avenue, Brooklyn, NY	US
S1-622529711	Cinder	1530 Dearborn Avenue, Waterloo, IA	US
S1-515783371	Raj East Infotech	Unit No-327 Plot No-1 3Rd Floor R.G Complex-1 Communtiy Centre Sector-14 Rohini, Delhi, North West, Delhi	India
S1-446275414	Drew Agricultural	34 Burnham Road, Methuen, Unit 305, MA	US
S1-89499184	Hannie San Signature Iheartmedia Associates	85 Loudville Road, Northampton, MA	US
S1-368900982	Shankarpally Bio Co	P No.52, S No 316, Merva, Township, Gandipet Mandal, Shankarpally, K.V.Rangareddy, Telangana	India
S1-798616988	Uptown Cafe	5615 32nd Avenue, Seattle, WA	US
S1-875456438	Ahmedabad Commodeal Clinic	Office No. 805, 8 Th Floor, Synergy Tower Plot No. 88/1 & 88/2, Vejalpur, Ahmedabad, Gujarat	India
S1-556328	ZMY Summit Metal Works LLC	W4844 Spring Road, Prentice, WI	US
S1-52774444	SMP Tours Pvt Ltd	Delhi, South Delhi, Flt No. 609A, 6Th Flr B-E, International Trade Tower, New Delhi	India
S1-576075063	Tirupati Exports Limited	14-5-22/20/B, Nagarkhana Begumbazar, Hyderabad, Telangana	India
S1-790826715	Fh & Sons Private Limited	Howrah, 10 Clive Row 2Nd Floor, Kolkata, West Bengal, Kolkata	India
S1-907380869	Piedmont Green Resolution Inc	24704 Garrett Road, Tanner, AL	US
S1-249516573	Alok Consumer (India)	Maharashtra, B-9, Mumbai City, Mumbai, Modi Compound Ghodapdeo 1St Road, Ghodapdeo, Mazgaon	India
S1-630542608	Lurie Blue Enterprises Inc	2013 Palm Court, Pasadena, TX	US
S1-210863721	Rogers, Faria & Johnson Plum LLC	1014 Cliftwood Circle, Alleghany County, VA	US
S1-246830750	Derouen & Eastman Post Inc	2741 Ontario Road, Village Of Bellevue, WI	US
S1-707392622	Furman Boston Inc	NY, 770 Main Street, Ellington	US
S1-921663371	Pediatric Group of Middlesex Inc	9880 Walnut Street, Middlesex, NC	US
S1-6381151	Lynnwood Cardiology Group	4705 194th Street, Unit 403, Lynnwood, WA	US
S1-898817690	Timber Titan Inc	95 Water Tank Road, Hayden, AL	US
S1-727323671	Automated Media Union	Mahtomedi, 17 Williams Woods Road, MN	US
S1-525120134	5Th Main Sahakarinagar Nidhi LLP	1192, A Block3Rd Cross, 5Th Main Sahakarinagar, Bangalore, Karnataka	India
S1-449861739	Vijay Foods LLP	No. 1 Ramasandra, Sulikere Post Kengeri Hobli, Bangalore, Karnataka	India
S1-725555231	Pioneer Security Collective Corp	50 Franklin Avenue, Unit Apartment 227, Kirkland, NY	US
S1-749859656	Marcella Faircloth, L.C.S.W.	20393 Noble Lane, West Linn, OR	US
S1-485668658	Meredith Alumbaugh, DPM	1192 Stoneman Lane, Independence, KY	US
S1-618132656	Black, Zaria, Ph.D. Clinic	5005 Hillman Drive, Unit 302, Charlotte, NC	US
S1-794156378	Garcia Charter School LLC	Brooklyn, 601 Manhattan Avenue, NY	US
S1-717678227	Grand Tbk LLC	3142 Sunny Ln, Louisville, KY	US
S1-968224748	Metropolitan Fund	WA, Unit #424, Tacoma, 102 G Street	US
S1-375118115	Ujjain India Limited	C-103 Bhagwati Krupa Rajajipath Ramnagar, Dombivli, Thane, Maharashtra	India
S1-9303354	Traci Quinn Markets LLC	1182 Windy Hill Road, Fleetwood, NC	US
S1-361709347	Wilson Planet LLC	Smithtown, NY, 141 Brooksite Drive	US
S1-987930347	Stone, Merla, Esq.	OH, Akron, 4599 Shaw Rd Extension	US
S1-417385526	Cristin Mccorry Mountain Biotherapeutics LLC	44 Maynard Avenue, Thousand Oaks, CA	US
S1-231684657	Yamuna Group	Villa No 85, Prestige Glenwood, Budigere Cross, Bangalore South, Bangalore, Karnataka	India
S1-910103250	Dynamic Telecom Associates Inc.	536 Sabine, Wallis, TX	US
S1-471003998	Natural Services Private Limited	Appadurai Street, Padi, Tiruvallur, Tamil Nadu, Ambattur, Door No 13 Shop No 10 2Nd	India
S1-575710515	Martin and Evans Valley Inc	Staten Island, NY, 5 Crystal Avenue	US
S1-899144373	City Trading Private Limited	Flat-B26, Floor-2Nd-Blk-B, Orchid Apartment, Sriperumbudur, Kanchipuram, Tamil Nadu	India
S1-208252278	Slr Movers Private Limited	Ghaziabad, Uttar Pradesh, Vvip Addresses, Raj Nagar Extension, I-0705, Ghaziabad	India
S1-642326995	Atlantic Alliance	141 Hinsdale Street, Brooklyn, NY	US
S1-662983366	Le (India) Exports Partners	H. No. 2-4-123/A/57, Venkateshwara Colony, Adarsh Nagar Road No 3, Uppal, Uppal, Hyderabad, Telangana	India
S1-347624633	Pediatric Dentistry Innovative Specialists Inc	1340 Parkwood Drive, Unit Apartment 126, Macedon, NY	US
S1-325526761	Vijaya Services (India) Private Limited	3887 Roshanara Road, New Delhi, Delhi	India
S1-207357649	Combs Unified Magna	3440 Clinton Avenue, Berwyn, IL	US
S1-472367559	Hospitality Management Pvt Ltd	B-710, 7Th Floor, 7Th Avenue, Gaur City-1, Gautam Buddha Nagar, Uttar Pradesh	India
S1-688632895	Utkrisht Trading Pvt Ltd	46Cowley Brown Road R S Puram, Coimbatore, Tamil Nadu	India
S1-275874098	American Fund	366 Genoa Lane, Costa Mesa, CA	US
S1-741142628	Leverage Sales Associates	4, Ashok Vihar Ext Gopalpura Jpr, Jaipur, Rajasthan	India
S1-872298470	Salisbury Youth Optimal Church LLC	108 Cedar Circle, Salisbury, NC	US
S1-277496669	Mohit Communications Limited	Office 801, The Affaires, Plot No. 9, Sector- 17, Sanpada, Navi Mumbai, Thane, Maharashtra	India
S1-306425405	Sunrise Enterprises Private Limited	A-18-F Delhi Police Cghs Mayur Vihar Ph I Delhi, Delhi, New Delhi, Delhi	India
S1-322999004	Flores Valley Microelectronics LP	755 Crescent Street, Unit 441A, Brockton, MA	US
S1-638517155	Ashok Spa Pvt Ltd	B-4/ Gardenia, Survey No. 36/1/1 Vadgaon Sheri, Pune, Maharashtra	India
S1-249594047	Cardiology Health LLC	4725 Oakcliff Drive, Roanoke County, VA	US
S1-673288121	1121 Sunset St Owners Corp	812 S 22nd St, Louisville, KY	US
S1-234117841	Prerna Brothers Private Limited	No.371, 2Nd Floor, Sidco I, North Phase, Ambattur, Tiruvallur, Tamil Nadu	India
S1-18644843	Preferred Mountain Hotels Company	15 School Street, Auburn, NY	US
S1-766162503	Sree Marketing Pvt Ltd	B-204, Century Marvel App, Ammanikere, Vayunandana, Bangalore North, Bangalore, Karnataka	India
S1-874454309	Industries Srp Movies Private Limited	D. No. 39-16-64, Madhavadhara, Visakhapatnam, Vishakhapatnam, Andhra Pradesh	India
S1-319011081	Bhawani Foundation Private Limited	H No 757, 2Nd Floor Sector 4, Gurugram, Gurgaon, Haryana	India
S1-835597556	Main Street Bistro Inc	Unit 2, Boston, 151 Brookline Street, MA	US
S1-161256946	I U & T Immersion Corp	NC, 12333 Sojourn Court, Huntersville	US
S1-592568130	Adams's Crystal Advisory	1123 Medford Avenue, Indianapolis, IN	US
S1-295666407	United Starry	400 Prairie Street, Crown Point, IN	US
S1-551302339	Metropolitan Telecom Collective Clinic	37 Jacques Way, Wilmington, NY	US
S1-351925964	First It Limited	512, Paradise Tower, Near Mac Donald Gokhale Road, Naupada, Thane, Maharashtra	India
S1-414394930	O H Taylor Value Care	2115 15th Street, Minot, ND	US
S1-624362429	Super Industries Private Limited	Gautam Buddha Nagar, Noida, Uttar Pradesh, D-1101, Sunshin Helios, Sector 78	India
S1-493106333	Carlee Mason Modern Innovative Inc	1207 Oak Street, Linn, MO	US
S1-648274069	UPO Travels Private Limited	303 Omshiv Residency, Near Prakash Vidhyalay, Borisanaroad, Borisana, Gandhinagar, Gandhinagar, Gandhi Nagar, Gujarat	India
S1-618670663	Clean Mobility Systems Inc	1981 Wallace Avenue, Unit B105, Costa Mesa, CA	US
S1-52035032	Alpha Care Pvt Ltd	Anand Singh Rajbag Kanchi Watika Alka Puri, Udaipur, Rajasthan	India
S1-380238780	Him Enterprises Limited	10, Chamunda Complex A.B. Road, Dewas, Madhya Pradesh	India
S1-287407170	Sudharma Cycle Limited	C/O Ramsangji Kanji, 13 Meghmangal Nagar Nr. Baba Wadi, Mandvi, Kachchh, Gujarat	India
S1-947118894	Continental Jaws	1133 Glen Echo Lane, Milford, OH	US
S1-672560560	Keystone Chase LLC	108 Post Road, White Plains, NY	US
S1-935013003	Cornerstone Optimal Intercontinental LLC	7318 Creekwood Quorum Drive, Unit 303, Charlotte, NC	US
S1-86556085	Borges Grading LLC	5693 Beth Road, Huber Heights, OH	US
S1-450162563	Shumway Analytics	307 Brunswick Drive, Jacksonville, NC	US
S1-769607100	Mitcham, Didier and Flint Management LLC	Los Alamos, 2654 Walnut Street, NM	US
S1-372059904	Walker's Star Cleaning Service	247 Main Street, Unit 2, Randolph, MA	US
S1-503940837	Cardiology Interstate Health LLC	4126 Marin Drive, Gilbert, AZ	US
S1-630178053	OYU Garments Private Limited	B-136, Shop No. 4, Ugf, New Gandhi Nagar, Ghaziabad, Uttar Pradesh	India
S1-46843799	Vision Group	9 Canisteo Square, Hornell, NY	US
S1-297953656	Anand Properties Private Limited	Hanumangarh, Word No-5 Bisarasar, Hanumangarh, C/O Sohan Lal, Rajasthan	India
S1-258036814	Mavue Express Chicago L.L.C.	3214 Grey Hill Circle, Gallup, NM	US
S1-598592659	Serra Delta Biotechnologies	1602 Ernest Drive, Mobile, AL	US
S1-619385954	White, Fenton and Hans Twin LLC	4927 Whisper Cove Court, Columbus, OH	US
S1-736289238	Bangalore Tradingprivate Private Limited	64/2, Tnt Crescent, Thanisandra Main Road, Near Manyata Tech Park, Bangalore, Karnataka	India
S1-368422406	American Platinum Mercator	8351 Lake View Drive, Show Low, AZ	US
S1-707068835	Moya Staffing	101 Rugby Road, Longmeadow, MA	US
S1-621444229	Laha Academy	Flat 357, Sfs Flats Phase-Iv Ashok Vihar, New Delhi, North West, Delhi	India
S1-774540130	Physical Therapy Associates LLC	ME, 9 Pages Hill, Machiasport	US
S1-193179077	Solutions Uday Instituteprivate Private Limited	15Th Cross 1St Block, Karnataka, Bangalore North, Bangalore, No.09 Kowdenahalli	India
S1-963909059	Castro Veterinary Clinic	12732 Sabino Canyon Park, Mount Lemmon, AZ	US
S1-120028521	Roberson Gladstone LLC	658 Redwood Drive, Orange, TX	US
S1-329651140	Viewmore Nursing Home	Flat 401, Suman Kunj Plot No 38B, Sector 20, Belapur, Thane, Maharashtra	India
S1-557466189	Wallie Lozano, D.D.S. LLC	821 Martinez Spring Road, Bozeman, MT	US
S1-475468492	Carrington Epr LLC	690 4th Street, Wytheville Town, VA	US
S1-35133812	Heritage Charities VI	TX, Amarillo, 3621 30th Avenue	US
S1-922968975	Foods Mp Infosystems Pvt Ltd	Mumbai, Sadhana H Dand 21 Keshavjinaik Road Masjid Bunder, Maharashtra	India
S1-348888170	King and Chan, LLC	23 Lake Street, Norwich, CT	US
S1-742150752	Ensao American Flex LLC	5575 Chicago Road, Earlville, IL	US
S1-966583939	Bhartiya Webs Pvt Ltd	Cottage No 04, Bangalore Palace, Bangalore North, Bangalore, Karnataka	India
S1-644883771	St Tech Private Limited	C - 167, Alpha - 1, Greater Noida, Noida, Gautam Buddha Nagar, Uttar Pradesh	India
S1-554499724	Supreme Management Private Limited	South Delhi, Delhi, 50 Masi Garh Iind Floor Opp Sukhdev Vihar, New Delhi	India
S1-549752725	My Agro Limited	H No. 7-4-303/1, Navajeevan Nagar Ferozguda, Secunderabad, Hyderabad, Telangana	India
S1-178096389	Tlatelpa Modern Science LLC	Watford City, ND, 304 15th Avenue, Unit Cabin 341	US
S1-278825228	Economic Development Charities	709 6th Avenue, MN, Howard Lake	US
S1-235257056	Goldy Brownfield Mountain	1004 Ferndale Street, Plymouth, IN	US
S1-325135955	Green Marketing Private Limited	Unit No 3 A Upper Ground Floor Plotno106 Sector 12A Pt Deen Dayal Upadhyay Puram, Agra, Uttar Pradesh	India
S1-556305221	Anchor Products Limited	D. No. 65-5-1/C, Mehar Nagar, Kakinada (Urban), East Godavari, Andhra Pradesh	India
S1-24852433	Thomasine Garcia Atlantic Natural Group	1020 Old Hwy Road, Morgan, UT	US
S1-622328779	Piedmont Grand Pharmaceutical LLC	1290 Lamar Avenue, Memphis, TN	US
S1-825798860	Health Textile Private Limited	H No-1264, Block No B 9, Pelhar Road, Kashayap Apt, Tulinj - Nallasopara East, Thane, Maharashtra	India
S1-103557640	Lakshmi Galaxy Energy Private Limited	21-A, C-Block, Ashirwad, Nagar, Roopsagar Road, Girwa, Udaipur, Rajasthan	India
S1-301051159	Silver Technologies Private Limited	Ist Floor, C.C.31/38A(1), Amberipadam Road, Ernakulam, Kerala	India
S1-841424354	Al Smart Agro	C.S. No. 8426 A/1, Plot No. 191/222, Laxmi Peth Damani Nagar, Solapur North, Solapur, Maharashtra	India
S1-297178608	Red Consultants Pvt Ltd	Basement 1, Barkha Bahar, Soc18292 Barkha Bahar Bhakti Mandir Panch Pakhadi, Mahatma Gandhi Marg, Near Hari Niwas, Thane, Maharashtra	India
S1-296796467	VHG Weaving Private Limited	At/Po-Belpara Belpara, Bolangir, Balangir, Orissa	India
S1-167618403	Darnall and Johnson End, Inc	129 Irving Avenue, Unit D, NC, Mooresville	US
S1-641120816	Cordova Apex Index Associates	1149 Cessna Drive, Burns Harbor, IN	US
S1-598795810	Shakti Nagar Devices Pvt Ltd	14/11, Shakti Nagar, New Delhi, Delhi	India
S1-825209472	506 Ocean Blvd Holdings	2 Spruce Street, Stoneham, MA	US
S1-700489417	Quantay Wireless	1617 Kensington Avenue, NY, Cheektowaga	US
S1-788369732	Regional Animal Hospital	24419 Pepperrell Place Street, Katy, TX	US
S1-422317642	Blossom (India) Academy Private Limited	# 43, Ground Floor, 9Th Cross, Sharadamba Nagar, Jalahalli Village, Bangalore, Karnataka	India
S1-913701661	Elora Borman, P.A., P.C.	920 Bridge Street, Roanoke City, VA	US
S1-566711922	Darlleen Turner Tri-State Pineapple LLC	14758 Chesterfield Trails Drive, Chesterfield, MO	US
S1-743330896	Arvind Global Pvt Ltd	14B Dda Flat Anand Vihar, Delhi, East Delhi, Delhi	India
S1-481870565	Langer Forefront of Costa Mesa	155 Lexington Lane, Costa Mesa, CA	US
S1-907117179	Grayce Howard Rocky Offshore P.C.	3808 62nd Drive, AZ, Phoenix	US
S1-978660901	Kolkata Security Pvt Ltd	Fl A Gr. Floor 9, Adarsha Pally Belghoria, Kolkata, Kolkata, Howrah, West Bengal	India
S1-614854486	Akhila Trust	B-103, Jeevan Park Uttam Nagar, New Delhi, Delhi	India
S1-706643378	Burke, Edita C., DPM, PC	2456 Tallassee Drive, Tallassee, AL	US
S1-982092261	Myrtice Kerley, MD, DDS PC	130 Cr 4770, Castroville, TX	US
S1-851368962	Esmart Studio Private Limited	Survey No. 429, 436P2, Near Lizzart Granito Llp, Opp. Rangpar Village, At: Rangpar, Morbi, Rajkot, Gujarat	India
S1-52726701	East Real Systems Private Limited	C-34, Jagdamba Nagar, Heerapura, Ajmer Road, Jaipur, Rajasthan	India
S1-252422011	Adityam (India) Crusher Private Limited	Prop. No A02021572900, Room 11 Bhairavlaxmi Chawl 1, Ambivali Police St, Kalyan, Thane, Maharashtra	India
S1-676164267	Quality Pgim	6464 General Green Way, Fairfax County, VA	US
S1-757679570	Big Fortune Infrastructure	Flat No 20 Poonam Hiehgts Ganesh Nagar, S No 247/2 Chinchwad, Pune City, Pune, Maharashtra	India
S1-786428654	Premier Investment Private Limited	11/510 1Tailor Street Sulthan Pet P O, Palakkad, Kerala	India
S1-182368052	Maid Diner!	2648 Castanada Circle, TX, Fort Worth	US
S1-156681373	Phedra's Tax Service Inc	91 Highland Boulevard, Brigham City, UT	US
S1-931180112	Main Street Hair Studio	126 Minnehaha Parkway, Minneapolis, MN	US
S1-964924550	Patriot Committee LLC	1913 Treeline Drive, Forest Hill, MD	US
S1-362561575	Regional Association	102 Terrace Court, Unit 4B, Johnson City, TN	US
S1-407839966	Pioneer Pioneer Pyrophyte Inc	485 Common Street, Unit 212, Belmont, MA	US
S1-57187169	H M & G Alternative	IN, 3715 Orchard Drive, Hammond	US
S1-58915626	Keenan Precision Lafayette Corp	2201 Fifer Drive, Bloomington, IL	US
S1-202146158	Indrika Management Pvt Ltd	Pune, Maharashtra, 3Rd Floor, Mont Vert Arcade Pashan Sus Road, Pashan, Office No.314	India
S1-144779327	Lakshmi Consultants Private Limited	303-B, Alpha, Main Street, Hiranandani Gardens, Powai, Mumbai, Mumbai City, Maharashtra	India
S1-424317808	EI Power LLP	House No. 97 1St Floor, Chitra Vihar, Delhi, East Delhi, Delhi	India
S1-980359501	Certified Freight Associates LP	Eglon, WV, 81 Artenis Harsh Drive	US
S1-716732503	Bay Bright Integrated LLC	228 Front Avenue, Saint Paul, MN	US
S1-69445216	Jameson Alphabet LLC	1124 Parkside Village Drive, Clayton, NC	US
S1-380905413	Enchanting (India) Pumps Care	H.No. 13, Gopal Park Krishna Nagar, New Delhi, East Delhi, Delhi	India
S1-502666131	Beaty Suma LLC	1560 Newberg Highway, Unit 9, Woodburn, OR	US
S1-564774069	Desert Optics P.C.	3202 Francis Street, Portland, OR	US
S1-271223673	Ninja & Associates	K-84, Sarita Vihar, New Delhi, South Delhi, Delhi	India
S1-282480765	Shipley Good	74 Rock Run Road, Friendship, NY	US
S1-377274035	Blue Dental Associates	9502 Marble Park Trace, Baytown, TX	US
S1-277550689	Bernard Capital Partners LLC	NC, Sherrills Ford, 3771 Norman View Drive	US
S1-180421054	Boss & Co	1875, Pada Pole Nr. Jain Upashray, Gandhi Road, Ahmedabad, Gujarat	India
S1-418937405	Eyde Ladue Concepts	5813 Conway Road, Bethesda, MD	US
S1-645058632	Digital Developers Private Limited	House No.-53, First Floor Vijay Nagar, Bhiwani, Haryana	India
S1-581155468	Summit Learning Center	9 Wood Creek Drive, Unit Apartment B, Rome, NY	US
S1-120535540	Ace Anchor Bhav	875 Inverness Court, Fairfield, CA	US
S1-527503527	Goodwin Premier Fannie Inc	4853 Sheridan Road, Unit SUITE  604, Tulsa, OK	US
S1-533626648	Orthopedic Partners of Prescott Valley	4301 Cinnabar Drive, Prescott Valley, AZ	US
S1-33426914	Technologies Sadanand Works Pvt Ltd	No.5/3, Girinagar Annexe Ramapuram, Chennai, Tamil Nadu	India
S1-716280706	Cantu Lng LLC	1371 4110, Pittsburg, TX	US
S1-765195392	Thoma, Alexander and Jarrett	18638 Conestoga Drive, Sun City, AZ	US
S1-845852935	Seri Lingampally Systems Private Limited	1-15/B/2 5Th Floor, Sai Sruha Bliss Khajaguda, Seri Lingampally, K.V.Rangareddy, Telangana	India
S1-859076013	Green Research Products	16 Green Meadow Lane, Huntington, NY	US
S1-250753999	Valley Coalition Inc	5556 176th Boulevard, Natoma, KS	US
S1-366375530	Great Horizon Computing Center	8932 Igoe Street, Fairfax County, VA	US
S1-204234943	VP Stock LLC	2990 Beau Mont Farm Road, Albemarle County, VA	US
S1-608416490	Hurtado Integrated Resorts Inc	10311 Cosmopolitan Circle, Sierra Ridge, CO	US
S1-55606091	Adler Leasing Private Limited	Plot No. N-11, Midc, Hingna Road., Nagpur, Maharashtra	India
S1-51656669	Shiny State Private Limited	B - 304, 3Rd Floor, Royal Samrat Siddharth Nagar S V Road Goregaon West, Mumbai, Mumbai City, Maharashtra	India
S1-235821880	Sky Engineering Private Limited	Suite No. 401, Corporate 1, Plot No. 5, Jasola District Centre, New Delhi, Delhi	India
S1-488134407	Amigos (India) India-Karnal	Haryana, Karnal, C/O Ram Dutt, Karnal, Gno 1 Shanti, Ngr Kr, Ishana Nagar	India
S1-738112563	Roberts, Torres & Grosse LLC	2800 23rd Street, Unit APARTMENT 1334, OK, Broken Arrow	US
S1-449057567	Aurelle Box LLC	1209 Chason Drive, Vestavia Hills, AL	US
S1-711295401	Right Trading Private Limited	9-122/141, Chaitanya Puram, Thiruchanoor, Chittoor, Andhra Pradesh	India
S1-861149295	Orthopedic Legacy Health LLC	3828 Aero Court, North Highlands, CA	US
S1-108031418	Family Direct Clinic LLC	1307 Harbor Hills Drive, Allen, TX	US
S1-692949132	Apex Agricultural Services Inc	2324 Ritter Drive, Saint Louis, MO	US
S1-64910557	Grand Pioneer Hospitality Inc	151 Eagle Rock Road, Stoughton, MA	US
S1-718236878	Shree Golden Power Private Limited	Maple, Paharpur Business Centre 21 Nehru Place, New Delhi, Delhi	India
S1-604372998	Fresh Partners	41-64 54 Street, Woodside, NY	US
S1-179229238	Witherspoon & Carlson Dave	3 Pharoah Drive, MO, Valley Park	US
S1-39452954	Setecor	TX, 831 Thomasson Drive, Dallas	US
S1-726761977	White Special LP	875 Elford Drive, Seattle, WA	US
S1-763372827	Sherman Resources LLC	107 Fisk Street, ND, Wildrose	US
S1-247012533	Ace Finance Private Limited	D.No;107J/152C, Tmb Colony, 5Th St, Palai Road West, Thoothukkudi, Tuticorin, Tamil Nadu	India
S1-46700578	Sree Consulting Pvt Ltd	78, Ladli Bhawan, Kedarnath Road Darya Ganj, New Delhi, Delhi	India
S1-827327270	Internal Medicine Liberty Specialists L.L.C.	79 Ravine Avenue, Bldg Basement, Yonkers, NY	US
S1-999333718	Tangeman, Maxwell and Donat Medicines LLC	1851 Putnam Drive, Oak Harbor, WA	US
S1-7507517	Dharampur Safe Private Limited	34A Metcalfe Street 7Th Floor, Room No. 7F, Kolkata, Kolkata, Howrah, West Bengal	India
S1-584041667	Nelson & Arias Inc.	MO, Kansas City, 4916 Linwood Boulevard	US
S1-848777798	Standard Public School	Jussawala Wadi Enclave, Juhu, Maharashtra, Mumbai, Mumbai City, Sona Villa	India
S1-549133184	Solstice LLC	1620 Prewitt Street, NM, Milan	US
S1-852991021	Jalandhar -Ii Interior Private Limited	H.No.169-A, Phase-2, Tower Enclave, Phase-2, Jalandhar -Ii, Jalandhar, Punjab	India
S1-629552402	Amigo Solutions Private Limited	Maharashtra, Pune, Adarsh Colony, Tingare Nagar, S No 161/3B, Pune	India
S1-985202116	Ambrosia Mp Corporation	Aapulki19 Gajanan Nagar New Osmanpura, Aurangabad, Maharashtra	India
S1-156025185	Ayer Unified Gesher LLC	18 Fernald Drive, Unit 22, Cambridge, MA	US
S1-728213042	Hok Facility Private Limited	106 1St Floor, Classic Heritage, Aarey Road, Near Anupam Theatre, Goreg, Aon (East), Mumbai, Maharashtra	India
S1-815827622	Ventura Environmental Fellowship	6325 Turnstone Street, Unit 5-301, Ventura, CA	US
S1-468424813	Bickham Allied Nasdaq L.L.C.	89 Waltham Street, Unit 3, Boston, MA	US
S1-160103431	Nagaya Industries Private Limited	Flat No 803 Plot No 7, Sector 11 Sanpada, Thane, Maharashtra	India
S1-43558349	Main Street Tavern	5523 Chinook Street, WA, Fife	US
S1-277960140	Pediatric Group	IL, Unit UNIT A, Lake Zurich, 126 Potawatomi Trail	US
S1-758533042	Noella's Auto Repair	NC, 102 Wagonwheel Drive, Sylva	US
S1-355953833	Mayuri Charitable Trust	Shop -13, Jat Dharamshala, Fatehabad, Haryana, Fatehabad	India
S1-302359892	Schuman, Guerra and Latimore LLC	Charlotte, NC, 9632 Green Gable Court	US
S1-169696654	Rmg Labprivate Private Limited	House No. 1964, Phase V, Sector 59, Mohali, Punjab	India
S1-938326755	Vani & Brothers Private Limited	D-101, Pushpak Platinum Nr. Amrutbaug Party Plot, Iskon Ambli Ro, Ad, Ahmedabad, Gujarat	India
S1-188693112	Aditya Infrastructure Private Limited	C.G.E W.H.O, Sector 11B 2/11 Sector 11, Kharghar, Navi Mumbai, Raigarh, Maharashtra	India
S1-557584817	Royal Smart Altisource PLLC	5444 Clearbrook Lane, Roanoke County, VA	US
S1-101428618	Cally Burchfield Athena	8404 W Landings Road, Acton, TX	US
S1-27516763	Behavioral Health Group	420 State Street, Belle Plaine, MN	US
S1-309358693	Ferris Alternative	820 Garden Street, IL, Freeport	US
S1-430203906	Fidelis Financiers Care	Chennai, Plot No.54, Tamil Nadu, No 104, Floor 1, Harmony Pearl Apartment, Rajamannar Salai, K.K.Nagar, Chennai	India
S1-90794686	Alpha Logistics Private Limited	3 Malhotra House3Rd Floor Opp G P O Fort, Mumbai, Maharashtra	India
S1-829411967	Urgent Care Partners, LLC	13821 Village Mill Drive, Maugansville, MD	US
S1-935026415	Mulloy Unified Ofs LLC	844 Water Way Drive, Unit 50, Bath Springs, TN	US
S1-967508173	Delino Soren, Inc	3748 Pierce Lane, Grand Prairie, TX	US
S1-998869919	Youth Initiative	665 700, Tremonton, UT	US
S1-478270284	Health Coalition LLC	3502 Beepalm Avenue, TX, Prairie Ridge	US
S1-267820960	International Healthcare Private Limited	Delhi, New Delhi, Plot No. 38/4, Phase-393, Village Nasirpur, Dwarka, New Delhi	India
S1-719058249	GZ Ridge Apex LLC	3401 Centre Street, Shoreview, MN	US
S1-14909933	3965 Fourth St Owners Corp LP	Gray, 217 Ridgeview Meadows Drive, TN	US
S1-177324667	Federal Foundation	187 Bakers Grant Road, Lebanon, ME	US
S1-240923377	Shree Trading Private Limited	Room No 101, New Regal Turit Home, Railway Road Railway Road Kotachery, Kanjhagad, Kasargod, Kerala	India
S1-175914356	Encore Products Private Limited	Patna, Arya Kumar Road Machhua Toli, Bihar, C/O Vikaschoudhary	India
S1-94840407	Surgical Medicine	101 Masonic Road, Dixmont, ME	US
S1-661444071	High Lakshmi Trading LLP	C/Okamlesh Kumar, Chhoti Nagla, Sampatchak, Patna, Bihar	India
S1-898706988	Santiago Preparatory Academy Corp	7169 Route 29, Fairfax County, VA	US
S1-825899593	Littlejohn Allocation PLLC	IN, 2095 Raccoon Run Boulevard, Winona Lake	US
S1-348443849	Pasand Builders Ltd	Gf- 56/2/39 Jai Bhawani, Bawadiya Kalan, Gulmohar, Huzur, Bhopal, Madhya Pradesh	India
S1-320717359	Main Street Tattoo	90 Baltimore Avenue, Dundalk, MD	US
S1-803897725	Sc Udyog Ltd	6 Essem House, Behind Big Bazar Nr. Udayan Bunglows, Bopal-Ambli Road, Ahmedabad, Gujarat	India
S1-376128889	Pesonify Inc	Mcminnville, 1421 9th Avenue, OR	US
S1-371656352	Moore Patriot Inc	266 Taylor Street, Unit 11, Crossville, TN	US
S1-704891867	Pediatric Dentistry Care of Bourne, LLC	15 Village Green Road, Bourne, MA	US
S1-446028840	Rhine Hotels Limited	C/O Ram Shanker Mishra, Amethi, Antoo Road, Amethi, Sultanpur, Uttar Pradesh	India
S1-20886832	Tirupati International Pvt Ltd	Ground Floor No.445, Jkn Towers, 5Th Main Road, 16Th Cross, 6Th Sector, Bangalore South, Bangalore, Karnataka	India
S1-713370468	Scott Oaktree LP	210 Mary Street, City Of Mayville, WI	US
S1-447555285	Summit Highland Deutsche, LLC	651 Salem Street, Lynnfield, MA	US
S1-658389635	Joli Mccardell Highland Architecture LLC	814 South Street, Unit 4A, Danville, IL	US
S1-150413967	Dacus Siddhi LLC	125 8th Avenue, Unit B3, Columbus, OH	US
S1-201223927	Royal Retail Laboratories	IA, 402 N Dodge St, Iowa City	US
S1-688012014	2190 Third Avenue Apartments L.L.C.	2150 Avondale Boulevard, Unit 1032, Avondale, AZ	US
S1-583297143	Peacock Pharma Private Limited	No.23-74, Antony Street, Rajakrishnapuram Rajakrishnapuram Post, Tirunelveli, Tamil Nadu	India
S1-499928241	Estate Advisors Private Limited	Plot No.3-B-1, Ground Floor, Near Jal Board Vasant Kunj, New Delhi, Delhi	India
S1-313626834	Oasis Imaging Limited	5/3A, Middle Street, Vijayarengapuram, Sankarankovil, Tirunelveli, Tamil Nadu	India
S1-708232899	Hartzell Lithium	3851 Cobble Ridge Drive, Unit 5301, West Jordan City, UT	US
S1-325482457	Express Sprott	196 Willow Pond Way, Penfield, NY	US
S1-938967123	Marvellous Mills Pvt Ltd	Kollam, Anolil Vadakkathil, Kerala, Thodiyoor P O, Karunagappally	India
S1-705288117	Cosette Oakley Capital York	219 Second Street, Oakland City, IN	US
S1-233133897	Jarlium Power Inc	1120 Kansas Avenue, Great Bend, KS	US
S1-1940901	Sunny E. Johnson, Esq.	122 Westover Drive, New Cumberland Borough, PA	US
S1-259131600	J/G Spa	402 Main Street, Springdale, AR	US
S1-248912389	Aby & Co	23-24 Shraddhaanand Marg 128 E Raj Plaza Sanyogita Ganj, Indore, Madhya Pradesh	India
S1-113945478	Tiseum Group	Fishers, IN, 13756 Elmberry Lane	US
S1-868454250	Prime (India) Realty Ltd	Thane, Solus Hiranandani Estate Ghodbunder Road, Thane West, Maharashtra, Thane, Office No. 1913	India
S1-187461399	Shree Health Private Limited	Industrial Plot No. 1266, Sector 82, Jlpl Mohali, S.A.S.Nagar (Mohali), Rupnagar, Punjab	India
S1-865362367	Atharva & Co	Plot No. 5-A, Airport Residency Kishanguda, Shamshabad Village Under Shamshabad Municipality And Mandal Ranga, Rangareddy, Telangana, K.V.Rangareddy	India
S1-162968029	Cheng Valley Vaneck	15556 Ryegrass Street, Portland, OR	US
S1-401566394	Ridge Pioneer Box, LLC	96 Central Boulevard, Unit C, Bethany Beach, DE	US
S1-551961115	Developers Anderson Professional Limited	C/O Mrs Aruna Singh, A-255, 2Nd Floor Sector 122, Gautam Buddha Nagar, Noida, Gautam Buddha Nagar, Uttar Pradesh	India
S1-552827564	Keystone Signature Brands, LLC	82 Leif Boulevard, Clarkstown, NY	US
S1-519031774	Red Consulting Private Limited	Opp Under Bridgeshahibag Ahmedabad, Gujarat, Ahmedabad, Gujarat	India
S1-418125199	Flamingo Embedded Private Limited	Sangli, Maharashtra, At Post Waksewadi Tal. Atpadi, Sangli, H. No. 145	India
S1-406169596	Surya Logistics Private Limited	No.491, Viswakarma, East End Main Road, 9Th Block, Jayanagar, Bangalore, Karnataka	India
S1-707496496	Star Enterprises Private Limited	Room No. 21/22, 2Nd Floor, 173 Pratap Building Dadi Seth Agyari Lane, Kalbadevi, Mumbai, Mumbai City, Maharashtra	India
S1-656227649	Lynx	59 Whipple Street, Unit 2, Lowell, MA	US
S1-609770490	Caneadea Youth Association	Caneadea, 9876 Cronk Hill Road, NY	US
S1-835442203	Star Engineering Private Limited	59, Vijay Block, S/F, Office No.209, Laxmi Nagar, New Delhi, East Delhi, Delhi	India
S1-123433994	Golden Book Store	80 Davis Avenue, Enon, OH	US
S1-891821939	Bangalore Consultant Private Limited	No.370, 3Rd Cross, Bhavani Nagara, Kadirenahalli Cross, Banashankari Ii Stag, E, Bangalore, Karnataka	India
S1-879924798	Interfaith Initiative	225 Crossroads Square, South Salt Lake City, UT	US
S1-884388031	Silver Developers Pvt Ltd	Plot No 579/5, New Bel Road Rmv, 2Nd Stage, Bangalore, Karnataka	India
S1-901510566	Slate Inc	32991 Shadeland Avenue, Millsboro, DE	US
S1-185912694	JNM Networks Private Limited	C/O Madan Jeet Kumar Singh Barthara Kala, Sakaldiha, Chandauli, Uttar Pradesh	India
S1-32924535	Meris Stewart Platinum Forefront	New Haven, 1619 Ella T Grasso Boulevard, CT	US
S1-351030923	Rois Davis Logistics	1865 Broadway Road, Unit 415, Tempe, AZ	US
S1-155527271	Apex It Pvt Ltd	A-5, Malcha Marg, South Delhi, Delhi, New Delhi	India
S1-411671023	Keystone	8810 Briley Drive, Dallas, TX	US
S1-889065739	Maa India Private Limited	19, Vishaers Colony, 2Nd Floor, R.C.Dutt Road, Baroda, Vadodara, Gujarat	India
S1-197015283	Sk Services LLP	No.1/269, Main Road, Manakkal, Ayyampettai, Thiruvarur, Tamil Nadu	India
S1-76146608	Haveli Flour Private Limited	Unit No. 701 Aquila Apartments Plot No 101, Anand Park, Haveli, Pune, Maharashtra	India
S1-269194802	Wan Token LLC	524 Fairfield Road, Mocksville, NC	US
S1-487819659	Indra Anand Private Limited	Flat No A 15, Maharashtra, Clarion Park, Near Telephone Exchange, Pune, Haveli	India
S1-431135192	Hopkins, Agrawal and Auerbach LLC	3514 Valley Heights Drive, Taylorsville City, UT	US
S1-127325855	Lewis Veterinary Clinic Inc	106 Lisa Drive, Austin, TX	US
S1-497818778	Sanco Healthcare of Pune	D 803 Dwarka Sai Wonders Shiv Sai Lane Pimple Saudagar, Pune, Maharashtra	India
S1-843267488	Coastal Advanced Rogers Corp	MD, 13134 Oriole Drive, Beltsville	US
S1-691284192	Great Center	217 Paul Drive, Village Of Kimberly, WI	US
S1-866422206	Ujjaendra Beverages Private Limited	Maharashtra, Shop No. Ugf - 8 H No. 413 & 414, Nagpur, Dhanashree Commercial Complex, Sitabuldi	India
S1-254066818	Evans Clean Hotel Inc	1308 Nokota Bend, Georgetown, TX	US
S1-447458388	West Rent Associates	133 Cherokee Court, Emporia, KS	US
S1-245795777	East Royal Soulpower	271 Leroy Avenue, Fl Floor 1, Buffalo, NY	US
S1-519309859	Risen Vidyalaya	Room No-F9, 1St Floor, N.P.Center Dak Bunglow Road, Patna, Bihar	India
S1-497356029	Crystal Freight Industries Inc	38203 Keenwik Road, Selbyville, DE	US
S1-915026476	ZG Hub Limited	Kadapa, Andhra Pradesh, Near Chinna Chowk Panchayati Office Jayanagar Colony, H.No.7-129-2C	India
S1-707697591	Raheem, Jones & Huizar Inc.	3 Hoover Parkway, Lockport, NY	US
S1-67374366	IC Chiron L.L.C.	4271 Semora Road, Roxboro, NC	US
S1-161602484	Q & G Archimedes Inc	1243 College Way, CA, Ontario	US
S1-156635950	First Solutions Private Limited	No 72, Kgehbs Devasandra, Bangalore, Karnataka	India
S1-484402312	V L & O Newbridge Corp	723 114th Street, Unit Y302, Everett, WA	US
S1-514876429	Diaz Endocrinology Inc	Unit 129, 625 1st Street, Tempe, AZ	US
S1-825610205	LJ Information Private Limited	Delhi, First Floor, Masjid Moth Greater Kailash Part-3, Delhi, South Delhi, E-16	India
S1-67805672	Cardiology Group	28590 Holy Cross Road, St Marys, KS	US
S1-954732883	Green Food Private Limited	6/331 A, Menothuparambil Complex Puthenpeedika P.O., Thrissur, Kerala	India
S1-740466798	Trusted Electronics Industries	12007 17th Street, Vancouver, WA	US
S1-602996917	Evelyn Mohammed Globa LLC	CA, Costa Mesa, 194 Brookline Lane	US
S1-934141295	Clear Gabelli Inc	216 Conyer Lane, Rocky Mount, NC	US
S1-951944104	Ajay Traders Private Limited	Flat No.13.Third Floor C-1 Wing, Sarita Kunj, Kasarwadi, Pune, Maharashtra	India
S1-395018283	Shivam Aditya Industries Private Limited	Sy.No270/1, Tps19, Plot No.146, Gr.Fl.Laxmi Society, Ramjikrupa Rawhouse, Laxmikant Ashram, Kat, Argam, Surat, Gujarat	India
S1-900376269	West Horizon Capital LLC	12425 Timeless View Drive, Sardinia, NY	US
S1-658499925	Thompson Better Deutsche LLC	1445 Canterbury Lane, Unit APARTMENT A202, Mundelein, IL	US
S1-620527201	Gleason Canadian L.L.C.	6051 Silver Birch Lane, Unit 2203, St George City, UT	US
S1-474134229	Montium Blackrock Inc.	403 16th Street, Fl 0, Carrizo Springs, TX	US
S1-712206432	Steelworkers Union Local No 728	218 Central Avenue, Greenville, OH	US
S1-557150995	Black Products Private Limited	Shop No. 129, Exult Shoppers, Nr. Siddi Vinayak Mandir, Surat, Gujarat	India
S1-176616533	Eastern Btc	1605 Trafalgar Road, Fort Worth, TX	US
S1-385536869	Cure Pub Inc	IL, Naperville, 2215 Spartina Road	US
S1-349930116	Peters, Reddy and Carvajal Cohen Inc.	3950 Wynnbrook Drive, Independence, KY	US
S1-422567861	Gangika Research Company	E 30, Sidco Industrial Estate (Phase Ii) Valavanthankottai, Trichy, Tiruchirappalli, Tamil Nadu	India
S1-299650700	Alvinia Richards View LLC	Conover, NC, 1217 Josie Lane	US
S1-907404825	Big Pub	609 Winston Street, Dallas, TX	US
S1-882379259	Physical Therapy	1925 N Temple Street, Unit A404, Salt Lake City, UT	US
S1-17746239	Mcdaniel, Musa & Tompkins Tree L.L.C.	IL, Riverton, 1000 86 Kinzie Street	US
S1-186413192	Krishna Solutions	Saidabad, Telangana, Hyderabad, Moin Bagh, Riyasath Nagar, 18-8-241/37	India
S1-949108967	Prudent Lifescience Pvt Ltd	C/O. Kurlon Limited, Plot No. Part Of Gae - 1, Malanpur Industrial Area, Ghirongi, Malanpur, Madhya Pradesh	India
S1-410804935	Kirk Neurosciences of Spring Hill LLC	7039 Nickalus Way, Spring Hill, TN	US
S1-331190847	Timpson Constellation LLC	MD, 3658 Karen Circle, Linkwood	US
S1-700529150	Coastal Charities	5515 Kennison Avenue, Baltimore, MD	US
S1-50746156	Interfaith Coalition	4716 Hudson Road, City Of Wilson, NC	US
S1-555125658	Viraj Consultants Co	205, Floor -2 Plot-1/3 Sujata Chambers, Abhaychand Gandhi Marg, Mirchi Gully Masjid Stn, Ma, Ndvi, Mumbai, Mumbai City, Maharashtra	India
S1-142374044	Total Cargo Networks Inc.	8311 Yorktown Court, Tulsa, OK, Unit APARTMENT  B	US
S1-299477515	Innovative Network Alliance P.C.	115 Dove Road, Mooresburg, TN	US
S1-677306915	Brosis Charitable Trust	11, Post Office St, Chennai, Tamil Nadu, Madras	India
S1-413626821	Wiley Endocrinology	267 Main Street, Arcola, IL	US
S1-298525732	Bastion LLC	2450 Wegmann Road, Desoto, MO	US
S1-992675514	Reichert Starwood PC	245 Cony Road, Augusta, ME	US
S1-517637207	Fortune Technologies Limited	F-138, City Centre570, M.G. Road, Indore, Madhya Pradesh	India
S1-634533845	Vaishnodevi Brothers Limited	458/30 Kanhirani Kalladikode Post, Palakkad, Kerala	India
S1-328873928	Slate	MO, 12105 Pomona Avenue, Kansas City	US
S1-482732512	Hari Products LLP	E 1202 World Crest, The Word Tower, S B Marg Next To Kamla Mills, Lower Parel, Mumbai, Mumbai City, Maharashtra	India
S1-582967654	Global Kgaa LLC	215 Robert Road, Marlborough, MA	US
S1-137206307	Akshat & Associates	301, Parkview Exchange, Next To Kuber Residency, Nr.Science City, Bhadaj Cross Road, On S.P, .Ring Road, Bhadaj, Ahmedabad, Gujarat	India
S1-931782573	Optimal Star Futurewave	3 Wilmette Drive, Normal, IL	US
S1-296677044	Total Grupo Inc	Booneville, 637 Roy Franks Lane, AR	US
S1-339545713	Allied Patriot Urban Inc	100 17th Avenue, Watford City, ND	US
S1-615666148	Pioneer Investment Private Limited	1 Swarnalata Street, Kolkata, West Bengal, Calcutta	India
S1-787853912	Northern Beacon Empire Inc.	4807 Florida Avenue, Crystal, MN	US
S1-47645405	Varshaya Vision Pvt Ltd	Pds Towers, Floor 5, Udyog, Vihar Phase 1, Industrial Complex Dundahera, Gurgaon, Haryana	India
S1-832924504	VXW Source	D 33 Aaram Co-Op Hou Soc, Vakola Village Rd, Mumbai, Maharashtra	India
S1-594324621	Winn Heritage One Associates	1701 Reprise Cove, Round Rock, TX	US
S1-936608804	Roha Institute	Flat No. 503, Tower C, Near Skit College, Ramnagaria, Jaipur, Rajasthan	India
S1-116976821	Sky City Global Limited	Plot No. 12 Dange Layout, Manewada Besa Road, Nagpur, Maharashtra	India
S1-555287791	Chennai (p) Private Limited	171, Jawaharlal Nehru Salai Arumbakkam, Chennai, Tamil Nadu	India
S1-95462093	Bhavika International School Private Limited	H.No. F10/1, Delhi, New Delhi, North West, 2Nd Floor Model Town, Part-2	India
S1-838751351	Lakshmi Agro Pvt Ltd	C/O, Haripal Gautam, Ved Vihar, Near Medecal, Saharanpur, Saharanpur, Uttar Pradesh	India
S1-190171028	Vishesh Processing LLP	96 Jorbagh, New Delhi, South Delhi, Delhi	India
S1-730918326	Prendergast, Barbi T., M.D.	301 Earl Street, Tahlequah, OK	US
S1-625282851	Atulyam Events Pvt Ltd	Thottathil Veedu Kurumandal Paravur, Kollam, Kerala	India
S1-412331433	Css Agro Pvt Ltd	Plot No.6/8, Shop No.1 Near Giri Nagar Bus Stop Main Road, Gandh, I Nagar, Hyderabad, Rangareddy, Telangana	India
S1-774064713	Nelson, Smith and Kuykendall PC	981 Granada Hill Avenue, Barstow, CA	US
S1-796638053	Ear Nose & Throat Clinic Inc	2200 Golden Horseshoe Circle, Unit I, Morrisville, NC	US
S1-161557970	Jind Infracity Private Limited	6/12, Murevandlapalli, Rompicherla, Chittoor, Andhra Pradesh	India
S1-657345097	CA Healthcare Private Limited	Bhaji Market, Po-Midc H/C, Boisar, Gala No. 77, Thane, Palghar, Maharashtra	India
S1-222197229	Kelcy's Cornerstone Seafood	NE, Lincoln, 7400 49th Street	US
S1-426283315	Kaja Cole Science	Pulaski County, VA, 5264 Thornspring Road	US
S1-161781322	Vassar Tribeca	Chandler, AZ, Fl 1, 16041 Catalina Street	US
S1-3543876	Mountain Secure Neurosciences	170 Dunlap Drive, Charles Town, WV	US
S1-783792623	CR Opendoor Ltd	1240 Bam Lane, Zanesville, OH	US
S1-119700350	JAO Skill Private Limited	Belilious Road, Howrah, West Bengal	India
S1-160640950	Wildlife Council P.C.	7609 Watson Road, Unit APT 73, Saint Louis, MO	US
S1-145143621	Soleus Telecommunication Inc	Lima, 734 Runyan Avenue, OH	US
S1-811851774	Glyphyn Massage LLC	11902 Peacock Trail, Hagerstown, MD	US
S1-966726278	Blood Lighting Private Limited	Villa 70, Gardenia Groove Villas Ramky Discovery City, Lemoor Rpad, Hyderabad, Telangana	India
S1-151867959	Lee, Smith and Shaw Fortress Inc	77 Christopher Drive, West Seneca, NY	US
S1-894367125	Lantz Best Enterprises Inc	1 Watch Hill Road, New Paltz, NY	US
S1-93672586	Ear Nose & Throat Patriot Associates LLC	Katy, TX, 6517 Manorwood Drive	US
S1-852190060	St. Methodist Church	317 Pine Hill Road, Sterling, CT	US
S1-380350130	007 Silverbox Inc	3167 Potter Avenue, Kingman, AZ	US
S1-992364449	Roadways Insulation Pvt Ltd	D-1, Delhi, Lower Ground Floor, Salcon Rasvilas, Saket District Center, Sector-6, South Delhi, New Delhi	India
S1-687518596	Siix LLC	8030 Club Manor Drive, Unit 110, Raleigh, NC	US
S1-303127969	Breuer Sunrise	2000 Archdale Drive, Unit 2202, Franklin, TN	US
S1-776616881	Orthopedic Specialists of Hot Springs Village	62 Tomino Way, Hot Springs Village, AR	US
S1-144687451	Horton Tech LLC	8946 Morgan Lane, Orange, TX	US
S1-398340428	Great Global Pvt Ltd	Premises No- 211, Second Floor, Commercial Block Plot No- 2171, Tankapani Road, Bhubaneswar, Khordha, Orissa	India
S1-184482911	Hyderabad Foundation Private Limited	Flat No:102, Marigold L&T Serene County, Gachibowli, Hyderabad, Rangareddy, Telangana	India
S1-496991958	Star Mills Private Limited	12/2, Chopasni Housing Board, Jodhpur, Rajasthan	India
S1-465490164	Desert Electricity	5871 Clinch Mountain Road, Russell County, VA	US
S1-584488533	Target Suits Ltd	Plot No-15-A, Adarsh Vihar Bhadana, Kota, Rajasthan	India
S1-41659072	Bhiwandi Technologies Pvt Ltd	877/6 Building D2 Gala 6 Jai Shri Ram Complex Dapode Thane Bhiwandi, Bhiwandi, Thane, Maharashtra	India
S1-53108862	Blue Society	Saint Ann, MO, 3119 Ronald Drive	US
S1-513319638	Mount Fellowship	6160 Preston Highway, Lebanon Junction, KY	US
S1-910148716	Pratima Realty Private Limited	43/1, Kalighat Road, Kolkata, Kolkata, Howrah, West Bengal	India
S1-665371961	La Hospital	Noida, Uttar Pradesh, B-193 Sector 55, Gautam Buddha Nagar	India
S1-771197582	Bowman, Pack & Kloss Inc	3626 191st Place, Lynnwood, WA	US
S1-825026578	Soia Inc	34784 58, Eugene, OR	US
S1-379409919	Shiva Consultants Private Limited	550 2Nd Floor, Chirag Delhi, New Delhi, Delhi	India
S1-907523216	Toinette Slaybaugh Reliable Triumph of Greenwich Inc	15 Van Ness Avenue, Greenwich, NY	US
S1-50973920	Solis Colonial Imperial LLC	Charlotte, 6329 Teaneck Place, NC	US
S1-565725740	Surya Infotech Limited	H.No. 9, Block F, Gali No. 1 Ashok Vihar Phase-Iii Extn., Near Hanuma, N Mandir, Gurugram, Gurgaon, Haryana	India
S1-98744561	Mueller & Swanberg PC	1661 Inca Drive, Coolidge, AZ	US
S1-394595518	Oncology Unified Partners	7 A First Street, Milo, ME	US
S1-608086717	First Talent Networks	610 Iowa Avenue, IA, Essex	US
S1-299799000	Behavioral Health Total Group	1109 Vineyard, Jefferson City, MO	US
S1-819199995	Innovative Developers Private Limited	C/O Premlata Upadhyay, Badinagar Barail, Nawabganj, Barabanki, Uttar Pradesh	India
S1-671836086	Vsm & Associates Pvt Ltd	4, Chittepimpalgaon, Aurangabad, Maharashtra	India
S1-704871	Upper Charter School PC	9841 Revel Street, Laurinburg, NC	US
S1-207313966	CHQ Presidio Inc	2798 Daystar Lane, Southside, AL	US
S1-480967270	Edwards Dte LLC	65 Division Street, Unit 1, Fall River, MA	US
S1-400674519	Behavioral Health Center	218 2280, Cleburne, TX	US
S1-667214208	HT Education Pvt. Ltd.	59, Navyug Apartments Plot - 49, Sector - 9, Rohini, Delhi, North Delhi, Delhi	India
S1-271440799	Sneddon Academy	NC, 3705 Medlin Place, Tarboro	US
S1-924446965	Behavioral Health Specialists LLC	8 Westika Drive, Zuni, NM	US
S1-13384259	Strategic Sterling Brown LLC	2703 Main Street, Unit Unit 9, Flagstaff, AZ	US
S1-436848394	Lanahan Royce	2403 4th Avenue, Seattle, WA	US
S1-649949936	Elrod Cambridge	2290 132nd Street, Pillager, MN	US
S1-379964250	Kunal Sangh	Urmila Nursing Home, Opp. Polytechnic Naya Tola, Muzaffarpur, Bihar	India
S1-870189091	Delhi Services Private Limited	House No - 336, Block F, First Floor, Mangol Puri, Delhi, North West, Delhi	India
S1-840412640	OTA Tech LLP	Bardhaman, Purba Bardhaman, 40 Kalibazar West Lane Burdwan Sadar, West Bengal	India
S1-888566824	First Technology	Madurai, 3/6, Sarojini Nagar, Othakadai, Tamil Nadu	India
S1-877773434	Enterprises Southern (india) Limited	Karnataka, # G 248, Bangalore, Ground Floor, Upkar Green Fields Attibele, Anekal Taluk, Bangalore	India
S1-804400462	Northwind Partners	3206 Denning Road, Denning, NY	US
S1-435283178	Arihant Estate Pvt Ltd	Pragya Accelator Ii, Building 15B, Block No. 15, Road No 1C, Zone 1, Gift Sez, Gandhi Nagar, Gujarat	India
S1-707440634	East Laxmi Agro Limited	4405-1, Basement 5, Ansari Road, Darya Ganj, New Delhi, Central Delhi, Delhi	India
S1-167517898	Andrews & Tidwell	190 E4 Cardinal Hill Road, Rochester, IL	US
S1-459584650	Foust & Siler LLC	111 Pawtucket Street, Unit 103, Lowell, MA	US
S1-194029262	Lineville Youth Society LLC	5033 Highland Road, Lineville, AL	US
S1-44721051	Khalilabad Shine Limited	Khalilabad, Station Road, Sant Kabir Nagar, Palika Market Sant Kabir Nagar, Uttar Pradesh	India
S1-344360516	Eco Property Thane Private Limited	Office No. S-76, Plot No. 47, Sector-30A, Vashi Fantasia Business Park, Thane, Maharashtra	India
S1-419581210	Twisted Pizza	OH, 8560 Cherrycreek Drive, Dayton	US
S1-108257744	Shiva Investments	H. No. 364, Warvand, Pandhi, Bhadola, Buldana, Buldhana, Maharashtra	India
S1-733861761	Shyam Infotech Pvt Ltd	Pole No 59- C Vpo Malikpur, Nagafgarh, New Delhi, Delhi	India
S1-479900167	Rocky Desert Five Inc.	Brooklyn, NY, 557 53 Street	US
S1-552604443	Will & Co	House No 250, Ground Floor, Block-F Pkt 24 Sec-3, Rohini, New Delhi, West Delhi, Delhi	India
S1-400386811	Silver Ventures Private Limited	1-98/9/3/52 Siliconvalley, Image Gardens Road, Shaikpet, Hyderabad, Telangana	India
S1-865600737	Nilima Travel Limited	New No.23 (Old No.7), First Floor Virubhakshiswarar Koil Street, Mylapore, Chennai, Tamil Nadu	India
S1-8034372	Pell Suma LLC	6611 Canyon Crest Drive, Fort Worth, TX	US
S1-495745737	Zondra A. Harper, O.D.	36000 101, Bayside Gardens, OR	US
S1-624626193	Dorelia D. Herald, M.D.	11803 Joalyce Court, Alsip, IL	US
S1-906827351	Secure Certified Royalty Inc.	305 New Plant Road, Franklin County, VA	US
S1-366167087	My Business Private Limited	Building No.107/D In Ward 27 Amina Manzil, Kerala, Mattannur, Kannur, Illam Moola, Mattannur Po	India
S1-976269356	Moksh Holdings	Tenament No 5, Plot No 368 369 377, Ward 3B, Adipur, Kachchh, Gujarat	India
S1-311245264	Jai Green Infra Private Limited	Vihav Excelus, Opp. Aroma Avenue, Gujarat, Vadodara, Tf-14, Vadodara	India
S1-627993376	Gwyn Lewis Pineapple	4067 Riverside Drive, James City County, VA	US
S1-979649303	Environmental Center	WA, Mill Creek, 14318 20th Drive	US
S1-758439128	Rangoli Nursing Home	Hno-69, Rno-102, Brahmon Ali Bwd, Bhiwandi, Thane, Maharashtra	India
S1-51393238	Hari Shree Investments LLP	45B, Dba Hubstairs Coworks, Subham Complex, Ist A Main, 2Nd Floor, Rear Wing, Mini Forest Road, 3Rd Phase J P Nagar, Bangalore South, Bangalore, Karnataka	India
S1-958395817	Anuradha Chemists Pvt. Ltd.	#460, 17Th Cross, Sector 4, Hsr Layout, Bangalore South, Bangalore, Karnataka	India
S1-384516457	Modern Energy	Palm Tree Heritage Odayam Beach, Varkala, Thiruvananthapuram, Trivandrum, Kerala	India
S1-360932946	Signorelli, Aguilar and Pena Inc	3024 Secretariat Drive, Atwater, CA	US
S1-684985832	Venture Power Private Limited	C/O Pyare Lal, Munnu Ganj Gola Kheri, Gola Gokaran Nath, Kheri, Uttar Pradesh	India
S1-269522811	Oriental Services Limited	Building No: Xx/482, Al Rali Complex Konathukunnu P O, Konathukunnu, Kerala	India
S1-94715392	Cm Entertainment Ltd	Plot No-A/02, Near Phase-1, Ex-Servicemen Colony, Bhubaneswar, Khordha, Orissa	India
S1-87869492	Interstate Resources	371 Creek Road, Fairfield, NY	US
S1-252015241	Ede's Pet Care	336 Arvilla Court, Sutherlin, OR	US
S1-830309416	Solio Construction Group	1212 188th Street, Shoreline, WA	US
S1-549455646	Lyra Overseas Private Limited	405, 12Th Main, 2Nd Block Srinivasanagar, Bsk Ist Stage, Bangalore, Karnataka	India
S1-117478576	Horizon Analytics Alliance	608 Lincoln Avenue, Unit Apartment 206, Saint Paul, MN	US
S1-118920537	Vijay Producer Private Limited	Plno.10, Big Street, Keelkattalai, Chennai, Tamil Nadu	India
S1-997144379	ZF Blue Douglas	Lake Villa, IL, 39319 59	US
S1-625409722	Indian Enterprises Limited	41/4108 F 3 4 Th Floorkurian Towers Banarjee Road Cochin, Ernakulam, Kerala	India
S1-734872563	Seven Software Private Limited	7, Mumbai City, Mumbai, Maharashtra, Radha Niwas Chabildas Road, Dadar (West)	India
S1-174284076	Amaleta Beene Oceanhawk P.C.	KY, 1066 Spencer Road, Warsaw	US
S1-892577902	BC Midwest Worldwide LLC	Missoula, MT, 335 2nd Street	US
S1-997115785	Bishwa College Private Limited	H.No-45, Boring Road, Gandhi Nagar, Montessori School Lane, Patna, Bihar	India
S1-192445913	Physical Therapy Desert Care Associates PC	907 Riverview Place, Unit 8, Cincinnati, OH	US
S1-940069122	Atb Lifestyles Private Limited	Dharmapuri, Hosur, Tamil Nadu, Dharmapuri Dist, E 23 6Th Phase Sidcoindustrial Estate Hosur	India
S1-66053238	Urgent Care Group	2429 223rd Place, Sammamish, WA	US
S1-745808125	Chit Greens Private Limited	P. N. 287, Kh. No. 211/1, Shiv Nagar Sangariya Road, Jodhpur, Rajasthan	India
S1-651140615	Taliaferro, Callahan and Palermo Hawaii Associates	2313 62nd Avenue, Unit #20-102, Fife, WA	US
S1-444558126	Peak Agnc LLC	5815 Drake Road, Greensboro, NC	US
S1-261089612	Bansal Services (India) Limited	1866, 11Th Main, 38Th Cross, 'T'Block, Jayanagar, Karnataka	India
S1-222295391	Trinetra It Private Limited	Gali No 01, Gandhi Nagar, Barmer, Rajasthan	India
S1-314921286	OBZ Petro Limited	1104, Panchasheel Chs Gokuldham Goregaon East, Mumbai, Mumbai City, Maharashtra	India
S1-520496762	Signature Starling	378 Neponset Avenue, Unit 2, Boston, MA	US
S1-234978149	Nidiia Harbor Nova, Inc	703 Water Street, Unit Apartment 5, Elmira, NY	US
S1-418157070	Kolkata Expotrade Limited	P-4 Black Burn Street, Kolkata, Howrah, West Bengal	India
S1-722988297	Saksham Brothers	116 B Tagore Town, Prayagraj, Allahabad, Uttar Pradesh	India
S1-360190712	Surgical Specialists	Moreau, 1340 9, NY	US
S1-250892725	White All Best	57 Indian Wells Drive, Manvel, TX	US
S1-188561007	TAI Crest	1550 Valley Glen Drive, Unit APT 518, Dixon, CA	US
S1-499304850	Celior LLC	8567 Ky 1304, Girdler, KY	US
S1-391067457	Litech Liberty Planet Inc	13100 Coastal Highway, Unit 910, Ocean City, MD	US
S1-851292590	Royal Consultants Limited	31/C, Topsia 2Nd Lane, Kolkata, Kolkata, Howrah, West Bengal	India
S1-764843328	Lianne Lloyd, CPA, PC	NC, Charlotte, 3730 South Boulevard	US
S1-706846164	New Trading Private Limited	H.No. 238-A, Pkt A Mayur Vihar, Phase Ii, Trilok Puri, Delhi, East Delhi, Delhi	India
S1-412604364	Heartland Custom Solutions Care	TN, 406 Haynes Haven Lane, Murfreesboro	US
S1-581512585	Saucedo Signature Microelectronics, Inc	11252 Northfield Street, Surprise, AZ	US
S1-645769028	Pinnacle Inc	305 Stanley Street, Gas, KS	US
S1-241392220	Piedmont Center LLC	10405 Ash River Trail, Orr, MN	US
S1-263491585	National Copley L.L.C.	117 Milton Avenue, Fallston, MD	US
S1-13159298	Certified Better Development Corp	7891 Hayes Hollow Road, Colden, NY	US
S1-301202200	Urology Medicine LLC	500 30th Avenue, Rock Island, IL	US
S1-529975811	Garcia Can Inc	713 Kensington Avenue, Unit 1, North Wilkesboro, NC	US
S1-472294878	Maryjo Reyes Bay Corporate PC	7805 Pocomoke Lane, Fl 0, Glen Burnie, MD	US
S1-212045005	Pediatric Dental Clear Specialists	3226 Michigan Street, Baytown, TX	US
S1-221574364	Uday Bar Care	Ff 03 Saman 2 Opp Reliance Petrol Pump, Prahladnagar, Ahmedabad, Gujarat	India
S1-261832575	Unified Diamond Devices LLC	3105 147th Avenue E, Unit APARTMENT  E, Tulsa, OK	US
S1-811732377	Raghubar Jeevika Pvt. Ltd.	265 Maulanashaukatali Road, Mumbai, Maharashtra	India
S1-699229219	Liberty Prime Hyperliquid	NE, Omaha, 4024 Nicholas Street	US
S1-522011418	Fivue Capital Inc	754 Charles Street, Unit 1/2, Mobile, AL	US
S1-754416540	Mask Kamat Private Limited	Plot No. 7, First Floor, Sukhi Ram Park Main Matiala Road, Uttam Nagar, New Delhi, West Delhi, Delhi	India
S1-383299172	Anchor	109 11th Street, Gadsden, AL	US
S1-336357570	Robertson All Sierra Inc	1605 River Road, Lavaca, AR	US
S1-585273566	Pediatric Integrated Care Associates LLC	39223 Misty Lane, Millville, DE	US
S1-530986268	Bright Ncr LLC	336 Johnson Road, Unit 1/2, Michigan City, IN	US
S1-314212506	LO Vance LLC	33 La Bonne Vie Drive, Unit Apartment B, Brookhaven, NY	US
S1-455567352	Congregation Catholic Church of Coppell	110 Arbor Manors Drive, Coppell, TX	US
S1-113612448	Creative Dynamic Infra Pvt Ltd	51/23-1, Kothandarama Layout, Osborne Road Cross, Bangalore North, Bangalore, Karnataka	India
S1-265948605	International Investments Private Limited	C/O Prabha Tiwari W/O Vipin Kant Tiwari Ward No-28 Baluatal East Champaran, Motihari, East Champaran, Bihar	India
S1-451856234	Goodwin International Private Limited	J-1957, South Delhi, Delhi, Ground Floor, New Delhi	India
S1-820335883	Whittaker Animal Hospital	2705 Johnson Branch Road, Leoma, TN	US
S1-917587037	Urgent Care Group	380 Langley Avenue, Hempstead, NY	US
S1-769252764	Gemini Consultancy	96/40, Colonel Ganj, Kanpur, Kanpur Dehat, Uttar Pradesh	India
S1-887219966	Harris, Allen & Koegel, Inc.	13230 57th Avenue, Plymouth, MN	US
S1-959751340	Caerus To Private Limited	B-34, Torana Apartment, Sahar Road Opp. P And T Colony, Andheri East, Mumbai, Mumbai City, Maharashtra	India
S1-863084022	Summit Properties Clinic	4545 15th Avenue, Tucson, AZ	US
S1-19920552	Devereaux Heartland Crown LLC	28 Spear Street, Rockport, ME	US
S1-411810763	Zephio Jackson PC	97 River Heights Drive, Smithtown, NY	US
S1-383871751	Jemmie Ladson Muniholdings	550 500, Unit 3, Logan City, UT	US
S1-467172710	Trusted Quality Land LLC	228 St Christopher Lane, Columbus, OH	US
S1-847045803	Onkar Infratech Private Limited	42A Mothilal Street Jothi Nagar, Pollachi, Coimbatore, Tamil Nadu	India
S1-827699903	Gaines Cbre	5480 Asbury Lake Drive, Unit 0, Cincinnati, OH	US
S1-332216140	Shantam Services Pvt. Ltd.	1759, Bus Stand, Mehakar, Buldhana, Mehkar, Buldhana, Maharashtra	India
S1-569715106	Geo Services Private Limited	Trivandrum, Thiruvananthapuram, Kinfra Parks St.XavierâS College Thumba P.O, Thiruvananthapuram, Kerala, Plot No.A-17(6)	India
S1-203476421	Precision Biomedical Holdings	3319 Webster Avenue, Kansas City, KS	US
S1-473373013	Florance's Grading	10422 Ashante Drive, OR, Portland	US
S1-796761532	Cultural Fund	155 Hillcrest Lane, Unit 1103, Liberty Hill, TX	US
S1-733340397	Biveror Inc	3221 Berkley Street, Huntsville, AL	US
S1-874862886	Sundargarh Infraheights Private Limited	C/O-Dilip Ku.Patel Old Cinema Road, Rangadhipa, Sundargarh, Orissa	India
S1-955237566	Innovative Agriculture	248 Little Poe Trail, Penn Twp, PA	US
S1-155263688	Management Astraea Coir Private Limited	A-802 Park View City 2, Sector 49, Gurgaon, Haryana	India
S1-291242586	Casey Coastal Atlantic Inc	311 Watson Street, Alvarado, TX	US
S1-215517804	Glypheon Telecommunication	335 Rhea Road, York, SC	US
S1-860243548	Schneider, Birdie J., Ph.D.	8800 Cincinnati Dayton Road, West Chester, OH	US
S1-801449158	Better Research Associates	3265 Dartmoor Court, Dallas, TX	US
S1-703282763	East Entertainment LLP	103 Ocotillo Drive, Superior, AZ	US
S1-735669022	Y+ Auto Repair Inc	2676 St Victoria Drive, New Hanover Township, PA	US
S1-393199599	Urgent Care Great Center	4020 Mecum Road, Walkertown, NC	US
S1-475891942	Wings Realty Private Limited	Mumbai, Ashraf Manzil, 29 Road, Bandra West, Mumbai, Garage No9, Maharashtra	India
S1-697886614	Huckaby's Electronics	55 Ashumet Road, Falmouth, MA	US
S1-743659808	Allied Tri-State Nuclear PLLC	670 1st Street, Yamhill, OR	US
S1-185366405	Oxley Uranium Partners	VT, 13 Country Club Estates, Swanton	US
S1-697837843	Womens Health Specialists	1283 Piper Glen Drive, Sunset Beach, NC	US
S1-709261836	Ap Studios	No 3/104, First Floor, Raghavendra Colony, Thavarekere Main Road, Bangalore, Bangalore, Karnataka	India
S1-970161798	Premier Elite Sound LLC	Avon, Unit APT 2201, OH, 36550 Chester Road	US
S1-612171762	Black Technologies Private Limited	Pl No 64/C Bunglow No B/34 Ashwini Society B P Road, Pune, Maharashtra	India
S1-371937458	Southern Projects Private Limited	407, Bc Tower, D-64/142-144, Sigra, Varanasi, Uttar Pradesh	India
S1-36168988	Great Ace Tech LLP	H. No. 17, Sector-2A Vasundhara, Ghaziabad, Uttar Pradesh	India
S1-470718466	Alejandrina A. Daniel, O.D.	106 Vineyard Street, Weatherford, TX	US
S1-709086999	Giovanna J. Mcdonald, Ph.D., DDS PC	600 Hwy 163, Monroe, IA	US
S1-934713168	Powell, Lydia, D.C.	704 Cabriolet Street, Bentonville, AR	US
S1-768964506	Colon and Ashworth	3173 Banner Springs Road, Fentress County, TN	US
S1-779382554	Allied Peoples Inc.	5562 Langston Boulevard, VA, Arlington County	US
S1-990079283	Gulf Holdings Corp	3880 304A, Comanche, TX	US
S1-926834750	GOF Ace Tech LLC	918 Conger, Hartford City, IN	US
S1-984763453	Jdg Green Private Limited	H No 276, Janapuri, Loha, Nanded, Maharashtra	India
S1-552351799	American Qdro Inc	Wichita, KS, 401 Crestway Avenue, Fl 0	US
S1-526382008	Kestay Roofing	22797 202nd Street, Queen Creek, AZ	US
S1-439555339	Services Sanas Polytech	Room No K.P.7/35B To K P 351 Nellipoyil Mundoor, Kozhikode, Kerala	India
S1-893616122	Bright Business Labs	8632 Montoya Drive, Peoria, AZ	US
S1-705192451	Associated Health Labs L.L.C.	447 900, Valparaiso, IN	US
S1-401846361	Human Rights Association LLC	1501 Ii, Town Of Neenah, WI	US
S1-670581719	HA Great Source Corp	222 Old Merry Hill Road, Merry Hill, NC	US
S1-105804676	Tai (India) Labs Private Limited	Mumbai City, Maharashtra, Shree Saraswati Chs, Plot No C S 100, Ng Acharya Marg, Chembu, R, Flat No. B2/703, Mumbai	India
S1-197749586	Dristi Taluka Private Limited	C/O Desai Maljibhai Sanklabhai, At & Po Kapasiya, Village Kapasiy, Amirgadh, Banaskantha, Gujarat	India
S1-983107219	Amulya Facility Pvt. Ltd.	Room No 31 40Dlf Industrial Area Kriti Nagar, New Delhi, North Delhi, Delhi	India
S1-358109978	Eastern Trusted Arch LLC	4318 Kingsbury Avenue, Toledo, OH	US
S1-225737264	Seven Ventures Private Limited	Plot No 25, Flat No B-503, Rsc-2 Malwani Mhada Gate, Malad West, Mumbai, Maharashtra	India
S1-815777388	Indrya International Private Limited	Door No 19, Ground Floor, 6Th A Cross, 20Th Main, 1Stage, Btm Layout, Bangalore, Karnataka	India
S1-673154452	Atlantic Project	1168 Locust Way, Fl 0, OR, Grants Pass	US
S1-897305540	Pioneer Agro Pvt Ltd	New No.9, Old No.4, Basement, 12Th Cross St., Shastri Nagar, Adyar, Chennai, Tamil Nadu	India
S1-782250936	Delgado Pan	1140 Eureka Drive, Kettering, OH	US
S1-867998778	Premier Sunrise International Private Limited	House, 40/445, Mamangalam, Palarivattom P.O, Ernakulam, Ernakulam, Kerala	India
S1-99821876	Jainsons Educational Society	Lg- 16 Somdutt Ch- Ii 9 Bhikaji Cama Place, New Delhi, West Delhi, Delhi	India
S1-476417605	Gabey Ingram Heritage Pegasus LLC	OH, Forest, 201 Sandusky Avenue	US
S1-75343875	Krishang College Pvt Ltd	304-312, Thirdfloor, Saileelamall, Dharampurroad, Kolsifaliya, Abrama, Valsad, Gujarat	India
S1-101445271	Taylor, Williams & Gupton Inc	AZ, 1632 St Charles Avenue, Phoenix	US
S1-381923894	My Infrastructure Private Limited	Co Vikash Chandra Dwivedi, H 247, C S-12, Ghaziabad, Uttar Pradesh	India
S1-668813356	Otoole Martin LLC	18955 Old Jamestown Road, Florissant, MO	US
S1-601608494	Gwendolen Boos Colonial Myers	632 Cortlandt Avenue, Lima, OH	US
S1-393850673	Carroll Bulkers	15914 A Dark Hollow Road, Upperco, MD	US
S1-20877515	Carter Learning Center	12219 Bradbury Drive, El Paso County, TX	US
S1-244969980	Preferred Rapid Manulife LLC	114 Blackfoot Lane, Florence, MT	US
S1-527079363	Deia, Inc	1341 Carver Place, Hamilton, OH	US
S1-124698024	Creative Aerospace Partners	235 La Fonda Drive, Houston, TX	US
S1-337257602	Cascade Commerce, Inc	Unit UNIT 402, 2900 Shumard Oak Drive, VA, Prince William County	US
S1-14633037	Going Coffee	430 Winthrop Drive, Unit 42, Findlay, OH	US
S1-959344702	Cascade Atlanta	1416 Clark Avenue, Winston-salem, NC	US
S1-12391406	Bhupal (India) Property LLP	Hotel Green View, Gujarat, N H No 8, Vapi, Valsad	India
S1-522367377	Ninja Visuals (India) LLP	50 Raj Rajeshwari Road, Lp-31/13/4/2, Kolkata, Kolkata, Howrah, West Bengal	India
S1-34214377	Shree Bharat Solutions Private Limited	325, Vishal Tower District Centre, Janakpuri, New Delhi, Delhi	India
S1-414692978	One Jay Builders Private Limited	Plot No. 128, 9-10, Dividing Road, Sector-10, Faridabad, Haryana	India
S1-96226492	Global Montessori School	2309 Milton Way, Unit #L, Milton, WA	US
S1-279747768	Leum LLC	5 Preservation Lane, Wareham, MA	US
S1-154496063	Aristo & Sons	Ma - 32, Bargarh Brit Colony, Bhubaneswar, Khordha, Orissa	India
S1-517181767	Integrated Broadcast Advisors Inc	7373 Sherman Church Avenue, Unit 907, East Sparta, OH	US
S1-894857087	Ironclad	Goodyear, AZ, 14779 Roanoke Avenue	US
S1-720317099	Inland Educational Society	Flat No - 19, Silver Moon, Vidyan Nagar Bavdhan Khurd, Pune, Maharashtra	India
S1-370291949	Economic Development Society	3807 Turnpike Drive, Brookshire, TX	US
S1-233933044	All Management Private Limited	H No 385/Mig-1 Phase-1 & 11 Kphb Colony, Hyderabad, Telangana	India
S1-723799507	Shakti Developers Pvt Ltd	918, 9Th Floor, Tower-A, Nextra-The Address, Plot No 4B, District Centre, Mayur Vihar Phase-1 Extension, East Delhi, Delhi	India
S1-22570096	Superior Choice Oak LLC	7504 Outback Court, Prince William County, VA	US
S1-278061495	Kakatiya Clinic	17 Basanta Bose Road Ground Floor, Kolkata, Howrah, West Bengal	India
S1-491373417	Goyal Vardhan Private Limited	Ground Floor, Bn-39(West) Shalimar Bagh, Delhi, North West, Delhi	India
S1-581827962	Creative Apparel Services Inc	4 Gilmore Road, Tinmouth, VT	US
S1-777406014	Infra Foam Pvt Ltd	Tc 9/1405 (1), Krishna 16/ Surya Gardens, Sasthamangalam P.O, Thiruvananthapuram, Trivandrum, Kerala	India
S1-59391059	Cascade Companies	35 Coral Street, Manson, WA	US
S1-339642356	Mountain Fellowship	60 Midvale Station Lane, Rockbridge County, VA	US
S1-597210652	Chiropractic Valley Group	Portland, 3650 Tenino Street, OR	US
S1-795058018	Primary Care Ridge Medicine	1780 Valentine Dr, Marion, IA	US
S1-252379209	Schouten Medical Co	2141 Stills Court, Fairfield, CA	US
S1-922718369	Cozy Barbershop	19 Black Brook Road, Bedford, NY	US
S1-594924758	Kishangarh Securities Private Limited	Krishna Puri, 1St Fl. Toshiv Properties, Ajmer, Rajasthan, Kishangarh	India
S1-617240221	Balaji Consulting Private Limited	P. No. 1, 2, B. No. 236, Sashi Nagar, Lakshmipuram Park Avenue, Chennai City Corporation, Chennai, Tamil Nadu	India
S1-724088018	Maru Seva Samiti	4614-16 Main Road, Pahari Dhiraj, Sadar Bazar, New Delhi, Delhi	India
S1-767266241	Davenport Medical Center Associates	1501 3rd Avenue, Tucson, AZ	US
S1-602441205	Faridabad Allied Private Limited	H. No. 10, Block - 5 Village Atali, Tehsil Ballabhgarh, Faridabad, Haryana	India
S1-627161569	Leonard Preferred Line	78 Park Street, Boothbay Harbor, ME	US
S1-169656563	Surgical Golden Center	440 Vine Street, Dighton, KS	US
S1-506604178	Lotus Software Limited	230, Somdutt Chamber-Ii 9, Bhikaji Cama Place, New Delhi, Delhi	India
S1-88663523	Chiropractic Care	5000 Henrietta Road, Unit Apartment B7, Henrietta, NY	US
S1-547305298	Energy Sun Components Private Limited	Gr Floor, Gala No 1, 2, 3, 4, 5, Atul Industry, Western Expressway, Welcome Hotel, Sativli, Vasai Virar, Palghar, Vasai, Thane, Maharashtra	India
S1-103237639	SYA Technology Private Limited	457, Ganesh Nagar, Niwaru Road, Jhotwara, Jaipur, Rajasthan	India
S1-588945248	Harper Waste LLC	3737 Caribbean Lane, Phoenix, AZ	US
S1-679372527	Sai Apparel Pvt. Ltd.	No 42A, Second Street, Velayudham Colony, Saligramam, Chennai, Tamil Nadu	India
S1-433827161	Door Equity Partners Inc	6787 Chapel Hill Road, Toxey, AL	US
S1-351638368	Mcgaha, Wilds and Salazar P.C.	1 Rainbow Valley Road, Placitas, NM	US
S1-107091418	Sanderson, Gregson and Monson LLC	3705 Spenser Lane, City Of Madison, WI	US
S1-885584003	Bombay Construction	Mumbai, Laxmi Insurance Bldg Sirp M Road Fort, Maharashtra, Mumbai	India
S1-830610123	Tech Logistics Private Limited	Ix 174A, Screl Avenue Kakanchery, Near Kinfra Techno Park, Kakanchery, Malappuram, Malapuram, Kerala	India
S1-550070044	Maa Media Private Limited	13 Prakash Apartments5 Ansari Road Darya Ganj, Delhi, Central Delhi, Delhi	India
S1-945490256	Behavioral Health Choice Associates	3137 Canterbury Place, Vestavia Hills, AL	US
S1-161247586	Bette-Ann's Cleaning Service	6424 Lone Grove Court, Frisco, TX	US
S1-185946940	Loomtex Edusoft Center	472, 11Th C Cross, 04Th B Main, 2Nd Stage, Woc Road, Bangalore North, Bangalore, Karnataka	India
S1-36348612	Dev Welfare Society	313, Royal Trade Centre, Opp. Star Bazaar, Surat City, Surat, Gujarat	India
S1-174416957	Big Shree Infrastructure Private Limited	6 Ashok Nagar, Lucknow, Uttar Pradesh	India
S1-424461506	Developers Emerging Solution Private Limited	2078, 2078/1, Trichy Road, Coimbatore South, Coimbatore, Tamil Nadu	India
S1-711159685	Golden Marketing Systems	IL, Saint Charles, 3N 746 Illinois Route 31	US
S1-893743714	Brown and Rasmussen	16576 Sultana Street, Unit UNIT 922, Hesperia, CA	US
S1-557314963	Upper Learning Center	308 Borders Road, Shelby, NC	US
S1-905098870	Eadie Reeves Distribution LLC	2121 Dry Valley Road, Thorn Hill, TN	US
S1-76610811	Lower Regional Connection Corp	255 Worcester Road, Unit 1, Framingham, MA	US
S1-88476453	Austin Harbor Payment, Inc	200 Tennessee Street, Gary, IN	US
S1-550552702	Carter & Taylor Inc	4036 25th Place, Tulsa, OK	US
S1-889595360	Mas Infrastructure Ltd	Plot No C-1, Survey No 258/2, Ganesh Nagar, Ambejogai Road, Latur, Latur, Maharashtra	India
S1-459825140	Rex Gems Private Limited	8/167, Malviya Nagar, Jaipur, Rajasthan	India
S1-786626759	Ingeborg's Couriers Inc	1779 Old Middlesboro Highway, Lafollette, TN	US
S1-1984185	Vaayutech Ram Private Limited	C-69/1, Okhla Industrial Area Phase Ii, New Delhi, Delhi	India
S1-178648	Mcnamara, Burns & Pettinato	8032 W Spanish Peak, Ken Caryl, CO	US
S1-865129575	Vizhinjam Promoters Private Limited	Bl No.48, Pl No. F-12, Diamond Ind Park-3, Kanav, Palsana, Palsana, Surat, Gujarat	India
S1-25592184	Shree Marine Private Limited	5 Chandragupta Societypaud Road Kothrud, Pune, Maharashtra	India
S1-224449128	Lakshmi Future Construction Limited	Mazhuvancheril, Kattappana, Udumbanchola, Idukki, Kerala	India
S1-513294819	Corey Goudy Superior Regency	41 Valley Stream Drive, Danbury, CT	US
S1-696569933	Zephon Championsgate LLC	1012 Town Branch Road, Unit 2C, Graham, NC	US
S1-216032134	Unique Surya Agro Pvt Ltd	A Wing, Office No. 417, 2 Nd Floor, Vashi Plaza Chs, Plot No. 80/81, Sector., 17, Vashi, Navi Mumabi, Raigarh, Maharashtra	India
S1-961054885	Mckeon, Clark and Chang Sim LLC	2429 Robin Ridge, Enid, OK	US
S1-944623227	Didynify Prime Ocean	6007 Messina Drive, Temple, TX	US
S1-735142385	Madhav Sports Co	Kh No 229, Puniyo Ki Pyau, Jodhpur, Rajasthan	India
S1-184993660	Vea	6901 31, Village Of Caledonia, WI	US
S1-630635559	Cruz Cable LLC	3726 193rd Place, Lansing, IL	US
S1-744449489	Song Atlanta LLC	2306 Cr 229, Fremont, OH	US
S1-899116460	Perfect Ventures	Third Floor Vijay Block, Laxmi Nagar, New Delhi, Delhi, H.No-78, Delhi	India
S1-736991301	Summit Capital Partners LLC	1007 Kinsmoor Avenue, Fort Wayne, IN	US
S1-192219844	Maa Solutions Private Limited	Office 204 S.F. Reegus Business Centre, New Citylight Rd, Bharthana, Surat City, Surat, Gujarat	India
S1-863884428	AM Excellent LLP	H.No.7-1-618/Ev, Flat No.503, Everest Block, Aditya Enclave, Ameerpet, Hyderabad, Telangana	India
S1-223338943	TB Tradelinks LLP	Shahdara, A 78 Street No 05, Delhi, Shahdara, New Modern Shahdara	India
S1-468945214	Classic Ithax LLC	825 Osborn Road, Unit 3025, Phoenix, AZ	US
S1-547454565	Orissa College	L.I.G-37, O.S.H.B, Sunabeda, Koraput, Orissa	India
S1-512252011	Hotel Foundation Private Limited	B/201, Chandan Classic B Chs Ltd, Behind Old Petrol Pump Mira Bhaindar Cross Rd Mira, Rd East, Thane, Maharashtra	India
S1-459025887	Siddharth Project Private Limited	72-A, Sms Colony, Block-C Shipra Path Mansarovar, Jaipur, Rajasthan	India
S1-885673369	Backbay Infrastructure (India)	Block B/2 Office No 303, Third Floor, West Gate Business Bay, Near Makarba Cross Road Beside Signature- I S. G. Highway Makarba, Ahmadabad City, Ahmedabad, Gujarat	India
S1-455227230	Heartland Capital	352 Johnston Street, Mchenry, ND	US
S1-995573137	Sudarshan Allahabad Pvt Ltd	S. No. 479/6, Matoshri Niwas Shankar Nagar Girija Colony, Jamner, Jalgaon, Maharashtra	India
S1-704915440	Martinez Residential	181 Zion Church Road, Shenandoah County, VA	US
S1-465722346	Sky Sunrise Global Private Limited	C 711, 7Th Floor Crystal Plaza, New Link Road, Andheri (W, Est), Mumbai, Mumbai City, Maharashtra	India
S1-181101432	Larsen's Manufacturing Care	845 Miller Street, Petersburg City, VA	US
S1-506127438	Lutz & Brown LLC	2524 Clover Lane, Bedford, IN	US
S1-11471027	Adisa Memorial Trust	Flat No. F-2, Cs No. 248/2 Anandi Rang Apartment, Tarabai Park, Kolhapur, Maharashtra	India
S1-19199021	Lexy Ramirez Prime Churchill Inc	14766 Heinke Road, Mabelvale, AR	US
S1-758400553	EDB Live Private Limited	Flat No 204 Vindhya Tower, Nizampet Road Hydernagar, Tirumalagiri, Hyderabad, Telangana	India
S1-194509986	Family Clinic LLC	12838 Gable Wind Mill Lane, Houston, TX	US
S1-362978775	Treadway, Costa & Juarez Mitsubishi Group	208 Pearl Street, Norristown Borough, PA	US
S1-833576460	Hitech Properties Private Limited	Plot No . B4/19 Cmda Industrial Complex, Maraimalai Nagar, Kancheepuram, Tamil Nadu	India
S1-316058259	City Logistics Pvt Ltd	F-2, Vijaysairam Flats, No.5 College Road, Saidapet, Kanchipuram, Tamil Nadu	India
S1-762911823	IV Dogecoin LLC	826 Blaine Street, Moscow, ID	US
S1-101612642	Shakti Technology Private Limited	55/57, Nagdevi Cross Lane, 1St Floor, Cpl Chambers, Mumbai, Mumbai City, Maharashtra	India
S1-679283967	UV Training Private Limited	Kanniyakonil House, Thiruvalla, Pathanamthitta, Kerala	India
S1-465257281	Aguero Centurion Associates	Staten Island, 75 Amber Street, NY	US
S1-326674643	Daryn's Select Tattoo LP	107 Still Meadow Drive, Kingsland Bc, TX	US
S1-612889802	Pediatric Dental Health Inc	236 Wabash Boulevard, Baton Rouge City, LA	US
S1-486488959	Universal It Limited	01, C/O-Tuhina Begam, Vill-Purbabarh, Kalindi, Kalindi, East Midnapore, West Bengal	India
S1-200379469	Best Producer Private Limited	37, Strand Road 1St Floor, Room No-10, Kolkata, Howrah, West Bengal	India
S1-395039064	Rice Suisse	756 1550, Spanish Fork, UT	US
S1-416193735	Pediatric Delta Center Co	637 Washington Street, Unit 22, North Attleborough, MA	US
S1-192752806	Myrilla Kalama Arcelormittal LLC	1833 Harris Road, Beasley, TX	US
S1-806226769	Lanco Fashion Limited	Rm Nayab Begum Chl, Idgah Maidan, Prem Nagar, Nr National School, Jogeshwari East, Mumbai, Maharashtra	India
S1-542963447	Upper Endocrinology	6 Tyler Falls Court, Unit APARTMENT A, Pikesville, MD	US
S1-442199686	ZFC Bioworks	35 Parker Row, Unit 960, Washington, DC	US
S1-438310845	Best Kadam Private Limited	4- Sharda Nagar Near Bohra Ganesh Ji Road, Udaipur, Rajasthan	India
S1-580389860	Commission on Health	1726 Liberty Street, Harrisonburg City, VA	US
S1-944293127	Gustafson Imperii Clinic	326 Hemlock Lane, Oswego, IL	US
S1-794922788	Best Urban Consultancy Private Limited	E - 26, Blk - E Jangpura Extension, New Delhi, Delhi	India
S1-209266288	Perident Networks Partners	7137 Madison Avenue, Hammond, IN	US
S1-416031927	Pediatric Physicians	8606 Evelina Trail, Austin, TX	US
S1-118399245	Josephina Kamm Electronics LLC	372 2273, Troy, AL	US
S1-358597516	Livingston Preparatory Academy	110 Lehigh Avenue, Metaline Falls, WA	US
S1-595827620	Northern Family Practice LLC	10 Newton Road, Falmouth, MA	US
S1-807338425	FOA Tradetech Private Limited	Vill-Hasa Hakpur, Tola-Ha, Block Satar Kataiya, Nauhatta, Saharsa, Bihar	India
S1-473586447	Management Group of Companies	H.No 75A Gali No.6 Road No. 4 Mahipalpur Extn., Delhi, New Delhi, Delhi	India
S1-263302204	High International Private Limited	Shop No-7 Arv Royale Sr No-63/2B, Pune, Maharashtra	India
S1-647595459	Silver Tavern	255 Justice Way, Elkton, MD	US
S1-113693208	Nellie Anderson Asa PC	709 University Avenue, Elyria, OH	US
S1-676145023	Akk & Co	55, Bright Street, Kolkata, Kolkata, Howrah, West Bengal	India
S1-735466162	Nava Space	Evansville, 4612 Connery Court, IN	US
S1-36262663	Dermatology Care Inc.	537 3rd Avenue, Albany, OR	US
S1-957431673	North Technologies Private Limited	Eshanya Florenza Undera, Koyli, I-101, Vadodara, Gujarat, Vadodara	India
S1-308677507	Torrez Association LLC	6502 7500, UT, Lapoint	US
S1-480426264	Value Couture	NC, 4925 Myers Road, Monroe	US
S1-387609399	P 4 Strategic Chesapeake LLC	16201 39th Avenue, Lake Forest Park, WA	US
S1-548294352	Hyd Advisory Private Limited	H.No. 9-228/A/1, Survey No. 551, Ghatkesar Village, Hyd, Hyderabad, Telangana	India
S1-464841563	Upkar Educational Society	Shop No 137, Huda Complex, Jind, Haryana	India
S1-289874033	Elite Commercial Dynamics Inc	26 Stevie Court, Fl 0, Goddard, KS	US
S1-882143033	Vibe Traders Co	New 111, Kailasanathar Koil Mettu St, Kancheepuram, Old 22A, Tamil Nadu, Kancheepuram	India
S1-366636599	Novon Purpose LLC	1021 Arlington Drive, Moses Lake, WA	US
S1-207454031	Community Piedmont Services	6536 Church Street, Van Buren, NY	US
S1-296287279	Valley Huntington Inc	521 113th Avenue, Portland, OR	US
S1-874989180	Good South Logistics	3-2-169, Mothi Market Road, Kachiguda, Nampally, Hyderabad, Telangana	India
S1-401618613	Lakshmi Engineering	H No 830A, Acharya Puri, Sadar Bazar, Gurgaon, Haryana	India
S1-677274871	Hoyle & Cummings	IL, 1324 Riverview Drive, Joliet	US
S1-194972351	Linkwell Projects (India) Private Limited	Gn9 Ist Floor, Shivaji Enclave, New Delhi, West Delhi, Delhi	India
S1-241211381	Summit Federation P.C.	301 Illinois Avenue, Du Quoin, IL	US
S1-367562646	Painters Local Union 367	844 Factory Street, Unit 10, Garland, UT	US
S1-26238122	Apex Software Limited	Flat No 401, Telangana, Iv Floor, J S R V Plaza M.C.H No. 7-1-397/104, Sanjeeva Reddy Na, Gar, Hyderabad	India
S1-250111496	Creative Tech Private Limited	Raval House18Th Road Khar (W), Mumbai, Maharashtra	India
S1-323050016	Vansh Trade Private Limited	Vatika City Point, 6Th Floor, Mg Road, Sector-25, Gurugram, Gurgaon, Haryana	India
S1-541888074	Upper Workshop	222 Maple Street, Ontario, CA	US
S1-552014296	Evy Nowlan Printing	Freeport, 1737 11th Street, TX	US
S1-665793854	Electricians Union Local No 489	305 Eagle Street, Unit 3, Ravenna, OH	US
S1-673720319	Value Insurance Works Center	210 Home Avenue, Churubusco, IN	US
S1-931707433	Campbell Electronics LLC	816 Johnson Street, Clinton, IL	US
S1-171074248	Josepha's Family Practice LLC	333 46 Street, New York, NY	US
S1-742419151	Anand Power Private Limited	8-1-329/1, Flat No-502, Anand Vihar, Radiance Block, Tolichowki, Hyderabad, Telangana	India
S1-404116243	Vardhan Solar Private Limited	225C A J C Bose Road4Th Floor, Kolkata, Calcutta, West Bengal	India
S1-37491501	Sunrise Technology Company	Raigarh(Mh), Maharashtra, G 1, Nirvaana Residency, Gut No. 31/1, 94, 95, Vichumbe Village, Panvel, Panvel, Flat No. 3 E	India
S1-269593660	Haynes Construction	3131 Wasco Street, Portland, OR	US
S1-271695572	Parkview Brothers Private Limited	226, Gala Complex D. Dayal Upadhaya Marg, Mulund (West), Mumbai City, Maharashtra, Mulund	India
S1-506122837	Corporate Software Dynamics	517 California Street, Rio Vista, CA	US
S1-512844251	Aavas Nursing Home Private Limited	A 30/31 It Park Badwai, Bhopal, Madhya Pradesh	India
S1-77610264	Holy Cathedral	1900 Campus Avenue, Unit UNIT 39A, Ontario, CA	US
S1-870206017	Global Diagnostics LLC	6334 Star Valley Drive, Bartlett, TN	US
S1-644273079	Back Alley Deli	4241 Madera Road, Irving, TX	US
S1-843856236	Carter Apex Dynamics, Inc	727 Fish Hatchery Road, Libby, MT	US
S1-626096169	Aditya Business Private Limited	Plot No 8 & 9, Flat No.402, G R Residency, Road No.1 Sai Ram Nagar Colony, Mamtha Nagar, Nagole, Hyderabad, Telangana	India
S1-617865931	Horton and Guy Printing LLC	10379 Merino Avenue, Apple Valley, CA	US
S1-204250855	Pediatric Dental Choice Associates L.L.C.	1637 Ross Avenue, Phoenix, AZ	US
S1-320463536	Waterline Nursing Home	29, Mahaveer Colonye.V.K.Sampath Road Vepery, Chennai-7., Tamil Nadu	India
S1-733299248	Bridge Business Private Limited	Solapur, 07, Vaishnav Vastu, Appartment Vijapur Road, Maharashtra, North Solapur	India
S1-145091434	Shalna's Laboratories	106 Monarch Court, Waxahachie, TX	US
S1-29749329	Ss Industries Group Company	Ashiyana House S. F. Road, Siliguri, Darjeeling, West Bengal	India
S1-333615506	Urban Seafood! LLC	2736 Woodland Road, Evanston, IL	US
S1-102306319	F 9 E Natural	14559 Central Avenue, Oak Forest, IL	US
S1-316289684	Valdez & Heldt Inc	Olympia, WA, Fl 1, 7417 Lucinda Court	US
S1-427749387	Haveli Buildcon Ltd	201, Sr No. 164, H No. 1A/A, Nandan Aspira, Aundh, Haveli, Pune, Maharashtra	India
S1-883352593	All Supply Union of Huber Heights	4600 Powell Road, Huber Heights, OH	US
S1-39228181	Unified Realty Group	1470 Alphada Avenue, Unit K12, Akron, OH	US
S1-525205248	Allied Citigroup Clinic	6612 Narrow Valley Way, Unit 1008, Raleigh, NC	US
S1-766929673	NU Agro Private Limited	Plot No.38, 2Nd Main Road, Industrial Estate, Ambattur, Tiruvallur, Tamil Nadu	India
S1-34556665	Indian Products Private Limited	Unit No. 128A, D Mall, Plot No. A-1 Netaji Subhash Place, Pitampura, Delhi, North West, Delhi	India
S1-971994684	Mega Institute of Technology Private Limited	H No. 7-1-396/2/10/1, Flat No-202 Abhilash Towers, Bk Guda Road, Sr Nagar, Hyderabad, Telangana	India
S1-691882247	Rev It Up Coffee	628 Main Street, Eloy, AZ	US
S1-213413432	Sun Welfare Corporation	Door No. 59/7912, Hymod Workspace, Kozhikode, Kerala	India
S1-99587101	Premier Finance LLP	New Delhi, Delhi, Office No.304 Laxmi Nagar, H 30A 2Nd Floor, New Delhi	India
S1-785936231	Polivka Architecture Inc.	68 Bonnie Lane, Wetumpka, AL	US
S1-824859974	Shyam Engineering Private Limited	F-89/7, Okhla Industrial Area Phase-1, New Delhi, South Delhi, Delhi	India
S1-392531396	Allwin Iron Private Limited	8/9 Inustrial Estateno 2 Tadsauhdame Road Barshi, Barshi, Sholapur, Maharashtra	India
S1-86954835	Bangalore & Sons Corp	1826 Amar Nath Buildingbhagirath Palace Chandani Chowk, Delhi, Central Delhi, Delhi	India
S1-357424667	Indo Tech Limited	Plt No 10-1 Cts No 2645/7, 1St, Sangameshwar, Gulbarga, Karnataka	India
S1-240564393	Dynamic Mortgage Products Inc.	227 Derrick Drive, Ofallon, IL	US
S1-445226098	Corner Pizza	47 Sherman Avenue, Shelby, OH	US
S1-677704707	Olivera Mexico Corp	763 700, Woods Cross City, UT	US
S1-855026659	Acacia & Partners	No 7/17A Avp Js Iswarya Annex, Angeripalayam Road, Tirupur, Coimbatore, Tamil Nadu	India
S1-226025994	Nichols Dental Associates	400 Fox Run, TX, Burnet	US
S1-689984279	Swastik Solutions Private Limited	Calcutta, West Bengal, Kolkata, 32A/17 Suren Sarkar Roadwef 01/12/2004 Beliaghata	India
S1-401473285	Shree Chit Pvt. Ltd.	Sunshine, Phulchab Chowk, Mahatma Gandhi Road, Rajkot, Gujarat	India
S1-311216228	Cardiology Center P.C.	9821 Amaroso Lane, Tucson, AZ	US
S1-659766700	Twisted Coffee	200 Ridge View Way, Springville, AL	US
S1-837797661	Usb (india) Ltd	19, Kala Bhavan, 3 Mathew Road, Opera House, Mumbai, Mumbai City, Maharashtra	India
S1-599405275	Campbell Biopharma P.C.	16140 Greens Court, Chino Hills, CA	US
S1-93650066	Global City Food Private Limited	Ws16, Hiprofiles Business Centre, 1/A Church Street, Bangalore, Karnataka	India
S1-450905849	Bradley Total	68 Hempstead Street, Sag Harbor, NY	US
S1-278770318	Urban Exports Private Limited	Mr. Yogendra Kumar Mishra, Karhgar Panja, Bihar, Rohtas, Bihar	India
S1-75352794	Velasquez Veterinary Clinic	933 Comish Drive, Kaysville, UT	US
S1-440540594	United Technology Private Limited	9, Yashodeep Chs, Tilakwadi, Trimbak Road, Near Swimming Tank, Nashik, Maharashtra	India
S1-26981153	Urgent Care Smart Health	4705 Mallard Way, Missoula, MT	US
S1-147115785	Interfaith Guild	38 Valleywood Road, Greenwich, CT	US
S1-173497452	2496 Seventh Avenue Realty	1240 Rocky Mountain Rd, Boone, NC	US
S1-403054748	Sun Solutions	No. 142, Embassy Heritage, 8Th Main, Malleswaram, Bangalore, Karnataka	India
S1-865940573	Sai Infra Limited	21, I Floor, Corporation Shop-Ping Complex Iii Avenue, Indira Nagar, Adyar, Chennai, 6002, Chennai, Tamil Nadu	India
S1-559702089	North Regional Perfect LLC	1467 Greenfield Road, Nelson County, VA	US
S1-816715695	Isaac Taiwan LLC	10 Elizabeth Road, Geneva, OH	US
S1-750622664	Delhi Tee Co	6658 Gadodia Market, Khari Baoli, Delhi, North Delhi, Delhi	India
S1-374118993	Complete Apex Joint	5225 Las Colinas Boulevard, Unit 1048, Irving, TX	US
S1-695573007	American Consultancy Private Limited	250, Dak Bangla Road, Ward No. 5, Lokman Tilak Nagar, Chandauli, Uttar Pradesh	India
S1-485781472	Agrasen Communication Private Limited	Dk-3-132 Danish Kunj, Kolar Road, Bhopal, Madhya Pradesh	India
S1-123836618	Supreme Builders LLP	49M Nethaji Road Melapalayam, Tirunelveli, Tamil Nadu	India
S1-923208784	Digital Exports Private Limited	Plot No Gh-06, Ahinsakhand 2 Antriksh Green, Indirapuram Ahinsakhand, Ghaziabad, 308 Block B, Uttar Pradesh, Ghaziabad	India
S1-89541224	Unified Freight Holdings	7603 Barrington Street, Fl 0, Wichita, KS	US
S1-780844748	Price Precision Metal LLC	18121 Briarwood Drive, Kemp, TX	US
S1-649632287	Reddish Costamare L.L.C.	3020 Baker Road, Orchard Park, NY	US
S1-349794037	Patriot Network Inc	1415 Faris Avenue, Fl 0, Saint Louis, MO	US
S1-938430329	Nimisha Management LLP	No.434, 4Th A Cross5Th Main Road, Ombr Layout, Bangalore, Karnataka	India
S1-147000847	Buzz Realtors Private Limited	1, Community Centre East Of Kailash, New Delhi, Delhi	India
S1-948215387	OC Network LLP	Amravati Enclave, P.O. Amravati Enclave, Panchkula, Haryana, C-1, Panchkula	India
S1-183717919	YN Development Private Limited	4, Floor-2, 69A, Manisha, Laxmibai Jagmohandas Marg, Petit Apt, Ma, Labar Hill, Mumbai, Mumbai City, Maharashtra	India
S1-371207379	Melba Faber Translational	1234 Crescent Road, Hagerstown, MD	US
S1-993467063	Drost School of Medicine	1225 Ellena, Casa Grande, AZ	US
S1-928384544	New It Private Limited	No 351 Salarpuria Tower-1 Hosur Road Near Forum, Bengaluru, Bangalore, Karnataka	India
S1-84461552	Walter Royal Gsr	8399 Oak Street, Newburgh, IN	US
S1-415762683	UA Range Inc	PA, Unit UN8, 591 Geneva Drive, Upper Allen Township	US
S1-831210601	North Healthcare Private Limited	Vill Koila Belwa, Tola, Koila Belwa Kalyanpur, Chakia, East Champaran, Bihar	India
S1-400420756	Shivam Producer Private Limited	Survey No. 98/1, Pallerlamudi, Nuzvid Mandal, Krishna, Andhra Pradesh	India
S1-197300968	Prairie Royalty Inc	3155 Cheryl Drive, Unit 4, Phoenix, AZ	US
S1-28459545	Hebert Northland LLC	104 Brooksby Village Drive, Unit 118, Peabody, MA	US
S1-238080343	Pediatric Dental Physicians	3838 Union Avenue, Tacoma, WA	US
S1-132338532	Lotus Infotech Limited	Puri, Orissa, Plot No 334 Sahid Nagar, Bhubaneswar	India
S1-298178795	Peak Talent Dynamics Care	2930 Sweet Briar, Grapevine, TX	US
S1-292464858	Silver Infra Private Limited	C/O Sita Devi, Raghopur, Raghopur, Supaul, Saharsa, Bihar	India
S1-358540284	Midwest Legacy Silicon	307 64, IN, English	US
S1-572079413	LP Trading Private Limited	Shop No 10, Bhoomi Acres, Phase 2 Hiranandani Estat, Thane, Maharashtra	India
S1-918904195	Shree Trading Private Limited	Sadguru Society, Kharadi Pune City, Pune, Maharashtra, Sr.46/2	India
S1-699053448	Balaji Investments Private Limited	Plot No.1, 4Th Street Ishwarya Garden Extn Vengaivasal Village Medavakkam Post, Chennai, Tamil Nadu	India
S1-261659626	American Ministries	2901 15th Avenue, Unit 2, Chattanooga, TN	US
S1-353360666	#Toque Digital, Inc	5160 Rice Road, Unit 21, Nashville, TN	US
S1-997568868	Good Global Private Limited	Old No. 49, New No. 26, 4Th Trust Cross Street Mandavelipakkam, Chennai, Tamil Nadu	India
S1-643528494	Chiropractic Innovative Care Associates LLC	1255 Cascade Road, Pittsylvania County, VA	US
S1-817461233	Chandrya Distributors Co	No.107, First Floor Ashok Nagar Main Road Kodabakkam, Chennai, Tamil Nadu	India
S1-255760580	Burnette, Robinson & Velazquez Labs LLC	544 Sandlick Avenue, Princeton, KY	US
S1-212275484	Value Wealth International	133 Exeter Run, Houma, LA	US
S1-276295880	Baba It LLP	38 Vivekananda Rd, Kol, Calcutta, West Bengal	India
S1-458966039	Regional Education Brands Inc.	WA, Seattle, 5521 38th Avenue	US
S1-845023632	Stapleton Patriot Petroleum LLC	221 Old Hickory Boulevard, Nashville, TN	US
S1-869031331	Schooley Green Jersey	805 Pickard Avenue, Cookeville, TN	US
S1-201383080	Beacon Block LLC	511 Bass Lane, Corvallis, MT	US
S1-217174443	Shandeigh's Innovative Massage	20607 Rainport Circle, Katy, TX	US
S1-814578081	Vijayawada Capital Corporation	H. No. 47, Door No. 1-308, Lakshmi Puram Colony Poranki, Penamaluru Mandal, Vijayawada, Srikakulam, Andhra Pradesh	India
S1-223278959	Prime Gulf Gss	11229 Waddell Creek Road, Fl 1, Olympia, WA	US
S1-318301984	Adn Seva Samiti	City Trade Center, Nilambur, 14/218 W, Kerala, Malappuram, Malapuram	India
S1-169843719	Baton Rouge City Cultural Program LLC	6725 Nellie Avenue, Baton Rouge City, LA	US
S1-923550774	Prairie Federation	167 Washington Street, Malden, MA	US
S1-939687209	Saint Catholic Church	749 Upper Jellico Creek Road, Winfield, TN	US
S1-278100620	Orthopedic Dynamic Specialists LLC	12 Southview Drive, Macedon, NY	US
S1-328504124	Cm (India) Education Limited	A/702, Sukh Towers, Mirambika Road, Naranpura, Ahmadabad City, Ahmedabad, Gujarat	India
S1-867531895	Sonu Imports (India) Private Limited	G-88 To G-93 & G-98A To G-103, Riico Growth Center, Hamirgarh, Bhilwara, Rajasthan	India
S1-657980632	Vision Physicians LP	149 Wirt Avenue, Staten Island, NY	US
S1-628549682	Zenith Inc.	1091 Homestead Avenue, Holyoke, MA	US
S1-756156355	Lower Advanced Village, Inc	462 Luett Avenue, Indianapolis, IN	US
S1-664314328	Advanced Mortgage Technologies	1934 Old Towne Road, Sand Springs, OK	US
S1-606104698	XF Agricultural Pvt. Ltd.	1/104, Rashmi Hetal Iii, Near Ramdev Park, Mira Road East, Thane, Maharashtra	India
S1-680338556	Boatwright Endocrinology	2725 Glen Flora Avenue, Unit APARTMENT 413, Waukegan, IL	US
S1-866408151	Cure Grill	2850 Darby Road, Moscow, ID	US
S1-153739005	Schroer Alussa LLC	130 Fitch Street, North Haven, CT	US
S1-176261632	Mitecvue LLC	277 Deadmond Ferry Road, Unit Unit 4, Springfield, OR	US
S1-57828400	1205 Fourth Plaza Realty	14729 Settlers Run, Strongsville, OH	US
S1-385409253	Meza, Armas & Ford Hair Studio PC	9127 Sugar Sumac Street, Tucson, AZ	US
S1-825836983	Cosao Management	3165 Hyacinth Avenue, Fl 1, Medford, OR	US
S1-145424352	A Cure 6 All Inc.	9803 Fonville Drive, Houston, TX	US
S1-801137207	West Institutions LLC	21 Branch Road, ME, Damariscotta	US
S1-446539176	Highland Cardiology Associates, Inc.	13054 Us Highway 40, Highland, IL	US
S1-431978346	Prodaum	TX, 4811 Emory Street, Lubbock	US
S1-204692574	A Custom Hovnanian Ltd	710 Gray Fox Road, Harpers Ferry, WV	US
S1-856463091	Som Advanced Commerce, LLC	Logan City, UT, 231 Golf Course Road, Unit 212	US
S1-177829521	Great Falls Apex Data	314 3rd Street, Unit UNIT 301, Great Falls, MT	US
S1-419031465	Vision Infrastructure	A-36 Pocket-4 Bindapur Uttam Nagar, New Delhi, Delhi	India
S1-329182342	Capital Boa LLC	212 2nd Avenue, Clinton, IA	US
S1-990045859	Mumbai Enterprises Corporation	Grd Floor, Machhimar Nagar, Raheja Hospital Marg, Mumbai, Maharashtra	India
S1-391419388	Sanchez and Boucher Inc	301 Meadow Circle, Hempstead, NY	US
S1-871422436	Dolphin (India) Nigam Group	Gut No.76, Village Pangra, Tq.Paithan Dist Aurangabad, Aurangabad, Maharashtra	India
S1-941201202	Birch	265 County Road 5253, Cleveland, TX	US
S1-46956728	Downtown Barbershop	18713 Hanthorn Drive, Independence, MO	US
S1-802347849	Murial's Tattoo	Brownsville, TX, 1489 Calle Espacio	US
S1-485895272	Lizzie Davis Blue LLC	602 Post Street, Elmira, NY	US
S1-8065566	Silver Supreme Viii	3027 Wilson Ave SW, Cedar Rapids, IA	US
S1-964956102	Economic Development Committee	26237 Nordic Ridge Drive, Town Of Norway, WI	US
S1-808613739	Integrated Great Transport	IL, Lake In The Hills, 213 Rainmaker Run	US
S1-628747355	Galaxy Vision Business Private Limited	Ward No-11/263-B Achoos Interiors Valiya Parambu Kuruvilassery Po Valiyaparambu, Thrissur, Kerala	India
S1-2611227	Yount, Lenee F., DO Center	14660 River Oaks Drive, Gleneagle, CO	US
S1-389997652	Atlantic Water LLC	IN, 6632 400, Trafalgar	US
S1-251090779	Ez Tech Pvt Ltd	House No-74B/2, Kh No-34/12, Meera Kunj Nilothi Extn, Chander Vihar, New Delhi, New Delhi, Delhi	India
S1-922874963	Chase Educational Society	No.2/329, Kamarajar Street, Arul Murugan Nagar, Tambaram, Kanchipuram, Tamil Nadu	India
S1-955314366	Wali Vidyut Private Limited	Maharashtra, Pune, Gat No.219, Old Gat No., 1030, Santosh Nagar, Khed	India
S1-324213118	Selvi Returns Pvt Ltd	A 103A, Floor 10Th, Plot 210, A Wing, Mittal Tower Barrister Rajani Patel Marg, Nariman Poi, Nt, Mumbai, Mumbai City, Maharashtra	India
S1-583564867	Espinoza Technologies Inc	9088 Woodbrook Lane, Culpeper County, VA	US
S1-535299905	Harbor Veterinary Clinic	241 Belfast Lane, Brookhaven, NY	US
S1-847059232	Watkins Institute of Technology	14260 Descanso Road, Pinon Hills, CA	US
S1-854043820	Galaxy Infotech Private Limited	C 1104, Purva Seasons Appartment, Bangalore North, Bangalore, Karnataka	India
S1-317446242	Pediatric Physicians of Gilman LLC	2021 670 Road, Gilman, IL	US
S1-340113044	Mavue	406 Park, Chewelah, WA	US
S1-391060432	Ahmednagar Foundation Private Limited	601 Sf Sector-3, Gautam Buddha Nagar, Bishrakh, Gautam Buddha Nagar, Uttar Pradesh	India
S1-22209160	Zen Plywood Private Limited	Delhi, New Delhi, South Delhi, 575 A, First Floor, Chirag Delhi	India
S1-547867312	Nimbus Welfare Society	Diamond Retreat H .No. C 9, Mahal Yojna, Jaipur, Rajasthan	India
S1-118839703	Dermatology Health of Clarksville	2180 48, Clarksville, TN	US
S1-602592142	Carranza and Rodgers Bulkers Inc.	680 Bedford Road, North Castle, NY	US
S1-403773665	Brooks Box Associates	2216 Crego Street, Lysander, NY	US
S1-752010424	Golden Healthcare Private Limited	14 Ashoka Road, Asoka'S Flat No. 3C, Alipore, Kolkata, Howrah, West Bengal	India
S1-522264239	Baca Global LLC	Montgomery, 6105 Jennifer Lane, AL	US
S1-754420632	Stanley Regional Resource LLC	7010 Lincoln Street, Peoria, AZ	US
S1-354386518	Oracle & Brothers Ltd	24 B B, Padampur, Ganganagar, Rajasthan	India
S1-874731445	Ulsoor Industries Pvt Ltd	Philips Innovation Campus, 1, Murphy Road, Ulsoor, Bangalore, Karnataka	India
S1-479697694	Main Street Tavern	1098 Stanbury Road, Supply, NC	US
S1-827031207	Spiti & Brothers LLP	Orissa, Koraput, Village Katharaguda Post B Singhpur	India
S1-844369965	American Clear Software LLC	IN, Loogootee, 11602 Boggs Circle W	US
S1-628846740	Shandra's Apparel	8748 Sevano Circle, Albuquerque, NM	US
S1-389950998	Fortune Projects Private Limited	B1/202, Bramha Emerald County, Kausar Baug, Kondhwa(Kh), Pune, Maharashtra	India
S1-546608618	Aryan & Brothers Pvt. Ltd.	104, Manibhadra Society Shahibaug, Ahmedabad, Gujarat	India
S1-38290396	Torres Smart Stanley Inc	1337 Rivercrest Drive, Eden, NC	US
S1-869604282	Keystone Strategic Cleaning Service, Inc	300 Lewis Street, Unit C, Canton, MO	US
S1-101730751	Valley Animal Hospital	19896 Durham Mccord, Elkins, AR	US
S1-617118626	Aa Group of Companies	Flat No. D/702, Pune, Maharashtra, Green City Sr. No.66, 67, Pune	India
S1-401395577	Badal Developers Private Limited	L22, F4 Road, Sector 14, Bangalore North, Bangalore, Karnataka	India
S1-114351030	Tirupati Balaji Consultants Private Limited	Shop No. 7, Vasundhara Apartment, Rasulgarh, Bhubaneswar, Khordha, Orissa	India
S1-411445621	Strickland Safety	TX, 3114 San Jacinto Court, Laredo	US
S1-295613424	Beth Fellowship	15991 Hart Road, Montville, OH	US
S1-866632018	Mcgrath Ingredients Corporation	1649 Butler Pike, Upper Dublin Township, PA	US
S1-921200633	Weeks, Norman & Aderholt	3088 Fairview Road, Grantsville, MD	US
S1-109451423	Sandie Parra Armada	4065 E 1950th Road, Sheridan, IL	US
S1-97634019	Taraesh Plant Pvt. Ltd.	Plot No. B-41, Ground Floor, Back Side, New Delhi, West Delhi, Delhi	India
S1-734453432	Equinox Software Private Limited	C/O Kuppusamy, Ramasamy Mainroad Reddiyapalayam, Tiruvannamalai, Tamil Nadu	India
S1-568983864	Ram Producer Private Limited	No.203, 2Nd Floor, Koramenugunta, Tirupati (Urban), Chittoor, Andhra Pradesh	India
S1-120692894	4271 Church Road Realty, PC	25432 Main Street, Onley Town, VA	US
S1-839248277	United Products Private Limited	Xv/2039, Mezzanine Floor, Chuna Mandi Paharganj, New Delhi, Central Delhi, Delhi	India
S1-794982023	Horner Oriental Inc	1548 Church Street, Charlotte, NC	US
S1-348754935	Pediatric Dental Group	350 Mary Ellen Street, South Lebanon, OH	US
S1-587206402	H+ Axiom LLC	7308 Anselm Lane, Lincoln, NE	US
S1-132709220	M.P. Nagar Bhopal Services Private Limited	Shop No. 6/1, K K Plaza Zone - Ii, M.P. Nagar Bhopal, Bhopal, Madhya Pradesh	India
S1-102272412	Pacify Hope Private Limited	125/843, Jharoda Kalan, Near Mallah Talab, New Delhi, South West Delhi, Delhi	India
S1-834404215	Neely College	3121 Stratus Drive, West Lafayette, IN	US
S1-692685270	Nosoft, Inc	17067 Sockeye Drive, Mount Vernon, WA	US
S1-179235123	Midwest Initiative Group	3101 Manchester Street, Unit STE 104, Fairfax County, VA	US
S1-784134778	#Daex Hospitality	1718 Ardmore Avenue, Tyler, TX	US
S1-871223580	Prime Printing Partners	118 Twisted Oak Lane, Statesville, NC	US
S1-95713481	Aditya Builders Private Limited	Delhi, North Delhi, Plot No. 192 Floor Ground Pkt I Sec 1 Dsidc Bawana Dsidc Sec 1 Dsidc New Delhi, Delhi	India
S1-316945607	Classic Commercial Company	7830 Sarah Drive, Denver, NC	US
S1-758687312	Golden High Infrastructure Private Limited	Plot No. 95 Kakatiya Hills, Madhapur, Hyderabad, Telangana	India
S1-807931306	Ahmadabad City Estate Private Limited	506, Majestic Plaza, Near Swati Snacks, Ellisbridge, Ahmadabad City, Ahmedabad, Gujarat	India
S1-972550778	Blue Coastal Development Associates	AL, Hoover, 1146 Berwick Road	US
S1-909072698	Hitech Arihant Infra Private Limited	396/A Pocket J & K Dilshad Garden, Delhi	India
S1-496739447	All Management Private Limited	No.32, 1St Floor, Srr Layout, Behind Drdo Township, Pash-2, Doorvaninagar Post, Bangalore, Karnataka	India
S1-220799240	Singh Classic Construction Inc	1312 Sunshine Lane, Payson, AZ	US
S1-678187555	Corona Academy Care	50 Seneca Street, Staten Island, NY	US
S1-812311928	Pinnacle Packaging Corporation	25815 39th Way, Redmond, WA	US
S1-283036221	Jessika Goldenberg Circle Group	104 Center Avenue, Islip, NY	US
S1-973393842	City Technology Limited	2B, Nav Nidhan Complex, No.60, Purasawalkam High Road, No.60, Purasawalkam High Road, Perambur Purasawalkam, Chennai, Tamil Nadu	India
S1-199763283	National Mortgage Inc.	Kill Devil Hills, 1523 Baileys Bay Road, NC, Unit 21	US
S1-764995149	Teressa Silva Btc	4023 Antelope Lane, Show Low, AZ	US
S1-391863426	Ict & Brothers Private Limited	Nayaganj, Kanpur Nagar, Bhoosa Toli, Uttar Pradesh, 66/189	India
S1-240113219	Vinayak Labs Private Limited	Fl No-Clll-11, N-4, Cidco, Tapdiya Park, Aurangabad, Maharashtra	India
S1-230636397	All Technologies	B 38, Old Dlf Colony, Sunder Singh Marg Gurugam, Gurugram, Gurgaon, Haryana	India
S1-532930855	Caliber Mansion	South West Delhi, New Delhi, Iii Sect D, Vasant Kunj, Delhi, Flat No.3516	India
S1-50465378	Tricky Brothers Private Limited	Blueridge Townshipt6-1101, Hinjewadi Phase 1, Pune, Haveli, Pune, Maharashtra	India
S1-484348358	Millennium Zippers Private Limited	Gujarat, Surat, Plot No 195 Road No 6Fudhyognagar Udhna	India
S1-725234324	Delta Academy Inc	Arden, 26 Fieldcrest Road, NC	US
S1-287393834	Ramirez, Hickenbottom & Rosenthal Translational LLC	MO, Kansas City, 12911 54th Street	US
S1-550524565	Shirline Foster, DPM LP	3177 163, Palestine, TX	US
S1-729536631	JXX Omega, LLC	29 Shamrock, Cape Fair, MO	US
S1-966225276	Wilson Complete Newbury LLC	5338 Clinton Street, Lowville, NY	US
S1-432715599	Alishan Finance	Bethel Mansion, Madathuvilakom Village, Kesavadasapram, Thiruvananthapuram, Thiruvananthapuram, Trivandrum, Kerala	India
S1-765378665	Commission on Finance	17423 Rustic Canyon Trail, Houston, TX	US
S1-234825384	Smith & Lenhardt Old Inc.	28 K Street, Unit 508, Washington, DC	US
S1-958404454	Bengal & Co	39/2475-B1, Suite E27, Lr Towers, South Janatha Road, Ernakulam, Kerala	India
S1-76291922	Leex LLC	360 Pine Street, Pinebluff, NC	US
S1-100859432	New Technologies	New Delhi, D-1 Manohar Parkrampura, Delhi, West Delhi	India
S1-695092768	Orthopedic Clinic, Inc	12955 Slateford Lane, Prince William County, VA	US
S1-470016366	Novium Alchemy LLC	3109 Welsh Circle, Henrico County, VA	US
S1-658131103	Surgical Silver Clinic LLC	29 Fairway Drive, Islip, NY	US
S1-792172479	JSI Fund Private Limited	Lane No. 7/B, Plot No 16, F P No 116, Ramtekdi Industrial Area, Hadapsar, Pune (Cb), Pune City, Pune, Maharashtra	India
S1-857390043	Best Marketing Enterprises PC	8 Wizz Road, Stacyville, ME	US
S1-695310034	KC Saibaba Co	C/O Arvind Kumar Ritika Vihar, Sarsawa, Saharanpur, Uttar Pradesh	India
S1-308179806	QJ High Inc	VA, 1110 Edmunds Street, South Boston Town	US
S1-781285900	Verrio Allstate	103 Doughty Street, Dunkirk, NY	US
S1-601207329	Leslie Spitler Heritage Architecture	213 Arbor Drive, Princeton, TX	US
S1-305463588	Nemec's Keystone Specialists	Wichita, 447 Glendale Avenue, Fl 0, KS	US
S1-530116049	Creative Starwood	Dagsboro, DE, 32033 Woods Court	US
S1-146377667	Nagora Potato Pvt Ltd	4-28/36/1, Next To Saraswati Devi Temple Kandi, Sangareddy, Medak, Telangana	India
S1-126697828	Mesa Four Peaks Hunger Society	652 Ellsworth Road, Mesa Four Peaks, AZ, Unit 1	US
S1-465521015	India Park Private Limited	Coimbatore District, Coimbatore, Door No 5 A/1 Rajaji Nagarp N Road Tirupur, Tamil Nadu	India
S1-39293848	Grace Israel	2904 Caraway Drive, Murfreesboro, TN	US
S1-849063600	Hopkins Management Inc	5138 Lawn Avenue, Western Springs, IL	US
S1-990982687	Silver Asset Studios	18134 Glenlyon Drive, Richmond, TX	US
S1-782825546	Bangalore Finance Partners	Bangalore, Karnataka, #32 Gurukrupa 1St Main Road Havanur Extn, Bangalore	India
S1-469789771	South Energy Private Limited	Unit 305, Kuber Complex, New Link Road, Opp. Laxmi Industrial Estate, Andheri (W, Est), Mumbai, Mumbai City, Maharashtra	India
S1-330822172	Shyam Dream International Pvt Ltd	Chennaiciticentre4Th Floorno.10&11, Dr.Radhakrishnansalai, Mylap, Ore, Chennai, Tamil Nadu	India
S1-409908151	TL Regional Iron	108 West Avenue, Holliday, TX	US
S1-193294226	Meridian	2145 Orchid Blossom Court, St Peters, MO	US
S1-473232326	Indo Constructions Limited	16, Hare Street, Kolkata, Kolkata, Howrah, West Bengal	India
S1-991602342	Blalock, Park and Mclean Wave Inc	28847 Texas Plains Drive, Hockley, TX	US
S1-660403680	Foot & Ankle Physicians	6824 Oakfork Loop, New Kent County, VA	US
S1-875622437	Hotel First Projects Private Limited	Plot No. E46/32, Sector-12, Navi Mumbai, Panvel, Raigarh(Mh), Maharashtra	India
S1-631549248	West's Metro Tattoo	312 Lewis Street, Syracuse, NY	US
S1-42794477	Legacy Staffing Union LLC	66 Fisher Hill Road, Willington, CT	US
S1-918136930	Ardys Guillen Certified Chs LLC	1 Jeannes Way, Sandwich, MA	US
S1-70705661	Prous Empire Cayman LLC	161 Jasper Point Drive, Holly Springs, NC	US
S1-814664790	Zamora Express Private Inc	TN, 27 Rivers Run Boulevard, Oak Ridge	US
S1-322699668	All Resources Clinic	5500 Miller Road, NY, Cicero, Unit Apartment 202	US
S1-412077466	Royal Lifesciences, Inc	201 Arnies Loop, Cape Charles Town, VA	US
S1-709435335	Stellar & Sons Associates	Nagpur, Maharashtra, Plot No. 91, Flat No.201, Shree Nidhi Apartment	India
S1-470406326	White and Vang Clinic	27032 587, District Four, AZ	US
S1-736313013	South Investment Private Limited	Room No-512A, Kolkata, Howrah, West Bengal, Kolkata, 71 Canning Street 5Th Floor	India
S1-685163620	Orthopedic Metro Associates	IL, 1811 New England Avenue, Chicago	US
S1-961571322	Kiran Trading Pvt. Ltd.	Flat No. 402, 4Th Floor, Road No 3, Sheshadrinagar, Tirumalagiri, Hyderabad, Telangana	India
S1-894705929	Bright & Partners	Flat #8112 Sobha Daffodil Hsr Layout, Bangalore, Karnataka, Bengaluru, 2Nd Sector, Near Dhl Courier, Office	India
S1-810954708	Gonzalez, Sile, Ph.D.	1560 Clermont Road, KY, Shepherdsville	US
S1-494973857	Interstate Braemar Inc.	916 Wildcreek Circle, Little Rock, AR	US
S1-231358653	Hildy Morse, M.D.	1719 Chestnut Street, Quincy, IL	US
S1-518332322	Radharani Paper Pvt Ltd	109, Delhi, Wing - I, Hans Bhawan, 1, Bahadur Shah Zafar Ito, Central Delhi, Delhi	India
S1-328922125	Excelsior Net Private Limited	K.M.Naskar Road, Kolkata, Kolkata, West Bengal, Howrah, 26F/1	India
S1-968633457	Abhinav Xpert Center	No 266 37Th Cross 8Th Block Jayanagar, Bangalore, Bangalore South, Bangalore, Karnataka	India
S1-288395900	Kd (india) Private Limited	Uttar Pradesh, 6Th Floor, Tower T6, Hra-09, Sunworld, Vanalika, Noida Sector-107, T6-603, Noida, Gautam Buddha Nagar	India
S1-610159625	My Raj Systems	No.1, Norris Road, Bangalore North, Bangalore, Karnataka	India
S1-813355923	Caldyx Fitness Inc	129 Hickory Hill Road, Thomaston, CT	US
S1-379792871	Engineering Ardent Science Private Limited	No 62, 1St Main, Nagappa Reddy Layout, Kaggadaspura Village, Krishnarajapura Hobli, Bangalore North, Bangalore, Karnataka	India
S1-568077233	Emirates Charitable Trust	D No 4/608 Ward No 4, Soolakarai Medu, Soolakarai, Virudhunagar, Tamil Nadu	India
S1-964496598	Franze, Pearl and Gorecki Ltd	15380 Fillmore Street, Unit 3018, Goodyear, AZ	US
S1-934308463	Mountain Delta Alibaba LLC	323 Cherry Lane, Village Of Little Chute, WI	US
S1-43209454	Precision Coastal Healthcare Inc	1521 Perkins Avenue, Sandusky, OH	US
S1-674470991	Bloomer Endocrinology	2787 Walsh Road, Cincinnati, OH	US
S1-439195263	Adarsh Research Private Limited	702 Spring Field(Rubina) Plot No. 63 C C Tps Lll, 3Rd Road Near Dnion Bank, Santacruz (Ea, St), Mumbai, Mumbai City, Maharashtra	India
S1-907751990	Womens Health Frontier Associates	616 Euclid Avenue, Monett, MO	US
S1-103152885	Anusha Enterprises LLP	Door No.8/107/C51 E-Town, East Fort Junction, Thrissur, Kerala	India
S1-824239016	Dominguez Industries L.L.C.	203 Pleasant Street, San Marcos, TX	US
S1-280352634	Nedidyne LLC	7709 Jr Anderson Road, La Center, WA	US
S1-679913754	Sunlike Trading	503, B Wing, Jaydeep Park, Majiwada, Thane, Maharashtra	India
S1-988873718	Boatwright Preferred Origin	2019 105th Street, Cleveland, OH	US
S1-526017514	Shreehari Welfare Society	A-410 Celebration City Centre, South Bopal, Daskroi, Ahmedabad, Gujarat	India
S1-146588603	Ivenos Iron Works Corp	2703 Camille Street, Pasadena, TX	US
S1-264768979	Neo & Brothers Private Limited	6/62 Rajendra Nagar, Ratlam, Mp, Ratlam, Madhya Pradesh	India
S1-712237441	Pediatric Dentistry Bay Clinic	2758 Arthur Street, Oregon, OH	US
S1-361564406	Maurise Hernandez Star LLC	667 Elliott Avenue, Cincinnati, OH	US
S1-626226815	Tonya Arrasmith Semiconductor	6030 Oak Valley, Santa Maria, CA	US
S1-512708503	Vanteon Biotechnologies LLC	7277 Charlotte Pike, Unit 240, Nashville, TN	US
S1-623295616	R P & S Parts LLC	3349 Wyndale Court, Prince William County, VA	US
S1-147609030	Chennai-99 Exports Private Limited	38/52, 2Nd Street, Poombhuhar Nagar, Kolathur, Chennai-99, Chennai-99, Chennai, Tamil Nadu	India
S1-385837844	Inclusive Chemicals Private Limited	Plot No. A 40 Ithum, Unit No. 105, Tower-A, Floor 1St, Ithum Tower, Sector-62, Noida, Gautam Buddha Nagar, Uttar Pradesh	India
S1-828910348	Mse Entertainments Limited	304, Iiird Floor Rishab Tower 16 Community Centre, Karkardooma, Delhi, East Delhi, Delhi	India
S1-795533121	Katina's Data	2440 Wilson Road, West Jefferson, OH	US
S1-329402387	Wheaton Dynamic Signs LLC	905 Humboldt Avenue, Ontario, CA	US
S1-352403296	Grand Cargo Union LLC	24 Gooden Drive, Elizabethtown, NC	US
S1-301791762	Narsinghpur India Private Limited	Ph4-61-0201, Sector 77, Emaar Palm Hills, Narsinghpur, Gurgaon, Haryana	India
S1-491970047	Ram Producer Private Limited	Ground Floor, Rog Floor, Room-27, Srija Apartment, Barabani, Bardhaman, West Bengal	India
S1-33333640	Jensen Preparatory Academy Inc	432 Marsdale Court, Webster, NY	US
S1-12704643	Dermatology Associates	1816 37th Drive, Phoenix, AZ	US
S1-179823420	Global Fund V	2750 Meadowpoint Drive, Troy, OH	US
S1-626351624	Coastal Elite Waste LLC	391 Norfolk Avenue, Buffalo, NY	US
S1-316933794	Meeniya Development Ltd	Shimoga, Thirthahalli, Karnataka, Biluve Kudumallige	India
S1-505317152	Liberty Enterprises Inc	Dedham, MA, 20 Fairfield Street	US
S1-479366037	Delta Veterinary Clinic	3213 State Rt 721, Laura, OH	US
S1-503527351	Mgr Vitran Private Limited	Vi / 93 / 2 Home Land Gardens Pulse Nagar Road Eroor ( N ) Po, Tripunithura, Ernakulam, Kerala	India
S1-429882446	Urgent Care Pioneer Medicine	3815 16th Street, Unit 1330, Phoenix, AZ	US
S1-265356628	1901 Park Court Partners LLC	1345 Collinson Ford Road, Morristown, TN	US
S1-316291449	Halcan Paloma L.L.C.	1712 Overton Street, Nashville, TN	US
S1-458086336	Vazquez & Bautista	1216 17, Windsor, NY	US
S1-865858862	Green Hills	61 Lake Drive, Hillsboro, MO	US
S1-413283710	Apex LLC	AR, Bentonville, 3903 Carriageway Avenue	US
S1-271625519	Jillian Hannah Orange Inc	7833 Tr 602, Fredericksburg, OH	US
S1-100319345	Brittne D. Lucio, DO	33339 Myers Road, Pomeroy, OH	US
S1-268622712	Morganica W. Bailey, M.D., PC	Unit 512, Hiawatha, IA, 125 E Boyson Rd	US
S1-10741407	Zaque Inc	160 Commonwealth Avenue, Unit 416, Boston, MA	US
S1-349293257	Foot & Ankle Precision Medicine Corp	1028 1250, UT, American Fork	US
S1-104693882	Pioneer Producer LLP	Shop No.1, R. C.Marg, Mahul Road, Shankar Deval, Opp. Anik Village, Chembur, Mumbai, Maharashtra	India
S1-693737090	Brand & Waddell Utility LLC	6011 Gunyon Way, IN, Indianapolis	US
S1-857604211	Clean Prime Athena LLC	5515 40th Avenue, Flasher, ND	US
S1-389810498	Metro Hcm LLC	4232 University Drive, Fairfax City, VA	US
S1-602774319	Highland Mines	32 Gardens Way, City Of Fitchburg, WI	US
S1-550869932	Skylark Shopping Corp	No.2, Iind Floor, Msp Complex, Medavakkam Main Road, Madipakkam, Chennai, Tamil Nadu	India
S1-831232380	Dh Medical (India)	10-75, Bus Stand Road, Nagayalanka, Krishna, Andhra Pradesh	India
S1-76430065	Cooperative Logistics Alliance LLC	709 A Ferrara Circle, Temple, TX, Unit A	US
S1-609687368	Rodriguez Interstate Fortune LLC	240 Mill Street, Currie, MN	US
S1-657343548	Rajkot Travels Private Limited	Oscar Plaza Shop No 6, G.F Pl 388 Amirang Enterprise Rajkot, Rajkot, Gujarat	India
S1-418605239	Black Healthcare Pvt Ltd	S No 25/1A & 26/1 Bldg A, Fl No 803 Acolade Kharadi, Pune City, Pune, Maharashtra	India
S1-728366191	Tressa's Fisheries	1701 Lee Hollow Road, Chillicothe, OH	US
S1-67821965	All Solution, LLC	413 Pike Street, Kirklin, IN	US
S1-663791314	International Technologies Private Limited	New Door No. 15 & 17, Lalith Towers, Kambar Street, Alandur, Saidapet, Kanchipuram, Tamil Nadu	India
S1-948114763	Bentley and Inman	2256 C O Bar Trail, Flagstaff, AZ	US
S1-251132351	Brightium Robotics Inc.	34 Landon Lane, Malta, NY	US
S1-643906011	Stiffler Mountain Automobile LLC	IL, 7326 Everell Avenue, Chicago	US
S1-322404054	Gray Pegasus L.L.C.	804 Willow Wood Drive, Fort Worth, TX	US
S1-563911299	Green Infrastructure Pvt Ltd	Office No. 704, 7Th Floor, The Corporate Park, Thane, Maharashtra	India
S1-254454689	Buffer Parcel of Bangalore South Private Limited	Sri Rama Complex, No. 13, Third Floor, 5Th Cross, 6Th Block, Koramangala, Bangalore South, Bangalore, Karnataka	India
S1-590801633	Vyttila Resorts Private Limited	Kerala, Vyttila, Ernakulam, 1415C 2Nd Floor Ds Sons Complex Thripunithura Rd	India
S1-638980185	Perfect Properties Private Limited	41/695Chittoor Road, Kerala, Ernakulam	India
S1-928413980	Fresh Nails	20 Saddle Butte Drive, Havre, MT	US
S1-732448769	Powell Futurecrest, Inc	7367 Lafayette Road, Indianapolis, IN	US
S1-158927271	Urology Physicians Inc	3960 Montgomery Road, Cincinnati, OH	US
S1-976634848	Main Street Pizza PLLC	CT, Sprague, 147 Riverside Drive	US
S1-319225134	Primary Care Clean Center Inc	620 Parks Street, Unit 8, Newbern, TN	US
S1-463553228	Desert Charities	8437 Camano Loop, Fl 1, Lacey, WA	US
S1-663564280	D+ Fifth LLC	45 Cedarhurst, Unit 97, Franklinton, NC	US
S1-144798392	Manodyne	24 Ridgewood Avenue, North Haven, CT	US
S1-397426745	Miify LLC	NC, 10712 Cardington Lane, Raleigh	US
S1-85528902	Vanguard Inc.	79 Whittington Course, Saint Charles, IL	US
S1-14627843	Bright Learning Company	OH, 37679 Willow Drive, Eastlake	US
S1-331217929	Bakliwal Clinic	C/O. Anil Wamanrao Kale, Nr. Panchashil Talkies, Daund, Pune, Maharashtra	India
S1-561899169	Reedy Great Integrated LLC	5 Shay Road, Hudson, MA	US
S1-586798757	Trevino's Cosmetics	197 Glenmary Drive, Tioga, NY	US
S1-366520393	Castillo Empire Bny	1711 37th Avenue, Columbia Heights, MN	US
S1-743531621	Hauz Khas Chit Co	C-20, Hauz Khas, New Delhi, Delhi	India
S1-379454412	Doxa & Brothers Pvt. Ltd.	C/O Barun Jha, Chanakya Vihar Colony Zero Mile Street No 4, Bhagalpur, Bihar	India
S1-345415449	Lewis Creative Acres	Shively, 2211 Deveron Dr, KY	US
S1-567848	Ferrium Apollo LLC	413 Cedarburg Court, Yukon, OK	US
S1-802165957	Sheel Exports Ltd	Kochupurakal House, Thazhathur Po, Cheeral Via, Sulthan Bathery, Wayanad, Kerala	India
S1-308813056	Dermatology Specialists of Columbia	300 Clover Way, Columbia, NC	US
S1-402092878	Summit Lake	1502 Hailey Lane, Pendleton, OR	US
S1-649155742	Vision Business	Flagstone Towers, Ground Floor, Plot No-30 & 31 Nanakramguda, Gachibowli, Hyderabad, Kurnool, Andhra Pradesh	India
S1-69495910	Bieber School of Medicine	516 Apache Circle, Redmond, OR	US
S1-71915141	Sky Foods Pvt Ltd	At Ranipura Po. Samlaya, Savli, Land Survey No 52 5P1, Gujarat, Vadodara	India
S1-9556654	Indore Beverages Private Limited	M15 Sai Nath Plaza, 63 Mangal Nagar Ab Road, Indore, Madhya Pradesh	India
S1-184291269	Pack Nidhi Private Limited	F-7/11 Third Floor Vasant Vihar, New Delhi, South West, Delhi	India
S1-469271989	Legacy Marshall	33 Coolidge Avenue, Newington, CT	US
S1-302497195	Saex LLC	14527 Penick Road, Waller, TX	US
S1-834591136	Nabarangpur Culture Private Limited	Plot No. 1339/2414, Nabarangpur, Orissa, Khata No. 1341/355	India
S1-133309214	Lambert, Smith & Mclean	Knoxville, TN, 2061 Bethel Avenue, Unit 208	US
S1-22313992	Creative Products LLP	87/643-2, Revenue Ward-87, Sri Lakshmi Nagar, Kurnool, Andhra Pradesh	India
S1-645101343	Choice Security	9546 Muriel Avenue, Saint Louis, MO	US
S1-568096444	Sky Tech Private Limited	Supreme Ikon Pl.No 5 Sr No 80 Nr Sakal Nagar Baner Rd Aundh, Pune, Maharashtra	India
S1-550803238	Sam Institute of Technology Private Limited	35, C. R. Avenue, Ground Floor, Room No. - 6/6B, Kolkata, Kolkata, Howrah, West Bengal	India
S1-120606243	Wecare Construction (India) Pvt. Ltd.	Mangi Niwas, Bhilwara Road, Kankroli, Kankroli In, Rajsamand, Rajsamand, Rajasthan	India
S1-270198811	Apex Robotics Technologies	1348 Plumstead Road, Charlotte, NC	US
S1-216718509	Irving California LLC	17119 Osprey Landing Drive, Hockley, TX	US
S1-280532871	Desert Interprivate LLC	4121 Buck Creek Road, Highlands, NC	US
S1-716532380	Srinidhi Engineering Limited	Lower Ground Floor, Saket Salcon Rasvilas, Saket District Centre, Sector 6, Pushp Vihar, Saket, New Delhi, South Delhi, Delhi	India
S1-316074319	Sun Systems Private Limited	719, D-6, Friends Society, Sector 7, Behind Charkop Bus Depot, Kandivali West, Kandivali West, Mumbai, Maharashtra	India
S1-856205377	Creative Industrials Group	1829 Sunline Drive, OH, Mogadore	US
S1-328933318	Beacon Security Union of Knoxville	241 Douglas Avenue, Knoxville, TN	US
S1-123253147	Nv Logistics Limited	First Floor. Door No.2886, Srinivasan Pillai Road, Thanjavur, Tamil Nadu	India
S1-841369932	74/67 Myers	2472 Barnes Mountain Road, Barnes Mtn, KY	US
S1-408738636	Premier Midwest Bioworks LLC	3637 -109 Bonney Road, Virginia Beach City, VA	US
S1-989010440	Vaon Inc.	Fordyce, 607 6th Street, AR	US
S1-792639574	Slate Evolution	AZ, 817 Payson Parkway, Payson	US
S1-25003290	Quality Graf	16 Parkview Drive, OH, Berea	US
S1-621187740	Gamon Contracting	2200 New Hope Road, Raleigh, NC	US
S1-624075363	Office of Veterans Affairs	7830 Sh 146, Baytown, TX	US
S1-707450921	Reliable Chicago Inc.	144 Peaceful Valley Lane, Flat Rock, NC	US
S1-889148130	Blue Builders Private Limited	Unit No. 526, Vipul Trade Center Sector-48, Gurugram, Gurgaon, Haryana	India
S1-269624152	Cornerstone Valley Defi, Inc	160 Elk Meadow Drive, Nelson County, VA	US
S1-625280376	Magana Choice Currencyshares LLC	City Of New Berlin, 15045 Woodview Drive, WI	US
S1-287233512	Christ Catholic Church	WA, 1165 Stratford Road, Moses Lake	US
S1-9003523	Fiducia Consultancy	#20, Ist Floor, 17Th 'A' Cross, Kaggadasapura, C.V. Raman Nagar, Bangalore, Karnataka	India
S1-867147184	Sterling Pet Care Inc	321 Dakota Drive, Butler, AL	US
S1-907769687	Bergman Value View LLC	7973 Beechwood Drive, Rancho Cucamonga, CA	US
S1-394242436	Sweet Bike Shop!	NY, 129-06 144 Street, Jamaica	US
S1-552603940	Colgan, Crider and Ott	12813 Falabella Street, Huntersville, NC	US
S1-469259818	Golden Marketing Private Limited	7-24A Green Park Extn., New Delhi, South Delhi, Delhi	India
S1-667860262	Al Construction Pvt Ltd	Noida, Gautam Buddha Nagar, 906, Uttar Pradesh, Vikram Tower, Griha, Pravesh Society, Sector77	India
S1-25459171	Construction Prime Tirupati Private Limited	103, Canning Street, Kolkata, Howrah, West Bengal	India
S1-585055390	Regional Smart Series Corp	15344 Little York Road, TX, Houston	US
S1-525770809	Foundation Dmg (i) LLP	203, Floor 2, Plot- 84A, Broach Bhuvan, Dev Ji Ratansi Marg, Dana Bunder, Chinch, Bundder, Mumbai, Mumbai City, Maharashtra	India
S1-53898557	Crestline	Highlands, NC, 135 Old Wagon Trail	US
S1-941603981	Evey Cruz Melar LLC	2228 Sutherland Drive, Montgomery, AL	US
S1-18412050	Harbor Association LLC	4960 Turquoise Avenue, Unit 103, Salem, OR	US
S1-920469929	Shivam Power Private Limited	7 Chokkalinga Samy, Kovil Street, Palayankottai, Tirunelveli, Tamil Nadu	India
S1-816566113	Verrial Industrial	1730 Martin Road, Kings Mountain, NC	US
S1-898233604	N 8 Heritage Life	2523 71st Street, Chicago, IL	US
S1-281416977	Green Ventures Private Limited	1/1S, Thannerpandhal Colony Extn, East Opp.Jupiter Knitting Company, Anupparpala, Yam Post, Tirupur, Coimbatore, Tamil Nadu	India
S1-746459792	A Diamond Inpoint Inc	5717 Fall Creek Road, Indianapolis, IN	US
S1-960803374	Mudd General LLC	159 Scargo Hill Road, Dennis, MA	US
S1-247237811	Harvey Arbor LLC	100 Taylor Avenue, Blair, OK	US
S1-489562098	537 Madison Lane Company	136-40 59 Avenue, Flushing, NY	US
S1-236233096	Rodriguez Commodity P.C.	20 Havemeyer Street, Brooklyn, NY	US
S1-113623471	YSH Safe Development LLC	2101 Baltusrol Drive, Austin, TX	US
S1-812209553	Mooney and Guerrero	3295 Hill Court, Middletown, MD	US
S1-978419128	Brooks Precision Highview	Edwards, 34999 Hwy 6, CO, Unit L203	US
S1-109621305	Golden First Illumination Care	802 Hillcrest School Road, Tuscaloosa, AL	US
S1-206118034	Morgan Deutsche	2216 9th Avenue, Sacramento, CA	US
S1-730528537	Kaverora Estates Private Limited	3Rd Floor, Nana Shankar Sheth Smruti, Jagannath Shankarsheth Marg, Thakurdwar, Kalbadevi, 41A, Mumbai City, Maharashtra, Mumbai	India
S1-607077462	Link Summit Real LLC	4657 Ridge Point Drive, Dallas, TX	US
S1-750311597	Pune City Properties Pvt. Ltd.	Sr No 121 Khandve Nagar, Nr. Shete Home, Pune City, Pune, Maharashtra	India
S1-26847548	Bright Idaho L.L.C.	7148 Caversham Place, Indianapolis, IN	US
S1-236081058	Bangalore Suppliers LLP	No.9, Keerthi Layout, 1St Main, Kammanahalli, St Thoms Town Post, Bangalore, Karnataka	India
S1-177844531	Pioneer Tech Constructions Private Limited	Plot No 951 Kh. No 75/14, 17 Street No 5 Jain Nagar Village Karala City, Delhi, North West, Delhi	India
S1-684007171	Shiv Infotech Private Limited	28A/31, Ground Floor, Gali No 3 Laxman Vihar, Phase 2, Aawas Kunj, Gurgaon, Haryana	India
S1-159521552	Vinas, Medina and Nunez	6056 Dudley Way, Ken Caryl, CO	US
S1-983456397	Lobriis LP	5 Highfield Court, Cockeysville, MD	US
S1-789159716	Creative Care Private Limited	Pazhoor House, Thekkemala P.O., Kozhenchery, Pathanamthitta, Kerala	India
S1-524167611	Ng Enterprises Private Limited	409, Manglam Paradise Mall Rohini Sector-3, New Delhi, North West, Delhi	India
S1-779975903	Hyderabad Ventures Ltd	H. No. 8-3-236, Flat No. 301, Silpa Manor Yousufguda, Hyderabad, Telangana	India
S1-470228004	Midwest Ridge Nexus Corp	3809 Long Branch Road, Erin, TN	US
S1-279112196	Highland Advanced Oxford Corp	TX, 4871 Old Southmayd Road, Sherman	US
S1-517003854	Vision Group of Burnet	300 3509, Unit #20, Burnet, TX	US
S1-51502973	Red Suppliers Pvt. Ltd.	Tembhurni, 3947, Kwd Road, Moraya Appartment, At Post Tembhurni, Taluka Madha, Dist. S, Olapur, Solapur, Maharashtra	India
S1-352871689	Shivam Projects LLP	108 High Tech Industrialestate Caves Road Jogeshwari (E), Mumbai, Maharashtra	India
S1-862343289	Ss Ice Pvt Ltd	# 1003, 2Nd Cross, 12Th A Main, Hal 2Nd Stage, Bangalore, Karnataka	India
S1-306417641	City Projects Private Limited	Third Floor Pratham Square, Sj Road, Sabar Kantha, Gujarat, Himatnagar, Office No.-24	India
S1-483936983	Fore Publications Private Limited	1, Ganga Appartment, Near Bohra Park, Lokmanya Nagar, Gangapu, R Road, Nashik, Maharashtra	India
S1-41367734	Advisory Public School	436/4 Patiala Chowk, Jind, Haryana, Jind	India
S1-900566546	Cascade United Inc	1291 Maple Road, Elma, NY	US
S1-312284377	Stout Guardian Co	19538 1st Place, Catoosa, OK	US
S1-780108414	Ramirez Advanced Orion	5019 76th Avenue E, Unit APARTMENT  B, Tulsa, OK	US
S1-596940829	Nexix Ace Planet	3455 Seaway Drive, Indianapolis, IN	US
S1-218503244	Griselda Mcmullen Clear Morgan Inc	3330 Blue Banks Loop Road, Leland, NC	US
S1-44855950	Nesara & Sons LLP	204, Veer Durgadas Nagar, Pali, Rajasthan	India
S1-394808834	Siddhivinayak Ventures	1114, 3Rd Floor, Block C, Sushant Lok-1, Gurgaon, Haryana	India
S1-839332671	Pinnacle Ear Nose & Throat Clear Care	159 Riverchase Road, Pinnacle, NC	US
S1-960834624	Foy Keycorp LLC	12843 Covey Lane, Houston, TX	US
S1-478566479	Sanchez's Massage	James City County, 8800 Greenhaven Court, VA	US
S1-822158587	ZO Homes LLC	65 Winthrop Avenue, Beverly, MA	US
S1-987893246	Ramirez Defi	305 Lee Drive, Havelock, NC	US
S1-178740023	Dia Gold Public Limited	5-2-381 & 382, 1St Floor, Hyderbasti, Null, Secunderabad, Kurnool, Telangana	India
S1-568403049	Melnick Family Practice, LLC	CT, Stafford, 25 Sartori Road	US
S1-782395188	Phillie Cuda Better Tankers LLC	15724 Hoyle House Way, Silver Spring, MD	US
S1-190771936	Beth Baptist Church	23346 Oakdale Road, Glouster, OH	US
S1-779888899	Big Bakery Inc.	11226 Sawyer Avenue, Chicago, IL	US
S1-562590774	Cardiology Smart Center Inc	9406 Fox Run Drive, Clinton, MD	US
S1-516871678	Newdelhi Equipments Private Limited	H No. 399, G/F Zakir Nagar West, Gadha Cly, Newdelhi, South Delhi, Delhi	India
S1-503706008	Oralla E. Pugsley, D.D.S.	228 Glenhaven Drive, Midwest City, OK	US
S1-585581384	Shiva Consultants Private Limited	Unit No. 507, 05Th Floor, B Block, Kohinoor Square, Plot No 46 N C Kelkar Marg, Opp Shivsena Bhavan, Dadar, Mumbai, Maharashtra	India
S1-357333160	Ez (india)private LLP	Super Mall - 2 Infocity, Gandhinagar, Gandhi Nagar, Gujarat	India
S1-511073849	North Logistics Private Limited	Pune, Near Gauri Aali Chowk, Nr Bhimale Sabagru, Ha, Maharashtra, Pune, Cts No. 432 Guruwar Peth	India
S1-46290241	Cordelie Dietrich Immersion LLC	111 Camburn Court, Winston-salem, NC	US
S1-426895717	Best Marketing Pvt Ltd	601/35/3 S207 2Nd Flr Gurupriyakiran Apt 20Th Main Nyanappanahalli Btm 4Th Stage, Bangalore, Karnataka	India
S1-949509017	Indo Power Private Limited	G-49, Sector3, Noida, Gautam Buddha Nagar, Uttar Pradesh	India
S1-679284720	L F & E Sterling	1213 Layton Avenue, City Of Appleton, WI	US
S1-997118085	Herrera, Jones & Fox	2712 Halifax Road, South Boston Town, VA	US
S1-459423098	Mangirish India Pvt Ltd	House No F-178, Ground Floor Landmark Near Radha Krishna Mandir Colony, Delhi, New Delhi, Delhi	India
S1-223449144	Londono Pennymac	TN, Kingsport, 1104 Faye Street	US
S1-425891660	Universal Maa Food Private Limited	Tps No.8 4A/1, Bh Ghasiram Chaudhri Hall Nr Radhakrishna Mandir, Shahibaug, Ahmedabad, Gujarat	India
S1-11913052	Knp Indiaprivate Private Limited	110 Ashirwadahmedabad Street Carnac Bunder, Mumbai, Maharashtra	India
S1-59138409	442 Center Properties Inc.	5405 Vermillion Court, Christiana, TN	US
S1-697377555	Polen, Porter & Huffman LLC	214 Washington Street, Norwell, MA, Unit 6	US
S1-76043250	EQO Leaf Limited	West Bengal, Kolkata, 5 Lower Rowdon St, Calcutta	India
S1-89405948	Cultural Federation	16234 205, Bldg 103, Terrell, TX	US
S1-172517243	Platinum Grayscale PC	2741 Highway 77, Davis, OK	US
S1-992612853	QOK Media LLP	A Block, Dilshad Garden, Delhi, New Delhi, North East, 17/G-2	India
S1-720711539	Patriot Alliance of Jefferson City VI	818 Kevin Drive, Jefferson City, MO	US
S1-468537721	Mansarovar College	Raniganj Nursing Homebuilding Searsole Rajbari, Kolkata, Bardhaman, West Bengal	India
S1-554467266	Bangalore South Research Private Limited	24 1St Main 1St Cross, Govindreddy Layout, Bangalore South, Bangalore, Karnataka	India
S1-551647213	Chichester Gulf Ngl LLC	3484 Andersonville Highway, Andersonville, TN	US
S1-528215120	Valley Foundation Inc.	3627 Pineview Court, Ogden Valley, UT	US
S1-199089624	South Windsor Environmental Continental Committee	102 Cinnamon Springs, South Windsor, CT	US
S1-213731140	Sweet Hypnosis	3305 21st Avenue, Rio Rancho, NM	US
S1-209703141	Mahendra Tools Private Limited	C-178, First Floor Anand Vihar, Delhi, East Delhi, Delhi	India
S1-175615596	Pranaya News Private Limited	128, Avas Vikas Jail Road, Aligarh, Uttar Pradesh	India
S1-749672495	Gonzalez Studios LLC	105 Lancefield Road, Pikesville, MD	US
S1-839380732	Naa Inc	49 Barnes Landing Drive, Four Oaks, NC	US
S1-487851092	Mountain Summit Manulife Inc	2850 George Owen Road, Fayetteville, NC	US
S1-173937822	Briscoe British LLC	223 1st Street, Oxnard, CA	US
S1-254596314	E 7 S Kimco	250 Bobwhite Rd Road, Rogersville, MO	US
S1-448880184	All Defense Collective P.C.	OH, Dayton, 3019 Martel Drive	US
S1-978079876	Agro Gwalior Resorts Limited	Unit No. 210, The Capital, Bandra Kurla Complex, Mumbai, Mumbai City, Maharashtra	India
S1-848368061	Ortiz Sterling LLC	1342 Brisbane Court, Independence, KY	US
S1-319879103	Producer Amrapali Leasing Pvt Ltd	H.No:5-9-50/B-1A, Flat No C-5, Tirumala Towers 6Th Lane Chandramouli Nagar, Guntur, Krishna, Andhra Pradesh	India
S1-369714892	Continental Family Practice	1309 13th Avenue, Lanett, AL	US
S1-837645546	Lakshmi Technologies Limited	H No. 4/49 A B 1 Ashok Bihar Colony, Near Dalia Ashram, Varanasi, Uttar Pradesh	India
S1-480523262	Overly Sierra Inc	112 Peterman Road, Greenwood, IN	US
S1-119040794	Mique Companies	320 Vine Street, Saint Marys, OH	US
S1-700013217	Abdullah & Crawley Odyssey	536 Valley Court W, West Des Moines, IA	US
S1-909449645	Corner Massage	43 Pocotopaug Drive, East Hampton, CT	US
S1-512948402	New Construction Private Limited	New Delhi, Delhi, Choti Subji Mandi, Janak Puri, 25/7, West Delhi	India
S1-39294724	Shyam Bright Infrastructure Limited	Pk-1, Sector-71, Near New Police Station Sector-71, Noida, Gautam Buddha Nagar, Uttar Pradesh	India
S1-70555295	White Industries Private Limited	Plot 153B, Bommasandra Industrial Area, Phase Ii Anekal Taluk, Bangalore, Bangalore Rural, Karnataka	India
S1-575235061	Connell Ridge Braemar	3603 17th Avenue, Amarillo, TX	US
S1-442575024	Legacy Payroll Associates PLLC	MN, 5227 South Avenue, Aurora	US
S1-453573978	Verrus Australia LLC	400 Bow Street, Thorntown, IN	US
S1-679946606	Kay International School Group	# D-50 Panchsheel Enclave, Bishanpura, Zirakpur, Mohali, Punjab	India
S1-387962280	South Industries Private Limited	64, Ttk Road, Madras, Tamil Nadu	India
S1-762133015	Everett and Alonso Antimony LLC	12079 Willowood Drive, Prince William County, VA	US
S1-349878987	Tkachuk & Humphrey	1619 Poplar Street, Helena, MT	US
S1-170793588	Midwest Shreya	222 Madison Street, Unit Unit 306, City Of Beaver Dam, WI	US
S1-77890820	Nethra Trading Private Limited	16-2-741/D/54B, Behind Bawarchi Hotel, Near T V Tower, Asmangad, Malakpet, Hyderabad, Telangana	India
S1-955883377	Golden Deli!	214 Crystal Avenue, Staten Island, NY	US
S1-144229617	Snow Housing Limited	H.No-F-187, 1St Floor, Blk-F Jj Colony, Delhi, North West Delhi, Delhi	India
S1-15328923	Starner's Management	11848 Gulden Avenue, Maple Lake, MN	US
S1-98313441	Valenzuela Signs	1454 Harrison Drive, Greenwood, IN	US
S1-64010417	Klarika Petty Ace Controls	1810 Muskogee Street, Sapulpa, OK	US
S1-728366598	Rubbers Traders Private Limited	3 97Lakshmi Nagar Kaniyur, Coimbatore Dist, Coimbatore, Tamil Nadu	India
S1-962089277	Heartland Salon	5104 Park Drive, Unit STE 116, Spotsylvania County, VA	US
S1-783262331	Broussard and Wooten Corp	559 Tribune Drive, Charlotte, NC	US
S1-46391216	Halcay Consultants	11415 Vandelay Court, Unit 2410, Charlotte, NC	US
S1-212684612	Chiropractic Strategic Associates Inc	1519 Hargrove Street, Rocky Mount, NC	US
S1-796945271	India Ten Technologies Limited	Flatno 404 Dhanalakshmi Towers, Krishna, Andhra Pradesh	India
S1-596221872	Bengaluru Leisure Private Limited	94 The Retreat Tharabanahalli, Bengaluru, Bangalore, Karnataka	India
S1-203837989	Pediatric Highland Clinic LLC	2690 Number Two Canyon Road, Wenatchee, WA	US
S1-144518403	Roopraj Inframine Private Limited	Mumbai, Pitruchhaya, Mahatma Phule Road, Gavanpada, Maharashtra, 11, Mulund (East)	India
S1-940355634	Gallagher Immersion	1515 Horse And Buggy Drive, Adel, IA	US
S1-10573838	Asian Trading Limited	Fl No 12, J - Wing, Radhe Govind Nagar, B Cabin Rd, Ambernath East, Thane, Maharashtra	India
S1-151046472	ZX Rotopack Private Limited	Shakuntala Devi, W/O- Sri Ram Nath Rai, Gosaitola, Po Ps - Patliputra, Sadakat Ashram, Pa, Tna, Patna, Bihar	India
S1-566783865	Galaxy Impex Corp	J-103, Nilkanth Orchid, Nr. Saint Ann School, Daskroi, Ahmedabad, Gujarat	India
S1-870175644	Credible Construction Pvt Ltd	401, 4Th Floor, Nidhi Kamal Tower, P. No. 37 And 38-B, Barwara House Colony, Jaipur, Rajasthan	India
S1-982193203	Elli Smalley Heartland Freight LLC	101 Washington Street, Batavia, IA	US
S1-457786360	Allied Epr Corp	9995 Barton Circle, Frisco, TX	US
S1-946127061	Cascade LLC	4352 Anderson Chapel Road, Macclesfield, NC	US
S1-780452963	Cox Lightwave LLC	105 Lilac Street, Fountain, MN	US
S1-942927878	Insta Airconditioning Private Limited	Uttar Pradesh, Jh 03 Sector 71, Gautam Buddha Nagar, Noida	India
S1-7232914	Plant Bay Biotech	1210 Ash Street, Hobart, IN	US
S1-977057041	We Sangh	C/O Amandeep Singh, Delhi Road, Ramgarh, Alwar, Rajasthan	India
S1-298301032	Adams & Weiss LLC	67 Tulip Drive, Bladenboro, NC	US
S1-990955091	Platinum Bancshares Inc.	108 Edge Towne Lane, Mechanicsburg Borough, PA	US
S1-172398021	Horizon Resources Group	47 English Commons, Topsfield, MA	US
S1-318044743	Meex Holding Company Inc	485 William Byrd Court, Brunswick County, VA	US
S1-536581307	Atlas	15770 Beverly Drive, MN, Carver	US
S1-787472042	Diann Burke, DMD	1383 Airport Road, Centerville, IN	US
S1-514045940	Ss Investment LLP	No.16, Sahasrashree, 1St Main, 1St Cross, 1St Block, Rmv 2Nd Stage, Bangalore, Karnataka	India
S1-449322745	Osprey Galaxyedge	215 Ripley Landing Road, Millwood, WV	US
S1-546087741	Vision Advanced Center LLC	CT, 94 High Rock Road, Groton	US
S1-884523254	Crum & Hafley Odyssey	3635 Wood Street, Chicago, IL	US
S1-129935670	Superior Preferred Nexpoint LLC	104 8th Avenue, Ozark, MO	US
S1-572467436	Ranice's Wellness	121 Home Avenue, Unit # 3B, Oak Park, IL	US
S1-947015808	Ridge Institute of Technology Inc.	6102 3rd Street, Tulsa, OK	US
S1-914175606	Kumaran & Associates LLP	Shop No: 85, Main Bazar Nr. Bank Of Baroda, Mithapur, Jamnagar, Gujarat	India
S1-708577428	Cardiology Health of Columbus	2135 Tupsfield Road, Columbus, OH	US
S1-838689366	Vizcaino Drugs LLC	AZ, 901 Solar Drive, Vail	US
S1-375851835	Chiropractic Care of Newcastle PLLC	8 Pond Road, Newcastle, ME	US
S1-469062270	Hanumangarh Tracom Private Limited	11 Cdr Surewala, Naiwala, Hanumangarh, Rajasthan	India
S1-946138917	Jai Infra Corp	5/312/B Government Colony, Near New English School, Mumbai, Maharashtra	India
S1-628821299	Fleur Alvarez Construction LLC	903 Ravendale Place, Cary, NC	US
S1-185833281	Shiv Constructions Private Limited	No 244, Tamil Nadu, Chennai, Angappa Naicken Street 2Nd Floor	India
S1-181441266	Skylark (India) Eximp Private Limited	4A Sc Plot No 264 10Th Road Anthony High School Chembur Opp.Olps Church, Mumbai, Mumbai City, Maharashtra	India
S1-283748305	370 Union Drive Holdings P.C.	148 3rd Street, Oglesby, IL	US
S1-232657019	Babritech Inc	NC, Greenville, 3987 Sterling Pointe Drive, Unit LLL5	US
S1-906004287	Eastern Ventures Pvt Ltd	F-10, Third Floor, Kailash Colony, New Delhi, Delhi, South Delhi, Delhi	India
S1-902063693	Krok and Collins LLC	6515 Pullman Drive, Lewis Center, OH	US
S1-674520130	Tirupati Finance Private Limited	4Th Floor, Interface Bldg. 7, Off Malad Link Road Malad (West), Mumbai, Maharashtra	India
S1-335932341	Shetler Complete Blue	750 417 Veterans Way, Unit APT, Carmel, IN	US
S1-569419490	High Exports Private Limited	K-125, Abul Fazal Enclave-I, Okhla, New Delhi, Delhi	India
S1-68955013	Vijay Engineering LLP	House No-639A/B, Plot No. 5, Kh.No. 29/23 Upper Ground Floor, Blk-H, Sri Nagar Sha, Kur Basti, Delhi, North West, Delhi	India
S1-897234563	Kaveraksh Technologies Partners	Shop No.8, Shivdarshan Apartment, Pune City, Pune, Maharashtra	India
S1-780610908	Tapi Institute of Technology Company	Telangana, 1-2-17T023 Flat No. 606, Hyderabad, Secunderabad, Karan Centre, Sarojni Devi Road	India
S1-78172869	Dream Global Pvt Ltd	27/37A, Paruthivilai Main Road, Marthandam, Kanyakumari District, Kanyakumari, Tamil Nadu	India
S1-200663026	Certified Merchants	3834 Crestmoor Place, Des Moines, IA	US
S1-43804575	White Square Private Limited	318, Kasturi Business Hub, Near Vishala Supreme, Opp. Torrent Power Station, S. P. Ring Road, Nikol, Ahmedabad, Gujarat	India
S1-213848840	Regan's Law Group	6348 Woodland Drive, Clarence, NY	US
S1-689551213	Jones Uranium	289 Cedar Heights, Fort Gay, WV	US
S1-155289791	Anand Properties Private Limited	Sadguru Nilaya Near Raghavendra Matt Kallare, C/O Shashikala Naik, Karnataka, Puttur, Dakshina Kannada	India
S1-449837723	Ember Inc	618 Stephens Avenue, Missoula, MT	US
S1-361784303	Chennai Industries Pvt. Ltd.	No. 5, Puzthivakkam Main Road, Madipakkam Post, Chennai, Tamil Nadu	India
S1-191282572	Riki Kuykendall, L.C.S.W.	3601 34th Street, Lubbock, TX	US
S1-65683170	Mind Industries Group Private Limited	#1/2, Ground Floor, Muthu Nagar, Opposite Street To Hp Petrol Bunk, Poovalur Road, Lalgudi, Trichy, Tiruchirappalli, Tamil Nadu	India
S1-276864093	United Ministries	227 Colony Lane, Merced, CA	US
S1-465632776	Family Center	306 Plantation Street, Worcester, MA	US
S1-83333056	Arco International School	Cf-0718 Sector 16B, Greater Noida West, Gautam Buddha Nagar, Uttar Pradesh	India
S1-512845764	Richardson & Webster Solutions Inc	2323 Highland Avenue, Unit 1344, Phoenix, AZ	US
S1-613471053	Sun Technologies Private Limited	Gali No-4, Hari Nagar, West Delhi, Delhi, New Delhi, Be-321	India
S1-298660501	Diamond Digital Labs LLC	38 Cordero Loop, Los Lunas, NM	US
S1-851207556	Erina Salvador Bay Carolina	690 6th Street, Russellville, KY	US
S1-115649502	Rex & Brothers Ltd	Shree Siddhi Vinayak Park B-5/102, Lokmanya Nagar Pada No-4, Thane, Maharashtra	India
S1-633978474	Western Metalloys Private Limited	Gat No 2235/2 Khedgaon Raod Vadner Bhairao, Vadner Bhairao, Nashik, Maharashtra	India
S1-234335115	Big Yoga! PC	TX, 5203 Jessamine Street, Bellaire	US
S1-664949065	Heartland Physical Therapy	8301 Chaucer Drive, IL, Willow Springs	US
S1-738147035	Mumbai Technologies Private Limited	433, 4Th Floor, Kewal Industrial Estate Senapati Bapat Marg, Lower Parel West, Mumbai, Mumbai City, Maharashtra	India
S1-773529440	Therese Mcrae Wilco	City Of Monroe, WI, 618 18th Avenue	US
S1-8782849	Complete National LLC	210 Cannon Street, IA, Paullina	US
S1-593632049	Royal Investments Private Limited	Hyderabad, Allu, Begumpet, Hyderabad, 1-10-104/50/A, Telangana	India
S1-494501841	Sai Consulting LLP	8-2-27, Siri Nilayam, Opp Loyola College Park Teachers Colony, Mahabub Nagar, Mahbubnagar, Mahabubnagar, Telangana	India
S1-977807508	Aanand Infotech Partners	No.10/2, United India Colony 5Th Cross Street, Kodambakkam, Chennai, Tamil Nadu	India
S1-329417242	Gallagher and Lopez Prudential LLC	711 Corporate Center Court, Unit A, Westminster, MD	US
S1-842740087	Fashion Multitrade Private Limited	44, Regal Building, Connaught Circus, New Delhi, Delhi, New Delhi, Delhi	India
S1-586070209	Century Mist Co	156, M-2, India Apartments, Gali No-19, Zakir Nagar, New Delhi, South Delhi, Delhi	India
S1-411116882	Interstate Fellowship IV LLC	1 Spring Mill Way, Towamencin Township, PA	US
S1-111042108	Medina, Jacobs and Callahan	4204 Heatherwood, Yarmouth, MA	US
S1-839835247	Vision Projects Limited	Second Floor Kalra Central, No .63 Chiranjeevi Layout, 1St Main Road, Bangalore North, Bangalore, Karnataka	India
S1-975682624	Bangalore Agrilife Private Limited	No 87-148, Mayur Greens, 4Th Floor 1St Cross, 2Nd Main, Koramangala, 1St Block, Bangalore, Karnataka	India
S1-635033078	An Enterprise Private Limited	2Nd Floor, 23, 1St Cross, L N Reddy Garden, Kariyanapalya, Bengaluru (Bangalore) Urb, An, Bangalore, Karnataka	India
S1-510838979	Jay Services (India) Private Limited	Plot No. 880, Sector-21, Near Water Tank, Gurugram, Industrial Complex Dundahera, Gurgaon, Haryana	India
S1-64282662	Nature Charitable Trust	68-A Shrikant Palace Near Shiv Shakti Nagar, Kanadia Road, Indore, Madhya Pradesh	India
S1-993092866	Platinum Columbus Inc	5226 Dunleigh Drive, Fairfax County, VA	US
S1-752849509	Madruga Pebblebrook Inc	4280 Blenheim Road, Albemarle County, VA	US
S1-554953663	Dynamic Retail Consultants	130 Duncan Valley Road, Westminster, SC	US
S1-73197674	GB Agro Private Limited	East Arjun Nagar, Shahdara, East Delhi, East Delhi, Delhi, B-20, Delhi	India
S1-912910759	Raj Finance Pvt Ltd	Mittalhouse, 1-8-344, Indianairlines Colonypatigadda, Begumpet, Hyderabad, Telangana	India
S1-203210438	Odonnell & Fancher Inc	359 Groveland Street, Boone Grove, IN	US
S1-740744477	Seo and Dinh	5586 Lilyview Way, Elk Grove, CA	US
S1-92288507	Certified Chemical Alliance L.L.C.	4330 Third Avenue, Dothan, AL	US
S1-662336790	Ran Specialty	Door No: 2-131 Pedaogirala, Akunuru, Vuyyuru Mandal, Krishna, Andhra Pradesh	India
S1-871700728	Red Coffee!	2407 Randolph Road, Silver Spring, MD	US
S1-635581844	Piedmont Institute of Technology	14006 Clifton Boulevard, Lakewood, OH	US
S1-401708001	Kanha Industrial Pvt Ltd	Udupi, Udupi Taluk, Vasundhara, Karnataka, H No.2-137A, Bairanje Road, 80Th Badagubettu	India
S1-958543863	Dental Medicine LLC	223 Hueneme Road, Oxnard, CA	US
S1-399398957	International Electronics Solutions, Inc	Columbus, 953 Franklin Avenue, OH	US
S1-718638503	4446 Center Plaza Holdings	948 Athletic Lane, Unit 102, Morrisville, NC	US
S1-63592710	Boudreaux, Chapin and Sargent Uranium, LLC	Huntsville, AL, 103 Forest Bend Drive	US
S1-152544186	GYI Consultants LLP	Isampur G6, Isampur Tq., Ardhapur, Nanded, Maharashtra	India
S1-214306696	Simonds and Grijalva Compass	225 Independence Avenue, Unit 2, Quincy, MA	US
S1-283825730	Lynea Powell Silver Golden Inc	111 Mueller Circle, Unit E, Statesville, NC	US
S1-184611115	Blue Realcon Private Limited	H/O Rajula A, Thunduvila Glass House, Temple Road, Kadakkal P.O., Kollam, Kerala	India
S1-995678831	Harbor Quality Taiwan Corp	1350 Edanola Avenue, Lakewood, OH	US
S1-44276381	Interfaith Association	4446 Makyes Road, Onondaga, NY	US
S1-660981610	Bureau of Aging	5424 Taney Avenue, Alexandria City, VA	US
S1-157391367	Baba Foods Private Limited	House No. 77 Village-Piparpati, Post-Piparpati, Deoria, Uttar Pradesh	India
S1-436637454	Sign & Associates	581/13 Chirag Delhi, New Delhi, South Delhi, Delhi	India
S1-615825480	Newton Institute of Technology	3280 Broomes Island Road, Port Republic, MD	US
S1-837741017	Midwest Medical Center	222 Bailey Street, Canton, MA	US
S1-569674167	Health Society	812 Magnolia Avenue, Smyrna, DE	US
S1-799145511	Good Software Pvt Ltd	Survey No. 162/P, Opp. Gujarat Arya Ispat, Sidc Road, Village Veraval (Shapar), Taluka Kotda Sangani, Gujarat	India
S1-436535661	Pioneer Media Private Limited	No.18/20, 1St Floor, Valluvar St, Kavangarai, Ponneri, Tiruvallur, Tamil Nadu	India
S1-978860820	Bombay Projects	A-370 Kalka Ji, New Delhi, South Delhi, Delhi	India
S1-329862067	Reliable Royal Retail Inc.	1004 Aycock Street, City Of Wilson, NC	US
S1-263918447	Baba It Pvt Ltd	C/O. Anu Kalra, 4560 Garden Colony Backside Dav College, Nakodar, Jalandhar, Punjab	India
S1-42081235	Str Sarees (India) Private Limited	Gujarat, Ahmadabad City, Ahmedabad, A-602, Rajshree Heights, Opp Astha 99	India
S1-227544050	Sydney Neel Chile Corp	22 Baneberry Lane, Norwalk, OH	US
S1-74366880	Christ Fellowship	11 Center Garden Boulevard, Brookhaven, NY	US
S1-665319638	Wilson Bond L.L.C.	176 Meta Lane, Symsonia, KY	US
S1-923768388	Ami Agritech (India)-Jodhpur	Plot No 5 Soorsagar, Byepass Road Scheme, Jodhpur, Rajasthan	India
S1-3332954	Pinkcity Servicesprivate (India) Private Limited	71 Seth Narayandas Layout Tatabad, Coimbatore, Tamil Nadu	India
S1-405538054	South Patriot Malt LLC	17402 118th Avenue Court, Unit #J, Puyallup, WA	US
S1-358795381	Torres Association	26025 Marshall Lane, Kingston, WA	US
S1-853303216	Supreme Services Limited	Ps - Babubarhi, Near Barail Chowk Khutauna Po - Teghra, Bihar, Madhubani	India
S1-667661012	Manoj Development Private Limited	Thandla, Jhabua, C/O Sundralal Pyarchand Jain, Madhya Pradesh	India
S1-315841512	Fresh Industries Pvt Ltd	29, Kismatnagar Gali No. - 3, Nr. Durga School, Guru Krupa Nagar, Meghaninagar, Naroda R, Oad, Ahmedabad, Gujarat	India
S1-616608576	Shakti Industries LLP	B-20/21, 3Rd Floor, Fruit Garden Near Bajaj Automobile, Nit-5, Faridabad, Haryana, Faridabad, Haryana	India
S1-70955309	Lucille's Prime Printing	1600 Ducado, Green Valley, AZ	US
S1-914110203	Wadhawan & Sons Private Limited	Plot No. F-179, Flat No 101, 1St Floor, Subhash Marg, Near Sikha Hotel, C Scheme, Jaipur, Rajasthan	India
S1-568986451	Cosmos Services Private Limited	Karana Street, Berhampur, Ganjam, Orissa	India
S1-904512009	Laxmi Projects Pvt Ltd	Flat No B/1703 Sunflower Bldg Diva Agason Road Near Agasan Fatak, Thane, Maharashtra	India
S1-406083020	WW Vista Pvt Ltd	10, Dubey Colony Indore, Indore, Madhya Pradesh	India
S1-511462653	Orthopedic Summit Specialists	1725 Mesa Verde Drive, CA, San Bernardino	US
S1-668241420	Raj Consultants Private Limited	C/O Raosaheb Satagonda Patil, S.No.2008/B, Kadage Mala., Jaysingpur, Kolhapur, Maharashtra	India
S1-939651644	Pediatric Dentistry Specialists of Raleigh Inc.	5420 Portree Place, Unit 15, Raleigh, NC	US
S1-582470597	Nagpur Solutions Ltd	C/O Rajesh Dosani, Fatma Soheb Hussain House, Opp. St John High School, Gaddi Gadam, Nagpur, Maharashtra	India
S1-609302562	Thane(W) Lubes Private Limited	Thane, Maharashtra, Crown Chs Ltd, Hiranandani Estate, Patlipada, G.B. Road, Thane(W), A-505/506	India
S1-22082367	Blue & Sons Corporation	80/4/1, Mulla Zore Road, Near - Golghar Par0K, Kolkata, Parganas North, West Bengal	India
S1-514244023	Bodhi & Sons LLP	C/O Krishna Shrivastava, Randheercolony, Morar, Gird, Gwalior, Madhya Pradesh	India
S1-320320041	Choice Securities Center	444 Glebe Road, Alexandria City, VA	US
S1-191433262	St Law Chambers Pvt. Ltd.	C/O Shyam Sundar Verma, Nr, Cinema Hall, Shergarh Rd, Chhata, Mathura, Uttar Pradesh	India
S1-452907010	Total Telecom Global PLLC	469 Silver Street, Marion, OH	US
S1-301095736	Halcyon Cal Inc	63 Grove Street, Clarkton, NC	US
S1-977237764	Pdj Enterprises Private Limited	Shop No. B-208, Sumel Bus, Iness Park-4, Amdupura, Ahmadabad City, Ahmedabad, Gujarat	India
S1-139022734	Vaa Montreal, LLC	2148 Spring Forest Road, Raleigh, NC	US
S1-136464587	Galada Electronics LLP	Room No.23/1439/18, 3Rd Floor, Sun Tower, East Fort P.O., Thrissur, Kerala	India
S1-651540000	Unique Food Private Limited	Smartworks, 43Eq, 7Th Floor, Opposite Bhartiya Vidyapeeth School, Balewadi, Haveli, Pune, Maharashtra	India
S1-35035904	Hyper Bearings Pvt Ltd	Flat No. 1105, New Delhi House 27 Barakhamba Road, New Delhi, Central Delhi, Delhi	India
S1-322820055	Balaji Services Private Limited	No. 11, 4Th Cross, Geethanjali Nilaya, Munishwara Layout, Krishnayana Palya, Bangalore, Karnataka	India
S1-957628458	Mgm Liability LLP	Plot No.113, Brushellz Industrial Estate, Toyotoshow Room, Opp.Gsfc Fertilizer Naga, Vadodara, Gujarat	India
S1-345773661	Wynne C. Logan, Esq., M.D., P.C.	1 Melrose Court, Huntington, NY	US
S1-258570809	Cincinnati Regional Center	11559 Fitchburg Lane, Cincinnati, OH	US
S1-429139772	K.G.Road Infra Limited	23 23/1, K.G.Road, Bangalore, Karnataka	India
S1-507489323	Laborers Local Union 542	15 Lilly Way, Unit A, Watsonville, CA	US
S1-962033114	Reardon Healthcare of Hamlet, LLC	105 Palmer Wright Drive, Hamlet, NC	US
S1-165503444	Summit Empire Aerospace Center	13110 Severn Way, Fishers, IN	US
S1-325037135	First Tech Private Limited	Level-Ii Elegance, Mathura Road Jasola, New Delhi, Delhi	India
S1-201522737	Bhojpur Enterprises (India) Pvt Ltd	First Floor, Plot No-A1/233 Golf Course Road, Gurgaon, Haryana	India
S1-962079186	Health Project II	Parma, OH, 5966 Stumph Road	US
S1-134548701	Super & Sons Private Limited	C/O Anup Kr Singh, Loharpatiya, Loharpatia, Baswaria, Paraou Tola, Lauriya, West Champaran, Bihar	India
S1-743089898	Maricopa, Borough Of	AZ, 20630 Gardenia Road, Maricopa	US
S1-751957111	Vibrant Information LLP	C/O ? Sri.Sandeep Kumar, Bakerganj Bari Road, Sampatchak, Patna, Bihar	India
S1-398144002	Sibyl's Bakery LLC	337 Teakwood Terrace, Amherst, NY	US
S1-425858280	Solis Daedalus LLC	176 Brown Road, Woodland, ME	US
S1-622341405	Optimal United Biomedical	1519 13th Street, Tuscaloosa, AL	US
S1-956126468	Usha Academy	East Delhi, Gali No. 09, Subhash Park Near Kirti Mandir Sahadara, Delhi, 1/11120-C	India
S1-477335214	Tech Foods Private Limited	A-15/14, Sulabh Awash Sector 1, Gomtinagar Extension, Lucknow, Uttar Pradesh	India
S1-688705225	Community Great Church	2600 Myers Chapel Road, Belton, KY	US
S1-475484951	Developers Bakers Naturals Private Limited	Khasara No 222/655, Near Hanuman Mandir, Khinwsar, Nagaur, Rajasthan	India
S1-377580343	South Hill Private Limited	6-9-15/A/5, Gundavarapu, Complex, 9/1, Arundelpet, Guntur, Andhra Pradesh	India
S1-415540515	Certified Machines LLC	210 Frosty Point, Lakehills/pipe Creek, TX	US
S1-650295020	Honeywell Creations of Madipakkam	No. 47, 2Nd Floor, Jey Yes Pearl Apartments, Ram Nagar South, Madipakkam, Chennai, Tamil Nadu	India
S1-330369599	Galleria Dlf-Iv Services Private Limited	C-272A, Second Floor, Sushant Lok Phase 1, Galleria Dlf-Iv, Gurgaon, Haryana	India
S1-419420408	Sterling Sim LLC	2025 New Hope Branch Way, Cramerton, NC	US
S1-583252482	Ferrell & Kulkarni	1135 145th Street, Cleveland, OH	US
S1-786290125	Al Industries Limited	S-115/P, S-116/P, E-City, Raviryal Village, Maheshwaram Mandal, Rangareddy, K.V.Rangareddy, Telangana	India
S1-508960907	Platinum Industries LLC	1141 59 Street, Brooklyn, NY	US
S1-967618837	Scroggs and Alonzo Inc	14235 Watersedge Drive, Granger, IN	US
S1-348565011	Riddick Aspen LLC	White Creek, NY, 67 Niles Road	US
S1-294546355	Safe Broadcast Concepts	940 Bridgit Ln SE, Unit 12, Cedar Rapids, IA	US
S1-882553417	Lodge Montessori School	Moses Lake, WA, 3120 Lakeside Drive	US
S1-262925774	Vega Holdings	12939 Avon Allen Road, Burlington, WA	US
S1-231196351	Ridge Leapfrog LLC	Saratoga Springs, 74 Independence Way, UT	US
S1-65215713	Lumari Wellness, LLC	27 Old Orchard Way, Warren, VT	US
S1-226589229	Carey Crosby Tge Inc.	2414 Quail Valley Drive E, Missouri City, TX	US
S1-947349046	Parth Tieup	Secunderabad, Telangana, Opp Hanuman Temple, 6-6-114/8/2 3Rd Floor Kavadiguda, Hyderabad	India
S1-404834744	Blue Consultants Private Limited	8-3-1063, Srinagar Colony, Hyderabad, Telangana	India
S1-121455819	Viv F. Hayes, DPM Clinic	25 Treeline Road, Kalispell, MT	US
S1-919451307	New Delhi Project Limited	6/85, W.E.A., Padam Singh Road, Karol Bagh, New Delhi, West Delhi, Delhi	India
S1-263219641	Continental Fellowship II	24592 143rd Street, MN, Zimmerman	US
S1-464925453	Barnes Canary Clinic	2531 Algonquin Road, Algonquin, IL	US
S1-733757178	Mamta Constructions LLP	Patna, C/O Shekhar Priyadarshi 4Th Floor Sidbi Building Ex Road Kadamkuan, Bihar, Patna	India
S1-178837150	Pacific Trading Global	4430 Stantonsburg Road, Greenville, NC	US
S1-484357580	Mumbai Technologies Limited	Akruti Hiranandani Bldg, 6A/305, Lallubhai Compd Mankhurd (W), Mumbai, Mumbai City, Maharashtra	India
S1-956288540	Gallegos Elite Realty LLC	MA, Randolph, 616 Decelle Drive	US
S1-271788028	Active Hospital LLP	Freshdesk, Plot 1-98/4/1-13, Capital Park, Image Garden Rd, Shaikpet, Hyderabad, Telangana	India
S1-967077866	Ranbhumi Flux (India) Private Limited	No 4/343-A, Sf No 174/2, Valathasampatti, Omalur, Salem, Tamil Nadu	India
S1-299999004	Media Maruti Arogya Co	C/O Dharmshila Sharma, Mitra Mandal Colony Beyur, Phulwari, Patna, Bihar	India
S1-327422821	Jackelyn Aponte Total Cargo LLC	622 Euclid Avenue, South Bend, IN	US
S1-232215533	Luna Value Blackrock Inc.	KS, 511 State Street, Tipton	US
S1-674944290	Divoia LLC	10 Concord Road, Freeport, ME	US
S1-670968063	Urvara Polytechnic	Mahatma Phule, Pune, Plot No 125 Timber Market, Maharashtra, Pune City	India
S1-107982349	Saus Group	1317 Delaware Street, Evansville, IN	US
S1-508927240	Maxima Public School	6-3-252/2/2/1 Flat No 401, Sai Residency, Behind Taj Krishna, Naveen Nagar Erraman, Zil Colony, Hyderabad, Telangana	India
S1-416615336	Chaudhry's Chemical of Ansonia	CT, Ansonia, 200 State Street	US
S1-250091254	Curtis's Advanced Iron Works	Hardin, 118 Roe Road, KY	US
S1-803227224	Ongole Security Ltd	7-64, Sri Ranga Nilayam, Navabharat Buildings, Kurnool Road, Ongole, Prakasam, Andhra Pradesh	India
S1-766359311	Jai Shiv Consulting Private Limited	A-120, Omicron-Ii, Greater Noida, Noida, Gautam Buddha Nagar, Uttar Pradesh	India
S1-757075457	Silver Biosciences	Center Ridge, 5288 Hwy 9, AR	US
S1-744835056	Ortega Bitcoin	2006 Clifton Turnpike, Waynesboro, TN	US
S1-169100911	Amalea Maya Webster LP	Eagle Point, Fl 1, 12988 62, OR	US
S1-50284882	Lucknow Services Ltd	E-4/253, Aamrapali Yojana Hardoi Road, Lucknow, Uttar Pradesh	India
S1-528731809	New Foundation Private Limited	Suitno.04, Doorno.63/700, Dspace, 6Th Floor, Skytower, Kozhikode, Kerala	India
S1-762414106	Royal Ram Infotech Limited	Plot No.85, Door No.10-20/7 Srinivasa Nagar, Kommadi Junction, Madhurawada, Vishakhapatnam, Andhra Pradesh	India
S1-188058037	Johnson Apparel Inc	1056 18 Street, NY, Brooklyn	US
S1-586702467	Pediatric Dental Physicians LLC	4836 Kildare Avenue, Chicago, IL	US
S1-98678003	Stag Dbdr	Taos, 409 Maria Lane, NM	US
S1-959895069	Grace Ministries	806 Pike Street, Grafton, WV	US
S1-809611349	Ghaziabad Worldwide Limited	Ja-9 Patel Nagar Iii, Eudd Iii Ghaziabad, Ghaziabad, Uttar Pradesh	India
S1-605730541	Learn & Brothers Private Limited	165, Hasanpura, Hasanpura, Town/Vill - Hasanpura Anchal - Phulwari Sharif, Patna, Bihar	India
S1-291745798	B & X Fortunex Holdings	710 122, Johnstown, NY	US
S1-162788054	Pioneer Management Private Limited	401, 4Th Floor, Kshitij Bldg, Opp Andheri Sports Club, Andheri West, Mumbai, Mumbai City, Maharashtra	India
S1-454337084	Al Agro Pvt Ltd	1St Floor, Administrative Building, Biharsharif Municipal Corporation, Biharsharif, Nala, Nda, Biharsharif, Nalanda, Bihar	India
S1-487683734	Gujarat Consultancy Limited	80 Municipal Market, New Delhi, Central Delhi, Delhi	India
S1-762443569	Sterling Quality Liberty Co	1617 4 Street, Sartell, MN	US
S1-335219239	Pioneer Tri-State Education Inc	105 Cedar Dale Lane, Northumberland County, VA	US
S1-612669186	King, Kramer and Borton Pennymac	451 Shupe Street, Amherst, OH	US
S1-418923882	Mccallum, Anastasi & Freeman LLC	6209 Carveth Drive, Lincoln, NE	US
S1-537142898	Pediatric Dental Coastal Specialists Inc	10070 Greenbrook Trail, Unit APT A, Indianapolis, IN	US
S1-832954513	Neil Tech Ltd	H.No.178, Mehmandpur, Village Mehmandpur Nr Govt High School, Karnal, Haryana	India
S1-879811749	Marchand Heartland Treasury Inc	103 Iron Mountain Road, Warwick, NY	US
S1-856572280	Galaxy Hospitality Private Limited	3604, Tower 5, Crescent Bay, Jerbai Wadia Road, Parel-East, Mumbai, Mumbai City, Maharashtra	India
S1-235455160	Solutions Sunny Builders	No. 22, Parameswari Nagar, 4Th Street, Adyar, Chennai, Tamil Nadu	India
S1-223953964	Bright Cargo Company	27 Hemlock Lane, Saugerties, NY	US
S1-687354411	Orelee Schauer National Storage	4649 Island View Drive, Mound, MN	US
S1-274354647	Garcia, Quiroz and Spencer Boa	17840 Cedarwood Lane, Goodyear, AZ	US
S1-498403520	Happy Pizza	4140 22nd Place, Tulsa, OK	US
S1-666984046	Tarang Holdings	Office No 320, Plot No 63, Sky Lark, Sector-11, Cbd, Thane, Maharashtra	India
S1-90336854	Sova LLC	8047 Starnes Randall Road, Charlotte, NC	US
S1-610435211	Pistil India Private Limited	Flat 86-A, 3Rd Floor Adchini, New Delhi, South Delhi, Delhi	India
S1-88271017	Express Bright Edp	31 Potake Lane, Ramapo, NY	US
S1-661784622	Cozy Cafe	72 Mercer Road, Duck, WV	US
S1-334335651	Thomson Fargo, Corp	1436 10th Street, West Portsmouth, OH	US
S1-857514079	The Dent Cafe LLC	10016 Melinda Avenue, Albuquerque, NM	US
S1-854962806	Modern Solutions Private Limited	Sc2/11, (S1) Second Floor, Sidco Industrial Estate Mmda Colony, Arumbakkam, Chennai, Tamil Nadu	India
S1-963960224	International Equity Advisors LLC	201 East Avenue, Unit Apartment 1, Lockport, NY	US
S1-886379892	Om Management Private Limited	Delhi, House No.628 Kh.No. 28/12 Ground Floor Street No.5 Sangam Vihar Landmark, Delhi, North Delhi	India
S1-878721935	Little Massage	1 Tenth Street, Salisbury, MA	US
S1-357908530	Little Bike Shop Inc	922 Elm Drive, Laverne, OK	US
S1-74165464	Bangalore South Solutions Limited	No.809, Bangalore South, Ground Floor, 19Th Main, 2Nd Sector, Karnataka, Bangalore	India
S1-311076532	Dynamic Business	Second Floor Behind Taxi Stand, Nagori G, Arden, Rajasthan, Bhilwara, Sarvoday Apna Bazar	India
S1-279119893	Unique Impex Limited	3A 3Rd Floor Tilak Bhawan, Tilak Marg, C-Scheme, Jaipur, Rajasthan	India
S1-83963829	Coimbatore Dist Securities LLP	Mylagam16 Chellam Talkies Road Pollachi, Coimbatore Dist, Coimbatore, Tamil Nadu	India
S1-593733873	Krishna Ventures Private Limited	1001/1101Ctc No.67-A/1/2., Simba Office, W.E.Highway 12, Aradhana Indl. Estate, Near Virwani I, Ndl Estate, Mumbai, Mumbai City, Maharashtra	India
S1-703117185	Rapid Nutrition Group	601 Vista Lane, Unit 54, Edmond, OK	US
S1-915080416	Sunrise Trading Private Limited	21St Floor Astralia Supernova, Sector 94, Noida, Ghaziabad, Uttar Pradesh	India
S1-292503343	Dukes Chadwick Co	2110 St Marys Boulevard, Unit APT 3D, Jefferson City, MO	US
S1-236702667	Heritage Strategic Trust LLC	204 Michael Grove Avenue, Bozeman, MT	US
S1-474246770	Laxmi Producer Private Limited	Surat, 1001, Mahavir Residency, Tarwadi Circle, Rander Road Adajan, Gujarat	India
S1-659722608	Rd (India) Consultants Private Limited	10B Ground Floor, Plot No. D-66, Prime Mall, Sector 12, Panvel, Maharashtra, Raigarh(Mh), Office No	India
S1-534851281	Edwards & Riley, Inc	2 B Topstone Drive, Bethel, CT	US
S1-654045888	Seven Infrastructure	Dg-2/150-A, Vikas Puri, New Delhi, West Delhi, Delhi	India
S1-95099901	Southern Zeo Corp	522 Bills Creek Road, Winfield, WV	US
S1-201396123	Urology Specialists	IL, Blue Island, 2821 142nd Place	US
S1-142543309	921 Sixth Plaza Apartments LLC	Unit 6, Millersville, MD, 216 Najoles Road	US
S1-777018885	Pediatric Mountain Clinic LLC	Urbana, OH, 421 Hagenbuch Street	US
S1-468961409	Beagle Grifols Inc	602 Vine Street, Clarksville, TX	US
S1-836805173	Gujarat Marketing Limited	A-601, Bhairav Off Veera Desai Road, Andheri (W), Mumbai, Mumbai City, Maharashtra	India
S1-560898321	Highland Cascade Arrived LLC	Towamencin Township, 100 Candlewood Way, PA	US
S1-87387990	Vision Allied Medicine	263 Autumn Chapel Way, Chili, NY	US
S1-734244261	Surgical Care Inc	301 1st Avenue, Deer Creek, IL	US
S1-664563611	Apex, LLC	1325 C Street, Arkansas City, KS	US
S1-591399851	Jones Atlantic Catalyst LLC	2204 Lexington Avenue, Unit Unit 6, Roseville, MN	US
S1-524719087	Fresh First Obic Corp	3075 125 W, New Castle, IN	US
S1-391826299	Delcine Venegas, P.A., PC	1612 160th Street, Omaha, NE	US
S1-521775206	Spectra & Brothers Private Limited	91, Madhya Pradesh, Mansarovar Nagar, Indore	India
S1-619971703	Innovative Printing Union LLC	21 Lawrence Street, Unit Apartment A, Waterford, NY	US
S1-458580396	Dhawal & Partners	19 R N Mukherjee Rd Easternbuilding 1St Fl, Kolkata, Calcutta, West Bengal	India
S1-747061846	Pediatric Continental Care LLC	13113 Cameron Grove Loop, Unit 205, Charlotte, NC	US
S1-256908878	High Shiv Products Private Limited	K R Road, Basavanagudi, Bangalore, #2/10, Karnataka, Bengaluru	India
S1-651284373	Miranda Peak Pioneer LLC	6 Wild Road, Hopkinton, MA	US
S1-178458405	East Coastal Rocket	9422 Jennings Station Road, Fl 0, Saint Louis, MO	US
S1-697091048	Guru Krishna Industries Pvt Ltd	No-58, 1St Flr, 1St Main, 12Th Crs, Srinidhi Layout, Bangalore, Karnataka	India
S1-340604639	Baruipur Leisure Private Limited	176, Beharapara Road, Ward No 12, Baruipur, Baruipur, South 24 Parganas, West Bengal	India
S1-413865176	Vijay Industries Group Private Limited	# 426, Model Town, Phase-I, Bathinda, Punjab	India
S1-99893982	Pam Wolcott Kochav	1100 Beverly Street, WY, Unit APT A305, Casper	US
S1-868937805	Raj Royal Trading Private Limited	Office No -206, Sneh Ganga, S.N- 710, Shankar Seth Road, Gultekdi, Pune, Pune, Maharashtra	India
S1-127698491	Satakshi Brothers Pvt Ltd	Tower6 Flat 601, The Close, South, Nirvana Country, Gurgaon, Haryana	India
S1-31805323	Beausoleil & Rosas Co	90 19th Street, Havre, MT	US
S1-41563796	Harmon Maritime, LLC	65 Evergreen Street, Rochester, NY	US
S1-721523850	Lucky Yoga	Unit A, 1008 11th Street, TN, Nashville	US
S1-406313873	Choice Wealth Products LLC	3973 Cravens Run Road, Elkins, WV	US
S1-126041424	Kiah Saeteurn Newbury	5362 Roseheath Court, Bailey, NC	US
S1-79666900	Smith and Darin Group	167 Evergreen Road, Brockport, NY	US
S1-527065421	Templeton Focus LLC	230 Turtle Creek Trail, Alexander City, AL	US
S1-514786764	Red International Private Limited	1305A, Brighton Tower Chsl, 2Nd Cross Lane, Lokhandwala Complex, Andheri West, Mumbai, Maharashtra	India
S1-78707028	Horizon Airport Center	AL, 2928 Mcqueen Street, Montgomery	US
S1-827028769	Heritage Medical	3625 17 Douglas Avenue, Springfield, IL	US
S1-225341617	Golden Mission LLC	25 Sartori Road, Stafford, CT	US
S1-702620234	Filium Grand Oneim Center	1985 143, Elmore, AL	US
S1-477573953	Moulali India Corp	Hyderabad, Telangana, House No. 44-389/1, Plot No. 66/A, Tirumala Nagar Z.T.S. Back Side, Moulali	India
S1-920225616	Budasoft Bright Inc	Quincy, 2001 Marina Drive, MA, Unit 413	US
S1-431427939	Supreme Management Private Limited	Flat No S-2 Second Floor Prema Appartment University Road, Lucknow, Uttar Pradesh	India
S1-843731092	Pioneer Medical Consultants, Inc	250 Mulford Road, Rockford, IL	US
S1-200685117	Transcontinental Wealth Ventures Corp	3712 Edgebrook Court, Aurora, IL	US
S1-959142812	V C & O Home Improvements L.L.C.	9885 Lone Wolf Drive, City And Borough Of Juneau, AK	US
S1-384460030	Golden Enterprises Private Limited	111, Deepshikha Building, Rajendra Place, New Delhi, Delhi	India
S1-761690016	Ace Foundation Private Limited	3B, Yeses Square. 84, Greenways Road R.A.Puram, Chennai, Tamil Nadu	India
S1-823165492	Vista & Brothers Private Limited	Tc 58/1884-4, Koliyoor, Kezhoor, Poonkulam, Thiruvananthapuram, Thiruvananthapuram, Trivandrum, Kerala	India
S1-125918980	Clean Robotics Digital P.C.	12917 Bjork Lane, Prince William County, VA	US
S1-721205604	Surat Ventures Private Limited	5/1019/1020, Taatiya Hanuman Sheri, Haripura, Mahidharpura, Surat, Gujarat	India
S1-621277579	All Business Brands	729 Cahoon Street, Ogden City, UT	US
S1-830678118	South Tri-State Mobility	1919 Dawn Drive, Georgetown, TX	US
S1-227622534	Super Industries Private Limited	Plot No.58 & 59/10 D-2 Block, Midc Pimpri-Chinchwad Industrial Area, Pune City, Pune, Maharashtra	India
S1-822077511	Farra Alonso Airport PC	19203 29th Avenue, Phoenix, AZ, Unit 240	US
S1-656970703	Sagar Traders Limited	Ix/276 Vijay Nivas Kanjippadam, Alappuzha, Kerala	India
S1-551536024	Uma & Brothers Pvt. Ltd.	Nilkamal House, 77/78, Road No.13/14, Midc, Andheri (East), Mumbai, Maharashtra	India
S1-259234945	Dinnie Mendoza Smart Platforms	11640 Orange Grove Road, Tucson, AZ	US
S1-882995212	Wise Peak Health	223 Greenwood Drive, Amherst County, VA	US
S1-267019228	Keystone State LLC	1213 Hickory Point Road, Aurora, NC	US
S1-216566090	Vision Care Associates	510 Jura Circle, Payson, AZ	US
S1-450484874	City Enterprises Private Limited	C/O Gopal Lal Sharma Kanaram Sharma S04, Karni Vihar-6, Khora Bisal, Jaipur, Rajasthan	India
S1-945665459	Roberts College	IL, Mchenry, 612 Kensington Drive	US
S1-631074123	Nexeus Homes LLC	1915 Towne Centre Boulevard, Unit 402, Annapolis, MD	US
S1-57789580	Surya Infra Private Limited	Plot No. Pap-R-433, Ttc Midc, Navi Mumbai, Rabale, Thane, Maharashtra	India
S1-660526261	Delta Society VI	330 Marie Avenue, West Saint Paul, MN	US
S1-420543547	Bright Estate Private Limited	Flat No.102, Omraj Apartment Jamal Road, Patna, Bihar	India
S1-725682597	Christenson, Leclaire & Martin Flexible-City Of Havre De Grace	219 Smarty Jones Terrace, City Of Havre De Grace, MD	US
S1-281382247	Shree Medical Centre Private Limited	D-275 Lower Ground Floor, Defence Colony, New Delhi, South Delhi, Delhi	India
S1-983940168	Anand Woollen	Po- Dandi Chattabara Via-Janla, Orissa, Khordha, At- Chattabara, Chandaka	India
S1-154051440	4515 Sixth Lane Partners	17409 1/2 Virginia Avenue, Hagerstown, MD	US
S1-937717070	Cure Deli LLC	N14454 Island View Road, Town Of Minong, WI	US
S1-465882539	Perez and Bishop Inc	1420 Sprague Avenue, Unit 401, Spokane, WA	US
S1-985286010	Gulf Committee	Chillicothe, IL, 3617 Westbrook Road	US
S1-747248158	Supreme Trading Private Limited	Jaipur, Rajasthan, 21A, Jaipur, Burmese Colony, Opposite Shankar Park, A, Gra Road	India
S1-977928103	Summit Green Series LLC	101 Van Alstyne Street, Cullom, IL	US
S1-265416846	Red Cleaning Service	100 Irish Dr, Marion, IA	US
S1-177256089	Swastika Chartering Private Limited	C/O Mr Sanjay Singh, 32 Ezra Street, Todi Corner, 8Th Floor Room No 852, Kolkata, Kolkata, Howrah, West Bengal	India
S1-777276271	One Shiva Services Private Limited	41/948-A, Pipe Line Road Padivattom, Edappally, Kochi, Ernakulam, Kerala	India
S1-595772485	Vision Media Private Limited	7 M B Road, Opp. Pilli Kothi Khanpur, Delhi, South Delhi, Delhi	India
S1-858662680	Walton End LLC	211 A 23rd Avenue, Seattle, WA	US
S1-13010680	Oncology Specialists Inc	443 Ashley 70 Road, Hamburg, AR	US
S1-90831419	Kay & Sons	H No 630, Parsi Girls School, Nagpur, Maharashtra	India
S1-398506963	Empire Reliable Copley P.C.	10991 University Avenue, Unit Unit A, Blaine, MN	US
S1-556124257	Kirsti's Safe Foods	TX, Houston, 18059 Ella Boulevard	US
S1-241115033	Peak Aerospace Concepts LLC	1953 Reagan Mill Road, Unit A, Maryville, TN	US
S1-541248634	Red Bike Shop! Corp	1100 Las Cruces Drive, Virginia Beach City, VA	US
S1-206017073	Rocky Investments LLC	1141 Broadway, Southport, NY	US
S1-684005099	Isakson Joint LLC	975 Caton Road, Lumberton, NC	US
S1-466170908	Dream Business Private Limited	59, 60 P, Plot No. 1792, Vansol Village, Taluka Umreth, District Anand, Umreth, Kheda, Gujarat	India
S1-949500245	Shiva Power Private Limited	Shop Ff 10 Pavan Exotica, Bh. Harni Police Choki, Vadodara, Gujarat	India
S1-448463881	Jodie Nguyen, CPA	4836 Avalon Drive, Phoenix, AZ	US
S1-939180007	Lopez Aldel	513 Pennsylvania Avenue, Columbus, KS	US
S1-443778961	Bacon, Jo-Anne D., M.D. Inc	18 Rambling Creek Road, Hendersonville, NC	US
S1-109644308	Kesoft Companies L.L.C.	1638 Sawyer Avenue, Chicago, IL	US
S1-822800933	Urgent Care Health Group	Winston-salem, 110 Northwoods Circle, NC	US
S1-789421708	UIU Catering Private Limited	Tamil Nadu, Erullappan Street Sowcarpet, 8/11, Chennai	India
S1-795571676	Daniel, Randolph and Gomez Center	4400 Lange Avenue, Saint Michael, Unit Unit 101, MN	US
S1-579048336	Galaxy Systems Pvt Ltd	No:3313, 7Th Cross, Halii Stage, Indiranagar, Bangalore-560 038, Bangalore, Karnataka	India
S1-743724364	Harbor Freight	557 Duryea Avenue, Hempstead, NY	US
S1-742884673	Aditya Builders Private Limited	Plot No. 32, Near Spandan Hospital, Dhantoli, Nagpur, Maharashtra	India
S1-244763880	MIV Developers Private Limited	B-2/316, Sitapur Road, Lucknow, Uttar Pradesh	India
S1-819638021	Caldent Spacsphere Inc	26048 93rd Street, Broken Arrow, OK	US
S1-793918909	X & X Hawk LLC	6157 Cottonwood Drive, City Of Fitchburg, WI	US
S1-502891081	Rhodes Spa	3314 Parklane Drive, Parma, OH	US
S1-654634141	Finance Vinyas Management Ltd	16-B, Suman Apartments, Sleater Road, Tardeo, Mumbai, Maharashtra	India
S1-761966628	Greenfield Bold, LLC	132 Runnymeade Drive, East Hampton, NY	US
S1-110907259	Baner Road Content Pvt. Ltd.	T/2 - 102, Kapil Malhar, Baner Road, Pune, Maharashtra	India
S1-256877164	Vanguard Trading Systems Inc	1108 Riverside Avenue, Unit UNIT 10E, Rialto, CA	US
S1-746741973	Tirupati Software Private Limited	Mumbai City, Maharashtra, 57, Mumbai, Jamnadas Industrial Estate, Dr. R. P. Road, Mulund West	India
S1-482169018	Mumbai Mercantile Private Limited	3/3 Ratna Sagar Gaushala Lanedafatary Road Malad (E), Mumbai, Mumbai City, Maharashtra	India
S1-517899219	Galaxy Agro	Sy. No. 160, Kothur Village & Mandal, Ranga Reddy, Kothur, Mahabub Nagar, Telangana	India
S1-984820222	AL Technologies Co	Thane, Maharashtra, 404/405, Thane, Naurang Shopping Gokhale Road, Thane (West)	India
S1-73781809	Ig Works Pvt. Ltd.	Plot No. C-203, Phase 8-B, Mohali, Punjab	India
S1-545849644	Trapani & Alvarez Shreya	803 23rd Street, Wilmington, DE	US
S1-654638021	Global Power Private Limited	8 Pannalal Baskar Lane Liluah, Howrah, West Bengal	India
S1-481660750	Dermatology Trusted Associates LLC	1649 Williams Avenue, Essex, MD	US
