s1_entity_id	target_entity_id	recovered_by_baseline	recovery_channel	target_missing_address	s1_name	target_name	s1_address	target_address	failure_category
S1-46266262	S2-424560831	True	C_SigToken+D_Prefix4	True	Lanford Bright Metro Inc	Lanford  Barbgt Metro Inc	5703 Fox Meadow Drive, Oak Ridge, NC		TARGET_MISSING_ADDRESS
S1-147978094	S2-985331567	True	C_SigToken+D_Prefix4	True	Staley Xii PLLC	Staley PLLC Center	1597 Rock Springs Midland Road, Christiana, TN		TARGET_MISSING_ADDRESS
S1-109826896	S3-62108881	True	C_SigToken+D_Prefix4	True	Torres Bright Bread Inc	Torres Brnght Bread Inc	1918 Hamburg Street, Anaconda-deer Lodge, MT		TARGET_MISSING_ADDRESS
S1-260644882	S3-895073968	True	C_SigToken+D_Prefix4	True	Tior Accounting Inc.	Tior Accounting Inc	1220 Little Big Horn Road, Alto, NM		TARGET_MISSING_ADDRESS
S1-974375659	S2-406123698	True	C_SigToken+D_Prefix4	True	Portillo and Shaw Stock	PORTILLO AND SIWA STOCK	Dallas, 4032 Palomino Road, TX		TARGET_MISSING_ADDRESS
S1-338580819	S3-882461134	True	C_SigToken+D_Prefix4	True	Autism Assistance Guild	Autism-Assistance & Co	19 Norvel Road, Norwalk, CT		TARGET_MISSING_ADDRESS
S1-160752631	S3-650176274	True	F_Location	False	West Interstate Digital LLC	Veozephgild	Norwalk, 4347 Medina Drive, IA	Medina Drive, Norwalk, Iowa	TARGET_LACKS_DIGITS
S1-326626722	S2-927342266	False	None (Missed by G too)	True	TY Cap Inc	TY Inc Partners	IL, Bolingbrook, 623 Boughton Road, Unit 130		TARGET_MISSING_ADDRESS
S1-866408151	S2-588837292	True	C_SigToken+D_Prefix4	True	Cure Grill	Cure Gslll	2850 Darby Road, Moscow, ID		TARGET_MISSING_ADDRESS
S1-980450265	S3-474109156	True	C_SigToken+D_Prefix4	True	Margaretta Ruiz, Ph.D.	Margaretta  Rcugz, Ph.D.	3541 Adams Lane, Redding, CA		TARGET_MISSING_ADDRESS
S1-834636373	S3-826793033	True	C_SigToken+D_Prefix4	True	Bowers Specialty LLC	Bowers Specialty  LLC - 8751947659	105 Chavis, Franklinton, NC		TARGET_MISSING_ADDRESS
S1-520718117	S2-362144086	True	C_SigToken+D_Prefix4	True	Certified Desert Newtekone	CERTIFIED NEWTEKONE DESERT	534 Creekpoint, Mt. Juliet, TN		TARGET_MISSING_ADDRESS
S1-471438897	S2-222299906	True	F_Location	False	Quality Lane, LLC	BRIXLYRAARC	85 Hays Lane, London, AR	LONDON, 86 HAYS LN, AR	NAME_DISJOINT_AND_NO_DIGIT_LOC_COOCCURRENCE
S1-245600254	S2-90125430	True	C_SigToken+D_Prefix4	True	Koonce Family Practice, LLC	Koonce Faedsigly Practice, LLC	207 Exchange Street, Colonie, NY		TARGET_MISSING_ADDRESS
S1-400443543	S2-37953920	True	F_Location	False	B 8 Innovative Technologies Inc	*** Yumazephcalo	WY, 1901 James, Natrona	JAMES, CASPER, WY	TARGET_LACKS_DIGITS
S1-156947496	S3-622032535	True	C_SigToken+D_Prefix4	True	Liberty Charities Inc.	Liberty Inc. Charities	409 69th Place, Capitol Heights, MD		TARGET_MISSING_ADDRESS
S1-369714892	S2-737999990	True	F_Location	False	Continental Family Practice	Halosol	1309 13th Avenue, Lanett, AL	AL, LANETT, 130 13TH AVENUE	NAME_DISJOINT_AND_NO_DIGIT_LOC_COOCCURRENCE
S1-711402252	S3-116399221	True	C_SigToken+D_Prefix4	True	Pediatric Dental Preferred Clinic Center	Pediatric Preferred Clinic Center Services	621 Wallace, Ardmore, OK		TARGET_MISSING_ADDRESS
S1-105879062	S3-959118325	True	C_SigToken+D_Prefix4	True	Ivette Giles Vendome	Ivette Glitas Vendome - 5815787911	135 87th Court, Fl 0, Haysville, KS		TARGET_MISSING_ADDRESS
S1-822456858	S2-384721965	True	C_SigToken+D_Prefix4	True	Connolly's Sterling Analytics	Connolly's Analytics Services	10942 Medina Avenue, Mesa, AZ		TARGET_MISSING_ADDRESS
S1-282627836	S3-33992120	True	F_Location	False	Stafford County, Town Of	sctown.com	96 Truslow Road, Unit UNIT 115, Stafford County, VA	096 Truslow Rd, Fredericksburg, Virginia	NAME_DISJOINT_AND_NO_DIGIT_LOC_COOCCURRENCE
S1-782298229	S2-319644212	True	C_SigToken+D_Prefix4	True	North Royal Two	North Rial Two	717 Harding Avenue, Lancaster, OH		TARGET_MISSING_ADDRESS
S1-215052947	S3-556018969	True	C_SigToken+D_Prefix4	True	Romanski, Balogh and Frasure	Romanski, Balogh	30 Highland Street, Unit 5E, Taunton, MA		TARGET_MISSING_ADDRESS
S1-780228915	S2-116998448	True	C_SigToken+D_Prefix4	False	Oncology United Specialists Inc	Oncology Uide Specialists Inc	1510 Greenfield Avenue, OH, Springfield	01510 GREENFIELD AVE, SPRINGFFIELD, OH	LOCATION_TOKENS_DISJOINT
S1-780228915	S3-676644932	True	C_SigToken+D_Prefix4	True	Oncology United Specialists Inc	Oncology Specialists Inc Services	1510 Greenfield Avenue, OH, Springfield		TARGET_MISSING_ADDRESS
S1-51132642	S3-439629355	True	C_SigToken+D_Prefix4	True	Sula Cook Clean Mexico Group	Sula Cbcosk Clean Mexico Group	MO, Florissant, 1690 Florissant Park Drive		TARGET_MISSING_ADDRESS
S1-962020047	S3-859875198	True	C_SigToken+D_Prefix4	True	Merrow, Torres and Witt LLC	Merrow, Torres and	5113 Nogales Way, Eloy, AZ		TARGET_MISSING_ADDRESS
S1-618597800	S3-305491833	True	C_SigToken+D_Prefix4	True	Integrated Safe Blackstone LLC	Integrated Sdmfoa Blackstone LLC	8550 53, Naples, NY		TARGET_MISSING_ADDRESS
S1-450773974	S3-980747839	True	C_SigToken+D_Prefix4	True	Livingston Rare	Livingston Center	1181 St Dominic Place, Mobile, AL		TARGET_MISSING_ADDRESS
S1-325089081	S2-586956226	True	C_SigToken+D_Prefix4	False	Straight Edge Tattoo	Straight Edle Táttoo	Unit 415, 5129 15th Street, Phoenix, AZ	5129A 15TH ST, OSBORN, AZ	TARGET_LACKS_DIGITS
S1-812267462	S3-93040934	True	F_Location	False	Sile Noonan, D.D.S., P.C.	Xylowex	2159 Saint Pierre Road, Sheldon, VT	Saint Pierre Rd, Sheldon, Vermont	TARGET_LACKS_DIGITS
S1-239296169	S2-176415569	True	C_SigToken+D_Prefix4	True	Dior Inc.	Dior Inc	849 Providence Road, Chesapeake City, VA		TARGET_MISSING_ADDRESS
S1-827327270	S2-73265284	True	C_SigToken+D_Prefix4	True	Internal Medicine Liberty Specialists L.L.C.	Internal Medicine Lbbety Specialists  L.L.C. | www.internalm.com	79 Ravine Avenue, Bldg Basement, Yonkers, NY		TARGET_MISSING_ADDRESS
S1-361413983	S3-856927938	True	C_SigToken+D_Prefix4	True	Liberty Altisource PLLC	Liberty PLLC Altisource	13101 Maple Hill Lane, Diana, NY		TARGET_MISSING_ADDRESS
S1-271184386	S2-293383196	True	C_SigToken+D_Prefix4	True	Coralie Coon Chesapeake	CORALIE COON  CHESAPEAKE	14310 Pearce Lane, Del Valle, TX		TARGET_MISSING_ADDRESS
S1-193921123	S2-31452250	True	F_Location	False	Jasper Fisheries	fisheriesjasper.com	Bldg 58, KY, 2161 19th Street, Owensboro	216 19th St, OWENSBORO, KY	NAME_DISJOINT_AND_NO_DIGIT_LOC_COOCCURRENCE
S1-45222658	S3-745051721	True	C_SigToken+D_Prefix4	True	Main Street Pizza	Main Pizza Street	1801 Rimrock Road, Unit UNIT R22, Barstow, CA		TARGET_MISSING_ADDRESS
S1-523091030	S2-116742124	True	C_SigToken+D_Prefix4	True	Urology Health Inc	Urology Inc Service	43-56 160 Street, Flushing, NY		TARGET_MISSING_ADDRESS
S1-523091030	S2-46244747	True	C_SigToken+D_Prefix4	True	Urology Health Inc	Urology lnc Health Health	43-56 160 Street, Flushing, NY		TARGET_MISSING_ADDRESS
S1-6055646	S2-58095463	True	F_Location	False	Sterling P.C.	P.C. STERBICNG	852 Centurion Lane, Unit RM 216R, Houma, LA	CENTURION LN, HOUMA, LA	TARGET_LACKS_DIGITS
S1-349930116	S2-936514769	True	C_SigToken+D_Prefix4	True	Peters, Reddy and Carvajal Cohen Inc.	PETERS, REDDY AND CARVAJAL COHEN	3950 Wynnbrook Drive, Independence, KY		TARGET_MISSING_ADDRESS
S1-459084536	S2-348489892	True	F_Location	False	Haney Direct Park Inc.	DIRECTPARK.COM	20 Boulder Mountain Drive, Flat Rock, NC	BOULDER MOUNTAIN DR, FLAT ROCK, NC	TARGET_LACKS_DIGITS
S1-621188665	S2-79070912	True	C_SigToken+D_Prefix4	True	Aurora Biologics LLC	AURORA BIOLOGICS L.L.C.	18641 Sandlewood Drive, Goodyear, AZ		TARGET_MISSING_ADDRESS
S1-277550689	S2-292143627	True	C_SigToken+D_Prefix4	True	Bernard Capital Partners LLC	Bernard Capital	NC, Sherrills Ford, 3771 Norman View Drive		TARGET_MISSING_ADDRESS
S1-884523254	S2-720723643	True	C_SigToken+D_Prefix4	True	Crum & Hafley Odyssey	Crum Hafley Odyssey  Center	3635 Wood Street, Chicago, IL		TARGET_MISSING_ADDRESS
S1-884523254	S3-402735035	True	C_SigToken+D_Prefix4	True	Crum & Hafley Odyssey	Crum & Hafley	3635 Wood Street, Chicago, IL		TARGET_MISSING_ADDRESS
S1-884931221	S3-684070018	True	C_SigToken+D_Prefix4	True	Behavioral Health Specialists Inc	Behavioral Heanldth Specialists Inc	510 20th Street, Temple, TX		TARGET_MISSING_ADDRESS
S1-40467733	S2-613369619	True	C_SigToken+D_Prefix4	True	Capital Superior Range	Capital Superior Superior (Range)	2095 Kelly Plantation Road, Carthage, NC		TARGET_MISSING_ADDRESS
S1-531073937	S2-616258298	True	C_SigToken+D_Prefix4	True	Metropolitan Initiative	Metropolitan Initlinaive	26112 Dunham Road, Fieldon, IL		TARGET_MISSING_ADDRESS
S1-205972190	S2-765294131	True	F_Location	False	Bay Mitsubishi	Verabelo	Daingerfield, 304 Dale Avenue, TX	128 DALE AVENUE, DAINGERFIELD, TX	NAME_DISJOINT_AND_NO_DIGIT_LOC_COOCCURRENCE
S1-442903295	S3-748765454	True	C_SigToken+D_Prefix4	True	Happy Yoga LLC	Happy Yóga LLC Center	211 Jatag Road, Vanceboro, NC		TARGET_MISSING_ADDRESS
S1-602837956	S3-924073964	True	C_SigToken	True	Nancy Bunten Energy	The Nancy Nancy Bunten Energy	Hempstead, NY, 2356 A Pershing Boulevard		TARGET_MISSING_ADDRESS
S1-876922338	S2-383269888	True	C_SigToken+D_Prefix4	True	Dancy Heritage Hospitality LP	DANCY HEITAE HOSPITALITY LP	Unit Unit 218, MN, 856 Woodgate Drive, Vadnais Heights		TARGET_MISSING_ADDRESS
S1-320922557	S3-889055353	True	C_SigToken+D_Prefix4	True	Pino Nuveen LLC	Pino Pino Nvmueen LLC	104 Stratton Avenue, Nicholasville, KY		TARGET_MISSING_ADDRESS
S1-138347693	S2-115716333	True	C_SigToken+D_Prefix4	True	Interstate Zhejiang LLC	INTERSTATE ZTEJGIANG ZTEJGIANG LLC	205 Ivy Road, Oronogo, MO		TARGET_MISSING_ADDRESS
S1-365443194	S3-915689146	True	C_SigToken+D_Prefix4	True	Green Intelligence Solutions Inc.	Green Inelltigemce Solutions Inc.	N87W17833 Shepherd Drive, Village Of Menomonee Falls, WI		TARGET_MISSING_ADDRESS
S1-415762683	S3-901660761	True	D_Prefix4	True	UA Range Inc	UA  Rcone Inc	PA, Unit UN8, 591 Geneva Drive, Upper Allen Township		TARGET_MISSING_ADDRESS
S1-499241943	S2-276023364	True	C_SigToken+D_Prefix4	True	Urgent Care Strategic Clinic Inc.	URGENT CARE  STRATEGIC CLINIC INCORPORATED	3385 Welsh Hills Road, Newton Twp, OH		TARGET_MISSING_ADDRESS
S1-197591399	S3-248820879	True	F_Location	False	Reliable Graf	Iriwex	1900 Kildare Woods Drive, Greensboro, NC	900 Kildare Woods Dr, PMB 8560, Greensboro, North Carolina	NAME_DISJOINT_AND_NO_DIGIT_LOC_COOCCURRENCE
S1-814660713	S3-837366828	True	F_Location	False	Blinnie Webb Printing Inc	@blinniewebb	3245 Grande Vista Drive, San Bernardino, CA	003245 Grande Vista Drive, San Bernardino, California	NAME_DISJOINT_AND_NO_DIGIT_LOC_COOCCURRENCE
S1-851410391	S2-645322992	True	C_SigToken+D_Prefix4	True	Meva Auto Sales	Meva Auto	14750 Hackwood Street, Prince William County, VA		TARGET_MISSING_ADDRESS
S1-276029089	S2-961123282	True	F_Location	False	Schmidt Rock	5chmidt R0ck	WI, City Of Muskego, W177S8111 Brennan Drive	W177S811 BRENNAN DR, PO BOX 4403, CITY OF MUSKEGO, WI	NAME_DISJOINT_AND_NO_DIGIT_LOC_COOCCURRENCE
S1-139294046	S2-47466231	True	F_Location	False	Fanni Fu Telefonica LLC	@fannifu	8299 Beech Grove Road, Martinsville, IN	MARTINSVILLE, IN, 829 BEECH GROVE ROAD	NAME_DISJOINT_AND_NO_DIGIT_LOC_COOCCURRENCE
S1-115562069	S3-637992216	True	C_SigToken+D_Prefix4	True	Jordana Rivera Platinum Horse Clinic	Jordana Rivera Platinum Horse Clinic District	Boston, 19 Stock Street, MA		TARGET_MISSING_ADDRESS
S1-664219193	S3-860627227	True	C_SigToken+D_Prefix4	True	Grand Tri-State Newhold LLC	Grand Tri-State Nold LLC	93 Linden Street, Unit 1, Salem, MA		TARGET_MISSING_ADDRESS
S1-788093774	S2-547700821	True	C_SigToken+D_Prefix4	True	Unified Wholesale Ventures Inc.	UNIFIED WHOLESALE VEBNRES [INC.]	2608 Glenhaven Drive, Unit APARTMENT A, Midwest City, OK		TARGET_MISSING_ADDRESS
S1-394814661	S3-278217359	True	E_Digits	False	Lyra LLC	Korbelo	1415 87th Place, City Of Kenosha, WI	Wisconsin, Kenoha, 1415 87nd Place	NAME_DISJOINT_AND_NO_DIGIT_LOC_COOCCURRENCE
S1-941474440	S3-466427235	True	C_SigToken+D_Prefix4	True	Aurex Grade	Aurex Aurex Grade	3267 Eastcrest Road, West Valley City, UT		TARGET_MISSING_ADDRESS
S1-655265896	S3-41179187	True	C_SigToken	True	Tri-State Investments	The Tri-State Investments	7442 Brandamore Court, Elk Grove, CA		TARGET_MISSING_ADDRESS
S1-495369573	S3-380927143	True	C_SigToken+D_Prefix4	True	Foot & Ankle Group	Foot & Anmke Group	320 2nd Street, Lexington, NC		TARGET_MISSING_ADDRESS
S1-263530198	S3-479186494	True	C_SigToken+D_Prefix4	True	Ellis Federal Group	Ellis Group Federal	11400 Argyle Road, Irvington, AL		TARGET_MISSING_ADDRESS
S1-752849509	S3-76967817	True	C_SigToken+D_Prefix4	True	Madruga Pebblebrook Inc	MADRUGA PEBBLEBROOK INC	4280 Blenheim Road, Albemarle County, VA		TARGET_MISSING_ADDRESS
S1-219864187	S3-261766086	True	C_SigToken+D_Prefix4	True	Quartz LLC	Quartz LLC Ventures	205 Lenon Street, Roseboro, NC		TARGET_MISSING_ADDRESS
S1-477598614	S2-453807816	True	C_SigToken+D_Prefix4	True	Mcgee Ridge Ligand	MCGEE RIDGE LIGAND CORPORATION	2238 Oran Delphi Road, Unit Unit 59, Pompey, NY		TARGET_MISSING_ADDRESS
S1-997247598	S2-313880817	True	C_SigToken+D_Prefix4	True	Big 28 Seafood	Big Seafood Services	4333 260, Unit E2, Star Valley, AZ		TARGET_MISSING_ADDRESS
S1-901510566	S2-3626108	True	C_SigToken+D_Prefix4	True	Slate Inc	SLATE Trading	32991 Shadeland Avenue, Millsboro, DE		TARGET_MISSING_ADDRESS
S1-368022661	S2-386301839	True	C_SigToken+D_Prefix4	True	Pipefitters Union Local No 913	Pipefitters Union Local No Enterprises	711 Sunrise Towers, Sullivan, IN		TARGET_MISSING_ADDRESS
S1-393629323	S2-364386521	True	C_SigToken+D_Prefix4	True	Uptown Coffee	Uptown Coffee Service	220 Cedar Street, Clayton, NM		TARGET_MISSING_ADDRESS
S1-393629323	S3-924234514	True	C_SigToken+D_Prefix4	True	Uptown Coffee	Uptown Coffsea	220 Cedar Street, Clayton, NM		TARGET_MISSING_ADDRESS
S1-412756118	S2-954955768	True	C_SigToken+D_Prefix4	True	Internal Medicine Sterling Physicians Inc	Internal Medicine Sterling Piycieacs Inc	614 College Street, Unit C, Herrin, IL		TARGET_MISSING_ADDRESS
S1-821673144	S2-383701848	True	C_SigToken+D_Prefix4	False	Trusted Interstate Archimedes	Trusted Archimedes Interstate	8005 Greenslope Drive, Austin, TX	005 GREENSLOPE DRIVE, AUSTN, TX	LOCATION_TOKENS_DISJOINT
S1-886512108	S3-35546461	True	F_Location	False	The Dent Bike Shop	dentbikeshop.com	15478 Red Hawk Road, Willis, TX	0015478 Red Hawk Road, Willis, Texas	NAME_DISJOINT_AND_NO_DIGIT_LOC_COOCCURRENCE
S1-692673575	S3-669948329	True	C_SigToken+D_Prefix4	True	Neilla's Global Industries Associates	Neilla's Global Industries Center	3817 Chickasha Circle, Granbury, TX		TARGET_MISSING_ADDRESS
S1-164948625	S2-436674574	True	C_SigToken+D_Prefix4	True	Eutsler Athena Inc	Eutsler Athena Inc.	Wichita, 9030 Peppertree Circle, KS, Fl 0		TARGET_MISSING_ADDRESS
S1-730962556	S3-221457703	True	C_SigToken	True	Heritage Four	The Heritage Four	795 Right Fork Three Mile Road, Jenkins, KY		TARGET_MISSING_ADDRESS
S1-730962556	S3-690162801	True	C_SigToken+D_Prefix4	True	Heritage Four	HERITAGE FOUR Enterprises	795 Right Fork Three Mile Road, Jenkins, KY		TARGET_MISSING_ADDRESS
S1-12704643	S2-355637616	True	C_SigToken+D_Prefix4	False	Dermatology Associates	Dermatology Assocites	1816 37th Drive, Phoenix, AZ	1959 37ND DRIVE, CAPITOL, AZ	LOCATION_TOKENS_DISJOINT
S1-208293060	S3-775853206	True	C_SigToken+D_Prefix4	True	Optimal Highland Gesher	Optimal Highland Gesher [Inc.]	3001 19th Avenue, Unit Apartment 305, Sheffield, AL		TARGET_MISSING_ADDRESS
S1-544436816	S2-628786557	True	C_SigToken+D_Prefix4	True	Rabe Ace Morgan Inc.	Rabe Mórgan Ace Inc.	14802 Enterprise Drive, Unit 43D, Farmers Branch, TX		TARGET_MISSING_ADDRESS
S1-100319345	S2-982457942	True	C_SigToken+D_Prefix4	True	Brittne D. Lucio, DO	Brittne D. Lúcio,	33339 Myers Road, Pomeroy, OH		TARGET_MISSING_ADDRESS
S1-640791773	S2-702659496	True	F_Location	False	Kemoo Inc	KEMEO-INC	644 Copperdale Lane, Coal Creek, CO	00644 COPPERDALE LN, COAL CREEK, CO	NAME_DISJOINT_AND_NO_DIGIT_LOC_COOCCURRENCE
S1-88663523	S3-15495423	True	C_SigToken+D_Prefix4	True	Chiropractic Care	Chiropractic Care Ventures	5000 Henrietta Road, Unit Apartment B7, Henrietta, NY		TARGET_MISSING_ADDRESS
S1-905291239	S3-788856054	True	C_SigToken+D_Prefix4	True	Jackson Jones	Jackson-Jones LP	16150 Taloncrest Drive, Houston, TX		TARGET_MISSING_ADDRESS
S1-778063317	S2-227518826	True	F_Location	False	Hassler Mountain Coinshares	hmcoinshares.com	IL, Riverdale, 13947 Wabash Avenue	WABASH AVE, RIVERDALE, IL	TARGET_LACKS_DIGITS
S1-361304284	S3-881381491	True	C_SigToken+D_Prefix4	True	Bay Coastal Estate LLC	Bay LLC Estate Coastal	431 Industrial Drive, Bristol, TN		TARGET_MISSING_ADDRESS
S1-581934716	S3-709913180	True	C_SigToken	True	Jenny's Motors Inc.	The Jenny's Motors Inc.	11 Orlando Avenue, Ardsley, NY		TARGET_MISSING_ADDRESS
S1-367562646	S3-99044262	True	C_SigToken+D_Prefix4	True	Painters Local Union 367	Painters Local Union & Co	844 Factory Street, Unit 10, Garland, UT		TARGET_MISSING_ADDRESS
S1-89879526	S3-65373489	True	F_Location	False	Hilliard Pioneer Northland Inc.	northlandpioneer.com	168 Danvers Road, Congerville, IL	168A Danvers Road, Congerville, Illinois	TARGET_LACKS_DIGITS
S1-418474385	S3-883611125	True	C_SigToken+D_Prefix4	True	Ewing Rocky Launchpad Corp	Ewing Robsy Launchpad Corp	1654 Desert Oasis Court, Benson, AZ		TARGET_MISSING_ADDRESS
S1-811577629	S2-100788565	True	C_SigToken+D_Prefix4	True	Keystone Music, Inc	KEYSTONE MÚSIC, MÚSIC,	58 Everett Road, Hamptonburgh, NY		TARGET_MISSING_ADDRESS
S1-284751271	S3-112138509	True	F_Location	False	Tucson Economic Development Trust	Ariazeph	1410 Santa Cruz Lane, Tucson, AZ	Santa Cruz Ln, Tucson, Arizona	TARGET_LACKS_DIGITS
S1-344502610	S2-198144249	True	F_Location	False	Maid Seafood!	Xyloriza	7 Point Place, Mount Pleasant, NY	Point Pl, MOUNT PLEASANT, NY	TARGET_LACKS_DIGITS
S1-42597933	S3-131614005	True	C_SigToken+D_Prefix4	True	Electronic Investment Partners Associates	Electronic Investment Partners Assocots	TX, Amarillo, 9809 Addelyn Avenue		TARGET_MISSING_ADDRESS
S1-767266241	S2-422160848	True	C_SigToken+D_Prefix4	True	Davenport Medical Center Associates	Davenport Medical Cenrn Associates	1501 3rd Avenue, Tucson, AZ		TARGET_MISSING_ADDRESS
S1-956270618	S3-444877145	True	C_SigToken+D_Prefix4	True	Montova Alchemy	Montova Aehfemy	Town Of Preston, WI, 1364 Cypress Lane		TARGET_MISSING_ADDRESS
S1-126190377	S3-251218866	True	C_SigToken+D_Prefix4	True	Chicago Community Society Associates	Chicag0 Community Society Associates Corporation	3705 76th Place, Chicago, IL		TARGET_MISSING_ADDRESS
S1-592313932	S2-184652545	True	C_SigToken+D_Prefix4	False	Bodie, Daly and Rivers LLC	Bodie, Dryl and Rivers LLC	10344 230th Avenue, Town Of Bloomer, WI	0344 230TH AVENUE, BLOOMER, WI	LOCATION_TOKENS_DISJOINT
S1-336933702	S3-666521665	True	C_SigToken+D_Prefix4	True	Cardinal	Cardinal Corp Trading	1703 Chestnut Street, Kenova, WV		TARGET_MISSING_ADDRESS
S1-451159577	S3-184810890	True	C_SigToken+D_Prefix4	True	Innovative Wealth Studios LLC	Innovative Studios Wealth LLC	2009 Beringer Road, Unit #200, Suffolk City, VA		TARGET_MISSING_ADDRESS
S1-451159577	S3-4917326	True	C_SigToken+D_Prefix4	True	Innovative Wealth Studios LLC	Innovative Studios LLC Services	2009 Beringer Road, Unit #200, Suffolk City, VA		TARGET_MISSING_ADDRESS
S1-527592960	S3-916676534	True	F_Location	False	Ironworkers Local Union 106 PC	unionlocalironworkers.com	11862 Reservoir Road, Wayland, NY	Reservoir Road, Wayland, New York	TARGET_LACKS_DIGITS
S1-432914735	S3-233025079	True	C_SigToken+D_Prefix4	True	Geurts Tri-State Sprott	Geurts Sprott Tir-Srtte	Turpin, OK, 1257 Mile 56 Road		TARGET_MISSING_ADDRESS
S1-890941002	S2-52165879	True	C_SigToken+D_Prefix4	True	Liu, Silva & Biggs Cable	Liu, Silva and	4813 Bass Place, Washington, DC		TARGET_MISSING_ADDRESS
S1-164301749	S3-471056656	True	C_SigToken+D_Prefix4	True	Verrex Pipeline Group	Verrex  Paehien Group	18 Broadway, Boston, MA		TARGET_MISSING_ADDRESS
S1-524719087	S3-860525745	True	C_SigToken+D_Prefix4	True	Fresh First Obic Corp	Fresh Obic Corp Service	3075 125 W, New Castle, IN		TARGET_MISSING_ADDRESS
S1-731187970	S3-32591298	True	C_SigToken+D_Prefix4	True	Snyder Regional Hartford LLC	Snyder Hartford Regional LLC	MA, 452 Falley Drive, Westfield		TARGET_MISSING_ADDRESS
S1-879309667	S2-544073210	True	C_SigToken+D_Prefix4	True	Bois	Bois Center	135 Grandview Avenue, Delaware, OH		TARGET_MISSING_ADDRESS
S1-169203100	S2-629963463	True	C_SigToken+D_Prefix4	True	Express Design Industries PLLC	Express Design Industries	101 Kilkare Court, Winston-salem, NC		TARGET_MISSING_ADDRESS
S1-838840792	S3-118627526	True	F_Location	False	Regional Premier, Inc	>> Nexzetariza	New Bern, 4206 Rawley Road, NC	4206c Rawley Rd, New Bern, North Carolina	TARGET_LACKS_DIGITS
S1-655691367	S2-242238004	True	C_SigToken+D_Prefix4	True	Vanguard Investment Products LLC	Vanguard Investment	115 Buesching Road, Unit APARTMENT 921, Lake Zurich, IL		TARGET_MISSING_ADDRESS
S1-261659626	S2-68729147	True	C_SigToken+D_Prefix4	False	American Ministries	American Mirittfes	2901 15th Avenue, Unit 2, Chattanooga, TN	002901 FIFTEENTH AVENUE, CHATTANOOGA, TN	LOCATION_TOKENS_DISJOINT
S1-261659626	S2-931223717	True	C_SigToken+D_Prefix4	False	American Ministries	American Ministries LP	2901 15th Avenue, Unit 2, Chattanooga, TN	002901 15TH AVE, CHATTANOOGA, TN	LOCATION_TOKENS_DISJOINT
S1-328873928	S3-274519308	True	F_Location	False	Slate	Salt	MO, 12105 Pomona Avenue, Kansas City	012105 Pomona Ave, Kansas City, Missouri	NAME_DISJOINT_AND_NO_DIGIT_LOC_COOCCURRENCE
S1-897333749	S2-889083336	True	C_SigToken+D_Prefix4	False	Siegler, Andersen & Lewis Keycorp	Siegler, Andersen & Lefeis Keycorp	315 69th Street, Chicago, IL	69TH STREET, CHICAG OCITY, IL	TARGET_LACKS_DIGITS
S1-364354147	S3-394028943	True	C_SigToken+D_Prefix4	True	Lorique Family Office	Lorique [Family]	70 Buckwalter Road, Unit Unit 506, Limerick Township, PA		TARGET_MISSING_ADDRESS
S1-463840477	S2-19905283	True	C_SigToken+D_Prefix4	True	Quo Gas	Quo Gas LP	1142 Esquire Drive, Fl 0, Saint Louis, MO		TARGET_MISSING_ADDRESS
S1-65196120	S3-474779966	True	C_SigToken+D_Prefix4	True	Campoli Aberdeen Inc	Campoli Aberdeen Inc.	15722 Vine Avenue, Harvey, IL		TARGET_MISSING_ADDRESS
S1-17160722	S2-86235428	True	E_Digits	False	Hurt & Bailey Starwood	Lyravantage	960 Mcdonald Drive, Unit A, Sugarcreek, OH	960 MCDONAD DRIVE, SUGARCREEK CITY, OH	NAME_DISJOINT_AND_NO_DIGIT_LOC_COOCCURRENCE
S1-455162494	S3-307957681	True	C_SigToken+D_Prefix4	True	Green Federal Duration	Green Fhderal Duration	TN, 1029 Fox Creek Drive, Gallatin		TARGET_MISSING_ADDRESS
S1-487149565	S3-574418524	True	E_Digits	False	U Z & O Franklin	Gildariakor	52 Brooklyn Avenue, Oyster Bay, NY	52 Broolkyn Ave, Massapequa CDP, New York	NAME_DISJOINT_AND_NO_DIGIT_LOC_COOCCURRENCE
S1-557166318	S3-991141595	True	E_Digits	False	Corporate Property Solutions Inc.	Arckor	2377 82, Unit Apartment 2, La Grange, NY	2377 82, New York, Lagrangeville CITY, Unit Apartment 2	NAME_DISJOINT_AND_NO_DIGIT_LOC_COOCCURRENCE
S1-31413455	S2-636893000	True	C_SigToken+D_Prefix4	True	Patriot Guild	PATRIOT GFID	3618 Charterhall Lane, Charlotte, NC		TARGET_MISSING_ADDRESS
S1-31413455	S2-112699567	True	C_SigToken+D_Prefix4	True	Patriot Guild	Patriot Glhslid	3618 Charterhall Lane, Charlotte, NC		TARGET_MISSING_ADDRESS
S1-864660863	S2-53300687	True	F_Location	False	Letech LP	Lstehc LP LP	157 Leicester Highway, Unit 309, Asheville, NC	LEICESTER HIGHWAY, ASHEVILLE, NC	TARGET_LACKS_DIGITS
S1-645101343	S3-423151343	True	C_SigToken+D_Prefix4	True	Choice Security	Choice 5ecurity	9546 Muriel Avenue, Saint Louis, MO		TARGET_MISSING_ADDRESS
S1-774691241	S2-349555546	True	C_SigToken+D_Prefix4	True	Community Interstate Center Inc.	COMMUNITY INTERSTATE CENTER	530 Beaufort Street, Laramie, WY		TARGET_MISSING_ADDRESS
S1-150413967	S2-919168284	True	C_SigToken+D_Prefix4	True	Dacus Siddhi LLC	Dacus LLC LLC Partners	125 8th Avenue, Unit B3, Columbus, OH		TARGET_MISSING_ADDRESS
S1-2461713	S3-87606786	True	C_SigToken	True	Phil Chao Valley Energia Inc	Phi1 Inc Valley Energia Chao	77 Beaver Creek Drive, Bruceton Mills, WV		TARGET_MISSING_ADDRESS
S1-537050160	S2-987451995	True	C_SigToken+D_Prefix4	False	Eastern Mercury	Eastern Center	1340 2nd Street, Atchison, KS	1342 2rd St, ATCHSON, KS	LOCATION_TOKENS_DISJOINT
S1-112639493	S2-326435873	True	C_SigToken+D_Prefix4	True	Lyrance Waste	LYRANCE WASTE INC.	945 Linwood Street, Springfield, MO		TARGET_MISSING_ADDRESS
S1-112639493	S3-633360021	True	C_SigToken+D_Prefix4	True	Lyrance Waste	Lyrance Woaate	945 Linwood Street, Springfield, MO		TARGET_MISSING_ADDRESS
S1-112639493	S3-357739552	True	C_SigToken+D_Prefix4	True	Lyrance Waste	Lyrance Waste LP	945 Linwood Street, Springfield, MO		TARGET_MISSING_ADDRESS
S1-303698300	S2-956946875	True	C_SigToken+D_Prefix4	True	Morrow Specialty Inc	Morrow Srshcrmilty Inc	206 Orville Drive, Toledo, OH		TARGET_MISSING_ADDRESS
S1-394595518	S2-292184165	True	C_SigToken	True	Oncology Unified Partners	Onc0logy-Unified Partners	7 A First Street, Milo, ME		TARGET_MISSING_ADDRESS
S1-111606206	S2-278115937	True	C_SigToken+D_Prefix4	True	Colonial Guild	Colonial Guild-LP	Fl 0, Saint Louis, 8700 St Charles Rock Road, MO		TARGET_MISSING_ADDRESS
S1-828810316	S2-364976693	True	C_SigToken+D_Prefix4	True	Physical Therapy Partners LLC	PHYSICAL LLC PARTNERS THERAPY	3 Nelson Avenue, Beverly, MA		TARGET_MISSING_ADDRESS
S1-394467548	S2-293662689	True	C_SigToken+D_Prefix4	True	Liberty Metropolitan Fargo LLC	Liberty Metropolitan LLC Center	UT, Washington City, 972 Gemstone Way		TARGET_MISSING_ADDRESS
S1-890273003	S3-424497188	True	C_SigToken+D_Prefix4	True	Pacific Center Inc.	Pacific Center Associates	2580 Brookview Drive, Maplewood, MN		TARGET_MISSING_ADDRESS
S1-375335666	S2-819911910	True	C_SigToken+D_Prefix4	True	Allied Prairie Harvard	ALLIED PRAIRIE CÉNTER	2983 Tall Tree Trail, Willoughby Hills, OH		TARGET_MISSING_ADDRESS
S1-808846139	S2-84041267	True	C_SigToken+D_Prefix4	True	Wood Choice Lease	Wood Choice Lsacese	39 Perry Street, Tiffin, OH		TARGET_MISSING_ADDRESS
S1-371226058	S2-196307740	True	C_SigToken+D_Prefix4	False	Abbye Greer Maritime LLC	Abbye Greer LLC Partners	NM, 1107 10th Street, Eunice	1108 10ND ST, ENICE TOWNSHIP, NM	LOCATION_TOKENS_DISJOINT
S1-371226058	S2-368953155	True	C_SigToken	False	Abbye Greer Maritime LLC	THE ABBYE GREER  MARITIME LLC	NM, 1107 10th Street, Eunice	1108 10ND STREET, ENICE TOWNSHIP, NM	LOCATION_TOKENS_DISJOINT
S1-122930101	S3-555180868	True	C_SigToken+D_Prefix4	True	East Grand Triumph Inc	East East Triumph Inc Center	6257 2050 Road, Fredonia, KS		TARGET_MISSING_ADDRESS
S1-258036814	S2-574376915	True	C_SigToken+D_Prefix4	True	Mavue Express Chicago L.L.C.	Mavue Chicago Express L.L.C.	3214 Grey Hill Circle, Gallup, NM		TARGET_MISSING_ADDRESS
S1-258036814	S3-590411108	True	C_SigToken+D_Prefix4	True	Mavue Express Chicago L.L.C.	Mavue Express Crticgao L.L.C.	3214 Grey Hill Circle, Gallup, NM		TARGET_MISSING_ADDRESS
S1-710866864	S2-776350798	True	C_SigToken+D_Prefix4	True	Laverna R. Alan, DMD Inc.	LAVERNA R. ALAN, DMD INCORPORATED	100 Arrowwood Road, Oak Ridge, TN		TARGET_MISSING_ADDRESS
S1-913701661	S2-745450086	True	C_SigToken+D_Prefix4	True	Elora Borman, P.A., P.C.	Elora Boacmn P.A. P.C.	920 Bridge Street, Roanoke City, VA		TARGET_MISSING_ADDRESS
S1-14633037	S2-313500546	True	F_Location	False	Going Coffee	G0ING-COFFEE	430 Winthrop Drive, Unit 42, Findlay, OH	43 WINTHROP DR, FINDLAY, OH	NAME_DISJOINT_AND_NO_DIGIT_LOC_COOCCURRENCE
S1-192445913	S3-703573274	True	C_SigToken+D_Prefix4	True	Physical Therapy Desert Care Associates PC	Physical Therapy Desert Care (Associates)	907 Riverview Place, Unit 8, Cincinnati, OH		TARGET_MISSING_ADDRESS
S1-321790434	S2-808077387	True	F_Location	False	Red Cafe	rcafe.com	195 December Road, Madrid, AL	895 December Road, MADRID, AL	NAME_DISJOINT_AND_NO_DIGIT_LOC_COOCCURRENCE
S1-321790434	S2-966091135	True	F_Location	False	Red Cafe	REDCAFE.COM	195 December Road, Madrid, AL	895 DECEMBER RD, AL, MADRID	NAME_DISJOINT_AND_NO_DIGIT_LOC_COOCCURRENCE
S1-811957774	S2-899427995	True	F_Location	False	Integrated Vehicle	@integratedvehicle	AZ, Safford, 711 11th Street	713 ELEVENTH STREET, SAFFORD, AZ	NAME_DISJOINT_AND_NO_DIGIT_LOC_COOCCURRENCE
S1-565551957	S2-982839186	False	None (Missed by G too)	True	X & W Flexible	X W & Fceeixble	7623 80, KY, Mayfield		TARGET_MISSING_ADDRESS
S1-923427954	S2-228032292	True	C_SigToken+D_Prefix4	True	Ridge Montessori School	RIDGE MONTESSORI SCHOOL	1069 Georgia Road, Circleville, OH		TARGET_MISSING_ADDRESS
S1-401709098	S3-762622399	True	F_Location	False	Perez Electric	Tavoumbra	197 Carter Field Road, North Andover, MA	Carter Field Rd, North Andover, Massachusetts	TARGET_LACKS_DIGITS
S1-282905620	S2-629117813	True	E_Digits	False	Red Tattoo	redtattoo.com	8834 25, Mentone, IN	IN, 8834 25, MNETONE	NAME_DISJOINT_AND_NO_DIGIT_LOC_COOCCURRENCE
S1-545437901	S3-789552183	True	C_SigToken+D_Prefix4	True	Ulloa Family Practice	Ulloa Ulloa Family	6393 Stone Park Cove, Memphis, TN		TARGET_MISSING_ADDRESS
S1-736178577	S3-147280262	True	C_SigToken+D_Prefix4	True	Elite Green Associates	Elite Associates Service	6920 Clewell Drive, Unit 412E, Lisbon, OH		TARGET_MISSING_ADDRESS
S1-828888949	S3-71939176	True	C_SigToken+D_Prefix4	True	Midwest Program	Midwest Midwest Program LP	2527 Riverside Drive, Town Of Beloit, WI		TARGET_MISSING_ADDRESS
S1-325216385	S2-942194623	True	F_Location	False	JSG Harbor Fortune	#JSGHARBOR	Fl 1, Chandler, AZ, 4 130th Place	004 130TH PLACE, CHANDLER, AZ	NAME_DISJOINT_AND_NO_DIGIT_LOC_COOCCURRENCE
S1-921333988	S2-369566328	True	C_SigToken+D_Prefix4	True	Gaynor Tomlin Allied Axiom LLP	Gaynor Tom1in Allied Axiom LLP	2722 Copper Hill Run, Fort Wayne, IN		TARGET_MISSING_ADDRESS
S1-153425243	S2-364104485	True	C_SigToken+D_Prefix4	True	Thomas & Palermo Ford LLC	Thomas Pa1ermo Ford LLC Center	2834 220th Place, Sammamish, WA		TARGET_MISSING_ADDRESS
S1-201396123	S3-567152777	True	C_SigToken+D_Prefix4	True	Urology Specialists	UROLOGY SPECIALISTS Ventures	IL, Blue Island, 2821 142nd Place		TARGET_MISSING_ADDRESS
S1-486720639	S2-984666822	True	C_SigToken+D_Prefix4	True	Main Street Bistro	MAIN STREET BISTRO-CORPORATION	3430 Porter Avenue, City Of El Paso, TX		TARGET_MISSING_ADDRESS
S1-486720639	S3-285319878	True	C_SigToken+D_Prefix4	True	Main Street Bistro	Main Street  Bistro Trading	3430 Porter Avenue, City Of El Paso, TX		TARGET_MISSING_ADDRESS
S1-356706315	S2-472924230	True	F_Location	False	Ridgeline Gores Inc	Ectociranex	943 Fremont Street, Washington City, UT	94 FREMONT STREET, WASHINGTON CITY, UT	NAME_DISJOINT_AND_NO_DIGIT_LOC_COOCCURRENCE
S1-494471528	S2-36296537	False	None (Missed by G too)	False	Straight Edge Barbershop	Deltazeta	10848 54th Lane, Phoenix, AZ	54TH LN, LAVEEEN, AZ	TARGET_LACKS_DIGITS
S1-642674879	S2-128668425	True	C_SigToken+D_Prefix4	True	Ellsworth, Marcellina S., DMD, M.D., P.C.	Ellsworth, Marcellina S.,  DMD,	3501 Wolf Creek Ranch Road, TX, Burnet		TARGET_MISSING_ADDRESS
S1-638118067	S2-62757840	True	F_Location	False	Dental Medicine LLC	Nylásyn	200 Division Street, WI, City Of Stevens Point, Unit H200	DIVISION STREET, CITY OF STEVENS POINT, WI	TARGET_LACKS_DIGITS
S1-963766744	S3-591271061	True	C_SigToken+D_Prefix4	True	Alpizar Capital	Alpizar Capital LP	219 Holmes Avenue, Clarendon Hills, IL		TARGET_MISSING_ADDRESS
S1-575235061	S3-318354354	True	C_SigToken+D_Prefix4	True	Connell Ridge Braemar	Connell-Ridge	3603 17th Avenue, Amarillo, TX		TARGET_MISSING_ADDRESS
S1-477342022	S2-206191486	True	C_SigToken+D_Prefix4	False	Byrd, Christopherson and Roten Inc.	BYRD, CHRISTOPHERSON AND ROTEN INC	21601 3rd Avenue, Phoenix, AZ	SIERRA ADOBE, AZ, THIRD AVE	TARGET_LACKS_DIGITS
S1-349926126	S3-723915363	True	C_SigToken+D_Prefix4	True	Hinkle, Carmencita N., Ph.D. P.C.	Hinkle, Carmencita Ph.D. P.C. Partners	2437 Golden Bear Way, Wentzville, MO		TARGET_MISSING_ADDRESS
S1-947118894	S2-950658968	True	C_SigToken+D_Prefix4	True	Continental Jaws	Continental Center Trading	1133 Glen Echo Lane, Milford, OH		TARGET_MISSING_ADDRESS
S1-132707681	S2-935887408	True	C_SigToken+D_Prefix4	False	Longshoremen Local 247 LLC	Longshoremen 247 LLC Services	3256 5th Street, Underwood, ND	325 5TH ST, UNDERWOOD, ND	LOCATION_TOKENS_DISJOINT
S1-132707681	S2-168110280	True	C_SigToken+D_Prefix4	False	Longshoremen Local 247 LLC	LLC Longshoremen Llil 247	3256 5th Street, Underwood, ND	325 FIFTH STREET, UNDERWOOD, ND	LOCATION_TOKENS_DISJOINT
S1-132707681	S2-533703194	True	C_SigToken	False	Longshoremen Local 247 LLC	L0ngshoremen Local	3256 5th Street, Underwood, ND	325 FIFTH STREET, UNDERWOOD, ND	LOCATION_TOKENS_DISJOINT
S1-472294878	S2-350506690	True	C_SigToken+D_Prefix4	True	Maryjo Reyes Bay Corporate PC	Maryjo Reyes  Bay Corporate	7805 Pocomoke Lane, Fl 0, Glen Burnie, MD		TARGET_MISSING_ADDRESS
S1-187565055	S3-651541109	True	C_SigToken+D_Prefix4	True	Elizabet Gaskin Immunopharma	Elizabet Gaskin	110 Saint Botolph Street, Unit 1F, Boston, MA		TARGET_MISSING_ADDRESS
S1-730324569	S2-819254886	True	C_SigToken+D_Prefix4	True	South Workshop, Inc	South Watskhop, Inc	815 Damarell Road, Bozeman, MT		TARGET_MISSING_ADDRESS
S1-596502181	S3-939145010	True	C_SigToken+D_Prefix4	True	Mackey Sterling Cambridge LLC	Mackey Sterling	261 Rolling Meadows Lane, NC, Chapel Hill		TARGET_MISSING_ADDRESS
S1-705517331	S3-357819816	True	F_Location	False	Bureau of Veterans Affairs	Zetalumnex	NC, 624 Pawley Drive, Charlotte	00624 Pawley Drive, Charlotte, North Carolina	NAME_DISJOINT_AND_NO_DIGIT_LOC_COOCCURRENCE
S1-30781698	S2-475465105	True	C_SigToken+D_Prefix4	True	Urgent Care Group PC	Urgent Urgent Care Group PC	2437 Ravine Court, Village Of Hobart, WI		TARGET_MISSING_ADDRESS
S1-469454654	S2-691239550	True	C_SigToken+D_Prefix4	False	Hardy's Specialists	Hardy's Center	111 Needle Street, De Queen, AR	00111 NEEDLE STREET, DE QUEEN, AR	LOCATION_TOKENS_DISJOINT
S1-283748305	S2-573474632	True	C_SigToken+D_Prefix4	False	370 Union Drive Holdings P.C.	370 DRIVE HOLDINGS P.C. SERVICES	148 3rd Street, Oglesby, IL	149 3RD ST, OGLLESBY, IL	LOCATION_TOKENS_DISJOINT
S1-283748305	S2-50567733	True	C_SigToken+D_Prefix4	False	370 Union Drive Holdings P.C.	370 UNION DRIVE HOLDINGS	148 3rd Street, Oglesby, IL	149 3RD ST, OGLLESBY, IL	LOCATION_TOKENS_DISJOINT
S1-283748305	S2-31383505	True	C_SigToken+D_Prefix4	False	370 Union Drive Holdings P.C.	370 Unfin Drive Holdings P.C.	148 3rd Street, Oglesby, IL	149 THIRD STREET, OGLLESBY, IL	LOCATION_TOKENS_DISJOINT
S1-283748305	S2-246036073	True	C_SigToken+D_Prefix4	False	370 Union Drive Holdings P.C.	370 Union Drive Holdings	148 3rd Street, Oglesby, IL	149 3RD STREET, OGLLESBY, IL	LOCATION_TOKENS_DISJOINT
S1-606067014	S3-525111591	True	C_SigToken+D_Prefix4	True	Annabell M. Oswald, D.O., M.D., P.C.	Annabell M. Oswald, D.O., M.D., LLC	422 Clinton Avenue, Akron, OH		TARGET_MISSING_ADDRESS
S1-275011493	S3-146915414	True	C_SigToken+D_Prefix4	True	Avie's United Consultants	Avie's [United]	3620 Warner Street, Tacoma, WA		TARGET_MISSING_ADDRESS
S1-748867572	S3-726962279	True	C_SigToken+D_Prefix4	True	Britt Best Willow LLC	britt best willow willow llc	16955 Toronto Avenue, Unit Apartment 115, Prior Lake, MN		TARGET_MISSING_ADDRESS
S1-116464882	S2-79949439	True	C_SigToken+D_Prefix4	True	Jackson Cascade Dominion P.C.	Jackson Cascade Dominion	3250 Commonwealth Avenue, Duluth, MN		TARGET_MISSING_ADDRESS
S1-846810803	S3-81791925	True	C_SigToken+D_Prefix4	True	Surgical Care Associates	Surgical Ciire Associates	12820 212, Clackamas, OR		TARGET_MISSING_ADDRESS
S1-500245191	S3-429762274	True	C_SigToken+D_Prefix4	True	Constantina Brown Sierra LLC	Constantina Bsher Sierra LLC	5416 141st Street, Unit #104, Puyallup, WA		TARGET_MISSING_ADDRESS
S1-902986286	S2-652177229	True	F_Location	False	Segura Grid Inc	Belozeph	1535 Walnut Street, Helena, MT	001535 WALNUT STREET, HELENA, MT	NAME_DISJOINT_AND_NO_DIGIT_LOC_COOCCURRENCE
S1-197764114	S2-848437857	True	C_SigToken+D_Prefix4	True	Atlantic Veterinary Clinic	Atlantic-Veterinary	Princeton, WV, 131 Old Logan Road		TARGET_MISSING_ADDRESS
S1-842924813	S3-959277871	True	C_SigToken+D_Prefix4	True	Desert Twelve, L.L.C.	Desert  Twelve,	2 Oak Terrace, Unit 9, Somerville, MA		TARGET_MISSING_ADDRESS
S1-240965415	S3-175614369	True	C_SigToken+D_Prefix4	True	Wiley Premier Allstate Inc	Wiley Premier Altsate Inc	350 Parkland Oval, Brunswick City, OH		TARGET_MISSING_ADDRESS
S1-261052276	S3-47149916	True	F_Location	False	Education Guild	Evobrixveo	640 Federal Street, Chicago, IL	Federal Street, Chicago, Illinois	TARGET_LACKS_DIGITS
S1-286101444	S2-982780815	True	F_Location	False	Dental Partners of Rockford Inc.	partnersrockford.com	1125 Grant Avenue, Rockford, IL	ROCKFORD, IL, Grant Ave	TARGET_LACKS_DIGITS
S1-31951970	S3-410545229	True	D_Prefix4	True	Dental Associates Inc	Denta1 Ássociates Inc	1480 Thomas Hollow Road, Lucasville, OH		TARGET_MISSING_ADDRESS
S1-226625920	S3-299904647	True	F_Location	False	Metro Strategic Rock	Ect0dova	212 Meyer Lane, Sioux Falls, SD	21 Meyer Lane, Sioux Falls, South Dakota	NAME_DISJOINT_AND_NO_DIGIT_LOC_COOCCURRENCE
S1-734244261	S2-299758255	True	C_SigToken+D_Prefix4	False	Surgical Care Inc	Surgical Care Inc.	301 1st Avenue, Deer Creek, IL	1ST AVENUE, DEER CREEK, IL	TARGET_LACKS_DIGITS
S1-651252701	S2-374521882	True	C_SigToken+D_Prefix4	True	Martin Pacific Williams	Martin Pacific Wielleciams	341828 920 Road, Chandler, OK		TARGET_MISSING_ADDRESS
S1-568987203	S3-82141734	True	C_SigToken	True	Jarlify Lng LLC	Jariyf Lng (LLC)	15 Church Street, Thurmont, MD		TARGET_MISSING_ADDRESS
S1-261832575	S3-368680110	True	C_SigToken+D_Prefix4	False	Unified Diamond Devices LLC	Unified Devices LLC Services	3105 147th Avenue E, Unit APARTMENT  E, Tulsa, OK	310 147th Ave E, <NULL>, Tulssa, Oklahoma	LOCATION_TOKENS_DISJOINT
S1-261832575	S3-393437563	True	C_SigToken+D_Prefix4	False	Unified Diamond Devices LLC	Unified Diam0nd Devices [LLC]	3105 147th Avenue E, Unit APARTMENT  E, Tulsa, OK	310 147th Ave E, Oklahoma, Tulssa, <NULL>	LOCATION_TOKENS_DISJOINT
S1-353737687	S3-965831826	True	F_Location	False	J & X Antimony, L.L.C.	L.L.C. J & X Antnoocn,	2324 Brenda Lane, TX, Roanoke	Brenda Lane, Roanoke, Texas	TARGET_LACKS_DIGITS
S1-366375530	S3-259758911	True	C_SigToken+D_Prefix4	True	Great Horizon Computing Center	Great Horizon Computing Center Co | www.greathori.com	8932 Igoe Street, Fairfax County, VA		TARGET_MISSING_ADDRESS
S1-865421286	S2-358421132	True	C_SigToken+D_Prefix4	True	Community Blue Services	Community Blue	619 Draper Street, Mobile, AL		TARGET_MISSING_ADDRESS
S1-865421286	S3-389235840	True	C_SigToken+D_Prefix4	True	Community Blue Services	Community  Blue Services Inc.	619 Draper Street, Mobile, AL		TARGET_MISSING_ADDRESS
S1-390672369	S3-608218531	True	C_SigToken+D_Prefix4	True	Kelley Global LLC	Kelley LLC 6lobal	10002 Odin Cir, Unit 203, Louisville, KY		TARGET_MISSING_ADDRESS
S1-853049793	S2-566045450	True	C_SigToken+D_Prefix4	True	Safe Infrastructure Technologies LLC	SAFE INFRASTRUCTURE Enterprises	1232 Truman Street, Hammond, IN		TARGET_MISSING_ADDRESS
S1-866946030	S2-487224413	True	C_SigToken+D_Prefix4	False	Tri-State Foundation LLC	Tri-5tate LLC Foundation	5045 121st Place, Alsip, IL	ASLIP CDP, IL, 504 121RD PLACE	LOCATION_TOKENS_DISJOINT
S1-866946030	S2-226941659	False	None (Missed by G too)	False	Tri-State Foundation LLC	TRISTATEFOUNDATION.COM	5045 121st Place, Alsip, IL	504 121RD PL, ASLIP CDP, IL	NAME_DISJOINT_AND_NO_DIGIT_LOC_COOCCURRENCE
S1-563634760	S3-830751604	True	C_SigToken+D_Prefix4	True	Prairie Complete Applied	Prairie Copmltte Applied	NM, 671 Weatherly Road, Des Moines		TARGET_MISSING_ADDRESS
S1-399343839	S3-218354543	True	E_Digits	False	Capital Select Oceanhawk LLC	Novikeloarc	6401 183, Austin, TX	006401 183, Austn, Texas	NAME_DISJOINT_AND_NO_DIGIT_LOC_COOCCURRENCE
S1-20327522	S3-649758999	True	C_SigToken+D_Prefix4	True	Rains Space	Rain Space	18949 Coastal Highway, Unit 105, Rehoboth Beach, DE		TARGET_MISSING_ADDRESS
S1-280614261	S2-167910471	True	C_SigToken+D_Prefix4	True	Brunner Clear Harvard Care	BRUNNER-CLEAR HARVARD	1126 W Breckinridge St, Louisville, KY		TARGET_MISSING_ADDRESS
S1-434327293	S3-45413591	True	C_SigToken+D_Prefix4	True	Cox, Ewing & Jackson Paloma	Cox, Ewing + Jackson [Paloma]	184 Thornton Road, Pansey, AL		TARGET_MISSING_ADDRESS
S1-585055390	S3-447868737	True	C_SigToken+D_Prefix4	True	Regional Smart Series Corp	Regiona1 Smart Series Corp	15344 Little York Road, TX, Houston		TARGET_MISSING_ADDRESS
S1-308577226	S2-881237438	True	C_SigToken+D_Prefix4	True	Nalinia Capital Partners	Nalinia Capital	2039 Fremont Street, Klamath Falls, OR		TARGET_MISSING_ADDRESS
S1-916276074	S3-832348936	True	C_SigToken+D_Prefix4	True	Valley Heartland Kensington Ltd	Valley Heartland	6876 Rose Acres Lane, Felton, CA		TARGET_MISSING_ADDRESS
S1-511179543	S3-788384647	True	C_SigToken+D_Prefix4	True	Boia Parts LLC	Boia LLC Services	24 Hastings Road, Old Westbury, NY		TARGET_MISSING_ADDRESS
S1-347753629	S2-574830169	True	F_Location	False	VC Atlanta	vcátlanta.com	1295 Spyglass Drive, Eugene, OR	OR, EUGENE, SPYGLASS DR	TARGET_LACKS_DIGITS
S1-674830961	S3-363502417	True	F_Location	False	Trinity Chapel	Jaxectonex	2247 Park Avenue, Burlington, NC	Park Ave, Burlington, North Carolina	TARGET_LACKS_DIGITS
S1-820646949	S2-29806757	True	C_SigToken+D_Prefix4	True	Legacy Financial Brands Inc	Legacy Fadncial Brands Inc	600 12th Street, Newton, NC		TARGET_MISSING_ADDRESS
S1-701401531	S2-787237052	True	C_SigToken+D_Prefix4	True	Foot & Ankle Clinic	Foot & Ankle Clinic Inc.	1847 Boulder Springs Drive, Unit APT A, Saint Louis, MO		TARGET_MISSING_ADDRESS
S1-851207556	S3-686070613	True	C_SigToken+D_Prefix4	True	Erina Salvador Bay Carolina	Erina Salador  Bay Carolina	690 6th Street, Russellville, KY		TARGET_MISSING_ADDRESS
S1-875152958	S2-294223529	True	E_Digits	False	Gaa Diamond Cherry	UMBRAONYX	711 1st Avenue, Cascade, IA	711 1ST AVENUE, CASCDE, IA	NAME_DISJOINT_AND_NO_DIGIT_LOC_COOCCURRENCE
S1-51347080	S2-991298836	True	C_SigToken+D_Prefix4	True	Hue Crystal Networks Inc	HUE  CRYSTAL	OH, Cincinnati, 472 Pete Rose Way		TARGET_MISSING_ADDRESS
S1-975216975	S2-50637387	True	F_Location	False	Capital Health Center Memphis	healthcenter.com	915 Craigwood Drive, Memphis, TN	15 CRAIGWOOD DR, MEMPHIS, TN	NAME_DISJOINT_AND_NO_DIGIT_LOC_COOCCURRENCE
S1-596265179	S2-929967402	True	C_SigToken+D_Prefix4	True	Erena Maynard Restaurant Inc	Erena Manad Restaurant Inc	De Witt, 103 Schallhorn Street, AR		TARGET_MISSING_ADDRESS
S1-929213048	S3-370381586	True	C_SigToken+D_Prefix4	True	Twisted Bistro P.C.	Twisted Bistro & Co	3246 Ridge, Ashtabula, OH		TARGET_MISSING_ADDRESS
S1-870796649	S3-845245161	True	F_Location	False	Edwards Holdings Group Inc	Erdas  Holdings Group Inc	5900 The Knolls, Lincoln, NE	5515 The Knolls, Lincoln, Nebraska	NAME_DISJOINT_AND_NO_DIGIT_LOC_COOCCURRENCE
S1-278908726	S3-644740093	True	C_SigToken+D_Prefix4	True	Hayes Green Construction LLC	Hayes Construction LLC Center	100 Central Chapel Road, Caroline, NY		TARGET_MISSING_ADDRESS
S1-685806421	S2-402944680	True	F_Location	False	Brooks & Easter Inc	éasterbrooks.com	34 Ottawa Street, Lowell, MA	34B OTTAWA ST, LOWELL, MA	TARGET_LACKS_DIGITS
S1-685806421	S2-446951415	True	F_Location	False	Brooks & Easter Inc	BRÓOKSEASTER.COM	34 Ottawa Street, Lowell, MA	34B OTTAWA STREET, LOWELL, MA	TARGET_LACKS_DIGITS
S1-124355507	S2-115817164	True	C_SigToken+D_Prefix4	True	Thomas Rocky Jones	THOMAS ROCKY	12175 Pioneer Lane, Unit #222, Beaverton, OR		TARGET_MISSING_ADDRESS
S1-65215713	S3-952591063	True	C_SigToken+D_Prefix4	True	Lumari Wellness, LLC	Lumari Wellness, L.L.C.	27 Old Orchard Way, Warren, VT		TARGET_MISSING_ADDRESS
S1-813957725	S2-899592732	True	C_SigToken+D_Prefix4	True	Tello, Lanie, P.A., P.C.	Tello, Lanie, P.A., Inc	624 Prospect Street, Unit 1/2, Bucyrus, OH		TARGET_MISSING_ADDRESS
S1-787472042	S3-612910183	True	C_SigToken+D_Prefix4	True	Diann Burke, DMD	Diann Broirke, DMD | www.diannbroi.com	1383 Airport Road, Centerville, IN		TARGET_MISSING_ADDRESS
S1-824239016	S2-105983447	True	F_Location	False	Dominguez Industries L.L.C.	EVOBRIX	203 Pleasant Street, San Marcos, TX	PLEASANT STREET, SAN MARCOS, TX	TARGET_LACKS_DIGITS
S1-292262999	S2-860937990	True	C_SigToken	True	Sweeney, Marston and Macarthur LLC	SWEENEY, MARSTON AND MACARTHUR LLC	833 Washington Street, Fuquay-varina, NC		TARGET_MISSING_ADDRESS
S1-993092866	S3-499946130	True	C_SigToken+D_Prefix4	True	Platinum Columbus Inc	Platinum Cslufcs Inc	5226 Dunleigh Drive, Fairfax County, VA		TARGET_MISSING_ADDRESS
S1-328497075	S2-647751652	True	C_SigToken+D_Prefix4	True	Trimmer, Escalante and Zollinger LLC	TRIMMER ESCALANTE AND ZOLLINGER L.L.C.	1510 Alert, Warrenton, NC		TARGET_MISSING_ADDRESS
S1-160043387	S2-524880891	True	C_SigToken+D_Prefix4	False	Curry Star Soren	Curry Star  Snren	N9503 17th Avenue, Town Of Necedah, WI	9521 17ST AVE, NCEDAH, WI	LOCATION_TOKENS_DISJOINT
S1-160043387	S3-517087137	True	F_Location	False	Curry Star Soren	s0renstar.com	N9503 17th Avenue, Town Of Necedah, WI	17th Ave, Necedah, Wisconsin	NO_DIGITS_EITHER_RECORD
S1-600568183	S3-453590357	True	C_SigToken+D_Prefix4	True	Bailon Select Union LLC	Bailon Serect Union  LLC	121 Southeast Trace, James City County, VA		TARGET_MISSING_ADDRESS
S1-728243108	S2-682479936	True	C_SigToken+D_Prefix4	True	Hofmann and Deleon of Redlands	Hofmann & of Deraen [Redlands]	CA, 625 Lido Street, Redlands		TARGET_MISSING_ADDRESS
S1-343578731	S3-841519752	True	C_SigToken+D_Prefix4	True	Royal Marketing Laboratories, Inc	Royal Marketing	210 Lands End Road, Hillsboro, IL		TARGET_MISSING_ADDRESS
S1-456055507	S2-784401853	True	C_SigToken+D_Prefix4	True	First Church	FIRST CHURCH Enterprises	MO, 4924 Harvard Avenue, Kansas City		TARGET_MISSING_ADDRESS
S1-456055507	S3-965258337	True	C_SigToken	True	First Church	The First Church	MO, 4924 Harvard Avenue, Kansas City		TARGET_MISSING_ADDRESS
S1-885793803	S3-991697582	True	F_Location	False	Baum PC	Bmi-PC	305 Nora Avenue, Glenview, IL	00305 Nora Ave, Glenview, Illinois	NAME_DISJOINT_AND_NO_DIGIT_LOC_COOCCURRENCE
S1-264870869	S2-46610893	True	C_SigToken+D_Prefix4	True	86/31 Tax Service Inc	86/31 Tax Tax Service Inc	90 Main Street, Unit C, Westminster, MA		TARGET_MISSING_ADDRESS
S1-264870869	S2-109702181	True	F_Location	False	86/31 Tax Service Inc	8631taxservice.com	90 Main Street, Unit C, Westminster, MA	0090 MAIN STREET, WESTMINSTER, MA	NAME_DISJOINT_AND_NO_DIGIT_LOC_COOCCURRENCE
S1-261605972	S2-958845957	True	C_SigToken+D_Prefix4	True	Back Alley Hair Studio	BACK HAIR ALLEY STUDIO	34 Linden Avenue, Greenfield, MA		TARGET_MISSING_ADDRESS
S1-339345041	S2-621600391	True	F_Location	False	Ear Nose & Throat Clinic of Leadville North LLC	earnosethroat.com	121 14th Street, CO, Leadville North	LEADVILLE NORTH, FOURTEENTH STREET, CO	TARGET_LACKS_DIGITS
S1-617538950	S3-672903674	True	C_SigToken+D_Prefix4	True	Frontier Creative Landscaping	Frontier Creative	214 Taxiway Bravo, Unit B, Huntington, IN		TARGET_MISSING_ADDRESS
S1-467866587	S2-209021085	True	F_Location	False	Fredericka Gonzalez Clear Loan, LLC	Orbigild	17405 Glendale Avenue, Cleveland, OH	0017405 GLENDALE AVENUE, CLEVELAND, OH	NAME_DISJOINT_AND_NO_DIGIT_LOC_COOCCURRENCE
S1-422897902	S2-310621605	True	C_SigToken+D_Prefix4	True	Happy Book Store	Happy Stóre Book	955 Tinton Avenue, Bronx, NY		TARGET_MISSING_ADDRESS
S1-828293885	S2-860426108	True	C_SigToken+D_Prefix4	True	Tolbert Polestar Inc.	Tolbert Polestar	1708 Main Street, City Of Marinette, WI		TARGET_MISSING_ADDRESS
S1-226025994	S2-850124212	True	C_SigToken	True	Nichols Dental Associates	THE NICHOLS DENTAL ASSOCIATES	400 Fox Run, TX, Burnet		TARGET_MISSING_ADDRESS
S1-42181628	S3-393349921	True	C_SigToken+D_Prefix4	True	Aili Michel Asa LLC	Aili Michel LLC Partners	3568 Snoddy Road, Bloomington, IN		TARGET_MISSING_ADDRESS
S1-389778444	S2-762885603	True	C_SigToken+D_Prefix4	True	Horizon Allied Safeguard, LLC	Horizon Allied	149 Old River Road, Beaufort, NC		TARGET_MISSING_ADDRESS
S1-829321402	S2-626063364	True	C_SigToken+D_Prefix4	True	PIL Constellation LLC	PIL LLC Services	1328 Road 5860, Cleveland, TX		TARGET_MISSING_ADDRESS
S1-418363408	S3-619224725	True	C_SigToken+D_Prefix4	True	Horizon LLC	Horizon LLC #29552	2525 29, Flora, IN		TARGET_MISSING_ADDRESS
S1-744990422	S3-516117184	True	C_SigToken+D_Prefix4	True	Siex Healthcare Ltd	Siex Heralthacare Ltd	5312 Forest Oaks Drive, Mobile, AL		TARGET_MISSING_ADDRESS
S1-44730026	S2-736070089	True	C_SigToken+D_Prefix4	True	Luque Lionheart	Luque Li0nheart	Amherst, 462 Campus Drive, NY		TARGET_MISSING_ADDRESS
S1-919196806	S2-552084767	True	C_SigToken	True	Reliable Electronics Studios LP	RELlABLE ELECTRONICS	239 Orchard Road, Brookhaven, NY		TARGET_MISSING_ADDRESS
S1-775254704	S2-818891537	True	C_SigToken+D_Prefix4	True	Greene, Cardone and Schumacher L.L.C.	Greene Cardone L.L.C. Schumacher and	KY, 5917 Greenscape Drive, Florence, Unit APARTMENT L		TARGET_MISSING_ADDRESS
S1-452033999	S3-834162563	True	F_Location	False	Ethyl Banks Colonial Annaly Inc.	@Ethylbanks	IL, Canton, 24686 Barker Drive	Barker Dr, Canton, Illinois	TARGET_LACKS_DIGITS
S1-377322372	S3-783954405	True	C_SigToken+D_Prefix4	True	Maurine Cole Wellness Inc	Maurine Cole Inc Center	41 Crowell Avenue, Fort Thomas, KY		TARGET_MISSING_ADDRESS
S1-145091434	S3-248679323	True	C_SigToken+D_Prefix4	True	Shalna's Laboratories	Shalna's  Lbartgoriaes	106 Monarch Court, Waxahachie, TX		TARGET_MISSING_ADDRESS
S1-857390043	S3-66197297	True	C_SigToken+D_Prefix4	True	Best Marketing Enterprises PC	Best Marketing Enterprises Inc	8 Wizz Road, Stacyville, ME		TARGET_MISSING_ADDRESS
S1-876380435	S2-80616431	True	F_Location	False	KV Aerospace	KV 5ervices	Herington, 811 C Street, KS	81 C ST, HERINGTON, KS	NAME_DISJOINT_AND_NO_DIGIT_LOC_COOCCURRENCE
S1-293800488	S2-429738316	True	C_SigToken+D_Prefix4	True	Gonzalez & Wade	GONZALEZ + (WADE)	1303 Grand Avenue, City Of Janesville, WI		TARGET_MISSING_ADDRESS
S1-85136368	S3-621206781	True	F_Location	False	Ellettsville Urgent Care Integrated Center	... ellettsvilleurgentcare.com	423 Tulip Tree Court, Ellettsville, IN	00423 Tulip Tree Ct, Ellettsville, Indiana	NAME_DISJOINT_AND_NO_DIGIT_LOC_COOCCURRENCE
S1-85136368	S3-352590455	True	F_Location	False	Ellettsville Urgent Care Integrated Center	Eucare.Com	423 Tulip Tree Court, Ellettsville, IN	Indiana, Ellettsville, 00423 Tulip Tree Court	NAME_DISJOINT_AND_NO_DIGIT_LOC_COOCCURRENCE
S1-10597095	S3-300607267	True	C_SigToken+D_Prefix4	True	Corral Futurecorp PLLC	Corral Futurecorp	1473 Oak Street, Unit Apartment 4, Eugene, OR		TARGET_MISSING_ADDRESS
S1-413639640	S2-876982777	True	C_SigToken+D_Prefix4	True	Jackson Online Inc	JACKSON ONLINE-INC.	4900 Pine Ridge Road, Atkins, AR		TARGET_MISSING_ADDRESS
S1-160165570	S2-131263575	True	C_SigToken+D_Prefix4	True	Continental Foundation of Binghamton	Continental Fondation of  Binghamton	8 Crandall Street, Binghamton, NY		TARGET_MISSING_ADDRESS
S1-159514378	S2-72164968	True	C_SigToken+D_Prefix4	True	Pacific Drugs LLC	Pacific Dc LLC	Unit 18, 8 Tide View Path, Plymouth, MA		TARGET_MISSING_ADDRESS
S1-123009315	S3-348998455	True	C_SigToken	True	Urology Clinic LLC	Uro1ogy  Clinic LLC	108 Annie Avenue, Jacksonville, NC		TARGET_MISSING_ADDRESS
S1-537839025	S2-890046561	True	C_SigToken+D_Prefix4	True	Surgical Health of Aurora	Surgical Health Health of Aeueoha	1056 Asbury Drive, Aurora, IL		TARGET_MISSING_ADDRESS
S1-514494934	S2-77364772	True	C_SigToken+D_Prefix4	True	Cascade Endocrinology	Cascade Endcortnlongy	517 Eufaula Street, Norman, OK		TARGET_MISSING_ADDRESS
S1-504796203	S3-789628118	True	C_SigToken+D_Prefix4	True	Jackson College	Jackson Jackson College	425 Merrimac Way, Unit C203, Costa Mesa, CA		TARGET_MISSING_ADDRESS
S1-859146825	S2-482540082	True	F_Location	False	Womens Health Global Physicians L.L.C.	globalwomenshealth.com	TN, Lancing, 129 Landrum Hill Road	LANDRUM HILL ROAD, LANCING, TN	TARGET_LACKS_DIGITS
S1-709430478	S2-634623090	True	C_SigToken+D_Prefix4	True	Interstate Foundation	Interstate Enterprises	1079 Tally Place, Memphis, TN		TARGET_MISSING_ADDRESS
S1-302752018	S2-300948955	True	C_SigToken+D_Prefix4	True	Cascade Charities	Cascade Charities Corporation Enterprises	65 Picardy Street, Mobile, AL		TARGET_MISSING_ADDRESS
S1-609621632	S2-908011758	True	C_SigToken+D_Prefix4	True	Silva & Jackson	Silva & Jacfkon	3709 Memorial Highway, Mandan, ND		TARGET_MISSING_ADDRESS
S1-219997711	S2-744430264	True	C_SigToken+D_Prefix4	True	Continental Charities	CONTINENTAL  CHARITIES Enterprises	1220 Etworth Lane, Virginia Beach City, VA		TARGET_MISSING_ADDRESS
S1-219997711	S3-461213668	True	C_SigToken+D_Prefix4	True	Continental Charities	Continental Service	1220 Etworth Lane, Virginia Beach City, VA		TARGET_MISSING_ADDRESS
S1-663096395	S2-831772339	True	F_Location	False	Martin and Logan Group	@martinlogan	2175 Southern Avenue, Unit 133, Apache Junction, AZ	002175 SOUTHERN AVE, APACHE JUNCTION, AZ	NAME_DISJOINT_AND_NO_DIGIT_LOC_COOCCURRENCE
S1-663096395	S3-328330600	True	C_SigToken+D_Prefix4	True	Martin and Logan Group	Martin and Logan	2175 Southern Avenue, Unit 133, Apache Junction, AZ		TARGET_MISSING_ADDRESS
S1-349353248	S2-612209980	True	C_SigToken+D_Prefix4	True	Bison Aktiengesellschaft LLC	Bison Áktiengesellschaft L.L.C.	110 Hillcrest Boulevard, Decatur, IL		TARGET_MISSING_ADDRESS
S1-987930347	S3-858140623	True	C_SigToken+D_Prefix4	True	Stone, Merla, Esq.	Stone, Merla,	OH, Akron, 4599 Shaw Rd Extension		TARGET_MISSING_ADDRESS
S1-526382008	S2-778712007	True	C_SigToken+D_Prefix4	False	Kestay Roofing	KESTAY  ROOFING	22797 202nd Street, Queen Creek, AZ	202ND STREET, QUEEN CREEK, AZ	TARGET_LACKS_DIGITS
S1-114740443	S2-315282871	True	C_SigToken+D_Prefix4	True	Yang Regional Artificial LLC	Yang Yang Regional Artificial LLC	3 King Avenue, Binghamton, NY		TARGET_MISSING_ADDRESS
S1-101819629	S3-665386114	True	C_SigToken+D_Prefix4	True	Rambo, Artz & Martone, L.L.C.	Rambo, Artz & Martone,	6629 Bayou Black Drive, Unit A, Gibson, LA		TARGET_MISSING_ADDRESS
S1-844500800	S3-365092261	True	E_Digits	False	Big 32 Hair Studio	Solsynsol	1130 66, Marengo, IN	1130. 66, Marego, Indiana	NAME_DISJOINT_AND_NO_DIGIT_LOC_COOCCURRENCE
S1-624075363	S3-314665047	True	C_SigToken+D_Prefix4	True	Office of Veterans Affairs	Office Of Veterans Affairs & Co	7830 Sh 146, Baytown, TX		TARGET_MISSING_ADDRESS
S1-637938672	S2-991107073	True	F_Location	False	Cardiology Medicine LLC	Pyraumbralum	2140 Prairie Field Place, Manhattan, KS	PRAIRIE FIELD PLACE, MANHATAN, KS	TARGET_LACKS_DIGITS
S1-282208878	S3-533157849	True	C_SigToken+D_Prefix4	True	Unified Packaging Corporation LP	Unified Packaging  Corporation	3502 Needles Highway, Needles, CA		TARGET_MISSING_ADDRESS
S1-993467063	S2-790990411	True	F_Location	False	Drost School of Medicine	Zephgild	1225 Ellena, Casa Grande, AZ	122 ELLENA, PMB 9900, CASA GRANDE, AZ	NAME_DISJOINT_AND_NO_DIGIT_LOC_COOCCURRENCE
S1-833741884	S2-342187772	True	C_SigToken+D_Prefix4	True	Dynamic Energy Collective PLLC	Dynamic PLLC Collective Energy	456 Coronation Drive, Franklin, MA		TARGET_MISSING_ADDRESS
S1-598592659	S3-166630119	True	C_SigToken+D_Prefix4	True	Serra Delta Biotechnologies	Serra Biotechnologies Services	1602 Ernest Drive, Mobile, AL		TARGET_MISSING_ADDRESS
S1-532520117	S3-847220381	True	C_SigToken+D_Prefix4	True	Cure Ice Cream	Cure Ice Cream Center	214 Prescott Road, Unit 95, Amherst, MA		TARGET_MISSING_ADDRESS
S1-87955661	S2-248602428	True	C_SigToken+D_Prefix4	True	Uptown Bistro	Uptown Uptown Bistro	342 Portland Boulevard, Portland, TN		TARGET_MISSING_ADDRESS
S1-185314739	S3-752458065	True	F_Location	False	Wallis Comstock LLC	comstockwallis.com	136 Oakcrest Avenue, Port Angeles, WA	Oakcrest Ave, PT. Ageles, Washington	TARGET_LACKS_DIGITS
S1-398144002	S2-312303760	False	None (Missed by G too)	False	Sibyl's Bakery LLC	@SIBYLSBAKERY	337 Teakwood Terrace, Amherst, NY	NY, BUFFALO, 0195 TEAKWOOD TER	NAME_DISJOINT_AND_NO_DIGIT_LOC_COOCCURRENCE
S1-786335544	S2-285344015	True	C_SigToken+D_Prefix4	True	Rutledge Open, LLC	Rutledge Open, L.L.C.	TN, Woodlawn, 4065 Oakwood Road		TARGET_MISSING_ADDRESS
S1-336357570	S2-641754569	True	F_Location	False	Robertson All Sierra Inc	Ectociraarc	1605 River Road, Lavaca, AR	01605 RIVER RD, LAVAA, AR	NAME_DISJOINT_AND_NO_DIGIT_LOC_COOCCURRENCE
S1-820335883	S2-439209729	True	C_SigToken+D_Prefix4	True	Whittaker Animal Hospital	Whittaker Animal	2705 Johnson Branch Road, Leoma, TN		TARGET_MISSING_ADDRESS
S1-370291949	S3-594614825	True	C_SigToken+D_Prefix4	True	Economic Development Society	Economic Development - 2591384603	3807 Turnpike Drive, Brookshire, TX		TARGET_MISSING_ADDRESS
S1-569911400	S2-993643484	True	C_SigToken+D_Prefix4	True	Mckee Harbor All	Mckee Harb0r All	347 500, Payson, UT		TARGET_MISSING_ADDRESS
S1-445229265	S2-318863473	True	C_SigToken+D_Prefix4	True	Jarleus Synchrony LLC	Jarleus Synchrony L.L.C.	3010 London Avenue, Village Of Cottage Grove, WI		TARGET_MISSING_ADDRESS
S1-548935587	S2-257059204	True	F_Location	False	Sharona Bunting Athene Corp	DELTARIZA	5209 Tant Circle, Knightdale, NC	005209 TANT CIR, KNIGHTDALE, NC	NAME_DISJOINT_AND_NO_DIGIT_LOC_COOCCURRENCE
S1-602029172	S3-630258153	False	None (Missed by G too)	True	F+ Blockchain LLC	F+ LLC Center	21 Trafton Street, York, ME		TARGET_MISSING_ADDRESS
S1-327775689	S2-193532501	True	F_Location	False	Powell Memorial Tri-State Foundation	tristatememorialpowell.com	9504 Rambling Creek Way, Powell, TN	Rambling Creek Way, POWELL, TN	TARGET_LACKS_DIGITS
S1-582268220	S3-920936779	True	F_Location	False	Danit Maldonado, D.D.S.	Veracira	2504 Cliffbourne Place, Unit 1, Washington, DC	2287- Cliffbourne Pl, PO Box 3904, Washington, District of Columbia	NAME_DISJOINT_AND_NO_DIGIT_LOC_COOCCURRENCE
S1-634938347	S2-526365058	True	C_SigToken+D_Prefix4	True	Office of Consumer Affairs	Office of Cmrnuaer (Affairs)	4923 Holly Oak Road, Fort Wayne, IN		TARGET_MISSING_ADDRESS
S1-401566394	S2-546903536	True	F_Location	False	Ridge Pioneer Box, LLC	BRPIONEER.COM	96 Central Boulevard, Unit C, Bethany Beach, DE	0096 CENTRAL BLVD, BETHANY BEACH, DE	NAME_DISJOINT_AND_NO_DIGIT_LOC_COOCCURRENCE
S1-523850949	S2-438245222	True	F_Location	False	Bureau of Education	FAYEYUMAZETA	1255 Poca River Road, Poca, WV	1255C POCA RIVER RD, POCA, WV	TARGET_LACKS_DIGITS
S1-766042058	S3-702889801	True	F_Location	False	Enseex LLC	Eneeex  LLC	5 Bolton Place, Augusta County, VA	05 Bolton Pl, Fishersville, Virginia	NAME_DISJOINT_AND_NO_DIGIT_LOC_COOCCURRENCE
S1-766042058	S3-806141412	True	F_Location	False	Enseex LLC	Enesex LLC	5 Bolton Place, Augusta County, VA	05 Bolton Place, Augusta County, Virginia	NAME_DISJOINT_AND_NO_DIGIT_LOC_COOCCURRENCE
S1-390211641	S2-488884289	True	C_SigToken+D_Prefix4	True	Silver Institutions, LLC	Silver Institutions, L.L.C.	2644 Algonquin Pkwy, Louisville, KY		TARGET_MISSING_ADDRESS
S1-581657241	S3-997056286	True	C_SigToken+D_Prefix4	False	Choice Asset International	Choice Asset  Internationa1	WA, 9011 72nd Avenue, Cheney	72nd Avenue, Ceney, Washington	TARGET_LACKS_DIGITS
S1-252070891	S2-613177459	True	C_SigToken	False	Bliss Lambert, L.C.S.W., P.C.	Lambert,, Bliss L.C.S.W., P.C.	604 Colleen Drive, Lynwood, IL	IL, 0604 COLLEEN DRIVE, LYNWOOD	LOCATION_TOKENS_DISJOINT
S1-252070891	S2-561540448	True	C_SigToken	False	Bliss Lambert, L.C.S.W., P.C.	LAMBERT,, BLISS LCSW, [PC]	604 Colleen Drive, Lynwood, IL	0604 COLLEEN DR, LYNWOOD, IL	LOCATION_TOKENS_DISJOINT
S1-531862922	S2-419821128	True	C_SigToken+D_Prefix4	True	Schurman, Archie & Enlow Archimedes Inc	Schurman, Adcrrhle & Enlow Archimedes Inc	1316 Lambeth Lane, Virginia Beach City, VA		TARGET_MISSING_ADDRESS
S1-131884699	S3-524642994	True	F_Location	False	Capital Society	societycapital.com	5833 Rolling Hills Boulevard, Lincoln, NE	5833b Rolling Hills Blvd, Lincoln, Nebraska	TARGET_LACKS_DIGITS
S1-482048352	S2-636187655	True	C_SigToken+D_Prefix4	True	Creative Rocky Immunopharma LLC	Creative-Rocky	24 Ramseys Ridge Road, West Union, WV		TARGET_MISSING_ADDRESS
S1-229527836	S3-144187387	True	F_Location	False	Birch LLC	Bh (LLC)	NC, Ayden, 4087 Pitt Street	408 Pitt Street, Ayden, North Carolina	NAME_DISJOINT_AND_NO_DIGIT_LOC_COOCCURRENCE
S1-613215990	S3-612821837	True	C_SigToken+D_Prefix4	True	Choice Automation Networks Inc	Choice Autdomadtion Networks Inc	1914 Bergen Street, Hempstead, NY		TARGET_MISSING_ADDRESS
S1-712638258	S3-904739921	True	C_SigToken+D_Prefix4	True	Eastern Montessori School, Inc	Eastern Móntessori	11930 6th Avenue, Cincinnati, OH		TARGET_MISSING_ADDRESS
S1-247814647	S2-893653113	True	C_SigToken+D_Prefix4	True	Garcia Enterprises	Garcia Service	81 Ricker Avenue, Buckhannon, WV		TARGET_MISSING_ADDRESS
S1-743519409	S2-442719347	True	C_SigToken+D_Prefix4	True	Martinez Disciplined LLC	Martinez Disciplined L.L.C.	7360 Sachem Trail, Victor, NY		TARGET_MISSING_ADDRESS
S1-665319638	S3-881760680	True	C_SigToken+D_Prefix4	True	Wilson Bond L.L.C.	Wilson L.L.C. Bond	176 Meta Lane, Symsonia, KY		TARGET_MISSING_ADDRESS
S1-985837794	S2-811886856	True	C_SigToken+D_Prefix4	True	West & Bernal Central LLC	WEST &  BERNAL	2657 Classen Boulevard, Unit APT, Norman, OK		TARGET_MISSING_ADDRESS
S1-899958640	S2-412776888	True	C_SigToken+D_Prefix4	True	Rich and Riley LLC	Rich and Ri1ey LLC	2935 Mcgaha Avenue, Wichita Falls, TX		TARGET_MISSING_ADDRESS
S1-876108246	S2-320165143	True	C_SigToken+D_Prefix4	True	Barker & Harris Safeguard	Barker Harris & Safeguard	York, 1878 Voyager Road, SC		TARGET_MISSING_ADDRESS
S1-369100424	S3-199159337	True	C_SigToken+D_Prefix4	True	Bright Bistro	bright bistro & Co	2521 A Emogene Street, Mobile, AL		TARGET_MISSING_ADDRESS
S1-599869526	S3-396293193	False	None (Missed by G too)	False	Decarlo Heritage Electric LLC	Fayeyuma	8418 Ii, WI, Town Of Wolf River	8400 1/2 Ii, Fremont, Wisconsin	NAME_DISJOINT_AND_NO_DIGIT_LOC_COOCCURRENCE
S1-914745417	S3-403918313	True	C_SigToken+D_Prefix4	True	Clean Financial Partners LP	Clean Financial Ptrohs LP	102 Delby Street, Hutto, TX		TARGET_MISSING_ADDRESS
S1-736468322	S3-857245939	True	C_SigToken+D_Prefix4	True	Mountain Reliable Defense	Mountain Reilbael Defense	47 Redbird Street, Little Sandy, KY		TARGET_MISSING_ADDRESS
S1-418987442	S3-251743100	True	C_SigToken+D_Prefix4	True	Hyatt, Tonkin & Kendrick, Inc	Hyatt, Tnhonk & Kendrick, Inc	1725 Dorchester Street, Fort Worth, TX		TARGET_MISSING_ADDRESS
S1-181101432	S2-344927835	True	C_SigToken+D_Prefix4	True	Larsen's Manufacturing Care	Larsen's Manufacturing Care Inc.	845 Miller Street, Petersburg City, VA		TARGET_MISSING_ADDRESS
S1-235257056	S2-139418147	True	C_SigToken+D_Prefix4	True	Goldy Brownfield Mountain	Goldy Brownfield	1004 Ferndale Street, Plymouth, IN		TARGET_MISSING_ADDRESS
S1-730252010	S3-135992440	True	C_SigToken+D_Prefix4	True	Lucie Witherspoon Trusted Metals Care	Lucie Witherspoon [Trusted]	179 School Street, Oyster Bay, NY		TARGET_MISSING_ADDRESS
S1-278825228	S3-987548804	True	C_SigToken+D_Prefix4	True	Economic Development Charities	Economic Development Charities LP	709 6th Avenue, MN, Howard Lake		TARGET_MISSING_ADDRESS
S1-356585252	S3-473153959	True	C_SigToken+D_Prefix4	True	Cornelle's Ace Chemical	Cornelle'S Ace	19 Lavender Drive, Whispering Pines, NC		TARGET_MISSING_ADDRESS
S1-379007295	S3-909159657	True	C_SigToken+D_Prefix4	True	Better Signature Integrated	Better Signature Center	3213 Holly Lane, Rowlett, TX		TARGET_MISSING_ADDRESS
S1-379007295	S3-93103181	True	C_SigToken+D_Prefix4	True	Better Signature Integrated	Better Signature Inferaetd	3213 Holly Lane, Rowlett, TX		TARGET_MISSING_ADDRESS
S1-989617587	S3-849486057	True	F_Location	False	Zephic Pinnacle LLC	@zephicpinnacle	353 Lynda Street, Mount Airy, NC	Lynda Street, Mount Airy Township, North Carolina	TARGET_LACKS_DIGITS
S1-179641994	S3-193364541	True	C_SigToken+D_Prefix4	True	Oncology Associates LLC	Oncology Associates Associates Enterprises	18526 Grade School, Unit 0, Caledonia, IL		TARGET_MISSING_ADDRESS
S1-108567304	S2-97694002	True	C_SigToken+D_Prefix4	True	Bingham Secure Stifel	Bingham Secure Stifel Stifel Corporation	Unit Apartment 3, NY, 15 Broadway, Nyack		TARGET_MISSING_ADDRESS
S1-385307492	S2-448976915	True	F_Location	False	Syndyne, Inc	Círabrixtavo	2704 Glacier Avenue, Unit Unit 4, Redmond, OR	2632 GLACIER AVE, OR, REDMOND	NAME_DISJOINT_AND_NO_DIGIT_LOC_COOCCURRENCE
S1-199813560	S2-768111564	True	C_SigToken+D_Prefix4	True	Physical Therapy Specialists	Physical Therapy Specialists Association Association	20115 129, Haleyville, AL		TARGET_MISSING_ADDRESS
S1-745730751	S2-105512604	True	E_Digits	False	Metro Creative Kensington	Fayearchalo	33628 224th Lane, Wittmann, AZ	33628 224TH LN, WITTMNAN, AZ	NAME_DISJOINT_AND_NO_DIGIT_LOC_COOCCURRENCE
S1-450905849	S3-569681469	True	C_SigToken+D_Prefix4	True	Bradley Total	Bradley-Tol	68 Hempstead Street, Sag Harbor, NY		TARGET_MISSING_ADDRESS
S1-283036221	S2-499520998	True	C_SigToken+D_Prefix4	True	Jessika Goldenberg Circle Group	JESSIKA  CIRCLE GOLDENBERG GROUP	104 Center Avenue, Islip, NY		TARGET_MISSING_ADDRESS
S1-835597556	S3-165754339	True	C_SigToken	True	Main Street Bistro Inc	The  Main Street Bistro Inc	Unit 2, Boston, 151 Brookline Street, MA		TARGET_MISSING_ADDRESS
S1-833284222	S3-31923715	True	C_SigToken+D_Prefix4	True	4141 Church St Holdings	4141 Cshurhc St  Holdings	1217 Ugugu Drive, Brevard, NC		TARGET_MISSING_ADDRESS
S1-743659808	S2-585428528	True	C_SigToken+D_Prefix4	True	Allied Tri-State Nuclear PLLC	Allied Tbi-Stace  Nuclear PLLC	670 1st Street, Yamhill, OR		TARGET_MISSING_ADDRESS
S1-763617066	S3-407986772	True	C_SigToken+D_Prefix4	True	Ace Chs	Ace Chs lnc	15017 Silver Firs Drive, Everett, WA		TARGET_MISSING_ADDRESS
S1-420919123	S3-947027063	True	F_Location	False	The Dent Barbershop LLC	bdent.com	118 Pond Street, Unit 1, Natick, MA	18 Pond St, Natick, Massachusetts	NAME_DISJOINT_AND_NO_DIGIT_LOC_COOCCURRENCE
S1-463923249	S3-881039351	True	F_Location	False	Community Chiropractic	Brixevo	6915 Dianthus Drive, St. George City, LA	06915 Dianthus Dr, St. George City, Louisiana	NAME_DISJOINT_AND_NO_DIGIT_LOC_COOCCURRENCE
S1-251712851	S2-976707117	True	C_SigToken+D_Prefix4	True	Corner Pizza! PLLC	Corner PLLC Pizza! (ID: 83770)	4126 Gramercy Street, TX, Houston		TARGET_MISSING_ADDRESS
S1-727226427	S2-987605007	True	F_Location	False	Biehl Unified Iheartmedia LLC	CALOGILD	VA, Hanover County, 7434 Wrexham Circle	WREXHAM CIRCLE, MECHANICSVILLE, VA	TARGET_LACKS_DIGITS
S1-258891544	S2-725678042	True	C_SigToken+D_Prefix4	True	Mahala Jones Metropolitan Residential	Mahala Jones Metropolitan	25 Homestead Road, New Hartford, NY		TARGET_MISSING_ADDRESS
S1-778732849	S3-635496092	True	C_SigToken+D_Prefix4	True	Maid Yoga	Maid Ydroa	1512 300, Unit 215, Salt Lake City, UT		TARGET_MISSING_ADDRESS
S1-716728712	S3-427753067	True	C_SigToken+D_Prefix4	True	Estrella Cox Innovative Logistics	Estrella Cox Logistics Innovative	175 600, Unit 207, Richfield City, UT		TARGET_MISSING_ADDRESS
S1-797046738	S3-597037149	True	C_SigToken+D_Prefix4	True	Twisted Book Store	Twisted 8ook Store	3001 19th Avenue, Unit Apartment 302, Sheffield, AL		TARGET_MISSING_ADDRESS
S1-930096714	S3-666010929	True	C_SigToken+D_Prefix4	True	Dental Group	Dental Inc & Co	2120 Bluebird Lane, Highland, IN		TARGET_MISSING_ADDRESS
S1-930096714	S3-229713777	True	F_Location	False	Dental Group	Dematln Group	2120 Bluebird Lane, Highland, IN	212 Bluebird Ln, Highland, Indiana	NAME_DISJOINT_AND_NO_DIGIT_LOC_COOCCURRENCE
S1-956091951	S2-333872198	True	C_SigToken+D_Prefix4	True	Tracee Rooney Republic LLC	Tracee Rooney LLC Services	TX, Gordonville, 684 Pronghorn Drive		TARGET_MISSING_ADDRESS
S1-473038674	S3-254900337	True	F_Location	False	Fisher & Lange Inc	Jaxorbi	215 3rd Avenue, City Of Onalaska, WI	Third Ave, City Of Onalaska, Wisconsin	TARGET_LACKS_DIGITS
S1-859072780	S3-708104445	True	C_SigToken+D_Prefix4	True	Velis Inc.	velis inc. - 2119506415	2407 Mckenzie Drive, Tyler, TX		TARGET_MISSING_ADDRESS
S1-769477786	S2-449501297	True	C_SigToken+D_Prefix4	True	Blackwell, Romain & Shea Cartesian	Blackwell, Romain &	1900 Parker Road, Houston, TX		TARGET_MISSING_ADDRESS
S1-366636599	S3-494256165	True	C_SigToken+D_Prefix4	True	Novon Purpose LLC	Novon Purapse LLC	1021 Arlington Drive, Moses Lake, WA		TARGET_MISSING_ADDRESS
S1-188058037	S2-413655039	True	E_Digits	False	Johnson Apparel Inc	j0hnsonapparel.com	1056 18 Street, NY, Brooklyn	1056 18 SAINT, BROOKLYN, NY	NAME_DISJOINT_AND_NO_DIGIT_LOC_COOCCURRENCE
S1-77022765	S3-936605404	True	C_SigToken+D_Prefix4	True	Pacific Network	Pacific  Network Trading	Ashland, 1709 County Road 24, KS		TARGET_MISSING_ADDRESS
S1-876945000	S3-571392973	True	C_SigToken+D_Prefix4	True	Kestio Bancshares Inc	Kestio 8ancshares	49 Bunky Bear Lane, Sandy River Plt, ME		TARGET_MISSING_ADDRESS
S1-257371623	S2-25416020	True	F_Location	False	NC Virginia, Inc	Viovantage	2305 Penn Avenue, Minneapolis, MN	MINNEAPOLIS, 2223 PENN AVENUE, MN	NAME_DISJOINT_AND_NO_DIGIT_LOC_COOCCURRENCE
S1-257371623	S3-33179397	True	F_Location	False	NC Virginia, Inc	NC Inc Service	2305 Penn Avenue, Minneapolis, MN	Penn Ave, Minneapolis, Minnesota	TARGET_LACKS_DIGITS
S1-753735450	S2-169589057	True	F_Location	False	Vision Clinic of Oakwood Inc	Tavoonyx	65 Delta Drive, Oakwood, IL	1 DELTA DRIVE, OAKWOOD, IL	NAME_DISJOINT_AND_NO_DIGIT_LOC_COOCCURRENCE
S1-170080453	S3-695448612	True	C_SigToken+D_Prefix4	True	Jones Telefonica	Jones Telefonica Inc.	101 Tally Ho Road, Santa Maria, CA		TARGET_MISSING_ADDRESS
S1-743548191	S3-43755267	True	F_Location	False	Bean Legacy Dominion Group	Gildecto	4103 Ridge Path Road, Spring, TX	<NULL>, Texas, Spring, 103 Ridge Path Rd	NAME_DISJOINT_AND_NO_DIGIT_LOC_COOCCURRENCE
S1-387058194	S2-292648665	True	C_SigToken+D_Prefix4	True	Parris Processing LLC	PARRIS PDRECOSESMNG LLC LLC	Lake Stevens, 12808 20th Street, WA		TARGET_MISSING_ADDRESS
S1-212684612	S3-760460399	True	C_SigToken+D_Prefix4	True	Chiropractic Strategic Associates Inc	Chiropractic Strategic Assocats Inc	1519 Hargrove Street, Rocky Mount, NC		TARGET_MISSING_ADDRESS
S1-672009288	S2-466563453	True	C_SigToken+D_Prefix4	True	3141 Madison Street Partners Center	3141  MADISON STREET CENTER PARTNERS	17820 Pine Avenue, Fontana, CA		TARGET_MISSING_ADDRESS
S1-697886614	S3-857035138	True	C_SigToken+D_Prefix4	True	Huckaby's Electronics	Huckaby'S [Électranoics]	55 Ashumet Road, Falmouth, MA		TARGET_MISSING_ADDRESS
S1-394315817	S2-953099744	True	F_Location	False	Falcon LP	Falln LP	1920 Greenwood Avenue, Fort Smith, AR	GREENWOOD AVENUE, FT SMITH, AR	TARGET_LACKS_DIGITS
S1-622341405	S2-637123110	True	D_Prefix4	False	Optimal United Biomedical	optimalunitedbiomedical.com	1519 13th Street, Tuscaloosa, AL	AL, TUSCAOLOSA, 1518 13ST STREET	LOCATION_TOKENS_DISJOINT
S1-179572617	S3-451245800	True	C_SigToken	True	Foundry LLC	@foundry Enterprises	51 Lincoln Lane, Grafton, MA		TARGET_MISSING_ADDRESS
S1-812117553	S3-534440749	True	C_SigToken+D_Prefix4	True	Arts Association	Arts Asdsociation	1412 8th Avenue, Pine Bluff, AR		TARGET_MISSING_ADDRESS
S1-45907674	S2-831713883	True	C_SigToken+D_Prefix4	True	Felix and Stanford Associates	Felix and Stanfdr Associates	337 Rockefeller Road, Richford, NY		TARGET_MISSING_ADDRESS
S1-299799000	S2-676628092	True	C_SigToken+D_Prefix4	True	Behavioral Health Total Group	Behavioral Health Teioal Group	1109 Vineyard, Jefferson City, MO		TARGET_MISSING_ADDRESS
S1-432360391	S3-504563492	True	C_SigToken+D_Prefix4	True	Innovative Home Care Associates	Innovative Home Care Associate	E9113 Terrytown Road, Town Of Excelsior, WI		TARGET_MISSING_ADDRESS
S1-823106936	S2-303653613	True	F_Location	False	West Advanced Abrdn, LLC	advancedabrdn.com	52 Kimberly Court, Wareham, MA	052 KIMBERLY CT, WAREHAM, MA	NAME_DISJOINT_AND_NO_DIGIT_LOC_COOCCURRENCE
S1-773588971	S3-943882737	True	C_SigToken+D_Prefix4	True	Cardiology Center LLC	Cardiology LLC Services Trading	605 Meadow Street, German Township, PA		TARGET_MISSING_ADDRESS
S1-989010440	S2-118595038	True	C_SigToken+D_Prefix4	True	Vaon Inc.	Vaon Inc. Partners	Fordyce, 607 6th Street, AR		TARGET_MISSING_ADDRESS
S1-439652185	S2-755323652	True	F_Location	False	Heartland Summit Tavia LLC	Vioevo	53 Saint Germain Street, Quincy, Unit LEFT, MA	Saint Germain Street, QUINCY, MA	TARGET_LACKS_DIGITS
S1-161428345	S3-561756807	True	F_Location	False	Dois Trust Inc	Vantageectovera	Manhattan, KS, 6024 Patterson Drive	Manhattan, Kansas, 005948 Patterson Dr	NAME_DISJOINT_AND_NO_DIGIT_LOC_COOCCURRENCE
S1-922645221	S2-57432382	True	F_Location	False	Sweet Tattoo LLC	SWEET TANOO (LLC)	5112 Wonder Lake Road, Wonder Lake, IL	WONDER LAKE RD, WONDER LAKE, IL	TARGET_LACKS_DIGITS
S1-574916360	S2-907329401	True	D_Prefix4	False	Sirius Ingredients LLC	#siriusingredients	NE, Plattsmouth, 8866 Greenwood Road	8802 GREENWOOD RD, BEAVER LAKE, NE	LOCATION_TOKENS_DISJOINT
S1-484825320	S2-393886292	True	C_SigToken+D_Prefix4	True	Lasher & Irby Pmv, LLC	Lasher & Iosryb Pmv, LLC	643 194th Street, Unit 1ST FL, Glenwood, IL		TARGET_MISSING_ADDRESS
S1-484825320	S2-249560161	True	C_SigToken+D_Prefix4	False	Lasher & Irby Pmv, LLC	Lasher  & Irby	643 194th Street, Unit 1ST FL, Glenwood, IL	194TH ST, GLENWOOD, IL	TARGET_LACKS_DIGITS
S1-471273607	S3-485735201	True	C_SigToken+D_Prefix4	True	Thomas Delta Solana Corp	Thomas Delta Solana Corp.	184 Sweeney Street, NY, North Tonawanda, Unit Apartment 211		TARGET_MISSING_ADDRESS
S1-101996265	S2-89964905	True	C_SigToken+D_Prefix4	True	GVT Modern Tidewater LLC	GVT Modern	368 High St(mystic), Groton, CT		TARGET_MISSING_ADDRESS
S1-380088053	S2-851138843	True	C_SigToken+D_Prefix4	True	Chicago Wildlife Trust	Chicago Wildlife	6251 Mozart Street, Chicago, IL		TARGET_MISSING_ADDRESS
S1-415255610	S2-261205304	True	C_SigToken+D_Prefix4	True	Houston Regional Vanguard Center LLC	Houston Regional  Vanguard Center L.L.C.	535 Troy Road, Houston, TX		TARGET_MISSING_ADDRESS
S1-364030197	S2-579827081	True	C_SigToken+D_Prefix4	True	Vilma's Harbor Investments	Vilma's Harbor Investmnts	Elizabeth City, NC, 704 Cypress Street		TARGET_MISSING_ADDRESS
S1-907380869	S3-947015506	True	C_SigToken+D_Prefix4	True	Piedmont Green Resolution Inc	Piedmont Grenb Resolution Inc	24704 Garrett Road, Tanner, AL		TARGET_MISSING_ADDRESS
S1-445226098	S3-972845642	True	C_SigToken+D_Prefix4	True	Corner Pizza	Corner Pizza & Co	47 Sherman Avenue, Shelby, OH		TARGET_MISSING_ADDRESS
S1-702620234	S3-27842632	True	C_SigToken+D_Prefix4	True	Filium Grand Oneim Center	Filium Grand Oneim Center LP	1985 143, Elmore, AL		TARGET_MISSING_ADDRESS
S1-154668315	S2-541438010	True	C_SigToken+D_Prefix4	True	Loredo Latin, Inc	Loredo Latin, Inc.	8216 Boggs Creek Drive, Unit APT G, IN, Indianapolis		TARGET_MISSING_ADDRESS
S1-55124480	S2-459152005	True	F_Location	False	Dynamic Mobility Partners	partnersmobility.com	711 8th Street, Unit 711, Littlefield, TX	71 8TH ST, TX, LITTLEFIELD	NAME_DISJOINT_AND_NO_DIGIT_LOC_COOCCURRENCE
S1-68548736	S2-159741601	True	E_Digits	False	Ramirez and Dildine Health	díldinehealth.com	5244 45th Street, Parma, OH	5244 45ST STREET, CLEVELAND, OH	NAME_DISJOINT_AND_NO_DIGIT_LOC_COOCCURRENCE
S1-517440584	S3-376056393	True	C_SigToken+D_Prefix4	True	Wright Diana Inc	Wright Diana Inc.	Michigan City, IN, 210 Lady Lane		TARGET_MISSING_ADDRESS
S1-517440584	S3-870552474	True	F_Location	False	Wright Diana Inc	wdiana.com	Michigan City, IN, 210 Lady Lane	#190 Lady Ln, Michigan City, Indiana	NAME_DISJOINT_AND_NO_DIGIT_LOC_COOCCURRENCE
S1-606397037	S3-53159856	True	F_Location	False	Uptown Tattoo!	@uptowntattoo	7844 Cape Charles Drive, Raleigh, NC	784 Cape Charles Drive, Raleigh, North Carolina	NAME_DISJOINT_AND_NO_DIGIT_LOC_COOCCURRENCE
S1-527339698	S3-884207470	True	F_Location	False	Synia-Louisville	Fluxsol | www.fluxsol.com	1321 S 4th St, Unit 5, Louisville, KY	S 4th St, Louisville, Kentucky	TARGET_LACKS_DIGITS
S1-734981473	S3-424987523	True	C_SigToken+D_Prefix4	True	Hynda Hahn Term LLC	Hynda Hahn LLC Partners	1657 Harvard Avenue, Unit B, Columbus, OH		TARGET_MISSING_ADDRESS
S1-979546053	S2-352196386	True	D_Prefix4	True	AR Enhanced Inc	AR Edhnfnced-Inc	395 11th Street, Dawson, MN		TARGET_MISSING_ADDRESS
S1-418374648	S3-76983722	True	C_SigToken+D_Prefix4	True	GX Cornerstone Business Inc	GX (Cornerstone)	1301 V, Birmingham, AL		TARGET_MISSING_ADDRESS
S1-422650667	S3-587496736	True	C_SigToken+D_Prefix4	True	Allied Green Rocket LLC	Allied Green Rocket [LLC] #70748	1521 Elmhurst Drive, Worthington, KY		TARGET_MISSING_ADDRESS
S1-735351999	S2-124646184	True	F_Location	False	Tri-State Keystone Old	tristatekeystoneoldcom	11117 Woodland Avenue, Cleveland, OH	1117 WOODLAND AVENUE, OH, CLEVELAND	NAME_DISJOINT_AND_NO_DIGIT_LOC_COOCCURRENCE
S1-923550774	S3-470826905	True	C_SigToken+D_Prefix4	True	Prairie Federation	Prairie Federation Trading	167 Washington Street, Malden, MA		TARGET_MISSING_ADDRESS
S1-417196626	S3-752125519	True	C_SigToken+D_Prefix4	True	Wilson and Hernandez Ready, LLC	Wilson and Hernandez LLC Services	216 Valerie Court, Taylorsville, KY		TARGET_MISSING_ADDRESS
S1-194788356	S2-859745137	True	F_Location	False	Daque Starwood, Inc	Tav0zeph	9087 Shipyard Lane, Blaine, WA	SHIPYARD LN, BLAINE, WA	TARGET_LACKS_DIGITS
S1-389810498	S3-243862682	True	C_SigToken+D_Prefix4	True	Metro Hcm LLC	Metro Hcm Llc (ID: 82856)	4232 University Drive, Fairfax City, VA		TARGET_MISSING_ADDRESS
S1-678510003	S3-157654265	True	F_Location	False	@ Style 2 It Inc	... Style2.Com	511 Virginia Street, Bethalto, IL	51 Virginia St, Bethalto, Illinois	NAME_DISJOINT_AND_NO_DIGIT_LOC_COOCCURRENCE
S1-777044669	S2-823864721	True	C_SigToken+D_Prefix4	False	Estelle Johnson, CPA	Estelle Johnson,	709 Deerwood Tr, Greenville, IL	961 DEERWOOD TR, GREENVILLE, IL	LOCATION_TOKENS_DISJOINT
S1-728391778	S2-210308853	True	C_SigToken+D_Prefix4	True	Vieira and Denison Crumrine PC	VIEIRA-AND VIEIRA-AND DENISON CRUMRINE PC	1741 Gary Avenue, IL, Aurora		TARGET_MISSING_ADDRESS
S1-324125906	S2-906883465	True	C_SigToken+D_Prefix4	True	Autism Assistance Fund PLLC	Autism Assistance Fund	190 Aiken Road, Eden, NC		TARGET_MISSING_ADDRESS
S1-324125906	S3-167056469	True	C_SigToken+D_Prefix4	True	Autism Assistance Fund PLLC	Autism Asiseotarnce Fund [PLLC]	190 Aiken Road, Eden, NC		TARGET_MISSING_ADDRESS
S1-790914861	S3-665987455	True	C_SigToken+D_Prefix4	True	Cornerstone Kensington Group	Cornerstone  Kensington	5406 Douglas Drive, Yakima, WA		TARGET_MISSING_ADDRESS
S1-303756395	S2-872736503	True	C_SigToken+D_Prefix4	True	BQ Micro	BQ Micro (LP)	149 Keller Lane, Marion Town, VA		TARGET_MISSING_ADDRESS
S1-219247185	S3-813142469	True	C_SigToken+D_Prefix4	True	Grand Engineering Ventures Lily Inc	Grand Engineering  Ventures	KY, Lily, 29 Lily School Road		TARGET_MISSING_ADDRESS
S1-454626718	S2-520449638	True	C_SigToken+D_Prefix4	True	Ice & Bedwell, LLC	ICE BEDWELL, LLC CENTER	208 Oak View Avenue, Oak View, CA		TARGET_MISSING_ADDRESS
S1-332320288	S3-158949565	True	C_SigToken+D_Prefix4	True	Heartland Federation PC	Heartland Féderation Enterprises	590 Main Street, Unit 103, Bolton, MA		TARGET_MISSING_ADDRESS
S1-618620665	S2-159207067	True	C_SigToken+D_Prefix4	True	Garcia and Green	Garcia and Green Services	2719 Artesian Avenue, Chicago, IL		TARGET_MISSING_ADDRESS
S1-255722643	S2-606012084	True	F_Location	False	Horizon Electronics Dynamics	dynamicshorizonelectronics.com	18650 Thompson Peak Parkway, Fl 1, Scottsdale, AZ	018650 THOMPSON PEAK PKWY, SCOTTSDALE, AZ	NAME_DISJOINT_AND_NO_DIGIT_LOC_COOCCURRENCE
S1-25300540	S3-868907558	True	C_SigToken+D_Prefix4	True	Behavioral Health Heartland Specialists P.C.	Behavioral Health Heartland	CT, East Lyme, 4 Flanders Road		TARGET_MISSING_ADDRESS
S1-129724614	S3-989050557	True	F_Location	False	C R Lehman Bumrungrad Inc	Calotavocira	1213 Monitor Avenue, Chicago, IL	01213 Monitor Ave, Chicago, Illinois	NAME_DISJOINT_AND_NO_DIGIT_LOC_COOCCURRENCE
S1-732980915	S3-141450160	True	C_SigToken+D_Prefix4	True	Lopez Better Perimeter Inc.	Lopez Better Perimeter	4798 2980, Taylorsville City, UT		TARGET_MISSING_ADDRESS
S1-843721935	S3-545355531	True	F_Location	False	Levue Global PLLC	lglobal.com	6105 Shrimpers Row, Houma, LA	Shrimpers Row, Houma, Louisiana	TARGET_LACKS_DIGITS
S1-715226416	S2-732645904	True	C_SigToken+D_Prefix4	True	Dynamic Omega, LLC	DYNAMIC-OMEG, LLC	1011 Whitetail Lane, Waller, TX		TARGET_MISSING_ADDRESS
S1-203066110	S3-953975707	True	C_SigToken+D_Prefix4	True	Miller All Sun LLC	Miller Sun LLC Center	214 Vilas Avenue, City Of Nekoosa, WI		TARGET_MISSING_ADDRESS
S1-938871412	S2-652845814	True	C_SigToken+D_Prefix4	True	3431 Mountain View Plaza Management LLC	3431 View Mountain Plaza Management LLC	56 Moore Street, Unit 2L, Winthrop, MA		TARGET_MISSING_ADDRESS
S1-634722071	S2-994022101	True	C_SigToken+D_Prefix4	True	Desert Pediatrics Inc.	DESERT-PEDIATRICS	21604 Twitch Court, Porter, TX		TARGET_MISSING_ADDRESS
S1-634722071	S3-399359419	True	F_Location	False	Desert Pediatrics Inc.	@Désertpediatrics	21604 Twitch Court, Porter, TX	1604 Twitch Court, Porter, Texas	NAME_DISJOINT_AND_NO_DIGIT_LOC_COOCCURRENCE
S1-757566701	S2-161906533	True	C_SigToken+D_Prefix4	True	Bright Vertical Corp	Bright Vedtialfa Corp	802 Elm Street, Benton, KY		TARGET_MISSING_ADDRESS
S1-671198425	S3-899748479	True	C_SigToken+D_Prefix4	True	Preferred Appliance Group	Preferred Group Appliance	27 Pennwood Drive, Brookhaven, NY		TARGET_MISSING_ADDRESS
S1-671198425	S3-136680243	True	F_Location	False	Preferred Appliance Group	Gildumbrafaye	27 Pennwood Drive, Brookhaven, NY	Pennwood Dr, Brookhaven, New York	TARGET_LACKS_DIGITS
S1-602451198	S3-734662333	True	E_Digits	False	Mitchell Custom Multimedia Inc	cmmultimedia.com	245 2400E Road, Paxton, IL	245 2400e Road, Button, Illinois	NAME_DISJOINT_AND_NO_DIGIT_LOC_COOCCURRENCE
S1-7633613	S3-981330948	True	C_SigToken+D_Prefix4	True	United Project	United Project Enterprises	606 30th Street, Lafayette, IN		TARGET_MISSING_ADDRESS
S1-557152219	S3-625009160	True	C_SigToken+D_Prefix4	True	Masse Midwest Synchrony	Masse Midwest	NY, Hempstead, 214 Margaret Drive		TARGET_MISSING_ADDRESS
S1-979288927	S2-1074598	True	C_SigToken+D_Prefix4	True	West Franklin	West Franklin LP	690 Row River Road, Cottage Grove, OR		TARGET_MISSING_ADDRESS
S1-287671174	S2-557279102	True	C_SigToken+D_Prefix4	True	Vision Clinic PLLC	Vision Cláranic PLLC	20520 Conifer Drive, Huson, MT		TARGET_MISSING_ADDRESS
S1-127875532	S2-571872579	True	C_SigToken+D_Prefix4	True	Berube's Legacy Diagnostics	Berube's Lhnégamccy Diagnostics	1028 Kittson Avenue, Grafton, ND		TARGET_MISSING_ADDRESS
S1-280374599	S3-734312416	True	C_SigToken+D_Prefix4	True	Perez's Value Digital	Perez'S Digital Services	Warren, MA, 225 Southbridge Road		TARGET_MISSING_ADDRESS
S1-146732601	S2-414967067	True	F_Location	False	Redyne LLC	Deltaxylofaye	7 Cirrus Drive, Unit 7204, Ashland, MA	7A CIRRUS DR, ASHLAND, MA	TARGET_LACKS_DIGITS
S1-699110636	S3-174361967	True	C_SigToken+D_Prefix4	True	Morgan American Ares	Morgan American	38 Elias Road, Los Lunas, NM		TARGET_MISSING_ADDRESS
S1-212587898	S2-447031291	True	F_Location	False	Malone Corporation	Ma1one  Corp	N1848 Forest Lake Road, Town Of Auburn, WI	WI, TOWN OF AUBURN, #N1848 FOREST LAKE ROAD	NO_DIGITS_EITHER_RECORD
S1-212587898	S3-376794339	False	None (Missed by G too)	True	Malone Corporation	Mallone Corporation	N1848 Forest Lake Road, Town Of Auburn, WI		TARGET_MISSING_ADDRESS
S1-301579241	S3-752987674	True	C_SigToken+D_Prefix4	True	Electricians Local Union 425	Electrician Local Union 425	IN, 1693 Gustafson Avenue, Chesterton		TARGET_MISSING_ADDRESS
S1-458966039	S2-808796943	True	C_SigToken	False	Regional Education Brands Inc.	The Regional  Education Brands Inc.	WA, Seattle, 5521 38th Avenue	521 38ST AVE, SEATLE, WA	LOCATION_TOKENS_DISJOINT
S1-458966039	S2-966470717	True	C_SigToken+D_Prefix4	False	Regional Education Brands Inc.	Regional-Education Brand Inc.	WA, Seattle, 5521 38th Avenue	521 38ST AVE, SEATLE, WA	LOCATION_TOKENS_DISJOINT
S1-299477515	S2-416398830	True	C_SigToken+D_Prefix4	True	Innovative Network Alliance P.C.	Innovative Alliance P.C. Partners	115 Dove Road, Mooresburg, TN		TARGET_MISSING_ADDRESS
S1-823624831	S2-886108919	True	F_Location	False	Jackson Ventures	@jacksonventures	1020 Crockett Drive, TX, Burleson	1015 CROCKETT DRIVE, BURLESON, TX	NAME_DISJOINT_AND_NO_DIGIT_LOC_COOCCURRENCE
S1-835775866	S3-498007776	True	C_SigToken+D_Prefix4	True	Cooper's Services LLC	Cooper's  LLC Partners	1109 Sonora Loop, Unit 1, Coolidge, AZ		TARGET_MISSING_ADDRESS
S1-418170497	S2-984713676	True	C_SigToken+D_Prefix4	True	Watson Capital LLC	Watson Capital L.L.C.	6910 Narrow Creek Ct, Prospect, KY		TARGET_MISSING_ADDRESS
S1-60165522	S2-467814883	True	C_SigToken+D_Prefix4	True	A Pioneer Canada	A Pioneer	1821 Silverado Place, Springdale, AR		TARGET_MISSING_ADDRESS
S1-510285844	S2-112426612	True	C_SigToken+D_Prefix4	True	Bullard Safe Iheartmedia LLC	BULLARD SAFE	14 Amber Court, Poughkeepsie, NY		TARGET_MISSING_ADDRESS
S1-666259685	S3-717093125	True	C_SigToken+D_Prefix4	True	Saque Egh Inc	Saque Inc [Service]	1360 Spalding Avenue, Elburn, IL		TARGET_MISSING_ADDRESS
S1-321771394	S3-160119261	True	C_SigToken+D_Prefix4	True	Brown Express Wellness LLC	Brown Express Wdlelncss LLC	2516 Market Avenue, Cleveland, OH		TARGET_MISSING_ADDRESS
S1-170804955	S2-372468534	True	C_SigToken+D_Prefix4	True	Health Program	HEALTH SERVICES Enterprises	38 Clayton Street, Boston, MA		TARGET_MISSING_ADDRESS
S1-755832670	S2-759454254	True	C_SigToken+D_Prefix4	True	Sophey Smyth Quality James LP	Sophey Smyth James LP Services	2120 12920, Riverton, UT		TARGET_MISSING_ADDRESS
S1-373971106	S2-78200245	True	C_SigToken+D_Prefix4	True	Cordero, Hurd & Torres Doubleline	CORDERO, HURD & & TORRES DOUBLELINE INC	714 Fayette Drive, Euless, TX		TARGET_MISSING_ADDRESS
S1-790956512	S2-722251566	True	F_Location	False	O/I Direct LLC	OIDIRECT.COM	9409 Crestwood Manor Drive, Fl 0, Saint Louis, MO	009409 Crestwood Manor Drive, SAINT LOUIS, MO	NAME_DISJOINT_AND_NO_DIGIT_LOC_COOCCURRENCE
S1-216327770	S3-505628461	True	C_SigToken+D_Prefix4	True	Atlantic Family Practice	Atlantic Famhrdrmly Practice	139 Sportsman Lane, Midland, CO		TARGET_MISSING_ADDRESS
S1-140991635	S3-543440851	True	C_SigToken+D_Prefix4	True	Credit Intelligence Concepts Corp	Credit Intelligence Intelligence Corp Partners	1008 Conway Drive, Texarkana, TX		TARGET_MISSING_ADDRESS
S1-637120067	S2-439587828	True	F_Location	False	JJ Cdt	jjcdt.com	1915 7th Street, Peru, IL	1914 SEVENTH STREET, PERU CDP, IL	NAME_DISJOINT_AND_NO_DIGIT_LOC_COOCCURRENCE
S1-813886880	S3-261574711	True	C_SigToken+D_Prefix4	True	Zilvia R. Leone, P.A.	Zilvia R. Leone,	Rome City, IN, 1470 N Shore Drive		TARGET_MISSING_ADDRESS
S1-908828337	S2-200111988	True	F_Location	False	TTO Piedmont Bancshares Inc	@tt0piedmont	10 Everit Place, Smithtown, NY	010 EVERIT PLACE, SMITHTOWN, NY	NAME_DISJOINT_AND_NO_DIGIT_LOC_COOCCURRENCE
S1-291845786	S3-543649292	True	C_SigToken+D_Prefix4	True	Turco Fannie Inc.	Turco Fannie (Inc)	1344 Carolyn Drive, Virginia Beach City, VA		TARGET_MISSING_ADDRESS
S1-815173369	S3-821295506	True	C_SigToken+D_Prefix4	True	Caldyn Banco	Caldyn Cénter	2841 Virginia Street, Mesa, AZ		TARGET_MISSING_ADDRESS
S1-857965145	S3-204140364	True	C_SigToken+D_Prefix4	True	Trinity Catholic Church	Trinity Catholic	157 Saranac Avenue, Buffalo, NY		TARGET_MISSING_ADDRESS
S1-18644843	S3-777074537	True	F_Location	False	Preferred Mountain Hotels Company	Dovaevo	15 School Street, Auburn, NY	School St, Auburn, New York	TARGET_LACKS_DIGITS
S1-564094945	S3-982036469	True	C_SigToken+D_Prefix4	True	Leoine Mills, D.D.S.	Leoine-Mills, Service	656 Sibley Memorial Highway, Mendota Heights, MN		TARGET_MISSING_ADDRESS
S1-774933744	S2-898970675	True	F_Location	False	Basalt Inc	BA5ALT-INC	Tacoma, 1108 126th Street Court, WA	110 126TH STREET COURT, TACOMA, WA	NAME_DISJOINT_AND_NO_DIGIT_LOC_COOCCURRENCE
S1-498403520	S3-246611802	True	C_SigToken+D_Prefix4	False	Happy Pizza	Happy Pizza Inc.	4140 22nd Place, Tulsa, OK	Tulssa, 414 22nd Pl, Oklahoma	LOCATION_TOKENS_DISJOINT
S1-151785688	S2-866411498	True	C_SigToken+D_Prefix4	True	Asset Building Program	Asset Building (ID: 6757)	Springfield, IL, 4909 Wildcat Run		TARGET_MISSING_ADDRESS
S1-922294123	S3-144272489	True	C_SigToken+D_Prefix4	True	PG Capital Transportation	PG Capital	33 Onyx Court, Clayton, NC		TARGET_MISSING_ADDRESS
S1-934141295	S2-59792833	True	C_SigToken+D_Prefix4	True	Clear Gabelli Inc	CLEAR INC CENTER	216 Conyer Lane, Rocky Mount, NC		TARGET_MISSING_ADDRESS
S1-818615961	S2-25174444	True	C_SigToken+D_Prefix4	False	Patriot Sprott LLC	LLC PATRIOT SPOTT	15 Woodbine Avenue, Brookhaven, NY	17 WOODBINE AVENUE, BROOKHAVEN, NY	LOCATION_TOKENS_DISJOINT
S1-616111796	S3-224091386	True	C_SigToken+D_Prefix4	True	Deleon's Painting	Deleon's Pancctig	7402 I Street, Tacoma, WA		TARGET_MISSING_ADDRESS
S1-324592643	S2-843917072	True	F_Location	False	Jemie Snow Generating LLC	JSG	211 Running Cedar Lane, Henrico County, VA	RUNNING CEDAR LN, HENRICO COUNTY, VA	TARGET_LACKS_DIGITS
S1-90336854	S2-356103154	True	F_Location	False	Sova LLC	... Sa LLC	8047 Starnes Randall Road, Charlotte, NC	STARNES RANDALL ROAD, CHARLOTTE, NC	TARGET_LACKS_DIGITS
S1-550203684	S3-23619347	True	F_Location	False	Carpenters Local Union 69	Lyraxyloyuma	19168 Quintana Road, Willow Beach, AZ	Dolan Springs, Quintana Road, Arizona	TARGET_LACKS_DIGITS
S1-901517314	S3-545574561	True	C_SigToken+D_Prefix4	True	Janaya's Interiors	Janaya's Center	OH, 1068 Ledgebrook Drive, Tallmadge		TARGET_MISSING_ADDRESS
S1-538264096	S2-707875064	True	C_SigToken+D_Prefix4	True	Dermatology Medicine LLC	Dermatology Mlbticine LLC	209 Franklin Street, Winamac, IN		TARGET_MISSING_ADDRESS
S1-538264096	S3-63609839	True	C_SigToken+D_Prefix4	True	Dermatology Medicine LLC	Dermatology Medicine Llc & Co	209 Franklin Street, Winamac, IN		TARGET_MISSING_ADDRESS
S1-633324339	S3-172137843	True	F_Location	False	Rosanna Buchheit Frontier Chile	Drexgild	5272 Lake Beach Court, Shoreview, MN	Lake Beach Ct, Shoreview, Minnesota	TARGET_LACKS_DIGITS
S1-814734920	S2-947261406	True	F_Location	False	Phaidra Hooks Fresh Tax Service LLC	Evosol	Lincoln County, OR, 6680 A Avenue	A AVE, null, LINCOLN COUNTY, OR	TARGET_LACKS_DIGITS
S1-215626310	S3-762921919	True	C_SigToken+D_Prefix4	True	Royal Lending P.C.	Royal Lending	2601 Meadowridge Drive, Garland, TX		TARGET_MISSING_ADDRESS
S1-972217175	S2-300175850	True	F_Location	False	Jenkins, Haslam & Wilson Specialty PC	Vantagenexiri	233 Breeden Road, De Soto, IL	IL, DE SOTO, BREEDEN RD	TARGET_LACKS_DIGITS
S1-972217175	S3-239280389	True	C_SigToken+D_Prefix4	True	Jenkins, Haslam & Wilson Specialty PC	Jenkins, Haslam Specialty Wilson & PC	233 Breeden Road, De Soto, IL		TARGET_MISSING_ADDRESS
S1-221289716	S2-749709247	True	F_Location	False	FZB Cable	fzbcable.com	191 Lincoln Street, Lexington, MA	00191 LINCOLN STREET, LEXINGTON, MA	NAME_DISJOINT_AND_NO_DIGIT_LOC_COOCCURRENCE
S1-107982349	S2-985913416	True	F_Location	False	Saus Group	Ectosyn	1317 Delaware Street, Evansville, IN	01317 DELAWARE STREET, EVANSVILLE, IN	NAME_DISJOINT_AND_NO_DIGIT_LOC_COOCCURRENCE
S1-107982349	S3-994097480	True	C_SigToken+D_Prefix4	True	Saus Group	Saus LLC	1317 Delaware Street, Evansville, IN		TARGET_MISSING_ADDRESS
S1-943249904	S2-700912460	True	F_Location	False	Custom Twin Partners	NEXNEX	79 Tate Road, Otis, ME	TATE RD, ELLSWORTTH, ME	TARGET_LACKS_DIGITS
S1-231181159	S3-531539303	True	C_SigToken+D_Prefix4	True	Merino Emera of Rocky Hill Corp	Merino Emera of Rohy Hill  Corp	Rocky Hill, CT, 146 Bailey Road		TARGET_MISSING_ADDRESS
S1-885456451	S2-48559657	True	C_SigToken+D_Prefix4	True	Martin Deutsche LLC	Martin Deutsche [L.L.C.]	2717 V Street, CA, Unit APT A, Sacramento		TARGET_MISSING_ADDRESS
S1-815821439	S2-473566464	True	C_SigToken+D_Prefix4	True	Pediatric Dentistry Care	Pediatric Dentistry Care District	OR, 63327 Nels Anderson Road, Bend		TARGET_MISSING_ADDRESS
S1-815821439	S3-165962753	True	C_SigToken+D_Prefix4	True	Pediatric Dentistry Care	Pediatric Dentistry Care Corp Enterprises	OR, 63327 Nels Anderson Road, Bend		TARGET_MISSING_ADDRESS
S1-124321125	S2-140687874	True	C_SigToken+D_Prefix4	True	Guenther & Guo, LLC	Guenther & Gu, LLC	170 Jackson Street, North Attleborough, MA		TARGET_MISSING_ADDRESS
S1-884702169	S2-3487365	True	C_SigToken+D_Prefix4	True	Highland Central LP	Highland Cetnral LP	310 Walton Street, Beeville, TX, Fl 0		TARGET_MISSING_ADDRESS
S1-105318086	S2-491310819	True	C_SigToken	True	Goodwin Integrated LLC	GOODWIN  INTEGRATED LLC	110 Price Street, Evening Shade, AR		TARGET_MISSING_ADDRESS
S1-510228025	S2-967494962	True	F_Location	False	Scholarship Federation	Dovafaye	1683 Dumplin Valley Road, TN, New Market	683 DUMPLIN VALLEY RD, null, NEW MARKET, TN	NAME_DISJOINT_AND_NO_DIGIT_LOC_COOCCURRENCE
S1-331190847	S3-899892132	True	C_SigToken+D_Prefix4	True	Timpson Constellation LLC	Timpson Constelltoin LLC	MD, 3658 Karen Circle, Linkwood		TARGET_MISSING_ADDRESS
S1-359765990	S2-564621220	True	C_SigToken+D_Prefix4	True	Brightos House	Brightos Hcose	1803 Biltmore Street, Unit 205, Washington, DC		TARGET_MISSING_ADDRESS
S1-359765990	S3-433142898	True	C_SigToken+D_Prefix4	True	Brightos House	Brightos House LP	1803 Biltmore Street, Unit 205, Washington, DC		TARGET_MISSING_ADDRESS
S1-814206079	S3-662094189	True	C_SigToken+D_Prefix4	True	Salvatore's Colonial Advisors	Salvatore's Cólonial	502 Schaffer Avenue, Salina, NY		TARGET_MISSING_ADDRESS
S1-366520393	S2-349176329	True	C_SigToken+D_Prefix4	True	Castillo Empire Bny	Castillo-Empire	1711 37th Avenue, Columbia Heights, MN		TARGET_MISSING_ADDRESS
S1-366520393	S2-520272978	True	D_Prefix4	False	Castillo Empire Bny	castilloempirebny.com	1711 37th Avenue, Columbia Heights, MN	001711 37ST AVE, MINNEAOPLIS, MN	LOCATION_TOKENS_DISJOINT
S1-366520393	S2-387969176	False	None (Missed by G too)	False	Castillo Empire Bny	empirecastillo.com	1711 37th Avenue, Columbia Heights, MN	001711 37ST AVENUE, MINNEAOPLIS, MN	NAME_DISJOINT_AND_NO_DIGIT_LOC_COOCCURRENCE
S1-49146089	S3-168643763	True	F_Location	False	Brown Clean Obic, Inc	@brownclean	10 Quail Run, Harwinton, CT	Quail Run, Harwinton Township, Connecticut	TARGET_LACKS_DIGITS
S1-793918909	S2-255084376	True	D_Prefix4	False	X & X Hawk LLC	X & X	6157 Cottonwood Drive, City Of Fitchburg, WI	157 COTTONWOOD DR, MADISSON, WI	LOCATION_TOKENS_DISJOINT
S1-780376384	S2-625354945	True	F_Location	False	Allied Project Co	Wexkelo	WI, City Of Menasha, 825 State Street	State St, CITY OF MENASHA, WI	TARGET_LACKS_DIGITS
S1-103259591	S2-984425060	True	C_SigToken+D_Prefix4	True	Keystone LLC	Keystone LLC  Center	OH, Centerville, Unit 104, 1805 Piper Lane		TARGET_MISSING_ADDRESS
S1-51416969	S3-705907297	True	C_SigToken	True	Linnie Hernandez Telephone Inc.	The Linnie Hernandez  Telephone Inc.	MD, Randallstown, Unit APARTMENT 204, 3503 Beagle Lane		TARGET_MISSING_ADDRESS
S1-164540712	S3-865856064	True	C_SigToken+D_Prefix4	True	Capital Otg	Capital Service Trading	16280 Dudley Road, Unit 16284C, Vance, AL		TARGET_MISSING_ADDRESS
S1-842161768	S2-782330961	True	C_SigToken+D_Prefix4	True	Marielle Abeita Treasury	Marielle Abeita	2700 Ione Court, Columbus, OH		TARGET_MISSING_ADDRESS
S1-839487888	S3-940503047	True	C_SigToken+D_Prefix4	True	Kesley Hutchison, O.D. PC	Kesley Hutchison, O.D. O.D. PC	16474 Phillips Drive, Dove Valley, CO		TARGET_MISSING_ADDRESS
S1-773450475	S3-987171433	True	F_Location	False	Coronado & Schaub Jones LLC	cór0nadoschaubjones.com	9022 Grace Street, Highland, IN	Grace St, Highland, Indiana	TARGET_LACKS_DIGITS
S1-222209826	S2-1712854	True	C_SigToken+D_Prefix4	True	Emilie Lamb Muzero Oracle LLC	Emilie Lamb Oracle LLC Service	952 Javelina Street, Oracle, AZ		TARGET_MISSING_ADDRESS
S1-118845767	S2-945178878	True	F_Location	False	Solis Series of Phoenix LLC	Rizapyra	AZ, Phoenix, 7123 Park Street	PARK ST, LAVVEEN CITY, AZ	TARGET_LACKS_DIGITS
S1-845417493	S2-953921852	True	E_Digits	False	Leal & Vazquez Crumrine	Umbradelta	1827 48 Street, Brooklyn, NY	1827-C 48 STREET, NY, BROOKLYN CITY	NAME_DISJOINT_AND_NO_DIGIT_LOC_COOCCURRENCE
S1-426255669	S3-163073686	True	F_Location	False	Jardine Optics	@jardineoptics	3605 Anton Street, Prichard, AL	Anton Street, Prichard, Alabama	TARGET_LACKS_DIGITS
S1-240564393	S2-153494071	True	C_SigToken+D_Prefix4	True	Dynamic Mortgage Products Inc.	Dynamic Mortgage Products	227 Derrick Drive, Ofallon, IL		TARGET_MISSING_ADDRESS
S1-3040099	S2-705363136	True	C_SigToken+D_Prefix4	True	Matthews, Green & Simmons	MATTHEWS, GREEN & SIMMONS LP	144 Liberty Lane, Rockwall, TX		TARGET_MISSING_ADDRESS
S1-618341758	S2-601787368	True	F_Location	False	C+ Works Partners	Lumxylo	10228 Fayettesville Road, Fauquier County, VA	FAYETTESVILLE RD, FAUQUIER COUNTY, VA	TARGET_LACKS_DIGITS
S1-100961566	S3-994294080	True	C_SigToken+D_Prefix4	True	Z/T Algonquin L.L.C.	Z/T Algonquin Llc	1501 Woodfield Creek Drive, Unit 206, Wake Forest, NC		TARGET_MISSING_ADDRESS
S1-436996198	S3-352576166	True	F_Location	False	Dynamic Seas Inc	Lyrabrixsyn	IL, Elmhurst, 111 Willow Road	11 Willow Rd, Elmhurst, Illinois	NAME_DISJOINT_AND_NO_DIGIT_LOC_COOCCURRENCE
S1-706643378	S2-852827026	True	C_SigToken+D_Prefix4	False	Burke, Edita C., DPM, PC	Burke, Edita C., [DPM,]	2456 Tallassee Drive, Tallassee, AL	TALLASSEE DRIVE, TALLASSEE, AL	TARGET_LACKS_DIGITS
S1-706643378	S3-663750833	True	C_SigToken+D_Prefix4	True	Burke, Edita C., DPM, PC	Burke, Edita C., DPM,	2456 Tallassee Drive, Tallassee, AL		TARGET_MISSING_ADDRESS
S1-949514559	S2-320043887	True	C_SigToken+D_Prefix4	True	Unified Bold Inc	Unified Bold Inc.	3350 Harris Drive, West Terre Haute, IN		TARGET_MISSING_ADDRESS
S1-597724644	S2-783329612	True	F_Location	False	19-20 East Owners Corp	1920eastowners.com	5691 Grove City Road, Grove City, OH	GROVE CITY ROAD, GROVE CITY, OH	TARGET_LACKS_DIGITS
S1-552827564	S3-460850689	True	C_SigToken+D_Prefix4	True	Keystone Signature Brands, LLC	Keystone 5ignature Brands, LLC	82 Leif Boulevard, Clarkstown, NY		TARGET_MISSING_ADDRESS
S1-511737531	S3-859813878	True	C_SigToken+D_Prefix4	True	Bushway, Potts & Beltran	Bushway, P0tts &	3139 Hoffman Avenue, Springfield, MO		TARGET_MISSING_ADDRESS
S1-802704278	S2-893549203	True	F_Location	False	Foods	Flls	3998 Mote Road, Wethersfield, NY	Mote Rd, GAINESVILLE, null, NY	TARGET_LACKS_DIGITS
S1-738912730	S2-334053561	True	C_SigToken+D_Prefix4	True	Duarte and Rivera LLC	Duarte &-Rivera LLC Center	15939 Prairie View Court, New Lenox, IL		TARGET_MISSING_ADDRESS
S1-647595459	S3-925287259	True	F_Location	False	Silver Tavern	Tavernsilver.Com	255 Justice Way, Elkton, MD	Justice Way, Elkton, Maryland	TARGET_LACKS_DIGITS
S1-923007184	S3-384321885	True	C_SigToken+D_Prefix4	True	Applied Telecom Worldwide Center	Applied Telecom Worldwide Centre	42333 Blagg Road, Talihina, OK		TARGET_MISSING_ADDRESS
S1-331265373	S2-118908065	True	E_Digits	False	Superior Consumer Industries	@SUPERIORCONSUMER	573 Indiana Avenue, Lindenhurst, NY	573 INDINA AVE, LINENHURST, NY	NAME_DISJOINT_AND_NO_DIGIT_LOC_COOCCURRENCE
S1-701074816	S3-2645976	True	C_SigToken+D_Prefix4	True	Araiza Apogee LLC	Araiza LLC (Center)	215 Kentucky Street, Trenton, IL		TARGET_MISSING_ADDRESS
S1-650519043	S3-188471395	True	F_Location	False	Supreme Creative Canary Inc	Ccsupreme.Com	2300 Sunset Avenue, Unit A, Gastonia, NC	230 Sunset Avenue, Unit A, Gastoni Acity, North Carolina	NAME_DISJOINT_AND_NO_DIGIT_LOC_COOCCURRENCE
S1-698603256	S2-898767692	True	E_Digits	False	Oliver Greenland LLC	OLlVER GREENLAND	30 Wildwood Drive, Prescott, AZ	#30 WILDWOOD DRIVE, PRECOTT, AZ	NAME_DISJOINT_AND_NO_DIGIT_LOC_COOCCURRENCE
S1-698603256	S3-962456265	True	C_SigToken+D_Prefix4	True	Oliver Greenland LLC	Oliver Greenland-L.L.C.	30 Wildwood Drive, Prescott, AZ		TARGET_MISSING_ADDRESS
S1-540292638	S2-639217737	True	C_SigToken+D_Prefix4	True	Cure Grill	CURE-GRILL LP	2895 Us Highway 90A, Shiner, TX		TARGET_MISSING_ADDRESS
S1-540292638	S2-449573956	True	F_Location	False	Cure Grill	cgrill.com	2895 Us Highway 90A, Shiner, TX	TX, 002895 US HIGHWAY 90A, SHINER	NAME_DISJOINT_AND_NO_DIGIT_LOC_COOCCURRENCE
S1-923800460	S2-999675293	True	F_Location	False	Urology Group LLC	Uaology Group LLC	10508 Bailey Road, Unit 135, Cornelius, NC	0508 BAILEY RD, N/A, CORNELIUS, NC	NAME_DISJOINT_AND_NO_DIGIT_LOC_COOCCURRENCE
S1-499682765	S3-917606591	True	C_SigToken+D_Prefix4	True	Barnett, Singleton & Rangel Factory	BARNETT, SINGLETON & RANGEL FACTORY #38104	800 P Street, Unit 919, Washington, DC		TARGET_MISSING_ADDRESS
S1-562590774	S3-421661460	True	C_SigToken+D_Prefix4	True	Cardiology Smart Center Inc	Cardiology Stmiar Center Inc | www.cardiology.com	9406 Fox Run Drive, Clinton, MD		TARGET_MISSING_ADDRESS
S1-206595942	S3-342161672	True	C_SigToken+D_Prefix4	True	Noa Office	Noa Office LP	Robbinsdale, 4611 42nd Avenue, MN		TARGET_MISSING_ADDRESS
S1-335602809	S2-690776238	True	C_SigToken+D_Prefix4	False	Sims and Anderson LLC	Sims & Anderson  LLC Center	4811 L Street, Lincoln, NE	L STREET, LINCLN CITY, NE	TARGET_LACKS_DIGITS
S1-46616873	S3-819299539	True	C_SigToken+D_Prefix4	True	Physical Therapy Associates, Inc	Physical Therapy Associates, lnc.	17 Willard Avenue, Medford, MA		TARGET_MISSING_ADDRESS
S1-866560305	S3-808583435	True	F_Location	False	Brodrick's Financial	Br0drick's Service	5211 Lincoln Street, KS, Topeka	Topeka, 05211 Lincoln Saint, Kansas	NAME_DISJOINT_AND_NO_DIGIT_LOC_COOCCURRENCE
S1-118835890	S2-909803979	True	F_Location	False	XX Innovative Pro	@xxinnovative	8957 Sawyer Brown Road, TN, Nashville	SAWYER BROWN RD, NSAHVILLE, TN	TARGET_LACKS_DIGITS
S1-976634848	S3-262174677	True	C_SigToken+D_Prefix4	True	Main Street Pizza PLLC	Main Street Ptzi PLLC	CT, Sprague, 147 Riverside Drive		TARGET_MISSING_ADDRESS
S1-386957709	S2-244485642	True	D_Prefix4	False	Rocky Capital Partners Group	rockycapitalpartners.com	Phoenix, 10840 44th Avenue, AZ	44TH AVE, GLENDALE, AZ	TARGET_LACKS_DIGITS
S1-750768945	S3-285812831	True	C_SigToken+D_Prefix4	True	National Pioneer Highview LLC	Nationa1 Pioneer  Highview LLC	Industry, TX, 1406 Main Street		TARGET_MISSING_ADDRESS
S1-261462228	S2-179015707	True	C_SigToken+D_Prefix4	True	Corner Deli	CORNER DFEC	2825 Mockingbird Street, Royse City, TX		TARGET_MISSING_ADDRESS
S1-829411967	S2-752713285	True	C_SigToken+D_Prefix4	True	Urgent Care Partners, LLC	Urgent Care Partners, L.L.C.	13821 Village Mill Drive, Maugansville, MD		TARGET_MISSING_ADDRESS
S1-919950051	S3-333646108	True	D_Prefix4	True	# 8 CY Australia	# 8 CY Austra1ia	Gardner, MA, 16 Plymouth Street		TARGET_MISSING_ADDRESS
S1-269899000	S3-708885232	True	F_Location	False	F+ Arbor	farbor.com	Worcester, MA, 41 Potomska Street	041 Potomska Street, Worcester, Massachusetts	NAME_DISJOINT_AND_NO_DIGIT_LOC_COOCCURRENCE
S1-757749968	S2-409094590	True	C_SigToken+D_Prefix4	True	Cetaex Ventures LLC	Cetaex Vengltres LLC	3420 Prairie Sage Street, Los Lunas, NM		TARGET_MISSING_ADDRESS
S1-765792726	S3-624415751	True	C_SigToken+D_Prefix4	True	Lehman, Newman & Catania P.C.	Lehman, Ngesman & Catania P.C.	622 Prospect Avenue, Bronx, NY		TARGET_MISSING_ADDRESS
S1-192090642	S2-379706369	True	C_SigToken+D_Prefix4	True	Velsesoft Gulf Owl Inc	Velsesoft Inc Owl Gulf	702 12th Street, Nashville, TN		TARGET_MISSING_ADDRESS
S1-787390878	S3-464325289	True	C_SigToken+D_Prefix4	True	East Pet Care LLC	East Care-LLC Services	1014 Grand Lake Loop, Eudora, AR		TARGET_MISSING_ADDRESS
S1-400574692	S2-622398453	True	F_Location	False	Gonzalez's Elite Bakery	Lyranovivio	527 Erie Street, Storm Lake, IA	0527 ERIE ST, STORM LAKE, IA	NAME_DISJOINT_AND_NO_DIGIT_LOC_COOCCURRENCE
S1-758614457	S2-888413480	True	F_Location	False	Schmitt & Cornell Kochav	cornellschmitt.com	20684 Quail Hollow Drive, Portland, OR	020684 QUAIL HOLLOW DR, PORTLAND, OR	NAME_DISJOINT_AND_NO_DIGIT_LOC_COOCCURRENCE
S1-3002352	S2-857571395	True	C_SigToken+D_Prefix4	True	Surprise Scholarship Ministries	Surprise Scholarship Ministries Inc.	25909 171st Drive, Surprise, AZ		TARGET_MISSING_ADDRESS
S1-758270346	S3-282889418	True	C_SigToken+D_Prefix4	True	Urban Auto Body LLC	urban auto body llc Enterprises	1725 Mcclain Drive, Knoxville, TN		TARGET_MISSING_ADDRESS
S1-553676883	S3-124084637	True	C_SigToken+D_Prefix4	True	Cooper & Munsterman Starry Inc	Cooper Munsterman Starry Inc Service	1614 Marshall Hollow Drive, Nashville, TN		TARGET_MISSING_ADDRESS
S1-958366136	S3-644309279	True	C_SigToken+D_Prefix4	True	Valley Bitcoin Inc	Valley Btsicdin Inc	1716 Colson Court, Virginia Beach City, VA		TARGET_MISSING_ADDRESS
S1-474599087	S3-199217653	True	F_Location	False	Raon	Rdnd	1011 Ernest Avenue, Lawrenceburg, TN	Ernest Ave, Lawrenceburg, Tennessee	TARGET_LACKS_DIGITS
S1-803997391	S2-107677081	True	D_Prefix4	True	E/Z Clean	E/Z  Cclon	Holyoke, MA, Unit 1, 50 Gates Street		TARGET_MISSING_ADDRESS
S1-411810763	S3-418483324	True	C_SigToken+D_Prefix4	True	Zephio Jackson PC	Zephio Jackson LLC	97 River Heights Drive, Smithtown, NY		TARGET_MISSING_ADDRESS
S1-25631746	S3-531339482	True	C_SigToken+D_Prefix4	True	A Peak Israel	A Peak Israel Inc.	702 Jardot Road, Stillwater, OK, Unit 1102		TARGET_MISSING_ADDRESS
S1-698414318	S2-828602084	True	F_Location	False	Sapphire Co	Fayeveo	1900 Renaissance Drive, Norman, OK	NORMAN, RENAISSANCE DRIVE, OK	TARGET_LACKS_DIGITS
S1-228061681	S2-781362734	True	F_Location	False	Allied Security	Gildbeloxylo	2281 Heather Cove, Fayetteville, AR	HEATHER COVE, FAYETTEVILLE, AR	TARGET_LACKS_DIGITS
S1-463955471	S3-67972691	True	C_SigToken+D_Prefix4	True	Annmaria Watson, M.D.	Annmaria Watson, MD	3029 Gilbertville Road, Evansdale, IA		TARGET_MISSING_ADDRESS
S1-282480765	S2-973518525	True	C_SigToken+D_Prefix4	True	Shipley Good	SHIPLEY GOOD	74 Rock Run Road, Friendship, NY		TARGET_MISSING_ADDRESS
S1-916485896	S2-493899088	True	C_SigToken+D_Prefix4	True	Saex Cohen LLC	Saex Cllorsen LLC	12217 Arabian Place, Prince William County, VA		TARGET_MISSING_ADDRESS
S1-774540130	S3-877111699	True	F_Location	False	Physical Therapy Associates LLC	atphysical.c0m	ME, 9 Pages Hill, Machiasport	Pages Hill, Machiasport, Maine	TARGET_LACKS_DIGITS
S1-785162978	S3-795842219	True	F_Location	False	Escalante Sciences of Angleton	Onyxriza	Angleton, 100 Jones Road, TX	Jones Road, Angleton, Texas	TARGET_LACKS_DIGITS
S1-362561575	S2-627574893	True	C_SigToken+D_Prefix4	True	Regional Association	REGIONAL ASSOCIATION Enterprises	102 Terrace Court, Unit 4B, Johnson City, TN		TARGET_MISSING_ADDRESS
S1-583252482	S2-254775041	True	F_Location	False	Ferrell & Kulkarni	kf.com	1135 145th Street, Cleveland, OH	113 145TH ST, CLEVELAND, OH	NAME_DISJOINT_AND_NO_DIGIT_LOC_COOCCURRENCE
S1-694497841	S2-805010305	True	C_SigToken+D_Prefix4	True	Red Pub	Red Pub Enterprises	MA, Bridgewater, 90 Goodwater Way		TARGET_MISSING_ADDRESS
S1-694497841	S3-978352490	True	C_SigToken+D_Prefix4	True	Red Pub	Red  Pub Enterprises	MA, Bridgewater, 90 Goodwater Way		TARGET_MISSING_ADDRESS
S1-921200633	S3-839144874	True	C_SigToken+D_Prefix4	True	Weeks, Norman & Aderholt	Weeks, Norman +	3088 Fairview Road, Grantsville, MD		TARGET_MISSING_ADDRESS
S1-740466798	S3-239968640	True	C_SigToken+D_Prefix4	True	Trusted Electronics Industries	trusted electronics industries industries #53050	12007 17th Street, Vancouver, WA		TARGET_MISSING_ADDRESS
S1-448176908	S2-582355321	True	C_SigToken+D_Prefix4	True	Kay Skin Care LLC	Kay Care LLC (Center)	795 Mountain Road, Newington, CT		TARGET_MISSING_ADDRESS
S1-794156378	S3-966578097	True	C_SigToken+D_Prefix4	True	Garcia Charter School LLC	Garcia Charter School LLC Commission	Brooklyn, 601 Manhattan Avenue, NY		TARGET_MISSING_ADDRESS
S1-912818785	S3-132660678	True	C_SigToken+D_Prefix4	True	Children's Coastal Coalition	Children's Coastal Cóalition LP	153 Linwood Drive, Albemarle, NC		TARGET_MISSING_ADDRESS
S1-121497466	S2-622848303	True	F_Location	False	Ardelle D. Mello, DO	Onyxmira	359 Rockett Lane, Red Oak, TX	TX, 35 ROCKETT LN, RED OAK	NAME_DISJOINT_AND_NO_DIGIT_LOC_COOCCURRENCE
S1-588078063	S2-453538652	False	None (Missed by G too)	False	Looper Management	Synciravera	418 199th Place, Lynnwood, WA	199TH PL, LYNNWOOD CIYT, WA	TARGET_LACKS_DIGITS
S1-588078063	S2-145387584	False	None (Missed by G too)	False	Looper Management	lóopermanagement.com	418 199th Place, Lynnwood, WA	199TH PLACE, LYNNWOOD CIYT, WA	TARGET_LACKS_DIGITS
S1-346751423	S2-171506703	True	C_SigToken+D_Prefix4	True	Delavan Urgent Care Specialists	Delavan Urgent Specialists Care	108 Heritage Lane, Delavan, IL		TARGET_MISSING_ADDRESS
S1-121068771	S3-411185671	True	C_SigToken	True	Wood Metals Inc	The Wood Metals Inc	225 Urquhart Road, City Of Stanley, WI		TARGET_MISSING_ADDRESS
S1-934713168	S2-982293373	True	C_SigToken+D_Prefix4	True	Powell, Lydia, D.C.	POWELL, LYDIA,	704 Cabriolet Street, Bentonville, AR		TARGET_MISSING_ADDRESS
S1-465257281	S3-991950479	True	C_SigToken+D_Prefix4	True	Aguero Centurion Associates	Aguer0 Centurion	Staten Island, 75 Amber Street, NY		TARGET_MISSING_ADDRESS
S1-133600296	S3-299049262	True	E_Digits	False	Hebel Harbor Mckinley	Dovayuma	7109 Layton Drive, Fairfax County, VA	7109 Laytan Dr, Springfield, Virginia	NAME_DISJOINT_AND_NO_DIGIT_LOC_COOCCURRENCE
S1-94308669	S2-810786202	True	C_SigToken+D_Prefix4	True	Fresh Diner	Fresh Dtner	27 Frontrunner Way, Scarborough, ME		TARGET_MISSING_ADDRESS
S1-177971925	S3-83506685	True	C_SigToken+D_Prefix4	True	Gonzales Community	Gonzales-Comuntity	TX, 2016 Didsbury Circle, Dallas		TARGET_MISSING_ADDRESS
S1-956137384	S2-350388061	True	C_SigToken+D_Prefix4	True	Quality Morgan LLC	Quality LLC Morgan | www.qualityll.com	13115 Foster Road, Unit 4, Portland, OR		TARGET_MISSING_ADDRESS
S1-109558080	S2-173518945	True	C_SigToken+D_Prefix4	False	3188 Sixth Street Owners Corp LLC	3188 Sixth Street LLC Corp Owners	7123 17th Drive, Phoenix, AZ	123 17TH DR, PHOENXI, AZ	LOCATION_TOKENS_DISJOINT
S1-265791854	S3-202130759	True	C_SigToken+D_Prefix4	True	Kathrine Garcia Total Jpmorgan LLC	Kathrine Garcia Total  Jpmorgan LLC #59555	WA, Seattle, 4908 C Willow Street		TARGET_MISSING_ADDRESS
S1-465490164	S2-277417078	True	C_SigToken+D_Prefix4	True	Desert Electricity	Desert [Electricity] | www.desertel.com	5871 Clinch Mountain Road, Russell County, VA		TARGET_MISSING_ADDRESS
S1-552014296	S2-782303773	True	C_SigToken+D_Prefix4	False	Evy Nowlan Printing	Evy Nowlan	Freeport, 1737 11th Street, TX	ELEVENTH STREET, FREEORT, TX	TARGET_LACKS_DIGITS
S1-626329054	S3-139865615	True	F_Location	False	Continental Design Services	servicesdesign.com	NE, 4941 114th Street, Omaha	4941a 114th Street, Omaha, Nebraska	TARGET_LACKS_DIGITS
S1-905797497	S3-42474873	True	F_Location	False	Atlantic Commercial Labs	Veraecto	823 Canyon Road, Ogden City, UT	Canyon Rd, Ogden, Utah	TARGET_LACKS_DIGITS
S1-347379403	S2-57609326	True	C_SigToken+D_Prefix4	True	Hughes Vanguard Products Center	Hughes Products Vanguard Center	720 Remington Drive, Greenville, NC		TARGET_MISSING_ADDRESS
S1-233864837	S2-974442804	True	C_SigToken+D_Prefix4	True	Integrated Supply Alliance Inc.	Integrated Supply-Aei Inc.	125 Pompano Lane, New Philadelphia, OH		TARGET_MISSING_ADDRESS
S1-233864837	S3-775936853	True	C_SigToken+D_Prefix4	True	Integrated Supply Alliance Inc.	Integrated Supply	125 Pompano Lane, New Philadelphia, OH		TARGET_MISSING_ADDRESS
S1-53898557	S3-970135965	True	C_SigToken+D_Prefix4	True	Crestline	Crestline Associates	Highlands, NC, 135 Old Wagon Trail		TARGET_MISSING_ADDRESS
S1-610978640	S3-992454752	True	C_SigToken+D_Prefix4	True	Sindee Foster Therapeutics	SINDEE FOSTER THERAPEUTICS	2109 Emory Road, Unit 105, Powell, TN		TARGET_MISSING_ADDRESS
S1-464277971	S2-627329269	True	C_SigToken+D_Prefix4	True	Urban Cafe	Urban Cafe Center	30 Cottage Place, Unit Apartment 5, Tarrytown, NY		TARGET_MISSING_ADDRESS
S1-464277971	S3-286695320	True	C_SigToken+D_Prefix4	True	Urban Cafe	Urban  Caf	30 Cottage Place, Unit Apartment 5, Tarrytown, NY		TARGET_MISSING_ADDRESS
S1-346103762	S2-662242011	True	F_Location	False	A Cure 3 You PLLC	cure3you.com	16 Grasslands Circle, Brookhaven, NY	0016 GRASSLANDS CIR, MOUNTSINAI CDP, NY	NAME_DISJOINT_AND_NO_DIGIT_LOC_COOCCURRENCE
S1-598797816	S2-567636038	True	C_SigToken+D_Prefix4	True	Caron's Medical	Caron's Medica1	435 Broadway Street, Bradley, IL		TARGET_MISSING_ADDRESS
S1-494258362	S3-526991980	True	C_SigToken+D_Prefix4	True	Hansen and Dukes Maintenance Inc	Hansen and Dukes	2350 Brown Ridge Road, Yosemite, KY		TARGET_MISSING_ADDRESS
S1-314212506	S3-17659193	True	F_Location	False	LO Vance LLC	LO LLC Services	33 La Bonne Vie Drive, Unit Apartment B, Brookhaven, NY	033 La Bonne Vie Drive, Brookhaven, New York	NAME_DISJOINT_AND_NO_DIGIT_LOC_COOCCURRENCE
S1-41413329	S3-216561096	True	F_Location	False	Moran, Aile, L.C.S.W.	lmaile.com	245 Prairie Street, Waverly, IL	Prairie Street, Waverly CITY, Illinois	TARGET_LACKS_DIGITS
S1-41413329	S3-753251798	True	C_SigToken+D_Prefix4	True	Moran, Aile, L.C.S.W.	Moran, L.C.S.W. [Aile,]	245 Prairie Street, Waverly, IL		TARGET_MISSING_ADDRESS
S1-191304020	S2-754528178	True	F_Location	False	Stanton's Holdings	Saetntoc's Holdings	Duluth, MN, 4646 Datka Road	DATKA ROAD, DULUTH, MN	TARGET_LACKS_DIGITS
S1-698659165	S2-47585351	True	C_SigToken+D_Prefix4	True	Surgical Care PLLC	SURGICAL CARE	VA, 41300 Windybush Drive, Loudoun County		TARGET_MISSING_ADDRESS
S1-361613384	S2-816691711	True	C_SigToken+D_Prefix4	True	1942 Madison Lane Associates Inc.	1942 Madison Lre Associates Inc.	701 Dobson Road, Unit 54, Mesa, AZ		TARGET_MISSING_ADDRESS
S1-746816585	S3-425042661	True	C_SigToken+D_Prefix4	True	Lea R. Brewer, Ph.D.	Lea R. Brewer,	201 Sultan Street, Dover, TN		TARGET_MISSING_ADDRESS
S1-771341005	S2-30609651	True	C_SigToken+D_Prefix4	True	Kuhn, Dunne and Thomason Stifel P.C.	Kuhn, Dunne and Thomason Stifel	3222 21, Paige, Unit C, TX		TARGET_MISSING_ADDRESS
S1-214873781	S3-480682264	True	C_SigToken	True	Health Trusted Alliance LLC	Hea1th Trusted Alliance L.L.C.	64 Cottage Street, Hampden, ME		TARGET_MISSING_ADDRESS
S1-717458211	S3-410858651	True	C_SigToken+D_Prefix4	True	Verray Concord L.L.C.	Verray [Concord]	11 Meadowlark Drive, Browning, MT		TARGET_MISSING_ADDRESS
S1-906827351	S2-609123523	True	F_Location	False	Secure Certified Royalty Inc.	@securecertified	305 New Plant Road, Franklin County, VA	NEW PLANT RD, ROCKY MT., VA	TARGET_LACKS_DIGITS
S1-536970117	S2-559656928	True	F_Location	False	Madlen Fulton, D.O.	Novimirairi	98 Sherman Street, Belfast, NY	NY, BELFAST, null, SHERMAN ST	TARGET_LACKS_DIGITS
S1-344916450	S3-261823641	True	C_SigToken+D_Prefix4	True	3241 Lake Avenue Owners Corp Inc.	3241 Lake Avenue Owners	370 Sheryl Drive, Pickerington, OH		TARGET_MISSING_ADDRESS
S1-595378992	S3-208023350	True	C_SigToken+D_Prefix4	True	Continental Holdings Group	Continental Holdings Inc	6936 Gourd Branch Road, Lucama, NC		TARGET_MISSING_ADDRESS
S1-512804360	S3-226811046	True	C_SigToken+D_Prefix4	True	Johnson Physical Therapy LLC	Johnson Physical Therapy L.L.C.	2224 87, Bldg Lot 80, Billings, MT		TARGET_MISSING_ADDRESS
S1-98166238	S3-827103594	True	F_Location	False	Direct Safe Architecture Center	safearchitecturedirect.com	2012 Walnut Street, IN, Anderson	Walnut Street, Anderson, Indiana	TARGET_LACKS_DIGITS
S1-527561042	S3-503018275	True	C_SigToken+D_Prefix4	True	Heritage Therapies Clinic	Heritage Therapies Clinic LP	107 Margin Street, Unit 3, Lawrence, MA		TARGET_MISSING_ADDRESS
S1-945571256	S2-222105799	True	C_SigToken+D_Prefix4	True	Cuyler Farms LLC	Cuyler Cuyler LLC Farms	612 Aspen Avenue, Broken Arrow, OK		TARGET_MISSING_ADDRESS
S1-246830750	S3-454125149	True	C_SigToken+D_Prefix4	True	Derouen & Eastman Post Inc	Derouen & Eastman Eastman Post	2741 Ontario Road, Village Of Bellevue, WI		TARGET_MISSING_ADDRESS
S1-578787161	S3-30809187	True	C_SigToken+D_Prefix4	True	Walker, Freeman & Anderson Inc	Walker, Anderson and Fréeman Inc	4555 Irwin Street, Trinity, NC		TARGET_MISSING_ADDRESS
S1-314428886	S3-463091195	True	C_SigToken+D_Prefix4	True	Summit Ministries III	Summit Minasstees III	WA, 1016 138th Street, Burien		TARGET_MISSING_ADDRESS
S1-895300153	S3-666340427	True	C_SigToken	True	N/X Southern LLC	The N/X Southern LLC	4607 Connery Court, Fl 1, Columbia, MO		TARGET_MISSING_ADDRESS
S1-601305122	S2-153398150	True	C_SigToken+D_Prefix4	True	Sweet Deli	Sweet Deli Enterprises	347 60, Grantsville, UT		TARGET_MISSING_ADDRESS
S1-250823692	S3-595295658	True	C_SigToken+D_Prefix4	True	Urology Center Inc.	Urology Center Associates	6695 Madden Estates Drive S, TX, Houston		TARGET_MISSING_ADDRESS
S1-279747768	S2-141203375	True	F_Location	False	Leum LLC	Quopyraveo	5 Preservation Lane, Wareham, MA	1 PRESERVATION LANE, WAREHAM, MA	NAME_DISJOINT_AND_NO_DIGIT_LOC_COOCCURRENCE
S1-429924040	S3-539026661	True	C_SigToken+D_Prefix4	True	Orthopedic Specialists LLC	Orthopedic LLC Specialists Enterprises	17650 Torrence Avenue, Lansing, IL		TARGET_MISSING_ADDRESS
S1-449767943	S3-168363605	True	F_Location	False	Cascade Piedmont Water LLC	Piedmontcascade.Com	19189 Colony Drive, Sulphur Springs, AR	18831. Colony Dr, Sulphur Springs Township, Arkansas	NAME_DISJOINT_AND_NO_DIGIT_LOC_COOCCURRENCE
S1-223918950	S3-542754515	True	C_SigToken+D_Prefix4	True	Unified Sterling Aria LLC	Unified Sterling LLC Center	2244 3rd Avenue, Irondale, AL		TARGET_MISSING_ADDRESS
S1-861315133	S2-821613262	True	C_SigToken+D_Prefix4	True	L V Gilbert Technical PLLC	L V Gilbert Technical P.L.L.C.	1013 Helena Street, Spokane, WA		TARGET_MISSING_ADDRESS
S1-962079186	S2-556988120	True	C_SigToken+D_Prefix4	True	Health Project II	Health Project II LP	Parma, OH, 5966 Stumph Road		TARGET_MISSING_ADDRESS
S1-346621687	S2-723555178	True	C_SigToken+D_Prefix4	True	East Saint Louis Housing League	EAST SAINT LOUIS HOUSING	2123 Baker Avenue, East Saint Louis, IL		TARGET_MISSING_ADDRESS
S1-416045941	S3-957727595	True	C_SigToken+D_Prefix4	True	Isaac, Marroquin & Watts LLC	Isaac Marroquin &	8702 Shepherds Ct, Louisville, KY		TARGET_MISSING_ADDRESS
S1-916959468	S2-357401143	True	C_SigToken+D_Prefix4	True	Valley Modern Quantum, Inc.	Valley Modern Quantum,	3047 Milford Harrington Highway, Unit APT C, Houston, DE		TARGET_MISSING_ADDRESS
S1-411445621	S3-572680086	True	C_SigToken+D_Prefix4	True	Strickland Safety	Strickland Safety Inc.	TX, 3114 San Jacinto Court, Laredo		TARGET_MISSING_ADDRESS
S1-404475169	S3-149104128	True	C_SigToken+D_Prefix4	True	Cascade Grand Beijing	Cascade Service Grand	1895 Bigler Circle, Heber, AZ		TARGET_MISSING_ADDRESS
S1-842789787	S3-60549727	True	C_SigToken+D_Prefix4	True	Danonet Enterprises	Danonet Enterprises [LP]	1013 63rd Street, Omaha, NE		TARGET_MISSING_ADDRESS
S1-188282119	S3-800965665	True	F_Location	False	IY Platinum Nippon, Inc	Nexxyloveo	7915 Crawford Road, Auburn, KS	007915 Crawford Road, Auburn, Kansas	NAME_DISJOINT_AND_NO_DIGIT_LOC_COOCCURRENCE
S1-188282119	S3-549480040	True	F_Location	False	IY Platinum Nippon, Inc	iyplatinumnippon.com	7915 Crawford Road, Auburn, KS	007915 Crawford Rd, Kansas, Auburn	NAME_DISJOINT_AND_NO_DIGIT_LOC_COOCCURRENCE
S1-399493497	S3-687653024	True	C_SigToken+D_Prefix4	True	Corner Massage	Corner Massage Center Enterprises	362 Willow Grove Drive, Village Of Pewaukee, WI		TARGET_MISSING_ADDRESS
S1-530328572	S2-975728616	True	C_SigToken+D_Prefix4	True	Morley, Bass & Edwards Earths Inc.	Morley Bass Edwards Earths Inc. Service	2089 Kent Des Moines Road, WA, Des Moines		TARGET_MISSING_ADDRESS
S1-942753942	S2-718644538	True	F_Location	False	West Clearthink	@WESTCLEARTHINK	3115 Cedarwood Drive, Durham, NC	311 CEDARWOOD DR, DURHAM, NC	NAME_DISJOINT_AND_NO_DIGIT_LOC_COOCCURRENCE
S1-942753942	S3-796022321	True	C_SigToken+D_Prefix4	True	West Clearthink	West  C1earthink	3115 Cedarwood Drive, Durham, NC		TARGET_MISSING_ADDRESS
S1-238167657	S3-623277752	True	C_SigToken+D_Prefix4	True	Ashia Cook, DMD	Ashia Cfoo,o-DMD	937 Thompson Way, Virginia Beach City, VA		TARGET_MISSING_ADDRESS
S1-350179921	S3-722343607	True	C_SigToken+D_Prefix4	True	Daggett Galata P.C.	Daggett  Galata LLC	103 Emerald Isle Lane, Wentzville, MO		TARGET_MISSING_ADDRESS
S1-406104040	S3-138959223	True	C_SigToken+D_Prefix4	True	Sequoia LLC	Sequoia  LLC Ventures	Hampstead, MD, 4060 Wheatland Court		TARGET_MISSING_ADDRESS
S1-660403680	S2-866050601	True	F_Location	False	Foot & Ankle Physicians	footanklephysicianscom	6824 Oakfork Loop, New Kent County, VA	OAKFORK LOOP, NEW KENT COUNTY, VA	TARGET_LACKS_DIGITS
S1-446539176	S2-835112665	True	C_SigToken+D_Prefix4	True	Highland Cardiology Associates, Inc.	Highland  Cardiology	13054 Us Highway 40, Highland, IL		TARGET_MISSING_ADDRESS
S1-379262773	S3-795725219	True	C_SigToken+D_Prefix4	True	Uptown Hair Studio	Uptown Hair Enterprises	1579 Rhinelander Avenue, Bronx, NY		TARGET_MISSING_ADDRESS
S1-131941232	S3-170974315	True	F_Location	False	Cam's Retail LP	Quosollum	Henry County, VA, 11 Jacob Drive	11A Jacob Drive, Axton, Virginia	TARGET_LACKS_DIGITS
S1-269624152	S3-284121034	True	C_SigToken+D_Prefix4	True	Cornerstone Valley Defi, Inc	Cornerstone Valley Dei, Inc	160 Elk Meadow Drive, Nelson County, VA		TARGET_MISSING_ADDRESS
S1-100809553	S2-725970551	True	C_SigToken+D_Prefix4	True	Complete Unified Launchpad Inc	Comp1ete Unified Launchpad Inc	4538 Villa Drive, Eagan, MN		TARGET_MISSING_ADDRESS
S1-392198672	S2-389608306	True	C_SigToken+D_Prefix4	True	Tsai Textiles	TSAI TEXTILES LP	69-01 35 Avenue, Woodside, NY		TARGET_MISSING_ADDRESS
S1-20877515	S2-545000088	True	F_Location	False	Carter Learning Center	@CARTERLEARNING	12219 Bradbury Drive, El Paso County, TX	0012219 BRADBURY DRIVE, EL PASO COUNTY, TX	NAME_DISJOINT_AND_NO_DIGIT_LOC_COOCCURRENCE
S1-412832406	S2-70735154	True	C_SigToken+D_Prefix4	True	Natecex	NATECEX.COM	Killeen, 501 Central Texas Expressway, Unit 4804, TX		TARGET_MISSING_ADDRESS
S1-201876571	S2-248073223	True	C_SigToken+D_Prefix4	True	Cardiology Keystone Care of Washington	Cardiology Ketyoen Care of Washington	1011 Miller Street, IL, Washington		TARGET_MISSING_ADDRESS
S1-557668554	S2-552094954	True	F_Location	False	RSR Productions Clinic	Arcarcvantage	123 26th Street, South Bend, IN	23 26RD STREET, SOUTH BEND, IN	NAME_DISJOINT_AND_NO_DIGIT_LOC_COOCCURRENCE
S1-149557730	S2-797118286	True	C_SigToken+D_Prefix4	False	Eye Clinic	*** EYE SERVICES	1014 Woodhall Lane, Durham, NC	WOODHALL LANE, DURHM, NC	TARGET_LACKS_DIGITS
S1-707697591	S3-891282046	True	F_Location	False	Raheem, Jones & Huizar Inc.	>> Ciracalo	3 Hoover Parkway, Lockport, NY	003 Hoover Pkwy, Lockport, New York	NAME_DISJOINT_AND_NO_DIGIT_LOC_COOCCURRENCE
S1-252242682	S2-167308687	True	C_SigToken+D_Prefix4	False	Aggie E. Nagle, L.C.S.W.	AGGIE E. NLMGL, (L.C.S.W.)	11900 54th Avenue, Plymouth, MN	54ND AVENUE, MINNEAPLIS, MN	TARGET_LACKS_DIGITS
S1-252242682	S2-84842746	True	D_Prefix4	False	Aggie E. Nagle, L.C.S.W.	*** aggieenagle.com	11900 54th Avenue, Plymouth, MN	54ND AVENUE, MINNEAPLIS, MN	TARGET_LACKS_DIGITS
S1-847348470	S3-534325626	True	C_SigToken+D_Prefix4	True	Express Education Holdings	Express Education LLC	462 County Road, Oak Bluffs, MA		TARGET_MISSING_ADDRESS
S1-24195153	S2-566147672	True	C_SigToken+D_Prefix4	True	Urban Massage	URBAN URBAN MCSNGE	1415 Magnolia Lane, Midwest City, OK		TARGET_MISSING_ADDRESS
S1-329862067	S2-252790607	True	C_SigToken+D_Prefix4	True	Reliable Royal Retail Inc.	Reliable Royal Retail Incorporated	1004 Aycock Street, City Of Wilson, NC		TARGET_MISSING_ADDRESS
S1-329862067	S2-271145960	True	C_SigToken+D_Prefix4	True	Reliable Royal Retail Inc.	Reliable Royal Retail Inc	1004 Aycock Street, City Of Wilson, NC		TARGET_MISSING_ADDRESS
S1-635601555	S3-64956017	True	C_SigToken+D_Prefix4	True	Twisted Grill LLC	Twisted-G1rlel LLC	6620 10th Avenue, Tucson, AZ		TARGET_MISSING_ADDRESS
S1-728725745	S3-277330778	True	C_SigToken+D_Prefix4	True	Classic Mountain Chiron	Classic Mountain #64953	192 Rebel Drive, Old Fort, TN		TARGET_MISSING_ADDRESS
S1-376128889	S2-305923783	True	E_Digits	False	Pesonify Inc	PAIOFY  INC	Mcminnville, 1421 9th Avenue, OR	1421 NINTH AVE, MCCMINNVILLE, OR	NAME_DISJOINT_AND_NO_DIGIT_LOC_COOCCURRENCE
S1-795571676	S2-609896857	True	C_SigToken+D_Prefix4	True	Daniel, Randolph and Gomez Center	Daniel, Randolph and Gomez Center Inc.	4400 Lange Avenue, Saint Michael, Unit Unit 101, MN		TARGET_MISSING_ADDRESS
S1-297365467	S3-687654256	True	C_SigToken+D_Prefix4	True	ROM Canada Clinic	ROM Canada	Austin, TX, 1124 Airport Boulevard		TARGET_MISSING_ADDRESS
S1-948562279	S2-308908120	True	C_SigToken+D_Prefix4	True	Lynette Campbell Restaurants	Lynette Cámpbe1l Restaurants	213 152nd Place, Bellevue, WA		TARGET_MISSING_ADDRESS
S1-805570404	S3-597431484	True	C_SigToken+D_Prefix4	True	Charvat Mobility LLC	Charvat Moilsiy Moilsiy LLC	528 Birch Lane, Richardson, TX		TARGET_MISSING_ADDRESS
S1-507182445	S2-852572794	True	C_SigToken+D_Prefix4	True	Electronic Payment Works Partners	ELECTRONlC PAYMENT WORKS  PARTNERS	4872 Lichfield Place, Unit 102, Waldorf, MD		TARGET_MISSING_ADDRESS
S1-948423322	S2-910465183	True	C_SigToken+D_Prefix4	True	Burnside Rivernorth LLC	BURNSIDE LLC CENTER	211 Lafayette Road, Unit Apartment 317, Syracuse, NY		TARGET_MISSING_ADDRESS
S1-229138880	S2-934233944	True	C_SigToken+D_Prefix4	True	Golden Valley Oneim	GOLDEN  VALLEY OEIM	16278 Shilling Road, Unit 40, Berlin Center, OH		TARGET_MISSING_ADDRESS
S1-143519660	S3-877655121	True	C_SigToken+D_Prefix4	True	Clemmy Lora Cornerstone Chile LLC	Clemmy Lar Cornerstone Chile (LLC) | www.clemmylar.com	11633 Warpaint Drive, Phoenix, AZ		TARGET_MISSING_ADDRESS
S1-795923569	S3-446541209	True	C_SigToken+D_Prefix4	True	Little Yoga	Little Yóga Yóga	CA, 3811 24th Avenue, Sacramento		TARGET_MISSING_ADDRESS
S1-863831504	S2-568697941	True	C_SigToken+D_Prefix4	True	Coex LLC	COEX.COM	209 Spot Road, Powells Point, NC		TARGET_MISSING_ADDRESS
S1-917388731	S2-58200963	True	F_Location	False	Metro Newtekone L.L.C.	Drexfluxhalo	OK, Broken Arrow, 3716 Hemlock Avenue	371 HEMLOCK AVENUE, BROKEN ARROW, OK	NAME_DISJOINT_AND_NO_DIGIT_LOC_COOCCURRENCE
S1-679284720	S3-296659367	True	F_Location	False	L F & E Sterling	lfe.com	1213 Layton Avenue, City Of Appleton, WI	Appleton, Layton Avenue, Wisconsin	TARGET_LACKS_DIGITS
S1-930593792	S3-842004470	True	C_SigToken	True	Custom Environmental International Inc	The Custom Environmental International Inc	6835 Camelback Road, Unit APT 8017, Scottsdale, AZ		TARGET_MISSING_ADDRESS
S1-202220816	S3-165062500	False	None (Missed by G too)	True	K+ Willow LLC	K+ Wllrow LLC	1432 Bayberry Court, Chesapeake City, VA		TARGET_MISSING_ADDRESS
S1-511371667	S3-992382101	True	F_Location	False	North Diamond East Inc	Haloumbra	4169 Cortsville Road, South Charleston, OH	004169 Cortsville Road, South Charleston, Ohio	NAME_DISJOINT_AND_NO_DIGIT_LOC_COOCCURRENCE
S1-415899395	S3-225928727	True	C_SigToken+D_Prefix4	True	Trusted Allstate, Inc	Trusted Inc Center	571 Haskell Drive, Akron, OH		TARGET_MISSING_ADDRESS
S1-432473509	S2-123198724	True	F_Location	False	Innovative Precision Immunopharma LLC	iiprecision.com	1794 Calvert Street, Cuyahoga Falls, OH	CALVERT STREET, CUYAHOGA FALLS, OH	TARGET_LACKS_DIGITS
S1-589441794	S2-319081011	True	F_Location	False	Universal Technologies Private Limited	यूनिवर्सल टेक्नोलॉजीज प्राइवेट लिमिटेड	Sonbhadra, Anpara, C/O Shri Gulab Chandra Vishwakarma Ward No Three Anpara Abazar, Uttar Pradesh	C/O SHRI GULAB CHANDRA VISHWAKARMA WARD NO THREE ANPARA ABAZAR, null, ANPARA, SONBHADRA, उत्तर प्रदेश	NO_DIGITS_EITHER_RECORD
S1-682409223	S2-317174282	True	F_Location	False	Galaxy Healthcare Private Limited	ગેલેક્સી હેલ્થકેર પ્રાઇવેટ લિમિટેડ	7/A Vasant Rajab Park, Surendra Mangaldas Road, Jodhpur Char Rasta Satellite, Ahmedabad, Gujarat	VASANT RAJAB PARK, AHMEDABAD, Gujarat	TARGET_LACKS_DIGITS
S1-565729460	S3-987841301	True	F_Location	False	Rmv Interiors Private Limited	rmvinteriors.com	Nayagaongwaliar Road Jhansi, Uttar Pradesh, Jhansi, Uttar Pradesh	Door No 187 Nayagaongwaliar Road Jhansi, Uttar Pradesh, Jhansi, UP	NAME_DISJOINT_AND_NO_DIGIT_LOC_COOCCURRENCE
S1-768272050	S3-149308192	True	F_Location	False	Aroha (India) It Limited	@arohaindia	Kh433/1718P, 3950/4528 C/O, Santoshk.Singhdengsargird, Sadar, Sambalpur, Orissa	Kh433/1718p, Sambalpur, Sadar, ଓଡ଼ିଶା	TARGET_LACKS_DIGITS
S1-154290531	S2-216200979	True	C_SigToken	True	Ak International School	Smt Ak  International School	No.1, Janthanagondanahalli, Bangalore South, Bangalore, Karnataka		TARGET_MISSING_ADDRESS
S1-757192386	S2-902626517	True	C_SigToken+D_Prefix4	True	Sl Education Private Limited	Sl Education Private Private Ltd	Cherthala, Alappuzha, Baal Gardens Cherthala South, Kerala		TARGET_MISSING_ADDRESS
S1-864909001	S2-889144698	True	F_Location	False	Hari Enterprises LLP	हरि एंटरप्राइजेज एलएलपी	Agauta Village Bhandoria P.O. Aurangabad, Bulandshahr, Uttar Pradesh	AGAUTA VILLAGE BHANDORIA P.O. AURANGABAD, BULANDSHAHR, Uttar Pradesh	NO_DIGITS_EITHER_RECORD
S1-829963152	S3-928775992	True	C_SigToken+D_Prefix4	True	Bangalore Apparels Private Limited	Bangalore Apparels Private	Karnataka, Bangalore, 61St Cross 5Th Block Rajajinagar, No 683, Bangalore		TARGET_MISSING_ADDRESS
S1-766359311	S3-905390561	True	C_SigToken+D_Prefix4	True	Jai Shiv Consulting Private Limited	Jai Shvi Consulting Private Limited	A-120, Omicron-Ii, Greater Noida, Noida, Gautam Buddha Nagar, Uttar Pradesh		TARGET_MISSING_ADDRESS
S1-702957157	S2-634356308	True	F_Location	False	Bright Technologies Private Limited	ब्राइट टेक्नोलॉजीज प्राइवेट लिमिटेड	Darbhanga, Bhairopatti, P.O-Milkichak Dist- Darbhanga, Bihar, At - H.N-G01, Darbhanga	AT - H.N-G01, BHAIROPATTI, P.O-MILKICHAK DIST- DARBHANGA, DARBHANGA, Bihar	NO_DIGITS_EITHER_RECORD
S1-645875509	S3-124421149	True	F_Location	False	Balaji Builders Private Limited	பாலாஜி பில்டர்ஸ் பிரைவேட் லிமிடெட்	3C, Trisquare Vedha Apt, Kovai Thiru Nagar, Coimbatore South, Coimbatore, Tamil Nadu	3C, Trisquare Vedha Apt, Kovai Thiru Nagar, Coimbatore, Kalapatti, TN	NO_DIGITS_EITHER_RECORD
S1-435442868	S3-766875122	True	C_SigToken+D_Prefix4	True	Bharat Systems Private Limited	Bharat Systems Piate Limited	127 Agarwal Building, Above Icici Bank Branch, Telco Road, Mohan Nagar, Chinchwad, Pune, Maharashtra		TARGET_MISSING_ADDRESS
S1-103808480	S2-961311699	True	F_Location	False	Tech Media Pvt Ltd	टेक मीडिया प्रा. लि.	229Okhla Industrial Estate, New Delhi., South Delhi, Delhi	DOOR NO 231OKHLA INDUSTRIAL ESTATE, SOUTH DELHI, NEW DELHI., Delhi	NO_DIGITS_EITHER_RECORD
S1-128243443	S2-139385678	True	F_Location	False	Fortune Engineering Private Limited	ఫార్చూన్ ఇంజనీరింగ్ ప్రైవేట్ లిమిటెడ్	Survey No. 2O5, Andhra Pradesh, Askapally Village, Anakapalle, Vishakhapatnam, Visakhapatnam	DSOR NO #2O5, VISAKHAPATNAM, VISAKHAPATANAM, Andhra Pradesh	NO_DIGITS_EITHER_RECORD
S1-128243443	S3-613461679	True	F_Location	False	Fortune Engineering Private Limited	ఫార్చూన్ ఇంజనీరింగ్ Private Limited	Survey No. 2O5, Andhra Pradesh, Askapally Village, Anakapalle, Vishakhapatnam, Visakhapatnam	H.no 2O5, Vishakhapatnam, Visakhapatnam, AP	NO_DIGITS_EITHER_RECORD
S1-633020800	S2-600223356	True	F_Location	False	Vision Energy Private Limited	ವಿಷನ್ ಎನರ್ಜಿ ಪ್ರೈವೇಟ್ ಲಿಮಿಟೆಡ್	S/O Suryanarayana Shetty 3Rd Block, 4Th Main Kuvempu Nagar, Tumkur, Karnataka	S/O SURYANARAYANA SHETTY 03RD BLOCK, TUMKUR, Karnataka	NO_DIGITS_EITHER_RECORD
S1-633020800	S3-340259458	True	F_Location	False	Vision Energy Private Limited	ವಿಷನ್ ಎನರ್ಜಿ ಪ್ರೈವೇಟ್ ಲಿಮಿಟೆಡ್	S/O Suryanarayana Shetty 3Rd Block, 4Th Main Kuvempu Nagar, Tumkur, Karnataka	No. 795 S/o Suryanarayana Shetty 3Rd Block, 4Th Main Kuvempu Nagar, Tumkur, KA	NAME_DISJOINT_AND_NO_DIGIT_LOC_COOCCURRENCE
S1-633020800	S3-159954094	True	F_Location	False	Vision Energy Private Limited	ವಿಷನ್ ಎನರ್ಜಿ ಪ್ರೈವೇಟ್ ಲಿಮಿಟೆಡ್	S/O Suryanarayana Shetty 3Rd Block, 4Th Main Kuvempu Nagar, Tumkur, Karnataka	H.no 795 S/o Suryanarayana Shetty 3Rd Block, Tumkur, KA	NAME_DISJOINT_AND_NO_DIGIT_LOC_COOCCURRENCE
S1-703868507	S2-310195136	True	C_SigToken+D_Prefix4	True	Gurugram Solutions Private Limited	Gurugram Solutions Solutions	H No 1033, First Floor Sector 31, Gurugram, Gurgaon, Haryana		TARGET_MISSING_ADDRESS
S1-181441266	S2-169394711	True	C_SigToken+D_Prefix4	True	Skylark (India) Eximp Private Limited	Skylark (India) Eximp [Private]	4A Sc Plot No 264 10Th Road Anthony High School Chembur Opp.Olps Church, Mumbai, Mumbai City, Maharashtra		TARGET_MISSING_ADDRESS
S1-521923008	S2-388160123	True	C_SigToken+D_Prefix4	True	Mukta Engineers (India) Ltd	Mukta Engineers (Ihsndlg) Ltd	New Delhi, 1St Floor, Building No. 2, Post Office Street, Opp. Tivoli Garden, Chattarpur, Delhi, South Delhi		TARGET_MISSING_ADDRESS
S1-828910348	S2-510406604	True	F_Location	False	Mse Entertainments Limited	Nylanex	304, Iiird Floor Rishab Tower 16 Community Centre, Karkardooma, Delhi, East Delhi, Delhi	0304, EAST DELHI, DELHI	NAME_DISJOINT_AND_NO_DIGIT_LOC_COOCCURRENCE
S1-679372527	S2-65693759	True	F_Location	False	Sai Apparel Pvt. Ltd.	Smt VIOEVO	No 42A, Second Street, Velayudham Colony, Saligramam, Chennai, Tamil Nadu	042A, SECOND STREET, VELAYUDHAM COLONY, SALIGRAMAM, CHENNAI, தமிழ்நாடு	NO_DIGITS_EITHER_RECORD
S1-679372527	S3-621511664	True	C_SigToken+D_Prefix4	True	Sai Apparel Pvt. Ltd.	Sai Pvt. Ltd. Center Enterprises	No 42A, Second Street, Velayudham Colony, Saligramam, Chennai, Tamil Nadu		TARGET_MISSING_ADDRESS
S1-661444071	S2-261202522	True	F_Location	False	High Lakshmi Trading LLP	हाई लक्ष्मी ट्रेडिंग एलएलपी	C/Okamlesh Kumar, Chhoti Nagla, Sampatchak, Patna, Bihar	NO. 73 C/OKAMLESH KUMAR, CHHOTI NAGLA, PATNA, SAMPATCHAK, Bihar	NAME_DISJOINT_AND_NO_DIGIT_LOC_COOCCURRENCE
S1-959295560	S2-269992114	True	C_SigToken+D_Prefix4	True	Bharatnagar Producer Private Limited	Bharatnagar Producer Private	Rishi House, Plot No. 113-116, Industrial Area, Ward No. 6, Bharatnagar, Gandhidham, Gujarat		TARGET_MISSING_ADDRESS
S1-522559323	S3-314668275	True	C_SigToken	True	Associates (India) Studio Private Limited	Ass0ciates (India) Studio  Private Limited	A-105, Shree Vihar Colony Behind Hotel Clarkes Amer, J.L.N. Marg, Jaipur, Rajasthan		TARGET_MISSING_ADDRESS
S1-484348358	S3-877999454	True	F_Location	False	Millennium Zippers Private Limited	zippersprivate.com	Gujarat, Surat, Plot No 195 Road No 6Fudhyognagar Udhna	#0195 Road No 6Fudhyognagar Udhna, Surat, GJ	NAME_DISJOINT_AND_NO_DIGIT_LOC_COOCCURRENCE
S1-961789848	S3-813443002	True	F_Location	False	Jai Technology Limited	Dr jaitechnology.com	B 207, Sai Orchid, Pipe Line Road, Pisawali, Kalyan, Thane, Maharashtra	B 20, Kalyan, Thane, महाराष्ट्र	NAME_DISJOINT_AND_NO_DIGIT_LOC_COOCCURRENCE
S1-866448142	S2-312371717	True	C_SigToken+D_Prefix4	True	Dharam Funds Private Limited	Dharam Funds Limited Private	22, Dda Flats, Panchsheel Park, Shivalik Road Near Bhavishya Nidhi Enclave, New Delhi, South West Delhi, Delhi		TARGET_MISSING_ADDRESS
S1-525970796	S2-318943995	True	C_SigToken+D_Prefix4	True	Sai Tech Private Limited	Sai Tech प्राइवेट लिमिटेड	Delhi, New Delhi, Shop No. 39, New Delhi, C.S.C-8 Sector 8, Rohini		TARGET_MISSING_ADDRESS
S1-525970796	S3-148850107	True	C_SigToken	True	Sai Tech Private Limited	Dr Sai Tech Private	Delhi, New Delhi, Shop No. 39, New Delhi, C.S.C-8 Sector 8, Rohini		TARGET_MISSING_ADDRESS
S1-752751986	S2-605964651	True	F_Location	False	Anant Technologies (India) Private Limited	Ciralyra	Devi Sadan Building, Plot No .444 Mahila Ashram Road, Kings Circle, Matunga, Mumbai, Mumbai City, Maharashtra	DEVI SADAN BUILDING, MUMBAI CITY, Maharashtra	TARGET_LACKS_DIGITS
S1-649557799	S2-286672886	True	F_Location	False	Tech Solutions Private Limited	టెక్ సొల్యూషన్స్ ప్రైవేట్ లిమిటెడ్	Plot No. 82A, Dr Bhaskar Rao Nagar, Lakeview Residency, Sainikpuri, Hyderabad, Telangana	PLOT NO. 82A, DR BHASKAR RAO NAGAR, LAKEVIEW RESIDENCY, SAINIKPURI, RANGA REDDY, HYDERABAD, తెలంగాణ	NO_DIGITS_EITHER_RECORD
S1-649557799	S2-889179942	True	F_Location	False	Tech Solutions Private Limited	టెక్ సొల్యూషన్స్ ప్రైవేట్ లిమిటెడ్	Plot No. 82A, Dr Bhaskar Rao Nagar, Lakeview Residency, Sainikpuri, Hyderabad, Telangana	82A, DR BHASKAR RAO NAGAR, LAKEVIEW RESIDENCY, SAINIKPURI, RANGA REDDY, HYDERABAD, Telangana	NO_DIGITS_EITHER_RECORD
S1-971406166	S2-259796462	True	F_Location	False	Al Consultancy Private Limited	আল কনসালটেন্সি প্রাইভেট লিমিটেড	Jalpaiguri, C.O. Subhash Majumdar, Jalpaiguri, West Bengal, Madhya Raja Hat, Mantadari, Millanpally	C.O. SUBHASH MAJUMDAR, JALPAIGURI, <NULL>, West Bengal	NO_DIGITS_EITHER_RECORD
S1-971406166	S2-123061864	True	F_Location	False	Al Consultancy Private Limited	আল কনসালটেন্সি প্রাইভেট লিমিটেড	Jalpaiguri, C.O. Subhash Majumdar, Jalpaiguri, West Bengal, Madhya Raja Hat, Mantadari, Millanpally	C.O. SUBHASH MAJUMDAR, JALPAIGURI, <NULL>, West Bengal	NO_DIGITS_EITHER_RECORD
S1-971406166	S2-982946977	True	F_Location	False	Al Consultancy Private Limited	আল কনসালটেন্সি প্রাইভেট লিমিটেড	Jalpaiguri, C.O. Subhash Majumdar, Jalpaiguri, West Bengal, Madhya Raja Hat, Mantadari, Millanpally	C.O. SUBHASH MAJUMDAR, JALPAIGURI, <NULL>, West Bengal	NO_DIGITS_EITHER_RECORD
S1-332430393	S2-313430458	True	F_Location	False	Kala Professionals Private Limited	Dovakelo	805 Pegasus Parvati Nagar Chs Ltd Versova Andheri West, Mumbai, Maharashtra	#0805 PEGASUS PARVATI NAGAR CHS LTD VERSOVA ANDHERI WEST, MUMBAI, Maharashtra	NAME_DISJOINT_AND_NO_DIGIT_LOC_COOCCURRENCE
S1-337927389	S3-902574992	True	C_SigToken+D_Prefix4	True	Boundless Shopping Private Limited	Bound1ess Shopping Private Limited | www.boundess.com	Cabin No. 1008, Ofis Square, 10Th Floor, Block-2, Vatika Business Park, Sector 49, Sohna Road, Gurgaon, Haryana		TARGET_MISSING_ADDRESS
S1-929404506	S3-485699460	False	None (Missed by G too)	True	Dk Marketing Private Limited	Dk Private Limited Partners #41313	13 Penn Court, Kolkata, Calcutta, West Bengal		TARGET_MISSING_ADDRESS
S1-432417889	S3-942447105	True	F_Location	False	Abhinandan Logistics Pvt. Ltd.	Cirazeta	C/O Latabai Atmaram Khekale, At Bhokardan Jalna Perjapur, Jalna, Maharashtra	C/O Latabai Atmaram Khekale, At Bhokardan Jalna Perjapur, Jalna, Maharashtra	NO_DIGITS_EITHER_RECORD
S1-922968975	S2-378102105	True	C_SigToken+D_Prefix4	True	Foods Mp Infosystems Pvt Ltd	Foods Mp lnfosystems Pvt Ltd	Mumbai, Sadhana H Dand 21 Keshavjinaik Road Masjid Bunder, Maharashtra		TARGET_MISSING_ADDRESS
S1-535175264	S3-639970214	True	F_Location	False	Asg Traders Private Limited	asgtraders.com	Sco 261, Sector-14 Urban Estate, Panchkula, Panchkula, Haryana	Sco 61, Panchkula, हरियाणा	NAME_DISJOINT_AND_NO_DIGIT_LOC_COOCCURRENCE
S1-402023705	S2-433462725	True	C_SigToken+D_Prefix4	True	Grl Vyapar Pvt. Ltd.	Grl Vyapar Pvt. Pvt. Limited	In Centre Midc12Th Floor Andheri (E), Mumbai, Maharashtra		TARGET_MISSING_ADDRESS
S1-402023705	S3-400755468	True	F_Location	False	Grl Vyapar Pvt. Ltd.	grlvyapar.com	In Centre Midc12Th Floor Andheri (E), Mumbai, Maharashtra	In Centre Midc12th Floor Andheri (E), Mumbai, MH	NO_DIGITS_EITHER_RECORD
S1-468537721	S3-173270713	True	F_Location	False	Mansarovar College	Onyxdrex	Raniganj Nursing Homebuilding Searsole Rajbari, Kolkata, Bardhaman, West Bengal	Raniganj Nursing Homebuilding Searsole Rajbari, Kolkata, Bardhaman, WB	NO_DIGITS_EITHER_RECORD
S1-899984381	S2-285339556	True	F_Location	False	Ace Management LLP	एस मैनेजमेंट एलएलपी	Flat No.104, Shanti Vihar D-16 Chs Ltd, Shanti Nagar, Opp. Sector 2, Near Sai Ba, Ba Mandir, Mira Road, Thane, Maharashtra	FLAT NO.1-04, MIRA ROAD, THANE, Maharashtra	NAME_DISJOINT_AND_NO_DIGIT_LOC_COOCCURRENCE
S1-162262848	S2-437276409	True	C_SigToken+D_Prefix4	True	WU Ocean Private Limited	WU  Ocean Private	Shop.8, Manali Arcade, Near, Dmart, Padmavati, Sn63/2B, Pune City, Pune, Maharashtra		TARGET_MISSING_ADDRESS
S1-537854537	S2-337964499	True	F_Location	False	Good Energy Private Limited	ಗುಡ್ ಎನರ್ಜಿ ಪ್ರೈವೇಟ್ ಲಿಮಿಟೆಡ್	First Floor, 83, G 10Th Street, Jogupalya, Halasuru, Bangalore North, Bangalore, Karnataka	FIRST FLOOR, BANGALORE NORTH, BANGALORE, Karnataka	TARGET_LACKS_DIGITS
S1-537854537	S3-912315375	True	F_Location	False	Good Energy Private Limited	ಗುಡ್ ಎನರ್ಜಿ ಪ್ರೈವೇಟ್ ಲಿಮಿಟೆಡ್	First Floor, 83, G 10Th Street, Jogupalya, Halasuru, Bangalore North, Bangalore, Karnataka	Bangalore North, Bangalore, No. 374 First Floor, KA	NAME_DISJOINT_AND_NO_DIGIT_LOC_COOCCURRENCE
S1-748938307	S2-110714555	True	C_SigToken+D_Prefix4	True	Pink Academy Pvt. Ltd.	Pink Aaccedy Pvt. Ltd.	85 A, Pocket- R, Dilshad Garden, Delhi, East Delhi, Delhi		TARGET_MISSING_ADDRESS
S1-547495489	S2-704449411	True	F_Location	False	Jai Finance Private Limited	জয় ফাইন্যান্স প্রাইভেট লিমিটেড	C/O: Sukanta Biswas, Khidirpur, Uttarpara, Nakashipara, Nadia, West Bengal	PLOT C-579 C/O: SUKANTA BISWAS, NADIA, West Bengal	NAME_DISJOINT_AND_NO_DIGIT_LOC_COOCCURRENCE
S1-547495489	S3-57096245	True	F_Location	False	Jai Finance Private Limited	জয় ফাইন্যান্স প্রাইভেট লিমিটেড	C/O: Sukanta Biswas, Khidirpur, Uttarpara, Nakashipara, Nadia, West Bengal	C/o: Sukanat Biswas, Khidirpur, Uttarpara, Nakashipara, Nadia, পশ্চিমবঙ্গ	NO_DIGITS_EITHER_RECORD
S1-364438895	S2-926354208	True	F_Location	False	Mandya Seva Samiti	@MANDYASEVA	131A, Yusaf Sarai, New Delhi, Delhi	131A, YUSAF SARAI, null, Delhi	NO_DIGITS_EITHER_RECORD
S1-528250728	S2-662293939	True	F_Location	False	One Exports Pvt Ltd	వన్ ఎక్స్‌పోర్ట్స్ ప్రైవేట్ లిమిటెడ్	2C, Chandra Residency, Opp Ashok Gardens Bowenpally, Secunderabad, Hyderabad, Telangana	B3/2C, HYDERABAD, Telangana	NO_DIGITS_EITHER_RECORD
S1-528250728	S3-591344110	True	F_Location	False	One Exports Pvt Ltd	వన్ ఎక్స్‌పోర్ట్స్ ప్రైవేట్ లిమిటెడ్	2C, Chandra Residency, Opp Ashok Gardens Bowenpally, Secunderabad, Hyderabad, Telangana	TG, Hyderabad, 2C, Chandra Residency, Opp Ashok Gardens Bowenpally, Secunderabad	NO_DIGITS_EITHER_RECORD
S1-528250728	S3-212550855	True	F_Location	False	One Exports Pvt Ltd	వన్ ఎక్స్‌పోర్ట్స్ ప్రైవేట్ లిమిటెడ్	2C, Chandra Residency, Opp Ashok Gardens Bowenpally, Secunderabad, Hyderabad, Telangana	2C, Hyderabad, TG	NO_DIGITS_EITHER_RECORD
S1-742494841	S3-829920930	True	F_Location	False	RK Hours Limited	Nexkelo	Purana Bazar, Barnala, Barnala, Bhushan Bansal, Sangrur, Punjab	Bhushan Bansal, Purana Bazar, Barnala, Barnala, Sangrur, Punjab	NO_DIGITS_EITHER_RECORD
S1-736313013	S2-17588697	True	F_Location	False	South Investment Private Limited	সাউথ ইনভেস্টমেন্ট প্রাইভেট লিমিটেড	Room No-512A, Kolkata, Howrah, West Bengal, Kolkata, 71 Canning Street 5Th Floor	11 CANNING STREET 5TH FLOOR, HOWRAH, DALHOUSIE KOLKATA, West Bengal	NAME_DISJOINT_AND_NO_DIGIT_LOC_COOCCURRENCE
S1-319011081	S2-260215634	True	C_SigToken+D_Prefix4	True	Bhawani Foundation Private Limited	BHAWANl FOUNDATION PRIAATRE LIMITED	H No 757, 2Nd Floor Sector 4, Gurugram, Gurgaon, Haryana		TARGET_MISSING_ADDRESS
S1-122681503	S2-547851550	True	E_Digits	False	Lotus Solutions Private Limited	లోటస్ సొల్యూషన్స్ ప్రైవేట్ లిమిటెడ్	#8-2-622/1/A3, Classic Emerald, Road No 10 Banjara Hills, Hyderabad, Telangana	DOOR NO 008-2-622/1/A3, RANGA REDDY, Andhra Pradesh	NAME_DISJOINT_AND_NO_DIGIT_LOC_COOCCURRENCE
S1-39548589	S2-113639423	True	F_Location	False	Shubha Constructions Pvt Ltd	SCONSTRUCTIONS.COM	Govind Sharan Agrawal Main Market, Farah, Mathura, Uttar Pradesh	GOVIND SHARAN AGRAWAL MAIN MARKET, FARAH, MATHURA, उत्तर प्रदेश	NO_DIGITS_EITHER_RECORD
S1-526017514	S2-717060051	True	F_Location	False	Shreehari Welfare Society	welfareshreeharisociety.com	A-410 Celebration City Centre, South Bopal, Daskroi, Ahmedabad, Gujarat	A-41 CELEBRATION CITY CENTRE, SOUTH BOPAL, AHMEDABAD, DASKROI, Gujarat	NAME_DISJOINT_AND_NO_DIGIT_LOC_COOCCURRENCE
S1-448474186	S2-878716358	True	C_SigToken+D_Prefix4	True	Bangalore North Products Private Limited	BANGALORE-NORTH PRÓDUCTS PRIVATE	H No 150, Ground Floor, Nagarabhavi, Sajjepalya, Bangalore North, Bangalore, Karnataka		TARGET_MISSING_ADDRESS
S1-700288066	S3-733014283	True	C_SigToken+D_Prefix4	True	Elixir Foundation Private Limited	Elixir Foundation Limited  Center	G-14, Iind Floor Preet Vihar, Delhi		TARGET_MISSING_ADDRESS
S1-334733018	S2-664005981	True	F_Location	False	New Constructions Pvt Ltd	নিউ কনস্ট্রাকশনস প্রাইভেট লিমিটেড	C/O- Century Transport Of India Baikunthapur Roy Colony, Jl No.-02, Siliguri, Jalpaiguri, West Bengal	C/O- CENTURY TRANSPORT OF INDIA BAIKUNTHAPUR ROY COLONY, JALPAIGURI, SILIGURI, West Bengal	TARGET_LACKS_DIGITS
S1-700357065	S2-798883	True	C_SigToken+D_Prefix4	True	Ujjatech Foam Private Limited	Ujjatech Private Limited Services	B-340, Second Floor, Old No-B-63, New Ashok Nagar, Delhi, East Delhi, Delhi		TARGET_MISSING_ADDRESS
S1-157964912	S3-152742988	True	F_Location	False	Seven Energy Pvt Ltd	सेवन एनर्जी प्रा. लि.	3Rd Floor, Office No A321, Master Mind 4, Royal Palm, Goregaon East, Mumbai, Maharashtra	Mumbai, #G-3Rd Floor, Goregaon East, MH	TARGET_LACKS_DIGITS
S1-496761025	S3-125115872	True	F_Location	False	Jaipur Vizag LLP	Nylawex	C/Omnit Innovation And Incubation Centre (Miic) J L N Marg, Jaipur, Rajasthan	C/Omnit Innovation And Incubation Centre (Miic) J L N Marg, Jaipur, Rajasthan	NO_DIGITS_EITHER_RECORD
S1-346071453	S2-169180371	True	F_Location	False	VI Consultants Private Limited	VI Private Limited Services	C/O Mr. Anil Kuamr S/O Shrio Ram Swaroop Moh. Mainmarket Near Raju Purdil Nagar, Hathras, Uttar Pradesh	C/O MR. ANIL KUAMR S/O SHRIO RAM SWAROOP MOH. MAINMARKET NEAR RAJU PURDIL NAGAR, HATHRAS, उत्तर प्रदेश	NO_DIGITS_EITHER_RECORD
S1-346071453	S2-754640733	True	F_Location	False	VI Consultants Private Limited	viconsultantsprivate.com	C/O Mr. Anil Kuamr S/O Shrio Ram Swaroop Moh. Mainmarket Near Raju Purdil Nagar, Hathras, Uttar Pradesh	C/O MR. ANIL KUAMR S/O SHRIO RAM SWAROOP MOH. MAINMARKET NEAR RAJU PURDIL NAGAR, HATHRAS, Uttar Pradesh	NO_DIGITS_EITHER_RECORD
S1-232277974	S2-99608444	True	F_Location	False	Classic Infra Pvt Ltd	ਕਲਾਸਿਕ ਇਨਫ੍ਰਾ ਪ੍ਰਾ. ਲਿ.	Scf2, 2Nd. Floor, Bsf Colony Near More, Jalandhar, Punjab	SCF2, JALANDHAR, Punjab	NO_DIGITS_EITHER_RECORD
S1-232277974	S3-347884493	True	F_Location	False	Classic Infra Pvt Ltd	ਕਲਾਸਿਕ ਇਨਫ੍ਰਾ ਪ੍ਰਾ. ਲਿ.	Scf2, 2Nd. Floor, Bsf Colony Near More, Jalandhar, Punjab	Scf2, 2Nd. Floor, Bsf Colony Near More, Jalandhar, ਪੰਜਾਬ	NO_DIGITS_EITHER_RECORD
S1-868764742	S2-952856200	True	F_Location	False	Seven Southern Systems Private Limited	সেভেন সাউদার্ন সিস্টেমস প্রাইভেট লিমিটেড	Plot No 345 Part, Hijli Co Op Society, Nr Netaji Krirangon, Ph, Kgp, Prembazar, Kharagpur, Midnapore, West Bengal	PART, HIJLI CO OP SOCIETY, NR NETAJI KRIRANGON, PH, KGP, PREMBAZAR, MIDNAPORE, West Bengal	TARGET_LACKS_DIGITS
S1-197749586	S3-63166861	True	F_Location	False	Dristi Taluka Private Limited	Ciracira	C/O Desai Maljibhai Sanklabhai, At & Po Kapasiya, Village Kapasiy, Amirgadh, Banaskantha, Gujarat	C/O Desai Maljibhai Sanklabhai, At & Po Kapasiya, Village Kapasiy, Banaskantha, Gujarat, Amirgadh	NO_DIGITS_EITHER_RECORD
S1-211129160	S2-919237843	True	F_Location	False	Green Industries Limited	গ্রীন ইন্ডাস্ট্রিজ লিমিটেড	1St Floor, 3/84/1 Ramkrishnapally, Rahara, Khardah, Kolkata, Parganas North, West Bengal	DOOR NO 1ST FLOOR, KOLKATA, PARGANAS NORTH, পশ্চিমবঙ্গ	TARGET_LACKS_DIGITS
S1-211129160	S3-83640178	True	F_Location	False	Green Industries Limited	গ্রীন ইন্ডাস্ট্রিজ লিমিটেড	1St Floor, 3/84/1 Ramkrishnapally, Rahara, Khardah, Kolkata, Parganas North, West Bengal	1St Floor, Kolkata, Parganas North, WB	TARGET_LACKS_DIGITS
S1-664503632	S2-34281419	True	C_SigToken+D_Prefix4	True	Mondal Technologies Private Limited	Mondal Technologies Prvate Limited	C-2/411 Vibhav Khand, Gomti Nagar, Lucknow, Uttar Pradesh		TARGET_MISSING_ADDRESS
S1-931746278	S2-190162268	True	C_SigToken	True	Galaxy Technologies Private Limited	Shri Galaxy Technologies Private	Noida, A-29, Uttar Pradesh, Gautam Buddha Nagar, Sector-5		TARGET_MISSING_ADDRESS
S1-45687800	S3-109002719	True	C_SigToken	True	Fifth Online Private Limited	Sri Fifth Online Private	Bangalore, Bangalore North, Karnataka, 1St Floor, Urbanvault Citrine, Sy No 43/4, Hebbal Village, Kasba Hobli, Bellary Road, Etherealx		TARGET_MISSING_ADDRESS
S1-45687800	S3-617594591	True	F_Location	False	Fifth Online Private Limited	Shri fifthonline.com	Bangalore, Bangalore North, Karnataka, 1St Floor, Urbanvault Citrine, Sy No 43/4, Hebbal Village, Kasba Hobli, Bellary Road, Etherealx	#B3/660 Eaherealx, Bangalore North, Bangalore, KA	NAME_DISJOINT_AND_NO_DIGIT_LOC_COOCCURRENCE
S1-789159716	S3-450917988	True	F_Location	False	Creative Care Private Limited	ക്രിയേറ്റീവ് കെയർ പ്രൈവറ്റ് ലിമിറ്റഡ്	Pazhoor House, Thekkemala P.O., Kozhenchery, Pathanamthitta, Kerala	Pazhoor House, Thekkemala P.o., Kozhenchery, Pathanamthitta, Keralam	NO_DIGITS_EITHER_RECORD
S1-754416540	S3-742071257	True	C_SigToken	True	Mask Kamat Private Limited	Mr Mask Kámat Private Limited #72998	Plot No. 7, First Floor, Sukhi Ram Park Main Matiala Road, Uttam Nagar, New Delhi, West Delhi, Delhi		TARGET_MISSING_ADDRESS
S1-790469021	S3-933987893	True	C_SigToken	True	Silver Agro	Shri Silver Asgor	D-159/A, Ganga Path, Jaipur, Rajasthan		TARGET_MISSING_ADDRESS
S1-745804570	S2-56993938	True	C_SigToken+D_Prefix4	True	Neelkanth Developer Private Limited	Neelkanth Limited Private Developer	Uttar Pradesh, Puneet Vrindavan Sanjay Place, Agra, G-8		TARGET_MISSING_ADDRESS
S1-568986451	S2-683063186	True	F_Location	False	Cosmos Services Private Limited	@cosmosservices	Karana Street, Berhampur, Ganjam, Orissa	KARANA STREET, BERHAMPUR, Odisha	NO_DIGITS_EITHER_RECORD
S1-683744230	S2-18802699	True	F_Location	False	AS Solution Limited	assolution.com	1St Floor, D-Wong, Hdil Kaledonia Sahar Road, Andheri-East, Mumbai, Mumbai City, Maharashtra	#1ST FLOOR, MUMBAI, MUMBAI CITY, Maharashtra	NO_DIGITS_EITHER_RECORD
S1-546084163	S3-328681320	True	C_SigToken+D_Prefix4	False	Alpha Products LLP	ALPHA PRODUCTS LLP (ID: 64073)	Madhya Pradesh, Indore, Maloo01 Scheme 94, Sector C Near Velocity Cinema Ring Road, 404, Indore	4-04, मध्य प्रदेश	LOCATION_TOKENS_DISJOINT
S1-867998778	S2-648058432	True	F_Location	False	Premier Sunrise International Private Limited	പ്രീമിയർ സൺറൈസ് ഇന്റർനാഷണൽ പ്രൈവറ്റ് ലിമിറ്റഡ്	House, 40/445, Mamangalam, Palarivattom P.O, Ernakulam, Ernakulam, Kerala	HOUSE, N/A, ERNAKULAM, Kerala	TARGET_LACKS_DIGITS
S1-867998778	S2-126598464	True	F_Location	False	Premier Sunrise International Private Limited	പ്രീമിയർ സൺറൈസ് ഇന്റർനാഷണൽ പ്രൈവറ്റ് ലിമിറ്റഡ്	House, 40/445, Mamangalam, Palarivattom P.O, Ernakulam, Ernakulam, Kerala	ERNAKULAM, Kerala, HOUSE, ERNAKULAM, N/A	TARGET_LACKS_DIGITS
S1-867998778	S3-807085228	True	F_Location	False	Premier Sunrise International Private Limited	പ്രീമിയർ സൺറൈസ് ഇന്റർനാഷണൽ പ്രൈവറ്റ് ലിമിറ്റഡ്	House, 40/445, Mamangalam, Palarivattom P.O, Ernakulam, Ernakulam, Kerala	House, Ernakulam, Kerala, Keralam	TARGET_LACKS_DIGITS
S1-99229110	S2-898967561	True	F_Location	False	Chandan Investments Private Limited	@CHANDANINVESTMENTS	Flat No.B2 Aprajita Plaza, Sukanta Nagar G.T Road, Sukanta Nagar, G.T Road, Hooghly, West Bengal	560- FLAT NO.B2 APRAJITA PLAZA, SUKANTA NAGAR G.T ROAD, SUKANTA NAGAR, G.T ROAD, HOOGHLY, পশ্চিমবঙ্গ	NAME_DISJOINT_AND_NO_DIGIT_LOC_COOCCURRENCE
S1-565145479	S2-997192671	True	F_Location	False	South Products Pvt Ltd	साउथ प्रोडक्ट्स प्रा. लि.	C/O. Potat Gavji Ingle, Gat No. 219 Musalwadi, Rahuri, Deolali, Ahmednagar, Maharashtra	PLOT 15 C/O. POTAT GAVJI INGLE, AHMEDNAGAR, महाराष्ट्र	NAME_DISJOINT_AND_NO_DIGIT_LOC_COOCCURRENCE
S1-565145479	S3-523756997	True	F_Location	False	South Products Pvt Ltd	साउथ प्रोडक्ट्स प्रा. लि.	C/O. Potat Gavji Ingle, Gat No. 219 Musalwadi, Rahuri, Deolali, Ahmednagar, Maharashtra	C/o. Potat Gavji Ingle, Ahmednagar, MH	TARGET_LACKS_DIGITS
S1-512349294	S3-985548340	True	C_SigToken+D_Prefix4	True	Guru Engineering Private Limited	GURU ENGINEERING PRIVATE LIMITED (ID: 52181)	19, Ganesh Chandra Avenue 6Th Floor, Suite No - 23, Kolkata, Kolkata, Howrah, West Bengal		TARGET_MISSING_ADDRESS
S1-930968342	S2-880796808	True	C_SigToken+D_Prefix4	True	Kasturi Memorial Trust	Kasturi  Memoria1 Trust	Satara, Satara Pusegaon Road, Golewadi, Koregaon, Maharashtra, Satara, 460		TARGET_MISSING_ADDRESS
S1-766929673	S2-423057699	True	F_Location	False	NU Agro Private Limited	Limited NU Private Center	Plot No.38, 2Nd Main Road, Industrial Estate, Ambattur, Tiruvallur, Tamil Nadu	1, 2ND MAIN ROAD, INDUSTRIAL ESTATE, AMBATTUR, TIRUVALLUR, தமிழ்நாடு	NAME_DISJOINT_AND_NO_DIGIT_LOC_COOCCURRENCE
S1-87996357	S3-98074345	True	F_Location	False	DCO Management Limited	dcomanagement.com	Jaynagar - I, West Bengal, Md Hasibur Rahaman Molla, South 24 Parganas, Vill+Po-Banerjee Chak	Md Hasibur Rahaman Molla, Jaynagar - I, পশ্চিমবঙ্গ	TARGET_LACKS_DIGITS
S1-639162936	S2-705076863	True	C_SigToken+D_Prefix4	True	Micro Sons Ltd	Micro Sons Ltd.	10/1, Jalaram Estate, M. G. Road, Mulund (W), Mumbai, Mumbai City, Maharashtra		TARGET_MISSING_ADDRESS
S1-613151738	S3-916030168	True	C_SigToken+D_Prefix4	True	Tirupati Digital Properties	TIRUPATI DIGITAL PROPERTIES #405	39, Krishna Colony < Street No-16, Near Durga Builder< Sehatpur Ext, Faridabad, Haryana		TARGET_MISSING_ADDRESS
S1-7617540	S2-107799878	True	F_Location	False	Sun Media Private Limited	సన్ మీడియా ప్రైవేట్ లిమిటెడ్	Ground Floor, Pioneer Towers, Software Units Layout, Madhapur, Hyderabad, Telangana	GROUND FROOR, HYDERABAD, MADHAPUR, తెలంగాణ	NO_DIGITS_EITHER_RECORD
S1-74765860	S2-288876971	True	F_Location	False	Apex Consulting LLP	एपेक्स कंसल्टिंग एलएलपी	C/O Kailash Sheshrao Jat, Rajur, Bhusawal, Bodwad, Bodwad, Jalgaon, Maharashtra	C/O KAILASH SHESHRAO JAT, RAJUR, BHUSAWAL, BODWAD, BODWAD, JALGAON, Maharashtra	NO_DIGITS_EITHER_RECORD
S1-74765860	S3-419024625	True	F_Location	False	Apex Consulting LLP	एपेक्स कंसल्टिंग एलएलपी	C/O Kailash Sheshrao Jat, Rajur, Bhusawal, Bodwad, Bodwad, Jalgaon, Maharashtra	Door No 347 C/o Kailash Sheshrao Jat, Regional Office Aurangabad, Jalgaon, MH	NAME_DISJOINT_AND_NO_DIGIT_LOC_COOCCURRENCE
S1-402689883	S3-902597243	True	C_SigToken+D_Prefix4	True	Real Infotech Private Limited	Real Infotech Infotech Limited Private	3/230, Vidyasagar Colony, Naktala, Kolkata, Kolkata, Howrah, West Bengal		TARGET_MISSING_ADDRESS
S1-28103172	S2-648751198	True	F_Location	False	Indian Ventures Limited	ਇੰਡੀਅਨ ਵੈਂਚਰਜ਼ ਲਿਮਟਿਡ	Kotkapura Road Mukatsar, Punjab, Muktsar, Punjab	KOTKAPURA ROAD MUKATSAR, MUKTSAR, PUNJAB	NO_DIGITS_EITHER_RECORD
S1-651540000	S2-299425011	True	F_Location	False	Unique Food Private Limited	यूनिक फूड प्राइवेट लिमिटेड	Smartworks, 43Eq, 7Th Floor, Opposite Bhartiya Vidyapeeth School, Balewadi, Haveli, Pune, Maharashtra	Maharashtra, SMARTWORKS, PUNE, HAVELI	NO_DIGITS_EITHER_RECORD
S1-651540000	S3-308506318	True	F_Location	False	Unique Food Private Limited	यूनिक फूड प्राइवेट लिमिटेड	Smartworks, 43Eq, 7Th Floor, Opposite Bhartiya Vidyapeeth School, Balewadi, Haveli, Pune, Maharashtra	Smartworks, Pune Region, Pune, महाराष्ट्र	NO_DIGITS_EITHER_RECORD
S1-786290125	S2-916288616	False	None (Missed by G too)	True	Al Industries Limited	Mr AL IEDURIES LIMITED	S-115/P, S-116/P, E-City, Raviryal Village, Maheshwaram Mandal, Rangareddy, K.V.Rangareddy, Telangana		TARGET_MISSING_ADDRESS
S1-888425357	S3-534598797	True	C_SigToken	True	Auric Trading Private Limited	Smt Auric Trading Private Limited	Delhi, South Delhi, E-175, 4Th Floor, Abul Fazal Encale Part-Ii, Saheenbagh		TARGET_MISSING_ADDRESS
S1-252340060	S2-204288997	True	F_Location	False	Vision Care Limited	विजन केयर लिमिटेड	C/O Kisan M Bhendarkar At Virlee Ta Lakhandur, Lakhandur, Bhandara, Maharashtra	C/O KISAN M BHENDARAR AT VIRLEE TA LAKHANDUR, LAKHANDUR, LAKHANDUL, Maharashtra	NO_DIGITS_EITHER_RECORD
S1-252340060	S2-204862686	True	F_Location	False	Vision Care Limited	विजन केयर लिमिटेड	C/O Kisan M Bhendarkar At Virlee Ta Lakhandur, Lakhandur, Bhandara, Maharashtra	LAKHANDUL, C/O KISAN M BHENDARKAR AT VIRLEE TA LAKHANDUR, Maharashtra, LAKHANDUR	NO_DIGITS_EITHER_RECORD
S1-252340060	S3-370356579	True	F_Location	False	Vision Care Limited	विजन केयर लिमिटेड	C/O Kisan M Bhendarkar At Virlee Ta Lakhandur, Lakhandur, Bhandara, Maharashtra	No 638 C/o Kisan M Bhendarkar At Virlee Ta Lakhandur, Lakhandur, <NULL>, MH	NAME_DISJOINT_AND_NO_DIGIT_LOC_COOCCURRENCE
S1-501450329	S2-199259611	True	F_Location	False	East All Estate Private Limited	ইস্ট অল এস্টেট প্রাইভেট লিমিটেড	Dishari, 1983, Rajdanga Main Road Ground Floor, Kolkata, Kolkata, Howrah, West Bengal	DIHARI, CALCUTTA, HOWRAH, West Bengal	TARGET_LACKS_DIGITS
S1-938056879	S3-88310082	True	C_SigToken+D_Prefix4	True	Venus Electricals (India) Ltd	Venus Electricals (odta) Ltd	38 39/26/3 Jaya Bibi Road, Howrah, West Bengal		TARGET_MISSING_ADDRESS
S1-362231485	S3-567469840	True	C_SigToken+D_Prefix4	True	Star Systems Pvt Ltd	Star Systems Pvt Ltd.	66 Vivek Vihar, New Sanganer Road, Sodala, Jaipur, Rajasthan		TARGET_MISSING_ADDRESS
S1-361996312	S3-452078656	True	C_SigToken+D_Prefix4	True	Robot Bird Pvt Ltd	Robot Bicd Pvt Ltd	1449/32G/Fkhno.507/Old-32, Gali No 10 Durga Puri, North East Delhi, Delhi		TARGET_MISSING_ADDRESS
S1-926345484	S2-429721629	True	C_SigToken+D_Prefix4	True	Akila Fashions Pvt Ltd	Akila Fashions Pvt	Plot No 129, Flat D, Balaji, Nagar, Puzhuthivakkam, Saidapet, Kanchipuram, Tamil Nadu		TARGET_MISSING_ADDRESS
S1-663210320	S2-872079478	True	F_Location	False	All Energy Private Limited	ഓൾ എനർജി പ്രൈവറ്റ് ലിമിറ്റഡ്	D/215Ii Floor Al Falah Complex Nethaji Road, Kannur, Kerala	D/15II FLOOR AL FALAH COMPLEX NETHAJI ROAD, KANNUR, Keralam	NO_DIGITS_EITHER_RECORD
S1-36168988	S3-276279777	True	F_Location	False	Great Ace Tech LLP	ग्रेट एस टेक एलएलपी	H. No. 17, Sector-2A Vasundhara, Ghaziabad, Uttar Pradesh	H. No. 77, Ghaziabad, Sahibabad, UP	NAME_DISJOINT_AND_NO_DIGIT_LOC_COOCCURRENCE
S1-36168988	S3-171284620	True	F_Location	False	Great Ace Tech LLP	ग्रेट एस टेक एलएलपी	H. No. 17, Sector-2A Vasundhara, Ghaziabad, Uttar Pradesh	H. No. 77, Ghaziabad, UP, Sahibabad	NAME_DISJOINT_AND_NO_DIGIT_LOC_COOCCURRENCE
S1-456108938	S2-959132276	True	C_SigToken+D_Prefix4	True	Geetha Group of Companies Partners	Geetha Group of Companies	Kailashee Devi W/O Mangal Ram Meena Ramu Patel Ki Dhani, Vp Dantli, Sanganer, Jaipur, Rajasthan		TARGET_MISSING_ADDRESS
S1-899144373	S2-38896384	True	F_Location	False	City Trading Private Limited	சிட்டி டிரேடிங் பிரைவேட் லிமிடெட்	Flat-B26, Floor-2Nd-Blk-B, Orchid Apartment, Sriperumbudur, Kanchipuram, Tamil Nadu	FLAT-B26, SRIPERUMBUDUR, KANCHIPURAM, Tamil Nadu	NO_DIGITS_EITHER_RECORD
S1-899144373	S3-974866223	True	F_Location	False	City Trading Private Limited	சிட்டி டிரேடிங் பிரைவேட் லிமிடெட்	Flat-B26, Floor-2Nd-Blk-B, Orchid Apartment, Sriperumbudur, Kanchipuram, Tamil Nadu	Flat-b36, Floor-2nd-blk-b, Orchid Apartment, Kanchipuram, Ambattur, TN	NO_DIGITS_EITHER_RECORD
S1-603720759	S2-871668473	True	C_SigToken+D_Prefix4	True	FVU Agencies Limited	FVU Aneciise  Limited	Delhi, East Delhi, S-665, Street No.-8 School Block, Shakarpur, Delhi, Delhi		TARGET_MISSING_ADDRESS
S1-54253580	S3-513980354	True	F_Location	False	South Constructions Pvt Ltd	சவுத் கன்ஸ்ட்ரக்ஷன்ஸ் பிரைவேட் லிமிடெட்	Hari Homes, No.7, Ff-A, 1St Floor Vinayaga Nagar, 1St Street, Thoraipakam, Kanchipuram, Chennai, Kancheepuram, Tamil Nadu	H.no #718 Hari Homes, Kancheepuram, Chennai, TN	NAME_DISJOINT_AND_NO_DIGIT_LOC_COOCCURRENCE
S1-247012533	S2-56668951	True	F_Location	False	Ace Finance Private Limited	ஏஸ் ஃபைனான்ஸ் பிரைவேட் லிமிடெட்	D.No;107J/152C, Tmb Colony, 5Th St, Palai Road West, Thoothukkudi, Tuticorin, Tamil Nadu	D.NO;107J/152C, THOOTHUKKUDI, TUTICORIN, Tamil Nadu	NO_DIGITS_EITHER_RECORD
S1-247012533	S2-733817861	True	F_Location	False	Ace Finance Private Limited	ஏஸ் ஃபைனான்ஸ் பிரைவேட் லிமிடெட்	D.No;107J/152C, Tmb Colony, 5Th St, Palai Road West, Thoothukkudi, Tuticorin, Tamil Nadu	D.NO;107J/152C, TMB COLONY, 5TH ST, PALAI ROAD WEST, TUTICORIN, THOOTHUKKUDI, தமிழ்நாடு	NO_DIGITS_EITHER_RECORD
S1-247012533	S3-848533246	True	F_Location	False	Ace Finance Private Limited	ஏஸ் ஃபைனான்ஸ் பிரைவேட் லிமிடெட்	D.No;107J/152C, Tmb Colony, 5Th St, Palai Road West, Thoothukkudi, Tuticorin, Tamil Nadu	D.no;107j/152c, Tmb Colony, 5Th St, Palai Road West, Tuticorin, Thoothukkudi, TN	NO_DIGITS_EITHER_RECORD
S1-150726522	S2-762700517	True	C_SigToken+D_Prefix4	True	North Foundation Private Limited	North Private Limited Services	Hig 8 & 9, 5Th Floor, Vasista Bhavan, Opp Lane To Dlf Cyber City, Aphb Colony, Indira Nagar, Seri Lingampally, K.V.Rangareddy, Telangana		TARGET_MISSING_ADDRESS
S1-514244023	S2-608684138	True	C_SigToken	True	Bodhi & Sons LLP	Smt Bodhi & Sofesh  LLP	C/O Krishna Shrivastava, Randheercolony, Morar, Gird, Gwalior, Madhya Pradesh		TARGET_MISSING_ADDRESS
S1-514244023	S3-618518929	True	F_Location	False	Bodhi & Sons LLP	Zephquo	C/O Krishna Shrivastava, Randheercolony, Morar, Gird, Gwalior, Madhya Pradesh	C/O Krishna Shrivastava, Randheercolony, Morar, Gird, Gwalior, Madhya Pradesh	NO_DIGITS_EITHER_RECORD
S1-758439128	S2-214449763	True	C_SigToken+D_Prefix4	True	Rangoli Nursing Home	rango1i nursing home	Hno-69, Rno-102, Brahmon Ali Bwd, Bhiwandi, Thane, Maharashtra		TARGET_MISSING_ADDRESS
S1-381937970	S3-166064958	True	F_Location	False	United Producer Private Limited	यूनाइटेड प्रोड्यूसर प्राइवेट लिमिटेड	H No- 57-D, First Floor, Right Side, Khizrabad, New Delhi, South Delhi, Delhi	H No- 0057-D, First Floor, Right Side, Khizrabad, South Delhi, DL	NAME_DISJOINT_AND_NO_DIGIT_LOC_COOCCURRENCE
S1-990231532	S2-839208374	True	C_SigToken+D_Prefix4	True	Narnarayan & Sons LLP	Narnarayan LLP Sons &	K-73, Third Floor, New Mahavir Nagar Tilak Nagar, New Delhi, West Delhi, Delhi		TARGET_MISSING_ADDRESS
S1-215007282	S2-645677054	True	F_Location	False	Shakti Hospitality Private Limited	शक्ति हॉस्पिटैलिटी प्राइवेट लिमिटेड	Bihar, Patna, Vijay Nagar New By Pass Road, Kankarbagh	VIJAY NAGAR NEW BY PSS ROAD, KANKARBAGH, PATNA, Bihar	NO_DIGITS_EITHER_RECORD
S1-215007282	S2-53252732	True	F_Location	False	Shakti Hospitality Private Limited	शक्ति हॉस्पिटैलिटी प्राइवेट लिमिटेड	Bihar, Patna, Vijay Nagar New By Pass Road, Kankarbagh	VIJAY NAGAR NEW BY PASS ROAD, KANKARBAGH, PATNA, बिहार	NO_DIGITS_EITHER_RECORD
S1-300531057	S2-777675206	True	C_SigToken	True	Hkg Educational Society	Shri Hkg Society Educational	154/662, Ground Floor, Pooth Khurd Landmark Near Ganga Toli Mandir, Delhi, North West, Delhi		TARGET_MISSING_ADDRESS
S1-544533608	S2-657532652	True	F_Location	False	Sai Software Private Limited	साईं सॉफ्टवेयर प्राइवेट लिमिटेड	B5/A New Ashok Nagar, Delhi, East Delhi	Delhi, B5/A NEW ASHOK NAGAR, DELHI, NEW DELHI	NO_DIGITS_EITHER_RECORD
S1-544533608	S2-582040716	True	F_Location	False	Sai Software Private Limited	साईं सॉफ्टवेयर प्राइवेट लिमिटेड	B5/A New Ashok Nagar, Delhi, East Delhi	EAST DELHI, दिल्ली, B5/A NEW ASHOK NAGAR, EAST DELHI	NO_DIGITS_EITHER_RECORD
S1-544533608	S3-299787604	True	F_Location	False	Sai Software Private Limited	साईं सॉफ्टवेयर प्राइवेट लिमिटेड	B5/A New Ashok Nagar, Delhi, East Delhi	B5/a New Ashok Nngar, Delhi, East Delhi, दिल्ली	NO_DIGITS_EITHER_RECORD
S1-518332322	S2-30034973	True	C_SigToken	True	Radharani Paper Pvt Ltd	M/s Radharani Paper Pvt Ltd	109, Delhi, Wing - I, Hans Bhawan, 1, Bahadur Shah Zafar Ito, Central Delhi, Delhi		TARGET_MISSING_ADDRESS
S1-828133637	S2-169332148	True	F_Location	False	Sun Exports Private Limited	സൺ എക്സ്പോർട്സ് പ്രൈവറ്റ് ലിമിറ്റഡ്	Maruthamon Veedukanjirakode Kundara, Kollam, Kerala	MARUTHAMON VEEDUKANJIRAKODE KNDARA, KOLLAM, Kerala	NO_DIGITS_EITHER_RECORD
S1-828133637	S3-2050286	True	F_Location	False	Sun Exports Private Limited	സൺ എക്സ്പോർട്സ് പ്രൈവറ്റ് ലിമിറ്റഡ്	Maruthamon Veedukanjirakode Kundara, Kollam, Kerala	Maruthamon Veedukanjirakode Kundara, Thrissur, Kollam, KL	NO_DIGITS_EITHER_RECORD
S1-828133637	S3-41612010	True	F_Location	False	Sun Exports Private Limited	സൺ എക്സ്പോർട്സ് പ്രൈവറ്റ് ലിമിറ്റഡ്	Maruthamon Veedukanjirakode Kundara, Kollam, Kerala	Kollam, Maruthamon Veedukanjirakode Kundara, KL, Thrissur	NO_DIGITS_EITHER_RECORD
S1-969013729	S2-891100344	True	C_SigToken+D_Prefix4	True	Movers Batteries Private Limited	Movers 8atteries Private Limited	House No. 764, Urban Estate Sector- 5, Pipli, Kurukshetra, Haryana		TARGET_MISSING_ADDRESS
S1-619110681	S3-41450491	True	C_SigToken+D_Prefix4	True	Tambaram Premises Private Limited	Tambaram Limited Private Premises	8Th Floor, Kaleesuwari Towers, No 10/98A, Pace Aagam Apartments, Velachery Main Road Ranganathapuram, Tambaram, Kanchipuram, Tamil Nadu		TARGET_MISSING_ADDRESS
S1-977617416	S2-523227395	True	F_Location	False	Creative Solutions Private Limited	क्रिएटिव सॉल्यूशंस प्राइवेट लिमिटेड	Shop No. B23, Tamanna Tower Vaishali Nagar, Jaipur, Rajasthan	SHOP NO. B23, JAIPUR, राजस्थान	NO_DIGITS_EITHER_RECORD
S1-977617416	S3-138950974	True	F_Location	False	Creative Solutions Private Limited	क्रिएटिव सॉल्यूशंस प्राइवेट लिमिटेड	Shop No. B23, Tamanna Tower Vaishali Nagar, Jaipur, Rajasthan	Shop No. B023, Jaipur, RJ	NO_DIGITS_EITHER_RECORD
S1-432715599	S2-540869808	True	F_Location	False	Alishan Finance	... Onyxriza	Bethel Mansion, Madathuvilakom Village, Kesavadasapram, Thiruvananthapuram, Thiruvananthapuram, Trivandrum, Kerala	TRIVANDRUM, THIRUVANANTHAPURAM, Kerala, BETHEL MANSION	NO_DIGITS_EITHER_RECORD
S1-432715599	S2-125045784	True	F_Location	False	Alishan Finance	Lumariagild	Bethel Mansion, Madathuvilakom Village, Kesavadasapram, Thiruvananthapuram, Thiruvananthapuram, Trivandrum, Kerala	BETHEL MANSION, THIRUVANANTHAPURAM, TRIVANDRUM, Kerala	NO_DIGITS_EITHER_RECORD
S1-992198293	S3-426102475	True	C_SigToken	True	Globus & Sons Pvt Ltd	Shri Globus  & Sons Pvt-Ltd	Jagad Guru Ashram Road 4Th Cross, Karnataka, No.7/1, Bangalore, Lalbagh Road		TARGET_MISSING_ADDRESS
S1-152868005	S3-582883228	True	C_SigToken+D_Prefix4	True	Bangalore Healthcare	Bangalore Services Ventures	No.11, Ii Floor, 11Th Main Rd.Jayanagar Iv Block, Bangalore, Bangalore, Karnataka		TARGET_MISSING_ADDRESS
S1-235790136	S3-382843340	True	F_Location	False	Krishna Engineering Private Limited	Smt krishnaengineering.com	Pullattuveli, Cmc 21, Cherthala, Alappuzha, Kerala	Door No 7-47 Pullattuveli, Cherthala, Alappuzha, Keralam	NAME_DISJOINT_AND_NO_DIGIT_LOC_COOCCURRENCE
S1-994910861	S2-991981757	True	F_Location	False	Innovative Consultants Pvt Ltd	இன்னோவேட்டிவ் கன்சல்டன்ட்ஸ் பிரைவேட் லிமிடெட்	Sri Devi St, Perumal, Nagar Ext Old Palavaram, Tamil Nadu, No.4, Kanchipuram, Tambaram	#1, KANCHIPURAM, TAMBARAM, தமிழ்நாடு	NAME_DISJOINT_AND_NO_DIGIT_LOC_COOCCURRENCE
S1-102782878	S3-144169553	True	F_Location	False	Scg Aluminium	Mr scgaluminium.com	Kerala, Kasargod, Ward 6 Aarumi Adot, Ajanur, Andashram, Kasragod, Hosdurg, Building No 68B	Door No 47 Building No 68B, Hosdurg, Kasargod, Keralam	NAME_DISJOINT_AND_NO_DIGIT_LOC_COOCCURRENCE
S1-723780038	S2-639174395	True	C_SigToken+D_Prefix4	True	Renaissance Contracts Public Limited	RENAISSANCE CONTRACTS LIMITED SERVICES	Sno 59/60/61, Pl No 29/2, Kaustubha Bunglow, Sahajanand Society, Kothrud, Pune, Maharashtra		TARGET_MISSING_ADDRESS
S1-845262812	S2-681517440	True	C_SigToken+D_Prefix4	True	Laxmi Management Private Limited	LAXMI MANAGEMENT PIIVATE LIMITED	Gh-3/145 Paschim Vihar, New Delhi, West Delhi, Delhi		TARGET_MISSING_ADDRESS
S1-889065739	S3-476379992	True	C_SigToken+D_Prefix4	True	Maa India Private Limited	Maa India Private	19, Vishaers Colony, 2Nd Floor, R.C.Dutt Road, Baroda, Vadodara, Gujarat		TARGET_MISSING_ADDRESS
S1-384200616	S3-929071693	True	F_Location	False	Phantom Projects Private Limited	Shri Phant0m Porjcst Private (Limited)	Chithera, Uttar Pradesh, Gautam Buddha Nagar, Noida	UP, Chithera, Gautam Buddha Nagar	NO_DIGITS_EITHER_RECORD
S1-86954835	S2-734694598	True	C_SigToken	True	Bangalore & Sons Corp	Smt Bangalore & Sons Corporation	1826 Amar Nath Buildingbhagirath Palace Chandani Chowk, Delhi, Central Delhi, Delhi		TARGET_MISSING_ADDRESS
S1-870512334	S2-608282789	True	F_Location	False	Great First Foods Private Limited	గ్రేట్ ఫస్ట్ ఫుడ్స్ ప్రైవేట్ లిమిటెడ్	Chimryal -, Kodada (M), Nalgonda, Telangana	CHIMRYAL -, KODADA (M), NALGONDA, తెలంగాణ	NO_DIGITS_EITHER_RECORD
S1-870512334	S2-576446464	True	F_Location	False	Great First Foods Private Limited	గ్రేట్ ఫస్ట్ ఫుడ్స్ ప్రైవేట్ లిమిటెడ్	Chimryal -, Kodada (M), Nalgonda, Telangana	CHIMRYAL -, NALGONDA, తెలంగాణ	NO_DIGITS_EITHER_RECORD
S1-870512334	S3-877190735	True	F_Location	False	Great First Foods Private Limited	గ్రేట్ ఫస్ట్ ఫుడ్స్ ప్రైవేట్ లిమిటెడ్	Chimryal -, Kodada (M), Nalgonda, Telangana	Chimryal -, Nalgonda, TG	NO_DIGITS_EITHER_RECORD
S1-870512334	S3-134600235	True	F_Location	False	Great First Foods Private Limited	గ్రేట్ ఫస్ట్ ఫుడ్స్ ప్రైవేట్ లిమిటెడ్	Chimryal -, Kodada (M), Nalgonda, Telangana	Chimryal -, Kodada (M), Nalgonda, Andhra Pradesh	NO_DIGITS_EITHER_RECORD
S1-870512334	S3-898998319	True	F_Location	False	Great First Foods Private Limited	GFF	Chimryal -, Kodada (M), Nalgonda, Telangana	Chimryal -, Kodada (M), Nalgonda, Telangana	NO_DIGITS_EITHER_RECORD
S1-520358269	S3-132460609	True	C_SigToken+D_Prefix4	True	YJ Compliance Private Limited	YJ Compliance Private	Uttar Pradesh, Bishrakh, Ugf-03 Rise Shoplex, Tech Zone Iv, Gautam Buddha Nagar		TARGET_MISSING_ADDRESS
S1-827875871	S2-834509377	True	C_SigToken+D_Prefix4	True	Kay Energy (India) Pvt Ltd	Kay Energy  (India) Pvt	H No. 1, G/F, Blk-C, Pkt-6, Sec-3, Rohini, North West Delhi, Delhi		TARGET_MISSING_ADDRESS
S1-827875871	S3-506849847	True	C_SigToken+D_Prefix4	True	Kay Energy (India) Pvt Ltd	Kay Enerngy (India) Pvt Ltd	H No. 1, G/F, Blk-C, Pkt-6, Sec-3, Rohini, North West Delhi, Delhi		TARGET_MISSING_ADDRESS
S1-494332790	S2-386902385	True	F_Location	False	Sun Producer Private Limited	சன் புரொட்யூசர் பிரைவேட் லிமிடெட்	A.H.158, Annanagar, Madras, Chennai, Tamil Nadu	A.H.58, ANNANAGAR, MADRAS, CHENNAI, Tamil Nadu	NAME_DISJOINT_AND_NO_DIGIT_LOC_COOCCURRENCE
S1-494332790	S2-566177414	True	F_Location	False	Sun Producer Private Limited	சன் புரொட்யூசர் பிரைவேட் லிமிடெட்	A.H.158, Annanagar, Madras, Chennai, Tamil Nadu	A.H.58, MADRAS, CHENNAI, Tamil Nadu	NAME_DISJOINT_AND_NO_DIGIT_LOC_COOCCURRENCE
S1-494332790	S3-622597449	True	F_Location	False	Sun Producer Private Limited	சன் புரொட்யூசர் பிரைவேட் லிமிடெட்	A.H.158, Annanagar, Madras, Chennai, Tamil Nadu	Chennai, TN, A.h.58, Chennai	NAME_DISJOINT_AND_NO_DIGIT_LOC_COOCCURRENCE
S1-720326170	S3-401662117	True	C_SigToken+D_Prefix4	True	Athena Institute of Technology Private Limited	Athena Institute of Technology Private	H.No-B-4-33 Bk Enclave, Maktha Mahaboobpet, Serilingampally, K.V.Rangareddy, Telangana		TARGET_MISSING_ADDRESS
S1-131899104	S2-31333964	True	C_SigToken	True	Arihant It Private Limited	M/s Arihant It Private Límited	No.79, 3Rd Floor, 6Th Street Y Block, Anna Nagar, Chennai, Tamil Nadu		TARGET_MISSING_ADDRESS
S1-995573137	S2-10447817	True	C_SigToken+D_Prefix4	True	Sudarshan Allahabad Pvt Ltd	Sudarshan Allahabad Pvt	S. No. 479/6, Matoshri Niwas Shankar Nagar Girija Colony, Jamner, Jalgaon, Maharashtra		TARGET_MISSING_ADDRESS
S1-986656607	S3-920649735	True	C_SigToken+D_Prefix4	True	Move Resorts Private Limited	Move Resorts Private	Flat No.103, Plot No.11, The Sunshine House Kanmal Nagar, Gemini Vasan Road, Madhava, Ram, Chennai, Tamil Nadu		TARGET_MISSING_ADDRESS
S1-218500189	S3-455451449	True	C_SigToken+D_Prefix4	True	Ghaziabad Logistics	Ghaziabad Lógistics (ID: 20457)	Ghaziabad, 4Th Floor, Devika Tower, Chandar Nagar, Uttar Pradesh, 404		TARGET_MISSING_ADDRESS
S1-892235620	S3-254822580	True	C_SigToken+D_Prefix4	True	Kings Logistics Limited	Kings Loinstilcs Limited	Khasra No-395-398 Ground Floor, Gali No-3, Ph-1, Partap Vihar, North Delhi, Delhi, Plot No.213 A-1, Delhi		TARGET_MISSING_ADDRESS
S1-83963829	S3-886524514	True	C_SigToken+D_Prefix4	True	Coimbatore Dist Securities LLP	Coimbatore Dist 5ecurities LLP	Mylagam16 Chellam Talkies Road Pollachi, Coimbatore Dist, Coimbatore, Tamil Nadu		TARGET_MISSING_ADDRESS
S1-451079374	S3-315354789	True	F_Location	False	Sridhar Chromates	Novievodova	10/72 Bahar B Sahara Statesjankipuram Lucknow, Uttar Pradesh, Lucknow, Uttar Pradesh	No 1032 Bahar B Sahara Statesjankiputam Lucknow, Uttar Pradesh, Lucknow, UP	NAME_DISJOINT_AND_NO_DIGIT_LOC_COOCCURRENCE
S1-271788028	S3-551779572	True	C_SigToken	True	Active Hospital LLP	Dr Active Hospital L.L.P.	Freshdesk, Plot 1-98/4/1-13, Capital Park, Image Garden Rd, Shaikpet, Hyderabad, Telangana		TARGET_MISSING_ADDRESS
S1-622422716	S3-923883977	True	C_SigToken+D_Prefix4	True	Supreme Foods Private Limited	SUPREME FOODS PRIVATE LIMITED Enterprises	4/734-A-1, Mannat Friends Colony Near Sir Sayyaid Nagar, Civil Lines, Aligarh, Uttar Pradesh		TARGET_MISSING_ADDRESS
S1-311245264	S2-636092663	True	F_Location	False	Jai Green Infra Private Limited	જય ગ્રીન ઇન્ફ્રા પ્રાઇવેટ લિમિટેડ	Vihav Excelus, Opp. Aroma Avenue, Gujarat, Vadodara, Tf-14, Vadodara	VIHAV EXCELUS, OPP. AROMA AVENUE, VADODARA, ગુજરાત, TF-014	NAME_DISJOINT_AND_NO_DIGIT_LOC_COOCCURRENCE
S1-95974478	S2-472871863	True	F_Location	False	East Management Private Limited	ಈಸ್ಟ್ ಮ್ಯಾನೇಜ್‌ಮೆಂಟ್ ಪ್ರೈವೇಟ್ ಲಿಮಿಟೆಡ್	Salarpuria Windsor, 4Th Floor, No.3, Sivan Chetty Gradens, Bangalore, Bangalore North, Bangalore, Karnataka	Karnataka, #716 SALARPURIA WINDSOR, BANGALORE NORTH, BANGALORE	NAME_DISJOINT_AND_NO_DIGIT_LOC_COOCCURRENCE
S1-95974478	S3-851288701	True	F_Location	False	East Management Private Limited	ಈಸ್ಟ್ ಮ್ಯಾನೇಜ್‌ಮೆಂಟ್ ಪ್ರೈವೇಟ್ ಲಿಮಿಟೆಡ್	Salarpuria Windsor, 4Th Floor, No.3, Sivan Chetty Gradens, Bangalore, Bangalore North, Bangalore, Karnataka	Salarpuria Windsor, Bangalore North, KA, Bangalore	TARGET_LACKS_DIGITS
S1-667858920	S2-602050597	True	F_Location	False	Eastern Finance Pvt Ltd	ইস্টার্ন ফাইন্যান্স প্রাইভেট লিমিটেড	20A Sarat Bose Road, Kolkata, Howrah, West Bengal	20A SARAT BOSE ROAD, KOLKATA, BHAVANIPUR, West Bengal	NO_DIGITS_EITHER_RECORD
S1-118307679	S3-416508376	True	C_SigToken+D_Prefix4	True	Krishna Nursing Home	Krishna Home Nursing	108 Ram Vihar, New Delhi, East Delhi, Delhi		TARGET_MISSING_ADDRESS
S1-860556603	S3-667257259	True	C_SigToken	True	Raghuvir Credit Ltd	Shri Raghuvir Ltd Service	Plot No 30A Scheme No 78 Part 1 New Loha Mandi Dewas Naka, Indore, Madhya Pradesh		TARGET_MISSING_ADDRESS
S1-193632124	S2-993189258	True	F_Location	False	Apex Finance Private Limited	एपेक्स फाइनेंस प्राइवेट लिमिटेड	1801, Mirabillis Nahar Amrithakti, Chandivali Farm Road, Andheri (East), Mumbai, Mumbai City, Maharashtra	MIRABILLIS NAHAR AMRITHAKTI, CHANDIVALI FARM ROAD, ANDHERI (EAST), GREATER MUMBAI, MUMBAI CITY, महाराष्ट्र	TARGET_LACKS_DIGITS
S1-193632124	S2-900699234	True	F_Location	False	Apex Finance Private Limited	एपेक्स फाइनेंस प्राइवेट लिमिटेड	1801, Mirabillis Nahar Amrithakti, Chandivali Farm Road, Andheri (East), Mumbai, Mumbai City, Maharashtra	MIRABILLIS NAHAR AMRITHAKTI, CHANDIVALI FARM ROAD, ANDHERI (EAST), GREATER MUMBAI, MUMBAI, Maharashtra	TARGET_LACKS_DIGITS
S1-815477791	S2-957806714	True	C_SigToken+D_Prefix4	True	Pluto Publishing Private Limited	Pluto Publishing Private	43/44, Staff Road, Parry Hotel, Ambala Cantt, Ambala, Haryana		TARGET_MISSING_ADDRESS
S1-504539482	S2-227797117	True	F_Location	False	Laxmi Care Private Limited	लक्ष्मी केयर प्राइवेट लिमिटेड	532 Rafinagar, Raebareli, Rae Bareli, Raibareilly, Uttar Pradesh	#32 RAFINAGAR, RAEBARELI, RAI BARELI, RAIBAREILLY, उत्तर प्रदेश	NAME_DISJOINT_AND_NO_DIGIT_LOC_COOCCURRENCE
S1-504539482	S3-559764546	True	F_Location	False	Laxmi Care Private Limited	लक्ष्मी केयर प्राइवेट लिमिटेड	532 Rafinagar, Raebareli, Rae Bareli, Raibareilly, Uttar Pradesh	No 4-596 Rafinagar, Raebareli, Raibareilly, Rae Bareli, उत्तर प्रदेश	NAME_DISJOINT_AND_NO_DIGIT_LOC_COOCCURRENCE
S1-123836618	S2-398487621	True	F_Location	False	Supreme Builders LLP	சுப்ரீம் பில்டர்ஸ் எல்எல்பி	49M Nethaji Road Melapalayam, Tirunelveli, Tamil Nadu	NO 49 NETHAJI ROAD MELAPALAYAM, TIRUNELVELI, Tamil Nadu	NAME_DISJOINT_AND_NO_DIGIT_LOC_COOCCURRENCE
S1-123836618	S2-618709304	True	F_Location	False	Supreme Builders LLP	சுப்ரீம் பில்டர்ஸ் எல்எல்பி	49M Nethaji Road Melapalayam, Tirunelveli, Tamil Nadu	49 NETHAJI ROAD MELAPALAYAM, TIRUNELVELI, தமிழ்நாடு	NAME_DISJOINT_AND_NO_DIGIT_LOC_COOCCURRENCE
S1-764521297	S2-125536521	True	C_SigToken+D_Prefix4	True	Binary & Sons Private Limited	Binary & Sons Limited Services	C-15, Greater Kailash-1 Enclave, New Delhi, Delhi		TARGET_MISSING_ADDRESS
S1-153151022	S2-28409352	True	F_Location	False	Best Southern Services Private Limited	ബെസ്റ്റ് സതേൺ സർവീസസ് പ്രൈവറ്റ് ലിമിറ്റഡ്	Bindhu Vihar, Tc 4/642, Bcra (A) 34, Brahmins Colony, Kowdiar P.O, Thiruvananthapuram, Trivandrum, Kerala	BINDHU VIHAR, TRIVANDRUM, THIRUVANANTHAPURAM, Kerala	TARGET_LACKS_DIGITS
S1-718514624	S3-680259511	True	C_SigToken+D_Prefix4	True	Gurgaon Developer Private Limited	Gurgaon Deevloper Private Limited	Ms-03/603, Kendriya Vihar Sector 56, Gurgaon, Haryana		TARGET_MISSING_ADDRESS
S1-39152269	S2-119759834	True	F_Location	False	New Exports Pvt Ltd	নিউ এক্সপোর্টস প্রাইভেট লিমিটেড	Yamuna Bhawan, Basement 55, Ezra Street, Kolkata, Kolkata, Howrah, West Bengal	KOLKATA, YAMUNA BHAWAN, HOWRAH, পশ্চিমবঙ্গ	TARGET_LACKS_DIGITS
S1-55236106	S2-278203388	True	F_Location	False	Hitech Food Private Limited	हाईटेक फूड प्राइवेट लिमिटेड	C/O Laxchhman Sahni, At-Harpur Nizamat, Chaknur, Samastipur, Bihar	C/O LAXCHHMAN SAHNI, SAMASTIPUR, Bihar	NO_DIGITS_EITHER_RECORD
S1-55236106	S3-155263475	True	F_Location	False	Hitech Food Private Limited	हाईटेक फूड प्राइवेट लिमिटेड	C/O Laxchhman Sahni, At-Harpur Nizamat, Chaknur, Samastipur, Bihar	Samastipur, BR, Samastipur, C/o Laxchhman Sahni, At-harpur Nizamat, Chaknur	NO_DIGITS_EITHER_RECORD
S1-55236106	S3-975691935	True	F_Location	False	Hitech Food Private Limited	हाईटेक फूड प्राइवेट लिमिटेड	C/O Laxchhman Sahni, At-Harpur Nizamat, Chaknur, Samastipur, Bihar	बिहार, C/o Laxchhman Sahni, Samastipur	NO_DIGITS_EITHER_RECORD
S1-404134398	S2-713736318	True	F_Location	False	Sky Properties Private Limited	ಸ್ಕೈ ಪ್ರಾಪರ್ಟೀಸ್ ಪ್ರೈವೇಟ್ ಲಿಮಿಟೆಡ್	Raja Farm 12Th Km, Kanakapura Road, J P Nagar 9Th Phase, Doddakalsandra, Bangalore, Karnataka	RAJA FARM 12TH KM, BANGALORE, Karnataka	NO_DIGITS_EITHER_RECORD
S1-404134398	S3-855791303	True	F_Location	False	Sky Properties Private Limited	ಸ್ಕೈ ಪ್ರಾಪರ್ಟೀಸ್ ಪ್ರೈವೇಟ್ ಲಿಮಿಟೆಡ್	Raja Farm 12Th Km, Kanakapura Road, J P Nagar 9Th Phase, Doddakalsandra, Bangalore, Karnataka	Raja Farm 12Th Km, Kanakapura Road, J P Nagar 9Th Phase, Doddakalsandra, Bangalore, KA	NO_DIGITS_EITHER_RECORD
S1-404134398	S3-298502845	True	F_Location	False	Sky Properties Private Limited	ಸ್ಕೈ ಪ್ರಾಪರ್ಟೀಸ್ ಪ್ರೈವೇಟ್ ಲಿಮಿಟೆಡ್	Raja Farm 12Th Km, Kanakapura Road, J P Nagar 9Th Phase, Doddakalsandra, Bangalore, Karnataka	Raja Farm 12Th Km, Kanakapura Road, J P Nagar 9Th Phase, Doddakalsandra, Bangalore, KA	NO_DIGITS_EITHER_RECORD
S1-819199995	S2-648461929	True	F_Location	False	Innovative Developers Private Limited	इनोवेटिव डेवलपर्स प्राइवेट लिमिटेड	C/O Premlata Upadhyay, Badinagar Barail, Nawabganj, Barabanki, Uttar Pradesh	C/O PREMLATA UPADHYAY, NAWABGANJ, BARABANKI, Uttar Pradesh	NO_DIGITS_EITHER_RECORD
S1-819199995	S2-709928105	True	C_SigToken+D_Prefix4	True	Innovative Developers Private Limited	Innovative-Developers #55133	C/O Premlata Upadhyay, Badinagar Barail, Nawabganj, Barabanki, Uttar Pradesh		TARGET_MISSING_ADDRESS
S1-172944460	S2-465444807	True	C_SigToken+D_Prefix4	True	South West Delhi Foods Private Limited	SOUTH WEST DELHI  FOODS PRIVATE LIMITED	Plot No.-29, Ground Floor, Kh No.- 995, 1001, 1002, South West Delhi, Delhi		TARGET_MISSING_ADDRESS
S1-22663518	S3-295533822	True	F_Location	False	JN Solutions Limited	JN 5olutions Ltd	C/O Manoranjan Gandhi, Nagar 3Rd Line, Brahmapur Sadar, Ganjam, Orissa	C/o Manoranjan Gandhi, Nagar 3Rd Line, Brahmapur Sadar, Ganjam, Orissa	NO_DIGITS_EITHER_RECORD
S1-82837427	S3-651099526	True	C_SigToken+D_Prefix4	True	FVR Owners Private Limited	FVR Owners Private	Opp Head Post Office Beside Forest Office, F O Ss-I-44, Mahabubnagar, Telangana, Mahbubnagar		TARGET_MISSING_ADDRESS
S1-691263064	S3-16218267	True	C_SigToken	True	Baba Media Private Limited	Smt Baba Mnedi Private Limited	Vill - Nashipur P.O. - Pukhuria P.S. - Ratua, Malda, West Bengal		TARGET_MISSING_ADDRESS
S1-593935258	S2-593191846	True	C_SigToken	True	Pioneer Marketing Pvt Ltd	Dr Pioneer  Marketing Pvt	Sy No 68 Flat No 304 Hema Durga Plaza Above More Super Market Allwyn X Road Mi, Yapur, Hyderabad, Telangana		TARGET_MISSING_ADDRESS
S1-661035556	S2-965048090	True	F_Location	False	Partha Infra Private Limited	Onyxgild	Agro House, No.28, Lalbaghmission Road Bangalore, Bangalore, Karnataka	AHRO HOUSE, BANGALORE, LALBAGHMISSION ROAD BANGALORE, Karnataka	TARGET_LACKS_DIGITS
S1-307042811	S3-628130837	True	C_SigToken+D_Prefix4	True	Mumbai Brothers Private Limited	Mumbai Brothers  Privtbe Limited	305, 3Rd Floor, M.M. Plaza Mini Market, B-1 Janak Puri, New Delhi, Delhi		TARGET_MISSING_ADDRESS
S1-25459171	S3-529830986	True	C_SigToken+D_Prefix4	True	Construction Prime Tirupati Private Limited	Construction Prime Tirupati Limited Center	103, Canning Street, Kolkata, Howrah, West Bengal		TARGET_MISSING_ADDRESS
S1-36065638	S3-747433077	True	F_Location	False	Sai Infotech Limited	साईं इंफोटेक लिमिटेड	Flat-1303, Plot-70, Sector-50, Ges Thane, Thane, Maharashtra	Flat-01303, Thane, MH	NAME_DISJOINT_AND_NO_DIGIT_LOC_COOCCURRENCE
S1-831232380	S3-527998255	True	C_SigToken+D_Prefix4	True	Dh Medical (India)	Dh Medical	10-75, Bus Stand Road, Nagayalanka, Krishna, Andhra Pradesh		TARGET_MISSING_ADDRESS
S1-521288875	S3-566777931	True	C_SigToken	True	Maru & Brothers LLP	Dr Maru & Brothers LLP	Purani Dhan Mandi, Kota, Rajasthan		TARGET_MISSING_ADDRESS
S1-185912694	S2-684813708	True	F_Location	False	JNM Networks Private Limited	jnmnetworks.com	C/O Madan Jeet Kumar Singh Barthara Kala, Sakaldiha, Chandauli, Uttar Pradesh	NO. A-914 C/O MADAN JEET KMAR SINGH BARTHARA KALA, SAKALDIHA, CHANDAULI, Uttar Pradesh	NAME_DISJOINT_AND_NO_DIGIT_LOC_COOCCURRENCE
S1-772599545	S3-762725056	True	C_SigToken+D_Prefix4	True	Allnew Group of Companies Private Limited	Allnew Group  of Cgndanies Private Limited	Om Prakash Rai, Ground Floor, Vill-Bangra Khata-48, Po-Gopalpur, Panch-Dhodhawaliya, Kuchaikote, Gopalganj, Bihar		TARGET_MISSING_ADDRESS
S1-603592675	S2-472046712	True	C_SigToken+D_Prefix4	True	Shree Investments Private Limited	SHREE INVESTMENTS PRIVATE  LIMITED	122 Manuun Govind Vihar, Hathoj, Kishorepura, Kalwad, Jaipur, Rajasthan		TARGET_MISSING_ADDRESS
S1-804843120	S2-118762469	True	F_Location	False	Lotus Global Limited	लोटस ग्लोबल लिमिटेड	Uttar Pradesh, Tilhar, Shahjahanpur, Mohala Banwari Pur Tehsil Tilhar	MOHALA BANWARI PUR TEHSIL TILHAR, TILHAR, SHAHJAHANPUR, Uttar Pradesh	NO_DIGITS_EITHER_RECORD
S1-804843120	S2-937794194	True	F_Location	False	Lotus Global Limited	लोटस ग्लोबल लिमिटेड	Uttar Pradesh, Tilhar, Shahjahanpur, Mohala Banwari Pur Tehsil Tilhar	MOHALA BANWARI PUR TEHSIL TILHAR, TILHAR, SHAHJAHANPUR, Uttar Pradesh	NO_DIGITS_EITHER_RECORD
S1-804843120	S2-251498630	True	F_Location	False	Lotus Global Limited	लोटस ग्लोबल लिमिटेड	Uttar Pradesh, Tilhar, Shahjahanpur, Mohala Banwari Pur Tehsil Tilhar	MOHALA BANWARI PUR TEHSIL TILHAR, SHAHJAHANPUR, TILHAR, उत्तर प्रदेश	NO_DIGITS_EITHER_RECORD
S1-804843120	S3-641264931	True	F_Location	False	Lotus Global Limited	लोटस ग्लोबल लिमिटेड	Uttar Pradesh, Tilhar, Shahjahanpur, Mohala Banwari Pur Tehsil Tilhar	उत्तर प्रदेश, Shahjahanpur, Tilhar, Mohala Banwari Pur Tehsil Tilhar	NO_DIGITS_EITHER_RECORD
S1-602193603	S2-691749425	True	F_Location	False	BN Biosciences Pvt Ltd	Brixvera	Ward No. 10 At Jamui, Po Jamui Ps Dulhin Bazar, Patna, Bihar	WARD NO. 80 AT JAMUI, PO JAMUI PS DULHIN BAZAR, PATNA, Bihar	NAME_DISJOINT_AND_NO_DIGIT_LOC_COOCCURRENCE
S1-602193603	S2-574019698	True	F_Location	False	BN Biosciences Pvt Ltd	@bnbiosciences	Ward No. 10 At Jamui, Po Jamui Ps Dulhin Bazar, Patna, Bihar	PATNA, बिहार, WARD NO. 80 AT JAMUI	NAME_DISJOINT_AND_NO_DIGIT_LOC_COOCCURRENCE
S1-100635989	S3-568724550	True	F_Location	False	Cooch Behar - I Solutions Private Limited	Gildecto	C/O Subrata Deb, Vivekananda Street, Cooch Behar - I, Cooch Behar, West Bengal	H.no 596 C/o Subrata Deb, Vivekananda Street, Cooch Behar - I, Cooch Behar, WB	NAME_DISJOINT_AND_NO_DIGIT_LOC_COOCCURRENCE
S1-255683974	S2-165350571	True	C_SigToken+D_Prefix4	True	Global Star Builders	Global Builders Star Star	House No. 60 Village And Post Office Chamanpura, Jhajjar, Haryana		TARGET_MISSING_ADDRESS
S1-84772355	S3-332527554	True	F_Location	False	Nesa Developers Pvt Ltd	ND	A S Marg, Iit Bombay Campus, Powai, Mumbai, Maharashtra, Mumbai, Sine Office 6Th Floor Rahul Bajaj Technology Innovation Centre (Rbtic) Building	Mumbai, Maharashtra, A S Marg, Iit Bombay Campus, Powai, Sine Office 6Th Floor Rahul Bajaj Technology Innovation Centre (Rbtic) Building	NO_DIGITS_EITHER_RECORD
S1-279119893	S2-638694196	True	F_Location	False	Unique Impex Limited	यूनिक इम्पेक्स लिमिटेड	3A 3Rd Floor Tilak Bhawan, Tilak Marg, C-Scheme, Jaipur, Rajasthan	#2-3A 3RD FLOOR TILAK BHAWAN, JAIPUR, Rajasthan	NAME_DISJOINT_AND_NO_DIGIT_LOC_COOCCURRENCE
S1-279119893	S2-840517357	True	F_Location	False	Unique Impex Limited	यूनिक इम्पेक्स लिमिटेड	3A 3Rd Floor Tilak Bhawan, Tilak Marg, C-Scheme, Jaipur, Rajasthan	#2-3A 3RD FLOOR TILAK BHAWAN, JAIPUR, Rajasthan	NAME_DISJOINT_AND_NO_DIGIT_LOC_COOCCURRENCE
S1-487683734	S2-629147595	True	F_Location	False	Gujarat Consultancy Limited	गुजरात कंसल्टेंसी लिमिटेड	80 Municipal Market, New Delhi, Central Delhi, Delhi	NEW DELHI, CENTRAL DELHI, Delhi, 080 MUNICIPAL MARKET	NAME_DISJOINT_AND_NO_DIGIT_LOC_COOCCURRENCE
S1-388202046	S3-747619520	False	None (Missed by G too)	True	Jd Services LLP	Jd LLP Partners	Wz-79-C/8, Plot No. G-8, T/F, L/S, Gali No. 7, Virender Nagar, New Delhi, West Delhi, Delhi		TARGET_MISSING_ADDRESS
S1-210088171	S2-871835835	True	C_SigToken	True	Healthcare Bareilly Consultingprivate Pvt Ltd	Hea1thcare Bareilly Consultingprivate Pvt Ltd	Plot No 93 Harhsad Nagar Nr Khamdhrol Fatak, Joshipura, Junagadh, Gujarat		TARGET_MISSING_ADDRESS
S1-210088171	S3-574931732	True	C_SigToken+D_Prefix4	True	Healthcare Bareilly Consultingprivate Pvt Ltd	Healthcare Bareilly Pvt Ltd Center	Plot No 93 Harhsad Nagar Nr Khamdhrol Fatak, Joshipura, Junagadh, Gujarat		TARGET_MISSING_ADDRESS
S1-184984153	S3-754631307	True	F_Location	False	Products Chandan Fmcg Pvt. Ltd.	Noviwex	Suvidha Annexe, Below Food Basket, K.H.Patil Road, Keshwapur, Hubli, Dharwar, Karnataka	Suvidha Annexe, Below Food Basket, K.H.Patil Road, Keshwapur, Hubli, Dharwar, Karnataka	NO_DIGITS_EITHER_RECORD
S1-626533894	S2-705677369	True	C_SigToken+D_Prefix4	True	Kaushik India Private Limited	Kaushik Private India-Limited	Gs 0008, Dlf Grand Mall Gurgaon, Dlf Qe, Gurgaon, Haryana		TARGET_MISSING_ADDRESS
S1-626533894	S3-631710991	True	C_SigToken+D_Prefix4	True	Kaushik India Private Limited	Kaushik India Prvmate Limited	Gs 0008, Dlf Grand Mall Gurgaon, Dlf Qe, Gurgaon, Haryana		TARGET_MISSING_ADDRESS
S1-890481361	S2-968993388	True	F_Location	False	Deswal Shares Private Limited	sdprivate.com	11Thfloor, Towera, Trilcommercial Centre(Intellion Edge), Sector-72, Gurugram, Gurugram, Gurgaon, Haryana	11THFLOR, GURUGRAM, GURGAON, Haryana	TARGET_LACKS_DIGITS
S1-68304259	S2-897769945	True	C_SigToken+D_Prefix4	True	Services Lokseva Catalyst LLP	Services Loklsva Catalyst LLP	Door No.17/510, Near Saleema Hospital, Thalakkadathur, Tirur, Malappuram, Malapuram, Kerala		TARGET_MISSING_ADDRESS
S1-748042430	S3-564713324	True	C_SigToken+D_Prefix4	True	Nagendra Plant Pvt Ltd	Nagendra  Plant Pvt	Kantilal Compound, Opp. Pepsi Compund, Nr Sonarpada Bus Stop, Kalyan Shil Road, Dombivali East, Thane, Maharashtra		TARGET_MISSING_ADDRESS
S1-937162204	S3-43833690	True	C_SigToken+D_Prefix4	True	Ventures Flora Vaccines Pvt Ltd	Ventures F1ora Vaccines Pvt  Ltd.	Delhi, East Delhi, B-415, East Delhi, Ground Floor, Nirman Vihar		TARGET_MISSING_ADDRESS
S1-848777798	S3-574168871	True	F_Location	False	Standard Public School	@standardpublic	Jussawala Wadi Enclave, Juhu, Maharashtra, Mumbai, Mumbai City, Sona Villa	MH, Sona Villa, Mumbai City	NO_DIGITS_EITHER_RECORD
S1-997568868	S2-963880157	True	C_SigToken+D_Prefix4	True	Good Global Private Limited	Good Global Pivta Limited	Old No. 49, New No. 26, 4Th Trust Cross Street Mandavelipakkam, Chennai, Tamil Nadu		TARGET_MISSING_ADDRESS
S1-91326998	S2-456745779	True	F_Location	False	City Foods Private Limited	सिटी फूड्स प्राइवेट लिमिटेड	Plot No107 Ashok Vihar, New Delhi, Haryana	PLOT NO07 ASHOK VIHAR, NEW DELHI, Haryana	NO_DIGITS_EITHER_RECORD
S1-91326998	S3-811066613	True	F_Location	False	City Foods Private Limited	सिटी फूड्स प्राइवेट लिमिटेड	Plot No107 Ashok Vihar, New Delhi, Haryana	H.no 907 Ashok Vihar, Wazirpur, HR	NAME_DISJOINT_AND_NO_DIGIT_LOC_COOCCURRENCE
S1-91326998	S3-75330333	True	F_Location	False	City Foods Private Limited	सिटी फूड्स प्राइवेट लिमिटेड	Plot No107 Ashok Vihar, New Delhi, Haryana	907 Ashok Vihar, Wazirpur, HR	NAME_DISJOINT_AND_NO_DIGIT_LOC_COOCCURRENCE
S1-907046367	S2-119228756	True	C_SigToken+D_Prefix4	True	Internet Founder (India) Pvt Ltd	Internet Founder (India)  Pvt	Post Office Road Haiser Bazar, Sant Kabir Nagar, Uttar Pradesh		TARGET_MISSING_ADDRESS
S1-684547378	S2-830649581	True	F_Location	False	International Management Private Limited	ഇന്റർനാഷണൽ മാനേജ്മെന്റ് പ്രൈവറ്റ് ലിമിറ്റഡ്	Ivth Floorindus Avenue Kallai Road, Kozhikode, Kerala	KOZHIKODE, Kerala, KOZHIKODE, IVTH FLOORINDUS AVENUE KALLAI ROAD	NO_DIGITS_EITHER_RECORD
S1-629552402	S2-359376935	True	C_SigToken+D_Prefix4	True	Amigo Solutions Private Limited	Amigo So1utions Limited Services	Maharashtra, Pune, Adarsh Colony, Tingare Nagar, S No 161/3B, Pune		TARGET_MISSING_ADDRESS
S1-396598015	S3-718106431	True	C_SigToken+D_Prefix4	True	Shreyans (India) Overseas LLP	Shreyans (nda) Overseas LLP	Door No 50-117-10/1 Papas Cottage Seethammadhara, North Extension, Visakhapatnam, Vishakhapatnam, Andhra Pradesh		TARGET_MISSING_ADDRESS
S1-99587101	S2-358249255	True	F_Location	False	Premier Finance LLP	प्रीमियर फाइनेंस एलएलपी	New Delhi, Delhi, Office No.304 Laxmi Nagar, H 30A 2Nd Floor, New Delhi	H 30A 2ND FLOR, NEW DELHI, Delhi	TARGET_LACKS_DIGITS
S1-99587101	S2-66797723	True	F_Location	False	Premier Finance LLP	प्रीमियर फाइनेंस एलएलपी	New Delhi, Delhi, Office No.304 Laxmi Nagar, H 30A 2Nd Floor, New Delhi	H 30A 2ND FLOOR, NEW DELHI, Delhi	TARGET_LACKS_DIGITS
S1-99587101	S3-903054703	True	F_Location	False	Premier Finance LLP	प्रीमियर फाइनेंस एलएलपी	New Delhi, Delhi, Office No.304 Laxmi Nagar, H 30A 2Nd Floor, New Delhi	H 30A 2Nd Floor, New Delhi, DL	TARGET_LACKS_DIGITS
S1-476236485	S2-778138876	True	F_Location	False	New Investment Private Limited	న్యూ ఇన్వెస్ట్‌మెంట్ ప్రైవేట్ లిమిటెడ్	Unit No.5B, 5Th Floor, Vaishnavis Cymbol, Survey No.345/A, Outer Ring Road, Puppalaguda, Gandipet Mandal, Rangareddy, Telangana	UNIT NO.5B., RANGAREDDY, Telangana	TARGET_LACKS_DIGITS
S1-496739447	S2-350407907	True	F_Location	False	All Management Private Limited	ಆಲ್ ಮ್ಯಾನೇಜ್‌ಮೆಂಟ್ ಪ್ರೈವೇಟ್ ಲಿಮಿಟೆಡ್	No.32, 1St Floor, Srr Layout, Behind Drdo Township, Pash-2, Doorvaninagar Post, Bangalore, Karnataka	NO 0032, BANGALORE, Karnataka	NAME_DISJOINT_AND_NO_DIGIT_LOC_COOCCURRENCE
S1-38076990	S2-431435992	True	F_Location	False	Prime It Private Limited	प्राइम आईटी प्राइवेट लिमिटेड	Maharashtra, Amina Compound, Thane, Near Dhamankar Naka, Bhiwandi	AMINA COMPOUND, THANE, महाराष्ट्र	NO_DIGITS_EITHER_RECORD
S1-72179518	S2-193954976	True	F_Location	False	Super Engineering Private Limited	सुपर इंजीनियरिंग प्राइवेट लिमिटेड	A905 Gundecha Symphony Veera Desai Road Andheri West, Mumbai, Mumbai City, Maharashtra	A0905 GUNDECHA SYMPHONY VEERA DESAI ROAD ANDHERI WEST, MUMBAI, MUMBAI CITY, Maharashtra	NO_DIGITS_EITHER_RECORD
S1-72179518	S2-263240425	True	F_Location	False	Super Engineering Private Limited	सुपर इंजीनियरिंग प्राइवेट लिमिटेड	A905 Gundecha Symphony Veera Desai Road Andheri West, Mumbai, Mumbai City, Maharashtra	MUMBAI CITY, MUMBAI, Maharashtra, A0905 GUNDECHA SYMPHONY VEERA DESAI ROAD ANDHERI WEST	NO_DIGITS_EITHER_RECORD
S1-72179518	S2-200598809	True	F_Location	False	Super Engineering Private Limited	सुपर इंजीनियरिंग प्राइवेट लिमिटेड	A905 Gundecha Symphony Veera Desai Road Andheri West, Mumbai, Mumbai City, Maharashtra	A0905 GUNDECHA SYMPHONY VEERA DESAI ROAD ANDHERI WEST, MUMBAI, MUMBAI CITY, Maharashtra	NO_DIGITS_EITHER_RECORD
S1-856404993	S2-247854622	True	C_SigToken+D_Prefix4	True	Subham Enterprises Associates	Subham Enterprises	House At Peetal Nagri, Gali No-3, Moradabad, Uttar Pradesh		TARGET_MISSING_ADDRESS
S1-532930855	S3-773026005	True	C_SigToken+D_Prefix4	True	Caliber Mansion	Caliber Msahnosn	South West Delhi, New Delhi, Iii Sect D, Vasant Kunj, Delhi, Flat No.3516		TARGET_MISSING_ADDRESS
S1-225752839	S2-854620142	True	C_SigToken+D_Prefix4	True	Bobby Brothers Pvt Ltd	Bobby Bróthers Pvt	373, Flr-Grd, 23, Ind Chs, Veernarimanrd, Adarshnagar, Mumbai, Maharashtra		TARGET_MISSING_ADDRESS
S1-663791314	S3-348910844	True	C_SigToken+D_Prefix4	True	International Technologies Private Limited	International Technologies Private Enterprises	New Door No. 15 & 17, Lalith Towers, Kambar Street, Alandur, Saidapet, Kanchipuram, Tamil Nadu		TARGET_MISSING_ADDRESS
S1-103266270	S2-300268260	True	F_Location	False	My Consultancy Private Limited	ಮೈ ಕನ್ಸಲ್ಟೆನ್ಸಿ ಪ್ರೈವೇಟ್ ಲಿಮಿಟೆಡ್	No.3A, 3B, Elvs Road, Hanumanth Nagar, Puruvankara Main Road, Bilishivalle Village, Bangalore North, Bangalore, Karnataka	NO.3A, 3B, ELVS ROAD, HANUMANTH NAGAR, PURUVANKARA MAIN ROAD, BILISHIVALLE VILLAGE, BANGALORE, BANGALORE NORTH, Karnataka	NO_DIGITS_EITHER_RECORD
S1-103266270	S2-140126440	True	F_Location	False	My Consultancy Private Limited	M/s myconsultancy.com	No.3A, 3B, Elvs Road, Hanumanth Nagar, Puruvankara Main Road, Bilishivalle Village, Bangalore North, Bangalore, Karnataka	DOOR NO 3A, 3B, ELVS ROAD, HANUMANTH NAGAR, PURUVANKARA MAIN ROAD, BILISHIVALLE VILLAGE, BANGALORE NORTH, BANGALORE, Karnataka	NO_DIGITS_EITHER_RECORD
S1-103266270	S3-629322375	False	None (Missed by G too)	False	My Consultancy Private Limited	ಮೈ ಕನ್ಸಲ್ಟೆನ್ಸಿ ಪ್ರೈವೇಟ್ ಲಿಮಿಟೆಡ್	No.3A, 3B, Elvs Road, Hanumanth Nagar, Puruvankara Main Road, Bilishivalle Village, Bangalore North, Bangalore, Karnataka	No.##3a, Kothanur, KA	NO_DIGITS_EITHER_RECORD
S1-51393238	S2-149312720	True	F_Location	False	Hari Shree Investments LLP	ಹರಿ ಶ್ರೀ ಇನ್ವೆಸ್ಟ್‌ಮೆಂಟ್ಸ್ ಎಲ್ಎಲ್‌ಪಿ	45B, Dba Hubstairs Coworks, Subham Complex, Ist A Main, 2Nd Floor, Rear Wing, Mini Forest Road, 3Rd Phase J P Nagar, Bangalore South, Bangalore, Karnataka	45B., BANGALORE SOUTH, BANGALORE, ಕರ್ನಾಟಕ	NO_DIGITS_EITHER_RECORD
S1-656080279	S2-539679584	True	F_Location	False	Lotus Solutions Private Limited	लोटस सॉल्यूशंस प्राइवेट लिमिटेड	Dampura Bhamati Road, X-Me, R, 06-100Kva, Bhamti Road, Mhow, Indore, Madhya Pradesh	DAMPURA BHAMATI ROAD, NEEMUCH, INDORE, Madhya Pradesh	TARGET_LACKS_DIGITS
S1-450484874	S2-798763147	True	F_Location	False	City Enterprises Private Limited	सिटी एंटरप्राइजेज प्राइवेट लिमिटेड	C/O Gopal Lal Sharma Kanaram Sharma S04, Karni Vihar-6, Khora Bisal, Jaipur, Rajasthan	C/O GOPAL LAL SHARMA KANARAM SHARMA S##04, JAIPUR, PRATAP NAGAR, राजस्थान	NAME_DISJOINT_AND_NO_DIGIT_LOC_COOCCURRENCE
S1-38521288	S2-641128512	True	C_SigToken+D_Prefix4	True	Chayan Services Private Limited	Chayan Services Pgvte Limited	No. D62, 11Th Cross West, Tiruchirappalli, Tamil Nadu		TARGET_MISSING_ADDRESS
S1-11913052	S3-387514988	True	C_SigToken+D_Prefix4	True	Knp Indiaprivate Private Limited	Knp-Private Limited [Center]	110 Ashirwadahmedabad Street Carnac Bunder, Mumbai, Maharashtra		TARGET_MISSING_ADDRESS
S1-433429984	S2-434248957	True	D_Prefix4	True	Rv Caterers	Rv Castees	Ccsgf0209 Nh-31 Uttorayon, Township, Matigara, Siliguri, Darjiling, Darjeeling, West Bengal		TARGET_MISSING_ADDRESS
S1-874346711	S3-757036300	True	C_SigToken+D_Prefix4	True	Systems Rank Packaging Limited	Systems Rank	Shop No 2 Abhushan Apartmentghod Dod Road, Surat, Gujarat		TARGET_MISSING_ADDRESS
S1-972807935	S2-103345407	True	C_SigToken+D_Prefix4	True	ELT Developers Pvt. Ltd.	ELT Pvt. Ltd. Center	No 6 4Th Street, Venkateswara Nagar, Chennai City Corporation, Chennai, Tamil Nadu		TARGET_MISSING_ADDRESS
S1-965626483	S3-151272486	True	C_SigToken+D_Prefix4	True	Thane Resorts Private Limited	Thane Resorts  Limited Private	C-1/304, Brightland Chs Ltd Phase-1, Yashasvi Nagar, Thane, Maharashtra		TARGET_MISSING_ADDRESS
S1-297953656	S2-762769776	True	F_Location	False	Anand Properties Private Limited	आनंद प्रॉपर्टीज प्राइवेट लिमिटेड	Hanumangarh, Word No-5 Bisarasar, Hanumangarh, C/O Sohan Lal, Rajasthan	C/O SOHAN LAL, HANUMANGARH, Rajasthan	TARGET_LACKS_DIGITS
S1-297953656	S2-420519754	True	F_Location	False	Anand Properties Private Limited	आनंद प्रॉपर्टीज प्राइवेट लिमिटेड	Hanumangarh, Word No-5 Bisarasar, Hanumangarh, C/O Sohan Lal, Rajasthan	C/O SOHAN LAL, HANUMANGARH, Rajasthan	TARGET_LACKS_DIGITS
S1-297953656	S3-637934629	True	F_Location	False	Anand Properties Private Limited	आनंद प्रॉपर्टीज प्राइवेट लिमिटेड	Hanumangarh, Word No-5 Bisarasar, Hanumangarh, C/O Sohan Lal, Rajasthan	H.no 578. C/o Sohan Lal, Hanumangarh, राजस्थान	NAME_DISJOINT_AND_NO_DIGIT_LOC_COOCCURRENCE
S1-146377667	S2-238318593	True	C_SigToken	True	Nagora Potato Pvt Ltd	Nag0ra Potato Pvt Ltd	4-28/36/1, Next To Saraswati Devi Temple Kandi, Sangareddy, Medak, Telangana		TARGET_MISSING_ADDRESS
S1-692988358	S3-527353253	True	F_Location	False	Harbans Vidyalaya Ltd	Smt harbansvidyalaya.com	Able Glass And Plywoods, Pokkunnu P.O Kulangarapeedika, Kozhikode, Kerala	Able Glass And Plywoods, Pokkunnu P.o Kulangarapeedika, Calicut, Kozhikode, Keralam	NO_DIGITS_EITHER_RECORD
S1-855055018	S3-206672399	True	C_SigToken+D_Prefix4	True	Aarav Producer (India) Corp	Aarav Producer	Maharashtra, F-8 B Achraj Tower Iichindwara Road Chhaoni, Nagpur		TARGET_MISSING_ADDRESS
S1-27486940	S3-248041889	True	C_SigToken+D_Prefix4	True	Mumbai Controls Private Limited	Mumbai Limited Private Controls	Shop No 1, Rainbow Bldg, Shantilal Modi Road, Near Mayur Cinema, Kandivali West, Mumbai, Mumbai City, Maharashtra		TARGET_MISSING_ADDRESS
S1-885584003	S2-768990257	True	F_Location	False	Bombay Construction	बॉम्बे कंस्ट्रक्शन	Mumbai, Laxmi Insurance Bldg Sirp M Road Fort, Maharashtra, Mumbai	LAXMI INSURANCE BLDG SIRP M ROAD FORT, MUMBAI, Maharashtra	NO_DIGITS_EITHER_RECORD
S1-612804179	S3-547322574	True	C_SigToken+D_Prefix4	True	Bright Projects Private Limited	Bright Projects Private Enterprises	Killa No. 4223, Mu No. 47, Khatoni No. 529, 146, Karma Proseser, Faridabad, Haryana		TARGET_MISSING_ADDRESS
S1-643262978	S3-716389862	True	C_SigToken+D_Prefix4	True	Wind Solutions (India) Clinic	Wind Clinic (India) Solutions Solutions	Bhahai Bhahai, Mathura, Uttar Pradesh		TARGET_MISSING_ADDRESS
S1-833043912	S2-809156319	True	F_Location	False	Sky Global Private Limited	स्काई ग्लोबल प्राइवेट लिमिटेड	Alallapatti, Bihar, Laheria Sarai, Vip Road, C/O S.S. Honda	बिहार, VIP ROAD, ALALLAPATTI, MAULAGANJ, #938 C/O S.S. HONDA	NAME_DISJOINT_AND_NO_DIGIT_LOC_COOCCURRENCE
S1-833043912	S3-565894326	True	F_Location	False	Sky Global Private Limited	स्काई ग्लोबल प्राइवेट लिमिटेड	Alallapatti, Bihar, Laheria Sarai, Vip Road, C/O S.S. Honda	BR, Alallapatti, C/o S.s. Honda, Vip Road, Laheria Sarai	NO_DIGITS_EITHER_RECORD
S1-476024275	S2-798864115	True	C_SigToken+D_Prefix4	True	Nagiya Dynamics Limited	Nagiya Dnamcis Limited	Plot No. 7/A, South West Delhi, Delhi, Block-D, Mahavir Enclave		TARGET_MISSING_ADDRESS
S1-499631520	S2-243089920	True	F_Location	False	My Energy Private Limited	माय एनर्जी प्राइवेट लिमिटेड	C/O, Mr. Ram Dhan, 304, Karamchari Nagar, Gali No. 6, Bareilly, Izzat Nagar, Bareilly, Uttar Pradesh	C/O, BAREILLY, Uttar Pradesh	TARGET_LACKS_DIGITS
S1-499631520	S3-674431030	True	F_Location	False	My Energy Private Limited	energymyprivate.com	C/O, Mr. Ram Dhan, 304, Karamchari Nagar, Gali No. 6, Bareilly, Izzat Nagar, Bareilly, Uttar Pradesh	C/o, Bareilly, उत्तर प्रदेश	TARGET_LACKS_DIGITS
S1-504336506	S3-742842651	True	F_Location	False	Modern Aditya Impex Private Limited	मॉडर्न आदित्य इम्पेक्स प्राइवेट लिमिटेड	Dr Birendra Kumar, S/O Anandi Pd Singh Narayana Colony, Mayaganj Hospital Road, Bhagalpur, Bihar	Bhagalpur, H.no 0892 Dr Birendra Kumar, Banka, BR, S/o Anandi Pd Singh Narayana Colony, Mayaganj Hospital Road	NAME_DISJOINT_AND_NO_DIGIT_LOC_COOCCURRENCE
S1-964928381	S3-300040883	True	C_SigToken	True	Lakshya & Co Private Limited	Mr Lakshya & Co Private Limited	C/O Shri Mustageem Ali, Naibasti Batwal, Amroha, Jyotiba Phule Nagar, Uttar Pradesh		TARGET_MISSING_ADDRESS
S1-306417641	S2-93697327	True	F_Location	False	City Projects Private Limited	સિટી પ્રોજેક્ટ્સ પ્રાઇવેટ લિમિટેડ	Third Floor Pratham Square, Sj Road, Sabar Kantha, Gujarat, Himatnagar, Office No.-24	OFFICE NO.-22, HIMATNAGAR, SABAR KANTHA, Gujarat	NAME_DISJOINT_AND_NO_DIGIT_LOC_COOCCURRENCE
S1-306417641	S2-191494437	True	F_Location	False	City Projects Private Limited	સિટી પ્રોજેક્ટ્સ Private Limited	Third Floor Pratham Square, Sj Road, Sabar Kantha, Gujarat, Himatnagar, Office No.-24	OFFICE NO.-22, HIMATNAGAR, SABAR KANTHA, Gujarat	NAME_DISJOINT_AND_NO_DIGIT_LOC_COOCCURRENCE
S1-306417641	S3-896526204	True	C_SigToken	True	City Projects Private Limited	Shri City  Projects Private	Third Floor Pratham Square, Sj Road, Sabar Kantha, Gujarat, Himatnagar, Office No.-24		TARGET_MISSING_ADDRESS
S1-783133760	S2-295006374	True	C_SigToken+D_Prefix4	True	Transcom Welfare Society Corp	Transcom Wherligfbaer Society Corp	82, Industrial Estate Polo Ground, Indore, Madhya Pradesh		TARGET_MISSING_ADDRESS
S1-212236522	S3-721009200	True	C_SigToken	True	Jai Business Private Limited	Dr Jai Private Limited Partners	House No. 392, Gungwade Near Pokhran Naka, Tal. Dahanu, Dist. Palghar, Palghar, Parbhani, Maharashtra		TARGET_MISSING_ADDRESS
S1-413149261	S2-778933243	True	F_Location	False	Crecer & Co	Cgtcer  and Co	412, Race Course Tower Race Course, Vadodara, Gujarat	41, VADODARA, ગુજરાત	NAME_DISJOINT_AND_NO_DIGIT_LOC_COOCCURRENCE
S1-799092037	S3-741949639	True	C_SigToken	True	Jayram Seva Samiti	Shri Jayram Seva Samiti Ltd	Door No.68/1599 A-2, Nedumpilly Apartmen Kalathil Lane, St. Benedict'S Road, Ernakulam, Kerala		TARGET_MISSING_ADDRESS
S1-459263375	S3-623748770	True	F_Location	False	Real Foods LLP	रियल फूड्स एलएलपी	Maharashtra, H.No. 136, Sengaon, Hingoli	Sengaon, H.no. 135, Hingoli, MH	NAME_DISJOINT_AND_NO_DIGIT_LOC_COOCCURRENCE
S1-250111496	S2-275317637	True	F_Location	False	Creative Tech Private Limited	क्रिएटिव टेक प्राइवेट लिमिटेड	Raval House18Th Road Khar (W), Mumbai, Maharashtra	RAVAL HOUSE18TH- ROAD KHAR (W), MUMBAI, Maharashtra	NO_DIGITS_EITHER_RECORD
S1-250111496	S3-650506776	True	F_Location	False	Creative Tech Private Limited	क्रिएटिव टेक प्राइवेट लिमिटेड	Raval House18Th Road Khar (W), Mumbai, Maharashtra	#G-817 Raval House18th Road Khar (W), Mumbai, महाराष्ट्र	NAME_DISJOINT_AND_NO_DIGIT_LOC_COOCCURRENCE
S1-762543032	S2-222740273	True	F_Location	False	Southern Infrastructure Private Limited	सदर्न इंफ्रास्ट्रक्चर प्राइवेट लिमिटेड	B 561School Block Shakar Pur, Delhi, East Delhi, Delhi	B 562SCHOOL BLOCK SHAKAR PUR, EAST DELHI, DELHI	NO_DIGITS_EITHER_RECORD
S1-762543032	S3-92125566	True	F_Location	False	Southern Infrastructure Private Limited	सदर्न इंफ्रास्ट्रक्चर प्राइवेट लिमिटेड	B 561School Block Shakar Pur, Delhi, East Delhi, Delhi	H.no 765 B 561School Block Shakar Pur, East Delhi, Delhi, DL	NAME_DISJOINT_AND_NO_DIGIT_LOC_COOCCURRENCE
S1-311076532	S2-761669927	True	F_Location	False	Dynamic Business	डायनामिक बिजनेस	Second Floor Behind Taxi Stand, Nagori G, Arden, Rajasthan, Bhilwara, Sarvoday Apna Bazar	SARVODAY APNA BAZAR, BHILWARA, Rajasthan	NO_DIGITS_EITHER_RECORD
S1-130537587	S2-381414440	True	C_SigToken	True	Vijayant Foundation Pvt Ltd	Sri Vijayant Fonudation  Pvt Ltd	No 1, B N Roadii Lane T Nagar, Chennai 17, Tamil Nadu		TARGET_MISSING_ADDRESS
S1-862943022	S2-179382330	True	C_SigToken+D_Prefix4	True	Devghar Technologies Private Limited	Devghar Technologies Private	Shankutla Complex, Mahawir Asthan Katahari Bag, Arya Nagar, Chapra, Saran, Bihar		TARGET_MISSING_ADDRESS
S1-862943022	S2-740566832	True	F_Location	False	Devghar Technologies Private Limited	DEV6HAR TECHNOLOGIES	Shankutla Complex, Mahawir Asthan Katahari Bag, Arya Nagar, Chapra, Saran, Bihar	SHANKUTLA COMPLEX, MAHAWIR ASTHAN KATAHARI BAG, ARYA NAGAR, CHAPRA, बिहार	NO_DIGITS_EITHER_RECORD
S1-253867919	S2-972269004	True	F_Location	False	Seven Producer Private Limited	സെവൻ പ്രൊഡ്യൂസർ പ്രൈവറ്റ് ലിമിറ്റഡ്	C/O Tenebie George, Vanniyamparambilkandiyoor, Mavelikkara, Alappuzha, Kerala	C/O TENEBIE GEORGE, VANNIYAMPARAMBILKANDIYOOR, Mavelikkara, <NULL>, Kerala	NO_DIGITS_EITHER_RECORD
S1-253867919	S3-516377665	True	F_Location	False	Seven Producer Private Limited	സെവൻ പ്രൊഡ്യൂസർ പ്രൈവറ്റ് ലിമിറ്റഡ്	C/O Tenebie George, Vanniyamparambilkandiyoor, Mavelikkara, Alappuzha, Kerala	Block E-c-451 C/o Tenebie George, Mavelikkara, Alappuzha, കേരളം	NAME_DISJOINT_AND_NO_DIGIT_LOC_COOCCURRENCE
S1-549087419	S3-575962131	True	F_Location	False	Jee Hi	Smt Jee Hi Corporation	F.No308, 1-7-1072 Pattabhi, Towers Rtcxroads, Musheerabad, Hyderabad, Telangana	Musheerabad, F.no308, Hyderabad, TG	TARGET_LACKS_DIGITS
S1-379908151	S3-327160141	True	C_SigToken+D_Prefix4	True	Vaishnodham Securities LLP	Vaishnodham Securitiise LLP	Plot No. 153 Darbarnaka, Halvad, Rajkot, Gujarat		TARGET_MISSING_ADDRESS
S1-558777311	S2-584769490	True	F_Location	False	Lotus Foundation Private Limited	लोटस फाउंडेशन प्राइवेट लिमिटेड	Gorakhpur, Uttar Pradesh, Turkmanpur Patwari Tola, 120	12, TURKMANPUR PATWARI TOLA, GORAKHPUR, Uttar Pradesh	NAME_DISJOINT_AND_NO_DIGIT_LOC_COOCCURRENCE
S1-660061219	S3-797005068	True	C_SigToken+D_Prefix4	True	Gap Learning Pvt Ltd	Gap Pvt Ltd Service	C/O Sanju Devi, 6/258, Amar Vihar Khora Colony, Ghaziabad, Uttar Pradesh		TARGET_MISSING_ADDRESS
S1-711617350	S2-944728015	True	F_Location	False	Green Services Pvt Ltd	ഗ്രീൻ സർവീസസ് പ്രൈവറ്റ് ലിമിറ്റഡ്	Kerala, Room No.D2 Arks Mansion, Kozhikode, Kottooli Po	ROOM NO.D#2 ARKS MANSION, KOTTOOLI PO, KOZHIKODE, CALICUT, Kerala	NAME_DISJOINT_AND_NO_DIGIT_LOC_COOCCURRENCE
S1-711617350	S3-252513535	True	F_Location	False	Green Services Pvt Ltd	ഗ്രീൻ സർവീസസ് പ്രൈവറ്റ് ലിമിറ്റഡ്	Kerala, Room No.D2 Arks Mansion, Kozhikode, Kottooli Po	No 422 Room No.d2 Arks Mansion, Kottooli Po, Kozhikode, കേരളം	NAME_DISJOINT_AND_NO_DIGIT_LOC_COOCCURRENCE
S1-635526500	S2-868329200	True	F_Location	False	Great Solutions Private Limited	ग्रेट सॉल्यूशंस प्राइवेट लिमिटेड	706, Akash Magehdutam, Opp Tdi City, Moradabad, Uttar Pradesh	0706, MORADABAD, Uttar Pradesh	NAME_DISJOINT_AND_NO_DIGIT_LOC_COOCCURRENCE
S1-635526500	S2-657437053	True	F_Location	False	Great Solutions Private Limited	ग्रेट सॉल्यूशंस प्राइवेट लिमिटेड	706, Akash Magehdutam, Opp Tdi City, Moradabad, Uttar Pradesh	0706, AKASH MAGEHDUTAM, OPP TDI CITY, MORADABAD, उत्तर प्रदेश	NAME_DISJOINT_AND_NO_DIGIT_LOC_COOCCURRENCE
S1-554603486	S3-168640368	True	F_Location	False	Globus Tradelink (India) LLP	Synkelo	Regency Chambers, 2Nd Floor National Library Road, Bandra West, Mumbai, Mumbai City, Maharashtra	Regency Chambers, Mumbai, Mumbai City, महाराष्ट्र	NO_DIGITS_EITHER_RECORD
S1-411263571	S2-758459514	True	C_SigToken+D_Prefix4	True	Unique Consultants Private Limited	Unique Consultant Private Limited	No.12, 2Nd Floor, Narayan Reddy Colony Anaswamy Mudaliar Road, Bangalore, Karnataka		TARGET_MISSING_ADDRESS
S1-474041819	S3-955914082	True	C_SigToken+D_Prefix4	True	Industrial Saran Private Limited	Industrial Private Limited Services	1St Floor, Akruti Corporate Park, Near G. E. Garden, L.B.S. Road, Kanjurma, Rg (West), Mumbai, Mumbai City, Maharashtra		TARGET_MISSING_ADDRESS
S1-757560995	S2-578958547	True	C_SigToken+D_Prefix4	True	Crew Trading Private Limited	Crew Limited Private Trading	Idukki, Kerala, Idukki, 15/348 Parappallil Anavilasam P.O		TARGET_MISSING_ADDRESS
S1-453499114	S2-580108900	True	C_SigToken	True	Sg Minerals Private Limited	Dr SG MINERALS PRIVATE	A-264, Indira Nagar, Lucknow, Uttar Pradesh		TARGET_MISSING_ADDRESS
S1-223338943	S3-825985181	False	None (Missed by G too)	True	TB Tradelinks LLP	TB LLP Center	Shahdara, A 78 Street No 05, Delhi, Shahdara, New Modern Shahdara		TARGET_MISSING_ADDRESS
S1-890715579	S3-239020021	True	C_SigToken+D_Prefix4	True	Engineering Vivaan Nath Private Limited	Engineering Vivaan Private Nath Limited	Shanti Nivas, 3Rd Floor, # 40/83, 12Th B Cross 6Th Block, Gubbanna Layout, Rajaji Nagar, Bangalore, Karnataka		TARGET_MISSING_ADDRESS
S1-81226185	S2-326531022	True	F_Location	False	New Solutions Private Limited	न्यू सॉल्यूशंस प्राइवेट लिमिटेड	Opp B R Dmedical Collage Gorakhpur, Uttar Pradesh, Gorakhpur, Uttar Pradesh	OPP B R DMEDICAL COLLAGE GORAKHPUR, UTTAR PRADESH, GORAKHPUR, Uttar Pradesh	NO_DIGITS_EITHER_RECORD
S1-254442231	S3-964599379	True	C_SigToken+D_Prefix4	True	Products Smart Smart Private Limited	Products Smart  Smart Private	No.7, Vidya Ashram, Arunachalapuram, 2Nd Street, Adyar, Chennai, Tamil Nadu		TARGET_MISSING_ADDRESS
S1-487755040	S2-185540864	True	C_SigToken+D_Prefix4	True	Mumbai Textiles Private Limited	MUMBAI MUMBAI PRIVATE TEXTILES LIMITED	Unit No. 444, 4Th Floor, Kaliandas Udyog Bhavan, Century Prabhadevi, Century Baazar, Mumbai, Maharashtra		TARGET_MISSING_ADDRESS
S1-623541998	S3-82943419	True	C_SigToken+D_Prefix4	True	Keystone Engineering Group	Keystone Group Engineering	H No-13/849, Neduvathoor, Kottarakkar Nr Chirakkadavu Devi Temple, Neeleswaram Po, Kollam, Kerala		TARGET_MISSING_ADDRESS
S1-847693024	S3-1580380	True	C_SigToken+D_Prefix4	True	Guru Bombay Consulting Private Limited	Guru 8ombay Cónsulting Private Limited	Shop No.314-315, Exxoniic, Jahangirpura, Surat, Gujarat		TARGET_MISSING_ADDRESS
S1-254454689	S3-835865174	True	C_SigToken+D_Prefix4	True	Buffer Parcel of Bangalore South Private Limited	Buffer Parcel Of Bangalore Shut Private Limited	Sri Rama Complex, No. 13, Third Floor, 5Th Cross, 6Th Block, Koramangala, Bangalore South, Bangalore, Karnataka		TARGET_MISSING_ADDRESS
S1-131137758	S2-997094392	True	C_SigToken+D_Prefix4	True	Power Powder Private Limited	Power Private Limited Service	Secunderbad, Madgi No. 32, Telangana, Hyderabad, Sterling Apartments Distielary Road		TARGET_MISSING_ADDRESS
S1-934945377	S2-341466447	True	F_Location	False	North Estate Private Limited	नॉर्थ एस्टेट प्राइवेट लिमिटेड	C/O Sunil Kumar, Vill, Wazidpurjansath, Jansath, Muzaffarnagar, Uttar Pradesh	55 C/O SUNIL KUMAR, VILL, WAZIDPURJANSATH, JANSATH, MUZAFFARNAGAR, उत्तर प्रदेश	NAME_DISJOINT_AND_NO_DIGIT_LOC_COOCCURRENCE
S1-934945377	S3-106938844	True	F_Location	False	North Estate Private Limited	नॉर्थ एस्टेट प्राइवेट लिमिटेड	C/O Sunil Kumar, Vill, Wazidpurjansath, Jansath, Muzaffarnagar, Uttar Pradesh	Door No 585 C/o Sunil Kumar, Vill, Wazidpurjansath, Muzaffarnagar, Jansath, उत्तर प्रदेश	NAME_DISJOINT_AND_NO_DIGIT_LOC_COOCCURRENCE
S1-90490613	S2-527021779	True	C_SigToken+D_Prefix4	True	Bhimashankar Exim Pvt. Ltd.	Bhimashankar Exim Pvt. Limited	Door No.34, Old No.8/1Santham Colony Thirumangalam Anna Nagar West Extension, Chennai, Tamil Nadu		TARGET_MISSING_ADDRESS
S1-862343289	S2-338770565	True	F_Location	False	Ss Ice Pvt Ltd	Ltd Ss Pvt Center	# 1003, 2Nd Cross, 12Th A Main, Hal 2Nd Stage, Bangalore, Karnataka	BANGALORE, Karnataka, NO, BANGALORE	TARGET_LACKS_DIGITS
S1-862343289	S2-466505054	True	F_Location	False	Ss Ice Pvt Ltd	Ss  lce Pvt Ltd	# 1003, 2Nd Cross, 12Th A Main, Hal 2Nd Stage, Bangalore, Karnataka	NO , 2ND CROSS, 12TH A MAIN, HAL 2ND STAGE, BANGALORE, ಕರ್ನಾಟಕ	TARGET_LACKS_DIGITS
S1-862343289	S3-368028321	True	C_SigToken	True	Ss Ice Pvt Ltd	Shri Ss Ice Pvt Ltd.	# 1003, 2Nd Cross, 12Th A Main, Hal 2Nd Stage, Bangalore, Karnataka		TARGET_MISSING_ADDRESS
S1-707814433	S3-602055141	True	C_SigToken	True	Shiva Global Limited	Smt Shiva Limited Center	Door No. Ix/97/Q- Kavalloor Arcade P O Nellayi, Thrissur, Kerala		TARGET_MISSING_ADDRESS
S1-395565081	S3-226083450	True	F_Location	False	EQ Innovations	*** EQ lnnovations	1402/A, Gidc Industrial Estate, Panch Mahals, Gujarat, Halol	14-02/A, Gidc Industrial Estate, Halol, Panch Mahals, GJ	NAME_DISJOINT_AND_NO_DIGIT_LOC_COOCCURRENCE
S1-395565081	S3-357171658	True	F_Location	False	EQ Innovations	Zetaumbra	1402/A, Gidc Industrial Estate, Panch Mahals, Gujarat, Halol	14-02/A, Gidc Industrial Estate, Halol, Panch Mahals, GJ	NAME_DISJOINT_AND_NO_DIGIT_LOC_COOCCURRENCE
S1-451558250	S2-302597618	True	F_Location	False	Omshree (India) Production Pvt Ltd	Avilyra	Flat No. C/301, Enjoy Residency Opp.Agrawal School Canal Road, Vesu, Surat, Gujarat	FLT NO. C/30, ENJOY RESIDENCY OPP.AGRAWAL SCHOOL CANAL ROAD, VESU, SURAT, Gujarat	NAME_DISJOINT_AND_NO_DIGIT_LOC_COOCCURRENCE
S1-299316783	S2-51442388	True	F_Location	False	Bright Tech Private Limited	ब्राइट टेक प्राइवेट लिमिटेड	1St Floor, Above Badshah, Studio, Jinna Chowk, Seoni, Madhya Pradesh	1ST FLOOR, SEONI, Madhya Pradesh	NO_DIGITS_EITHER_RECORD
S1-299316783	S2-976686663	True	F_Location	False	Bright Tech Private Limited	ब्राइट टेक प्राइवेट लिमिटेड	1St Floor, Above Badshah, Studio, Jinna Chowk, Seoni, Madhya Pradesh	H.NO 1ST FLOOR, ABOVE BADSHAH, STUDIO, JINNA CHOWK, SEONI, Madhya Pradesh	NO_DIGITS_EITHER_RECORD
S1-386824396	S2-577396998	True	F_Location	False	Ne & Sons LLP	M/s Ne + 5dis  LLP	Balua Road Ashapur, Varanasi, Uttar Pradesh, Varanasi	BALUA ROAD ASHAPUR, VARANASI, Uttar Pradesh	NO_DIGITS_EITHER_RECORD
S1-386824396	S2-287485938	True	C_SigToken+D_Prefix4	True	Ne & Sons LLP	NE & SONS L.L.P. - 1752856596	Balua Road Ashapur, Varanasi, Uttar Pradesh, Varanasi		TARGET_MISSING_ADDRESS
S1-371671251	S3-757567403	True	C_SigToken+D_Prefix4	True	Qutubullapur Packaging Private Limited	Qutubullapur Paefcokcnig Private Limited	Plot No. 918/A, Pragathi Nagar, Opp Jntu, Qutubullapur, K.V.Rangareddy, Telangana		TARGET_MISSING_ADDRESS
S1-806174316	S3-924497303	True	F_Location	False	Southern Builders	సదర్న్ బిల్డర్స్	Plot No 26 Ida, Jadcherla, Stn. Jadcherla, Mahabub Nagar, Telangana	Mahabub Nagar, Ida, Andhra Pradesh	TARGET_LACKS_DIGITS
S1-780610908	S3-899887910	True	C_SigToken+D_Prefix4	True	Tapi Institute of Technology Company	Tapi Institute of Tehcnlooyg Company	Telangana, 1-2-17T023 Flat No. 606, Hyderabad, Secunderabad, Karan Centre, Sarojni Devi Road		TARGET_MISSING_ADDRESS
S1-652687499	S2-676555627	True	F_Location	False	Jai Technology Private Limited	জয় টেকনোলজি প্রাইভেট লিমিটেড	7C Gp Heights Collegemore, Ward-6, C/O Sandipagarwala, Birbhum, West Bengal	7C. GP HEIGHTS COLLEGEMORE, BIRBHUM, West Bengal	TARGET_LACKS_DIGITS
S1-530486694	S3-433793871	True	C_SigToken	True	Indian Technologies Private Limited	Sri Indian Technologies Private Limited	Uttar Pradesh, Lucknow, 103/109(103/075), Sunder Bagh, Aminabad Park, Lucknow		TARGET_MISSING_ADDRESS
S1-812698028	S2-876109974	True	C_SigToken+D_Prefix4	True	Elma Ginger Limited	Elma Limited (Partners)	Agra, Uttar Pradesh, H. No. E-361 Kamla Nagar		TARGET_MISSING_ADDRESS
S1-373561231	S2-529823591	True	F_Location	False	One Exports Private Limited	वन एक्सपोर्ट्स प्राइवेट लिमिटेड	263, Uttar Pradesh, Ghaziabad, Pakki Mori, Ghaziabad	0263, GHAZIABAD, उत्तर प्रदेश	NAME_DISJOINT_AND_NO_DIGIT_LOC_COOCCURRENCE
S1-373561231	S3-806914201	True	F_Location	False	One Exports Private Limited	0ne Private Limited Services	263, Uttar Pradesh, Ghaziabad, Pakki Mori, Ghaziabad	00263, उत्तर प्रदेश, Ghaziabad	NAME_DISJOINT_AND_NO_DIGIT_LOC_COOCCURRENCE
S1-629638750	S2-255786735	True	F_Location	False	Vision Technologies Private Limited	விஷன் டெக்னாலஜீஸ் பிரைவேட் லிமிடெட்	5Th Floor, Tower C, Tek Meadows No. 51, Rajiv Gandhi Salai, Sholinganall, Ur, Chennai, Tamil Nadu	5TH FLOOR, CHENNAI, தமிழ்நாடு	TARGET_LACKS_DIGITS
S1-160753427	S3-147936460	True	F_Location	False	Meenika (india)	Zephecto	C/Ovenkadabalasubramanian, Karpaga Nagar, K.Pudur, Madurai North, Madurai, Tamil Nadu	Madurai, Madurai North, TN, H.no 00 C/ovenkadabalasubramanian	NAME_DISJOINT_AND_NO_DIGIT_LOC_COOCCURRENCE
S1-435164907	S2-750983410	True	C_SigToken+D_Prefix4	True	Ldr & Co Clinic	LDR &  CO PARTNERS	46/4, Novel Tech Park, Kudlu Gate, Gravebhavipalaya, Hosur Main Road, Bangalore South, Bangalore, Karnataka		TARGET_MISSING_ADDRESS
S1-121947881	S3-643618429	True	C_SigToken+D_Prefix4	True	Perfect Consultancy	Perfect Cónsultancy | www.perfectc.com	432, Tps Road, Parli Vaijanath, Beed, Maharashtra		TARGET_MISSING_ADDRESS
S1-421884920	S3-142107229	True	F_Location	False	Uv Barter Pvt. Ltd.	uvbarter.com	K, No 193, Iti Layout, Bangalore South, Bangalore, Karnataka	K, Bangalore South, Bengaluru, ಕರ್ನಾಟಕ	TARGET_LACKS_DIGITS
S1-784217487	S2-303916479	True	F_Location	False	Tirupati Care	M/s tirupaticare.com	Melepurakkal Building, Puliyakkode Post, Ernad, Malappuram, Malapuram, Kerala	MELEPURAKKAL BUILDING, PULIYAKKODE POST, ERNAD, MALAPPURAM, Kerala	NO_DIGITS_EITHER_RECORD
S1-392418221	S2-203685079	True	F_Location	False	Albatross & Co	Allttbross & Co	Plot No R-313, Rabale Midc, Rabale, Navi Mumbai, Navi Mumbai, Thane, Maharashtra	POLT NO R-3-13, RABALE MIDC, RABALE, NAVI MUMBAI, NAVI MUMBAI, THANE, Maharashtra	NAME_DISJOINT_AND_NO_DIGIT_LOC_COOCCURRENCE
S1-281416977	S3-162962837	True	F_Location	False	Green Ventures Private Limited	கிரீன் வென்ச்சர்ஸ் பிரைவேட் லிமிடெட்	1/1S, Thannerpandhal Colony Extn, East Opp.Jupiter Knitting Company, Anupparpala, Yam Post, Tirupur, Coimbatore, Tamil Nadu	2/1S, Coimbatore, TN	NAME_DISJOINT_AND_NO_DIGIT_LOC_COOCCURRENCE
S1-281416977	S3-96246845	True	F_Location	False	Green Ventures Private Limited	கிரீன் வென்ச்சர்ஸ் பிரைவேட் லிமிடெட்	1/1S, Thannerpandhal Colony Extn, East Opp.Jupiter Knitting Company, Anupparpala, Yam Post, Tirupur, Coimbatore, Tamil Nadu	2/1S, Coimbatore, TN	NAME_DISJOINT_AND_NO_DIGIT_LOC_COOCCURRENCE
S1-651527156	S3-676363218	True	C_SigToken+D_Prefix4	True	Digital Infrastructure LLP	Digital  Infrastructure L.L.P.	House No.37, In Front Of Jaidurga Manga, Kanhan, Nagpur, Maharashtra		TARGET_MISSING_ADDRESS
S1-597440537	S3-251854580	True	C_SigToken+D_Prefix4	True	Mangal Hotels LLP	Mangal Htnts LLP #90194	Active Business Park, 6Th Floor 54/10 Debendra Chandra Dey Road, Kolkata, Kolkata, Howrah, West Bengal		TARGET_MISSING_ADDRESS
S1-976555711	S3-469502235	True	F_Location	False	Quality Projects Private Limited	Xylokelo	Sambava Chambers, 4Th. Floor, Sir Pherozeshah Mehta Road, Fort, Mumbai, Mumbai City, Maharashtra	Sambava Chambers, 4Th. Floor, Sir Pherozeshah Mehta Road, Fort, Mumbai, Mumbai City, Maharashtra	NO_DIGITS_EITHER_RECORD
S1-744526142	S2-842894771	True	F_Location	False	Super Exports Private Limited	सुपर एक्सपोर्ट्स प्राइवेट लिमिटेड	227-A, F/F, Patpar Ganj Mayur Vihar Phase-1, Delhi, East Delhi, Delhi	27-A, EAST DELHI, DELHI	NAME_DISJOINT_AND_NO_DIGIT_LOC_COOCCURRENCE
S1-203898702	S2-125406476	True	F_Location	False	Innovative Engineering Private Limited	ইনোভেটিভ ইঞ্জিনিয়ারিং প্রাইভেট লিমিটেড	Agarwal Complex, Opp. Kabli Godown, Baker Ali Lane Asansol, Dist - Burdwan, Burdwan, Bardhaman, West Bengal	BARDHAMAN, OPP. KABLI GODOWN, BAKER ALI LANE ASANSOL, DIST - BURDWAN, West Bengal, AGARWAL COMPLEX, BURDWAN	NO_DIGITS_EITHER_RECORD
S1-203898702	S3-205263349	True	F_Location	False	Innovative Engineering Private Limited	ইনোভেটিভ ইঞ্জিনিয়ারিং প্রাইভেট লিমিটেড	Agarwal Complex, Opp. Kabli Godown, Baker Ali Lane Asansol, Dist - Burdwan, Burdwan, Bardhaman, West Bengal	Agarwal Complex, Opp. Kabli Godown, Baker Ali Lane Asansol, Dist - Burdwan, Burdwan, Bardhaman, WB	NO_DIGITS_EITHER_RECORD
S1-727625455	S2-378918919	True	C_SigToken+D_Prefix4	True	Pet Trading Private Limited	Pet Pet Trading Private Ltd	Rz 61K, Second Floor, Kh 22/8, Vashisth Park, New Delhi, South West Delhi, Delhi		TARGET_MISSING_ADDRESS
S1-443016232	S2-471874150	True	F_Location	False	Sree Foods Private Limited	श्री फूड्स प्राइवेट लिमिटेड	Bareilly, A-85, Bareilly, Nawada Shekhan, Uttar Pradesh	A-86, NAWADA SHEKHAN, MUMBAI, Uttar Pradesh	NAME_DISJOINT_AND_NO_DIGIT_LOC_COOCCURRENCE
S1-443016232	S2-742636876	True	F_Location	False	Sree Foods Private Limited	श्री फूड्स प्राइवेट लिमिटेड	Bareilly, A-85, Bareilly, Nawada Shekhan, Uttar Pradesh	A-86, BAREILLY, Uttar Pradesh	NAME_DISJOINT_AND_NO_DIGIT_LOC_COOCCURRENCE
S1-443016232	S2-960705975	True	F_Location	False	Sree Foods Private Limited	श्री फूड्स प्राइवेट लिमिटेड	Bareilly, A-85, Bareilly, Nawada Shekhan, Uttar Pradesh	A-86, NAWADA SHEKHAN, Uttar Pradesh, MUMBAI	NAME_DISJOINT_AND_NO_DIGIT_LOC_COOCCURRENCE
S1-995855253	S2-652485386	True	F_Location	False	Chennai City Corporation Height Private Limited	hcchennai.com	Ground Floor, No 11, Bharathiyar Colony, Chennai City Corporation, Chennai, Tamil Nadu	GROUND FLOOR, CHENNAI CITY CORPORATION, CHENNAI, Tamil Nadu	TARGET_LACKS_DIGITS
S1-3091962	S2-851745457	True	F_Location	False	Silver Super Consultancy Private Limited	সিলভার সুপার কনসালটেন্সি প্রাইভেট লিমিটেড	C/O-Sourav Saha, Mathabhanga`, No-647/04, Vill-Gossairhat, Cooch Behar, West Bengal	C/O-SOURAV SAHA, KOCH BIHAR, West Bengal	TARGET_LACKS_DIGITS
S1-3091962	S2-963709968	True	F_Location	False	Silver Super Consultancy Private Limited	সিলভার সুপার কনসালটেন্সি প্রাইভেট লিমিটেড	C/O-Sourav Saha, Mathabhanga`, No-647/04, Vill-Gossairhat, Cooch Behar, West Bengal	C/O-SOURAV SAAH, KOCH BIHAR, West Bengal	TARGET_LACKS_DIGITS
S1-897195593	S3-721478013	True	C_SigToken+D_Prefix4	True	Bay Traders Private Limited	Bay Traders Private	47, Krushna Nagar, Opp Shayona City, Chandlodia, Ahmedabad, Gujarat		TARGET_MISSING_ADDRESS
S1-599811277	S3-264245556	True	F_Location	False	Swastik Clinic	Shri swastikclinic.com	Punjab, Mullanpur Roadvpo Hambran Distt Ludhiana, Punjab	No. 850 Mullanpur Roadvpo Hambran Distt Ludhiana, Punjab, ਪੰਜਾਬ	NAME_DISJOINT_AND_NO_DIGIT_LOC_COOCCURRENCE
S1-715475848	S3-147438366	True	F_Location	False	Dakshata Food Corporation	dfood.com	305 P.H. Complex 65A, Vijay Block Laxmi Nagar, East Delhi, Delhi	East Delhi, P.h. Complex 65A, DL	TARGET_LACKS_DIGITS
S1-334471515	S2-184265422	True	F_Location	False	Creative Media Private Limited	क्रिएटिव मीडिया प्राइवेट लिमिटेड	Residency Road, Behind Icici Bank, Rajasthan, Jodhpur, Bhansali Towers	राजस्थान, RESIDENCY ROAD, BHANSALI TOWERS, JODHPUR	NO_DIGITS_EITHER_RECORD
S1-334471515	S3-490766734	True	F_Location	False	Creative Media Private Limited	क्रिएटिव मीडिया प्राइवेट लिमिटेड	Residency Road, Behind Icici Bank, Rajasthan, Jodhpur, Bhansali Towers	Bhansali Towers, null, Residency Road, RJ	NO_DIGITS_EITHER_RECORD
S1-589264854	S2-344972710	True	F_Location	False	All Indian Foods Private Limited	ऑल इंडियन फूड्स प्राइवेट लिमिटेड	9Thflr, Iconic Bldg, Urmi, Estate, Lowerparel (West), Mumbai, Maharashtra	9THFLR, MUMBAI, Maharashtra	NO_DIGITS_EITHER_RECORD
S1-589264854	S2-327855645	True	F_Location	False	All Indian Foods Private Limited	ऑल इंडियन फूड्स प्राइवेट लिमिटेड	9Thflr, Iconic Bldg, Urmi, Estate, Lowerparel (West), Mumbai, Maharashtra	9THFLR, ICONIC BLDG, URMI, ESTATE, LOWERPAREL (WEST), MUMBAI, Maharashtra	NO_DIGITS_EITHER_RECORD
S1-589264854	S3-979754339	True	F_Location	False	All Indian Foods Private Limited	ऑल इंडियन फूड्स प्राइवेट लिमिटेड	9Thflr, Iconic Bldg, Urmi, Estate, Lowerparel (West), Mumbai, Maharashtra	9Thflr, Mumbai, MH	NO_DIGITS_EITHER_RECORD
S1-135116027	S2-389794134	True	F_Location	False	Sr & Co	Sr Co Services	Space No 302, Gurgaon, Haryana, Imt Manesar, 3Rd Floor Eros Corporate Park	Haryana, SPACE NO 30, 3RD FLOOR EROS CORPORATE PARK, IMT MANESAR	NAME_DISJOINT_AND_NO_DIGIT_LOC_COOCCURRENCE
S1-455360342	S3-928917960	True	C_SigToken+D_Prefix4	True	First & Sons Private Limited	First & Sons Private	Block No.60, Omex City, Jaipur, Plot No.1434, Rajasthan, Sanganer		TARGET_MISSING_ADDRESS
S1-809410041	S3-399521274	True	C_SigToken	True	Gateway Engineering Pvt Ltd	Shri Gateway Engineering Pvt  Ltd	Pole No.286/Bk/Dbk, 108, Bari Chhapeti, Firozabad, Uttar Pradesh		TARGET_MISSING_ADDRESS
S1-566266370	S3-875403519	True	C_SigToken+D_Prefix4	True	Maitri Housing Co	Maitri Co Service	93, Gyan Khand Indrapuram, Ghaziabad, Uttar Pradesh		TARGET_MISSING_ADDRESS
S1-89592205	S2-759285814	True	F_Location	False	Guru Finance Private Limited	குரு ஃபைனான்ஸ் பிரைவேட் லிமிடெட்	No. 14A, Vasuki Street, T.V. Nagar, Ambattur, Tiruvallur, Tamil Nadu	H.NO 4A, VASUKI STREET, T.V. NAGAR, AMBATTUR, TIRUVALLUR, தமிழ்நாடு	NO_DIGITS_EITHER_RECORD
S1-89592205	S2-545344984	True	C_SigToken	True	Guru Finance Private Limited	M/s Guru Finance Pivaet Limited	No. 14A, Vasuki Street, T.V. Nagar, Ambattur, Tiruvallur, Tamil Nadu		TARGET_MISSING_ADDRESS
S1-89592205	S2-740274587	True	F_Location	False	Guru Finance Private Limited	குரு ஃபைனான்ஸ் பிரைவேட் லிமிடெட்	No. 14A, Vasuki Street, T.V. Nagar, Ambattur, Tiruvallur, Tamil Nadu	TIRUVALLUR, Tamil Nadu, AMBATTUR, NO. 4A	NO_DIGITS_EITHER_RECORD
S1-514415209	S2-8613956	True	F_Location	False	Southern Tech Pvt Ltd	सदर्न टेक प्रा. लि.	Near Main Bus Stand, N.H. 8 Paota, Thesil - Kotputli, Jaipur, Rajasthan	NEAR MAIN BUS STAND, JAIPUR, राजस्थान	TARGET_LACKS_DIGITS
S1-514415209	S3-421813878	True	F_Location	False	Southern Tech Pvt Ltd	सदर्न टेक प्रा. लि.	Near Main Bus Stand, N.H. 8 Paota, Thesil - Kotputli, Jaipur, Rajasthan	Block F-338 Near Main Bus Stand, Jaipur, RJ	NAME_DISJOINT_AND_NO_DIGIT_LOC_COOCCURRENCE
S1-82403114	S2-403051497	True	F_Location	False	Super Products Private Limited	सुपर प्रोडक्ट्स प्राइवेट लिमिटेड	Ft No. A8, Ranawar Apartment Tal-Baramati, Pune, Maharashtra	Maharashtra, PUNE, RANAWAR APARTMENT TAL-BARAMATI, FT NO. A#8	NAME_DISJOINT_AND_NO_DIGIT_LOC_COOCCURRENCE
S1-82403114	S2-699538648	True	F_Location	False	Super Products Private Limited	सुपर प्रोडक्ट्स प्राइवेट लिमिटेड	Ft No. A8, Ranawar Apartment Tal-Baramati, Pune, Maharashtra	FT NO. A#8, RANAWAR APARTMENT TAL-BARAMATI, PUNE, Maharashtra	NAME_DISJOINT_AND_NO_DIGIT_LOC_COOCCURRENCE
S1-929992693	S2-90849845	True	F_Location	False	Modern Enterprises	मॉडर्न एंटरप्राइजेज	Mohammad Imran At Krashi Mandi Ke Samne, Bhopal Road Begumganj, Begamganj, Raisen, Madhya Pradesh	MOHAMMD IMRAN AT KRASHI MANDI KE SAMNE, BHOPAL ROAD BEGUMGANJ, RAISEN, BEGAMGANJ, Madhya Pradesh	NO_DIGITS_EITHER_RECORD
S1-237021832	S3-539785574	True	C_SigToken+D_Prefix4	True	TN Logistics Pvt Ltd	TN Logistics Pvt	G-117, Fantasia Business Park, Plot No - 47 Opp Vashi Railway Station, Sector - 30A, Vashi, Navi Mumbai, Mumbai City, Maharashtra		TARGET_MISSING_ADDRESS
S1-325037135	S2-939345349	True	F_Location	False	First Tech Private Limited	फर्स्ट टेक प्राइवेट लिमिटेड	Level-Ii Elegance, Mathura Road Jasola, New Delhi, Delhi	Delhi, LEVEL-II ELEGANCE, NEW DELHI, MATHURA ROAD JASOLA	NO_DIGITS_EITHER_RECORD
S1-325037135	S2-11238506	True	F_Location	False	First Tech Private Limited	फर्स्ट टेक प्राइवेट लिमिटेड	Level-Ii Elegance, Mathura Road Jasola, New Delhi, Delhi	LEVEL-II ELEGANCE, NEW DELHI, Delhi	NO_DIGITS_EITHER_RECORD
S1-325037135	S3-54035906	True	F_Location	False	First Tech Private Limited	फर्स्ट टेक प्राइवेट लिमिटेड	Level-Ii Elegance, Mathura Road Jasola, New Delhi, Delhi	Level-ii Elegance, Mathura Road Jasola, New Delhi, DL	NO_DIGITS_EITHER_RECORD
S1-325037135	S3-857476016	True	F_Location	False	First Tech Private Limited	Orbicalo	Level-Ii Elegance, Mathura Road Jasola, New Delhi, Delhi	Level-Ii Elegance, Mathura Road Jasola, New Delhi, Delhi	NO_DIGITS_EITHER_RECORD
S1-582223518	S3-548925674	True	C_SigToken+D_Prefix4	True	Consultancy Pallav Processors Pvt Ltd	Consultancy Pallav Processors Ltd Pvt	Vadodara, Gujarat, Vadodara, Tanishq Complex, Charotar Society, O. P. Road, Office 401		TARGET_MISSING_ADDRESS
S1-101311260	S2-795206729	True	C_SigToken	True	Osk Minds Company	Smt Osk  Minds Company	Hyderabad, Telangana, Srt-358, G-3, Srilakshmibalaiah Res Opp Gitanjai High School, Jawahar Nagar, 1-1-379/245, Hyderabad		TARGET_MISSING_ADDRESS
S1-222393227	S3-178987305	True	F_Location	False	GY Enterprise Private Limited	enterprisegyprivate.com	Ram Payare Tiwari Chawl, Pratap Nagar, Kurar Village, Malad East, Mumbai, Mumbai City, Maharashtra	Ram Payaer Tiwari Chawl, Mumbai City, Mumbai, MH	NO_DIGITS_EITHER_RECORD
S1-788547286	S3-582402228	True	C_SigToken+D_Prefix4	True	Malu Realtors Pvt Ltd	Malu Realtors Pvt	New Delhi, Delhi, Road Motia Khan Pahar Ganj, H No.56 First Floor Rani Jhansi, Central Delhi		TARGET_MISSING_ADDRESS
S1-451380804	S2-116075601	True	F_Location	False	Mtk Industries Private Limited	Dr mtkindustries.com	Kolkata, 8A/8B, West Bengal, Howrah, Kabi Bharat Chandra Road, Narayani Tower, Block-A, 4Th Floor, Flat-B, Dum Dum, Kolkata	NO A-455 8A/8B, KABI BHARAT CHANDRA ROAD, NARAYANI TOWER, BLOCK-A, 4TH FLOOR, FLAT-B, DUM DUM, KOLKATA, KOLKATA, West Bengal	NAME_DISJOINT_AND_NO_DIGIT_LOC_COOCCURRENCE
S1-268343583	S2-265164586	True	F_Location	False	New Solutions Private Limited	ਨਿਊ ਸੋਲਿਊਸ਼ਨਜ਼ ਪ੍ਰਾਈਵੇਟ ਲਿਮਟਿਡ	Kanwal Preet Singh C/O Baldev Singh Garden Enclave South City, Punjab, Ludhiana	KANWAL PREET SINGH C/O BALDEV SINGH GARDEN ENCLAVE SOUTH CITY, LUDHIANA, PUNJAB	NO_DIGITS_EITHER_RECORD
S1-268343583	S3-421148737	True	F_Location	False	New Solutions Private Limited	Shri Lumavi	Kanwal Preet Singh C/O Baldev Singh Garden Enclave South City, Punjab, Ludhiana	Kanwal Preet Singh C/o Baldev Singh Garden Enclave South City, Ludhiana, PB	NO_DIGITS_EITHER_RECORD
S1-268343583	S3-740699383	True	F_Location	False	New Solutions Private Limited	ਨਿਊ ਸੋਲਿਊਸ਼ਨਜ਼ ਪ੍ਰਾਈਵੇਟ ਲਿਮਟਿਡ	Kanwal Preet Singh C/O Baldev Singh Garden Enclave South City, Punjab, Ludhiana	Kanwal Preet Singh C/o Baldev Singh Garden Enclave South City, Ludhiana, PB	NO_DIGITS_EITHER_RECORD
S1-373494446	S2-934433369	True	F_Location	False	White Constructions Private Limited	व्हाइट कंस्ट्रक्शंस प्राइवेट लिमिटेड	C/O Smt Sheela Tiwari, Meerakhpur Bindki, Kanpur, Uttar Pradesh	उत्तर प्रदेश, KANPUR, C/O SMT SHEELA TIWARI	NO_DIGITS_EITHER_RECORD
S1-373494446	S3-755055516	True	F_Location	False	White Constructions Private Limited	व्हाइट कंस्ट्रक्शंस प्राइवेट लिमिटेड	C/O Smt Sheela Tiwari, Meerakhpur Bindki, Kanpur, Uttar Pradesh	C/o Smt Sheela Tiwari, Meerakhpur Bindki, Kanpur, UP	NO_DIGITS_EITHER_RECORD
S1-470131065	S2-749808153	True	F_Location	False	Laxmi Consultants Private Limited	लक्ष्मी कंसल्टेंट्स प्राइवेट लिमिटेड	2 Ravi Prakash 1265A V Nagvekar Marg Prabhadevi, Mumabi, Mumbai, Maharashtra	#02 RAVI PRAKASH 1265A V NAGVEKAR MARG PRABHADEVI, MUMBAI CITY, MUMABI, महाराष्ट्र	NAME_DISJOINT_AND_NO_DIGIT_LOC_COOCCURRENCE
S1-375273376	S3-526731244	True	C_SigToken	True	Maa Consultancy	Smt Maa Consultancy  Limited	3/47, Viraj Khand Gomti Nagar, Lucknow, Uttar Pradesh		TARGET_MISSING_ADDRESS
S1-525793454	S2-943105028	True	F_Location	False	Gujarat Finance Private Limited	गुजरात फाइनेंस प्राइवेट लिमिटेड	950Braham Puri Meerut, Uttar Pradesh, Meerut, Uttar Pradesh	NO 950BRAHAM PURI MEERUT, UTTAR PRADESH, MEERUT, Uttar Pradesh	NO_DIGITS_EITHER_RECORD
S1-525793454	S3-28420647	True	F_Location	False	Gujarat Finance Private Limited	गुजरात फाइनेंस प्राइवेट लिमिटेड	950Braham Puri Meerut, Uttar Pradesh, Meerut, Uttar Pradesh	Door No 950Braham Puri Meerut, Meerut, Uttar Pradesh, UP	NO_DIGITS_EITHER_RECORD
S1-525793454	S3-458164657	True	F_Location	False	Gujarat Finance Private Limited	गुजरात फाइनेंस प्राइवेट लिमिटेड	950Braham Puri Meerut, Uttar Pradesh, Meerut, Uttar Pradesh	950Braham Puri Meerut, Uttar Pradesh, Meerut, UP	NO_DIGITS_EITHER_RECORD
S1-525793454	S3-97689878	True	F_Location	False	Gujarat Finance Private Limited	Xylonylairi	950Braham Puri Meerut, Uttar Pradesh, Meerut, Uttar Pradesh	950Braham Puri Meerut, Uttar Pradesh, Meerut, Uttar Pradesh	NO_DIGITS_EITHER_RECORD
S1-482791612	S3-126719808	True	C_SigToken+D_Prefix4	True	Realty Institute	Realty Center	A-20-21, Tal. Village : Sarangpur, Ankleshwar, Gujarat, Bharuch		TARGET_MISSING_ADDRESS
S1-379454412	S3-577195970	True	F_Location	False	Doxa & Brothers Pvt. Ltd.	Jaxgild	C/O Barun Jha, Chanakya Vihar Colony Zero Mile Street No 4, Bhagalpur, Bihar	#798/8 C/o Barun Jha, Bhagalpur, BR	NAME_DISJOINT_AND_NO_DIGIT_LOC_COOCCURRENCE
S1-251054597	S2-272829618	True	C_SigToken+D_Prefix4	True	Rbm Solutions Private Limited	RBM PRIVATE LIMITED CENTER	T3/1005, Eldeco Saubhagyam, Vrindavan Awas Yojna Sector-9, Rbl Road, Lucknow, Uttar Pradesh		TARGET_MISSING_ADDRESS
S1-886196683	S2-650986414	True	F_Location	False	Ram Marketing Private Limited	-- Ectoavi	3Rd Floor, Howrah, West Bengal, Kolkata, Purbasha Apartment Atghara, Gopalpur, Kolkata	H.NO 3RD FLOOR, KOLKATA, NORTH 24 PARGANAS, West Bengal	NAME_DISJOINT_AND_NO_DIGIT_LOC_COOCCURRENCE
S1-39645366	S2-920111244	True	F_Location	False	Hari Technologies Pvt Ltd	ಹರಿ ಟೆಕ್ನಾಲಜೀಸ್ ಪ್ರೈವೇಟ್ ಲಿಮಿಟೆಡ್	Vaishnavi Signature78/9, Outer Ring Road, Varthur Hobli, Bangalore South, Bangalore, Karnataka	VAISHNAVI SIGNATURE78, OUTER RING ROAD, VARTHUR HOBLI, BANGALORE SOUTH, BANGALORE, Karnataka	TARGET_LACKS_DIGITS
S1-39645366	S2-420566379	True	F_Location	False	Hari Technologies Pvt Ltd	ಹರಿ ಟೆಕ್ನಾಲಜೀಸ್ ಪ್ರೈವೇಟ್ ಲಿಮಿಟೆಡ್	Vaishnavi Signature78/9, Outer Ring Road, Varthur Hobli, Bangalore South, Bangalore, Karnataka	VAISHNAVI SIGNATURE78, OUTER RING ROAD, VARTHUR HOBLI, BANGALORE SOUTH, BANGALORE, Karnataka	TARGET_LACKS_DIGITS
S1-803227224	S2-410467214	True	C_SigToken+D_Prefix4	True	Ongole Security Ltd	ONGOLE SECURITY [LTD.]	7-64, Sri Ranga Nilayam, Navabharat Buildings, Kurnool Road, Ongole, Prakasam, Andhra Pradesh		TARGET_MISSING_ADDRESS
S1-240923377	S2-712441829	True	C_SigToken+D_Prefix4	True	Shree Trading Private Limited	Shree  Trading Private Limited Enterprises	Room No 101, New Regal Turit Home, Railway Road Railway Road Kotachery, Kanjhagad, Kasargod, Kerala		TARGET_MISSING_ADDRESS
S1-470440356	S2-535524318	True	C_SigToken+D_Prefix4	True	Sarasin Engineers Private Limited	Sarasin Engineers Priage Limited	No. 5 & 6, 4Th Floor, Kanakapura Main Road, Doddakallasandra, Bangalore South, Bangalore, Karnataka		TARGET_MISSING_ADDRESS
S1-857306855	S3-696373748	True	C_SigToken+D_Prefix4	True	Surya Power Private Limited	Surya Power Power Private	Unit No.18, 2Nd Floor, Ujagar Industrial Estate W T Patil Marg, Deonar, Mumbai, Mumbai City, Maharashtra		TARGET_MISSING_ADDRESS
S1-930361720	S2-66289885	True	C_SigToken+D_Prefix4	True	Kumar Institute of Technology Private Limited	KUMAR INSTITUTE OF TECHNOLOGY PRIVATE	179/1 Manthikulam Vilakku, Karuvanoor Post, Madurai North, Madurai, Tamil Nadu		TARGET_MISSING_ADDRESS
S1-346247823	S3-396477287	True	C_SigToken	True	Chaitali Ship Private Limited	M/s Chaitali SHIP Private Limited	B-45 Vir Nagar Jain Colony, North Delhi, New Delhi, Delhi		TARGET_MISSING_ADDRESS
S1-529955816	S2-655086599	True	F_Location	False	Hari Exports Private Limited	हरि एक्सपोर्ट्स प्राइवेट लिमिटेड	C/O Prakash Kumar, Dhic, Jhunjhunu, Jhujhunu, Rajasthan	C/O PRAKASH KUMAR, null, JHUNJHUNU, JHUJHUNU, Rajasthan	NO_DIGITS_EITHER_RECORD
S1-316933794	S2-508577709	True	F_Location	False	Meeniya Development Ltd	MEENIYA  DHVNLEPODMNT LTD	Shimoga, Thirthahalli, Karnataka, Biluve Kudumallige	ಕರ್ನಾಟಕ, BILUVE KUDUMALLIGE, THIRTHAHALLI	NO_DIGITS_EITHER_RECORD
S1-316933794	S3-236176273	True	F_Location	False	Meeniya Development Ltd	Zetafluxpyra Sys	Shimoga, Thirthahalli, Karnataka, Biluve Kudumallige	Biluve Kudumallige, Thirthahalli, Shimoga, Karnataka	NO_DIGITS_EITHER_RECORD
S1-171491002	S2-219358142	True	C_SigToken+D_Prefix4	True	Tak Nursing Home Company	Tak Company Home Nursing	No. 2 ( New No. 3) First Floor Bragadhambal Street, Nungambakkam, Chennai, Tamil Nadu		TARGET_MISSING_ADDRESS
S1-695310034	S3-408347974	True	F_Location	False	KC Saibaba Co	KC C0 Center	C/O Arvind Kumar Ritika Vihar, Sarsawa, Saharanpur, Uttar Pradesh	Block C-495 C/o Arvind Kumar Ritika Vihar, Saharanpur, Samaspur Kalan, UP	NAME_DISJOINT_AND_NO_DIGIT_LOC_COOCCURRENCE
S1-47645405	S2-516574539	True	F_Location	False	Varshaya Vision Pvt Ltd	Lyraciralyra	Pds Towers, Floor 5, Udyog, Vihar Phase 1, Industrial Complex Dundahera, Gurgaon, Haryana	Haryana, INDUSTRIAL COMPLEX DUNDAHERA, GURGAON, PDS TOWERS	TARGET_LACKS_DIGITS
S1-889726702	S2-12917420	True	C_SigToken+D_Prefix4	True	Bangalore White Private Limited	BANGALORE WHITE PRIVATE	#21, 2Nd Cross, 21St Main, Rk Colony, Jp Nagar 2Nd Phase, Bangalore, Bangalore, Karnataka		TARGET_MISSING_ADDRESS
S1-102272412	S2-706223786	True	C_SigToken+D_Prefix4	True	Pacify Hope Private Limited	Pacify Hste Private [Limited]	125/843, Jharoda Kalan, Near Mallah Talab, New Delhi, South West Delhi, Delhi		TARGET_MISSING_ADDRESS
S1-662716263	S3-633708714	True	C_SigToken+D_Prefix4	True	Guru Power Private Limited	Guru Limited Private  Power	Tamil Nadu, 15, Madurai, Jawahar Road Chokkikulam		TARGET_MISSING_ADDRESS
S1-977391531	S2-970419640	True	C_SigToken+D_Prefix4	True	Empire (mumbai) Private Limited	Empire (mumbai) Perivatme Limited	Gno. 761, Pno. 18, Bno. 02, Sant Savata Nagar, Jalgaon, Maharashtra		TARGET_MISSING_ADDRESS
S1-987041442	S3-519015443	True	C_SigToken+D_Prefix4	True	Minds Memorial Trust	Minds [Memorial]	601, Parasrampuria Chambers Anand Road, Opp Malad Station, Malad Wes, T, Mumbai, Mumbai City, Maharashtra		TARGET_MISSING_ADDRESS
S1-859573566	S2-670704120	True	F_Location	False	United Investments Limited	യുണൈറ്റഡ് ഇൻവെസ്റ്റ്മെന്റ്സ് ലിമിറ്റഡ്	Aswathy, Tc.25/3939, Kowdiar P.O., Thiruvananthapuram, Thiruvananthapuram, Trivandrum, Kerala	Kerala, TRIVANDRUM, NO 831 ASWATHY, TRIVANDRUM	NAME_DISJOINT_AND_NO_DIGIT_LOC_COOCCURRENCE
S1-451769549	S2-831781949	True	F_Location	False	Lalwani & Co	l.com	C/O Pankaj Singh Vill-Ghinhu Patti Panch- Masaudha, Block-Durgawati, Kaimur, Bihar	BLOCK-DURGAWATI, KAIMUR, DOOR NO 524 C/O PANKAJ SINGH VILL-GHINHU PATTI PANCH- MASAUDHA, बिहार	NAME_DISJOINT_AND_NO_DIGIT_LOC_COOCCURRENCE
S1-926985610	S3-397842090	True	F_Location	False	Blue Creative Construction Private Limited	புளூ கிரியேட்டிவ் கன்ஸ்ட்ரக்ஷன் பிரைவேட் லிமிடெட்	18/A Flowers Road, Kilpauk, Chennai, Tamil Nadu	H.no 018/A Flowers Road, TN, Chennai	NAME_DISJOINT_AND_NO_DIGIT_LOC_COOCCURRENCE
S1-178886978	S3-838188643	True	C_SigToken+D_Prefix4	True	Mbp India Private Limited	mbp india private private limited	F.No.F-3, Sai Sneha Avenue Srinivasa Colony, Manikonda, Hyderabad, Telangana		TARGET_MISSING_ADDRESS
S1-623928762	S2-501417199	True	F_Location	False	Bright Systems	பிரைட் சிஸ்டம்ஸ்	No.56, F.No.S1, Bakkiya Homes, 2Nd Street, Maduravoyal, Chennai, Tamil Nadu	H.NO 5-6, F.NO.S1, BAKKIYA HOMES, 2ND STREET, MADURAVOYAL, CHENNAI, Tamil Nadu	NAME_DISJOINT_AND_NO_DIGIT_LOC_COOCCURRENCE
S1-264422991	S3-391264382	True	F_Location	False	Jai Academy	Jaiacademy.Com	Cinema Road, Hind Factory Quaters, Coke Oven, Durgapur, Bardhaman, West Bengal	Cinema Road, Hind Factory Quaters, Coke Oven, Durgapur, Bardhaman, WB	NO_DIGITS_EITHER_RECORD
S1-442772253	S2-502415734	True	C_SigToken+D_Prefix4	True	Garg Diamonds Pvt. Ltd.	GARG DIAMONDS PVT. LIMITED	46-49/8, Mahavir Dham, Mundra, Kachchh, Gujarat		TARGET_MISSING_ADDRESS
S1-118920537	S2-824992232	True	F_Location	False	Vijay Producer Private Limited	விஜய் புரொட்யூசர் பிரைவேட் லிமிடெட்	Plno.10, Big Street, Keelkattalai, Chennai, Tamil Nadu	PLNO.010, CHENNAI, Tamil Nadu	NAME_DISJOINT_AND_NO_DIGIT_LOC_COOCCURRENCE
S1-118920537	S2-261235393	True	F_Location	False	Vijay Producer Private Limited	விஜய் புரொட்யூசர் பிரைவேட் லிமிடெட்	Plno.10, Big Street, Keelkattalai, Chennai, Tamil Nadu	PLNO.010, CHENNAI, Tamil Nadu	NAME_DISJOINT_AND_NO_DIGIT_LOC_COOCCURRENCE
S1-763896114	S2-622095036	True	F_Location	False	Swastik Consultancy LLP	स्वस्तिक कंसल्टेंसी एलएलपी	113, Ist Floor, Vardhmanshopping Cnetre, Pitampura, Delhi	0113, PITAMPURA, DELHI	NAME_DISJOINT_AND_NO_DIGIT_LOC_COOCCURRENCE
S1-557150995	S3-186075520	True	F_Location	False	Black Products Private Limited	બ્લેક પ્રોડક્ટ્સ પ્રાઇવેટ લિમિટેડ	Shop No. 129, Exult Shoppers, Nr. Siddi Vinayak Mandir, Surat, Gujarat	#12, Surat, GJ	NAME_DISJOINT_AND_NO_DIGIT_LOC_COOCCURRENCE
S1-557150995	S3-970580145	True	F_Location	False	Black Products Private Limited	બ્લેક પ્રોડક્ટ્સ પ્રાઇવેટ લિમિટેડ	Shop No. 129, Exult Shoppers, Nr. Siddi Vinayak Mandir, Surat, Gujarat	Surat, GJ, Surat, H.no 12	NAME_DISJOINT_AND_NO_DIGIT_LOC_COOCCURRENCE
S1-392759927	S2-472018648	True	C_SigToken+D_Prefix4	True	Bhasin (India) Tours	BHASIN [(INDIA)]	First Floor, 90 Idc, Mehrauli Road, Sector-17, Gurgaon, Haryana		TARGET_MISSING_ADDRESS
S1-904682969	S2-12566951	True	F_Location	False	Msv Security Public Limited	Flúxbelo	Kerala, Kozhikode, A K Tower Mini Byepass Road, Kozhikode, Kalluthankadavu	PLOT 644 A K TOWER MINI BYEPASS ROAD, KOZHIKODE, കേരളം	NAME_DISJOINT_AND_NO_DIGIT_LOC_COOCCURRENCE
S1-514712860	S3-15771616	True	F_Location	False	Voice & Co	Vdbe &  Co	Bareilly, Uttar Pradesh, D507 Nakatia Thiriya, Bareilly	D507 Nakatia Thiriya, Pilibhit, Bareilly, UP	NO_DIGITS_EITHER_RECORD
S1-514712860	S3-105293412	True	F_Location	False	Voice & Co	Veraxylo+	Bareilly, Uttar Pradesh, D507 Nakatia Thiriya, Bareilly	Uttar Pradesh, Bareilly, D507 Nakatia Thiriya, Bareilly	NO_DIGITS_EITHER_RECORD
S1-162788054	S2-451478440	True	F_Location	False	Pioneer Management Private Limited	पायोनियर मैनेजमेंट प्राइवेट लिमिटेड	401, 4Th Floor, Kshitij Bldg, Opp Andheri Sports Club, Andheri West, Mumbai, Mumbai City, Maharashtra	01, 4TH FLOOR, KSHITIJ BLDG, OPP ANDHERI SPORTS CLUB, ANDHERI WEST, MUMBAI, MUMBAI CITY, Maharashtra	NAME_DISJOINT_AND_NO_DIGIT_LOC_COOCCURRENCE
S1-141069090	S3-325788135	True	F_Location	False	Trimurti Traders Ltd	Belolum	758 Anna Salai, Chennai, Tamil Nadu	58 Ana Salai, Chennai, TN	NAME_DISJOINT_AND_NO_DIGIT_LOC_COOCCURRENCE
S1-613471053	S3-332914648	True	C_SigToken+D_Prefix4	True	Sun Technologies Private Limited	Sun Technoolggses Private  Limited	Gali No-4, Hari Nagar, West Delhi, Delhi, New Delhi, Be-321		TARGET_MISSING_ADDRESS
S1-932338932	S2-763676658	True	C_SigToken+D_Prefix4	True	Jodhani Supply Private Limited	Jodhani Supply Limited Private	459/B/2, Bholanath Nagar, Opp Pila Mandir Shahdara, Delhi		TARGET_MISSING_ADDRESS
S1-470092510	S2-739684026	True	C_SigToken+D_Prefix4	True	Leader (India) Securities Private Limited	LEADER (INDIA) SECURITIES  PRIVATE	16/2, Old Palasia, Flat No. 104 First Floor Navneet Darshan, Indore, Madhya Pradesh		TARGET_MISSING_ADDRESS
S1-278770318	S2-99917216	True	F_Location	False	Urban Exports Private Limited	अर्बन एक्सपोर्ट्स प्राइवेट लिमिटेड	Mr. Yogendra Kumar Mishra, Karhgar Panja, Bihar, Rohtas, Bihar	ROHTAS, BIHAR, NO 33 MR. YOGENDRA KUMAR MISHRA, बिहार	NAME_DISJOINT_AND_NO_DIGIT_LOC_COOCCURRENCE
S1-278770318	S3-343070671	True	F_Location	False	Urban Exports Private Limited	अर्बन एक्सपोर्ट्स प्राइवेट लिमिटेड	Mr. Yogendra Kumar Mishra, Karhgar Panja, Bihar, Rohtas, Bihar	Bihar, BR, Rohtas, No. B3/881 Mr. Yogendra Kumar Mishra	NAME_DISJOINT_AND_NO_DIGIT_LOC_COOCCURRENCE
S1-278770318	S3-684797741	True	F_Location	False	Urban Exports Private Limited	Zephtavo	Mr. Yogendra Kumar Mishra, Karhgar Panja, Bihar, Rohtas, Bihar	Mr. Yogendra Kumar Mishra, Karhgar Panja, Bihar, Rohtas, Bihar	NO_DIGITS_EITHER_RECORD
S1-716292708	S2-677442114	True	F_Location	False	WBS Centre Private Limited	wbscentre.com	C/O Hanif Sk Jolonga, Narayanpur, Malda, West Bengal	C/O HANIF SK JOLONGA, NARAYANPUR, MALDA, West Bengal	NO_DIGITS_EITHER_RECORD
S1-679791583	S3-546119628	True	C_SigToken+D_Prefix4	True	Vijayawada (Rural) Estate Private Limited	Vijayawada Private Estate  (Rural) Limited	Vijayawada (Rural), Neelam, Sanjeevaiah Reddy Nagar, 8-245/Fof-2, Andhra Pradesh, Krishna		TARGET_MISSING_ADDRESS
S1-389950998	S2-388088846	True	C_SigToken	True	Fortune Projects Private Limited	Mr Fortune Peosrrest Private Limited	B1/202, Bramha Emerald County, Kausar Baug, Kondhwa(Kh), Pune, Maharashtra		TARGET_MISSING_ADDRESS
S1-405947121	S2-904651974	True	F_Location	False	Green Finance Private Limited	గ్రీన్ ఫైనాన్స్ ప్రైవేట్ లిమిటెడ్	Pn9/2Gaiabuilding, Sector2, Hudatechnoenclavhiteccity, Shaikpet, Hyderabad, Telangana	SHAIKPET, HYDERABAD, Telangana, PN9/2GAIABUILDING	NO_DIGITS_EITHER_RECORD
S1-405947121	S2-476209538	True	F_Location	False	Green Finance Private Limited	గ్రీన్ ఫైనాన్స్ ప్రైవేట్ లిమిటెడ్	Pn9/2Gaiabuilding, Sector2, Hudatechnoenclavhiteccity, Shaikpet, Hyderabad, Telangana	PN9/2GAIABUILDING, SHAIKPET, HYDERABAD, Telangana	NO_DIGITS_EITHER_RECORD
S1-405947121	S2-110728138	True	F_Location	False	Green Finance Private Limited	గ్రీన్ ఫైనాన్స్ ప్రైవేట్ లిమిటెడ్	Pn9/2Gaiabuilding, Sector2, Hudatechnoenclavhiteccity, Shaikpet, Hyderabad, Telangana	PN9/2GAIABUILDING, Telangana, SHAIKPET, HYDERABAD	NO_DIGITS_EITHER_RECORD
S1-405947121	S3-46583366	True	F_Location	False	Green Finance Private Limited	గ్రీన్ ఫైనాన్స్ ప్రైవేట్ లిమిటెడ్	Pn9/2Gaiabuilding, Sector2, Hudatechnoenclavhiteccity, Shaikpet, Hyderabad, Telangana	Pn/2gaiabuilding, Sector2, Hudatechnoenclavhiteccity, Shaikpet, Hyderabad, TG	NO_DIGITS_EITHER_RECORD
S1-920877411	S2-79621771	True	F_Location	False	Urban Products Private Limited	अर्बन प्रोडक्ट्स प्राइवेट लिमिटेड	C/O Vimi Rath, Jhod Ke Pass Ujoli Kgbass, Kishan Garh Bass, Alwar, Rajasthan	#258 C/O VIMI RATH, JHOD KE PASS UJOLI KGBASS, KISHAN GARH BASS, ALWAR, Rajasthan	NAME_DISJOINT_AND_NO_DIGIT_LOC_COOCCURRENCE
S1-401079927	S2-90957716	True	F_Location	False	Modern Technologies Private Limited	मॉडर्न टेक्नोलॉजीज प्राइवेट लिमिटेड	North West Delhi, E-890 Saraswati Vihar, Delhi, First Floor	E-90 SARASWATI VIHAR, DELHI, NORTH WEST DELHI, Delhi	NAME_DISJOINT_AND_NO_DIGIT_LOC_COOCCURRENCE
S1-401079927	S3-556011455	True	F_Location	False	Modern Technologies Private Limited	M0dern Technologies Private (Limited)	North West Delhi, E-890 Saraswati Vihar, Delhi, First Floor	E-89 Saraswati Vihar, First Floor, North West Delhi, Delhi, दिल्ली	NAME_DISJOINT_AND_NO_DIGIT_LOC_COOCCURRENCE
S1-302333748	S3-160916907	True	C_SigToken+D_Prefix4	True	Wise Medcare Private Limited	Wise Private Medcare Limited	Karnataka, No.47, 4Th Phase, Bommasandra Industrial Area, Bangalore		TARGET_MISSING_ADDRESS
S1-319836277	S2-977478875	True	C_SigToken+D_Prefix4	True	Trade Global Pvt Ltd	TRADE GL0BAL PVT  LTD	B-1, Flat No 11, 01St Floor Girnar Society Amol Nagar, Post Juchandra Naigaon Vasai, East, Thane, Maharashtra		TARGET_MISSING_ADDRESS
S1-534729834	S2-100491708	True	C_SigToken	True	Unique Trust	Smt UNIQUE TRUST	Sardar Nagar 14 Corner, Nr. Dr. Bharat Kakadiya, Rajkot, Gujarat		TARGET_MISSING_ADDRESS
S1-749011473	S3-382645149	True	C_SigToken+D_Prefix4	True	Ventura Rights Private Limited	Ventura  Rights Private	H.No.-595 Ward No.-14 Shiv Nagar, Hisar, Hissar, Haryana		TARGET_MISSING_ADDRESS
S1-481441612	S3-344428367	True	C_SigToken+D_Prefix4	True	FUS Opportunity LLP	FUS LLP Center	Uttar Pradesh, Shop No 3 & 10, Madhusudan Complex Baghpat Road, Meerut		TARGET_MISSING_ADDRESS
S1-970955561	S3-772862925	True	C_SigToken+D_Prefix4	True	Urban Red Solutions Private Limited	Urban Red Solutions Limited Center	Plot No.18, District Centre, Bhubaneswar, Khordha, Orissa		TARGET_MISSING_ADDRESS
S1-697910316	S2-369119219	True	C_SigToken+D_Prefix4	True	Godawari Brothers Pvt Ltd	Godawari Brothers Pvt Ltd.	Cp-002 Ward No.-Chinhat-Ii, Vikalp Khand-2, Lucknow, Uttar Pradesh		TARGET_MISSING_ADDRESS
S1-982958390	S2-705572919	True	F_Location	False	Prathyusha India Private Limited	Shri prathyushaindia.com	C/O- Vishal Kumar Gupta, Majan Basti, Singrauli, Madhya Pradesh	C/O- VISHAL KUMAR GUPTA, MAJAN BASTI, SINGRAULI, Madhya Pradesh	NO_DIGITS_EITHER_RECORD
S1-551483246	S2-824736590	True	F_Location	False	Aab Pension	aabpension.com	Uttar Pradesh, Agra, Baipur Sikandra, Care Of Santvir Singh, Sadar	Uttar Pradesh, CARE OF SANTVIR SINGH, BAIPUR SIKANDRA, SADAR, N/A	NO_DIGITS_EITHER_RECORD
S1-885491951	S3-722969908	True	C_SigToken+D_Prefix4	True	Pioneer Exports Private Limited	Pioneer Exports Private	F.N0- A-404, Manglam Aroma, Ramsinghpura, Jaipur, Rajasthan		TARGET_MISSING_ADDRESS
S1-978079876	S3-794762224	True	C_SigToken+D_Prefix4	True	Agro Gwalior Resorts Limited	AGRO GWALIOR RESORTS LIMITED | www.agrogwali.com	Unit No. 210, The Capital, Bandra Kurla Complex, Mumbai, Mumbai City, Maharashtra		TARGET_MISSING_ADDRESS
S1-524784352	S2-838022893	True	F_Location	False	Balaji Enterprises Private Limited	பாலாஜி எண்டர்பிரைசஸ் பிரைவேட் லிமிடெட்	Old No. 11A, New No. 62A, S.S.I. Road, Teynampet, Chennai, Tamil Nadu	OLD NO. 11A, CHENNAI, ALWARPET, Tamil Nadu	NO_DIGITS_EITHER_RECORD
S1-208388003	S2-252529620	True	F_Location	False	Good International Private Limited	গুড ইন্টারন্যাশনাল প্রাইভেট লিমিটেড	C/O Alok Kumar Roy, Ground Floor Vill- Patrabakhra, P O- Joykrishnapur, Bankura, West Bengal	C/O ALOK KUMAR ROY, GROUND FLOOR VILL- PATRABAKHRA, P O- JOYKRISHNAPUR, BANKURA, পশ্চিমবঙ্গ	NO_DIGITS_EITHER_RECORD
S1-808273352	S2-634807555	True	F_Location	False	Innovative Products LLP	इनोवेटिव प्रोडक्ट्स एलएलपी	Wework Seawoods Grand Central, Thane, 10Th Floor, Tower 1, Sector 40, Seawoods Railway Station, Nerul Node, Navi Mumbai, Maharashtra, Thane	WWORK SEAWOODS GRAND CENTRAL, THANE, Maharashtra	TARGET_LACKS_DIGITS
S1-808273352	S2-133364596	True	F_Location	False	Innovative Products LLP	इनोवेटिव प्रोडक्ट्स एलएलपी	Wework Seawoods Grand Central, Thane, 10Th Floor, Tower 1, Sector 40, Seawoods Railway Station, Nerul Node, Navi Mumbai, Maharashtra, Thane	Maharashtra, WEWORK SEAWOODS GRAND CENTRAL, THANE	TARGET_LACKS_DIGITS
S1-18864967	S3-938752590	True	C_SigToken+D_Prefix4	False	Gateway Services (India) Private Limited	Gateway  (India) Private Limited Services	T5, H.No: 702 Gera Skyvillas Chs, S No-64 (1 To 6) Off Pune-Nagar Highwaykharadi, Pune, Maharashtra	T05, Ghotawade, MH	TARGET_LACKS_DIGITS
S1-18864967	S3-381409815	True	C_SigToken+D_Prefix4	False	Gateway Services (India) Private Limited	Gateway Services (India) Privrte Limited	T5, H.No: 702 Gera Skyvillas Chs, S No-64 (1 To 6) Off Pune-Nagar Highwaykharadi, Pune, Maharashtra	T05, Poona, Wagholi P, MH	TARGET_LACKS_DIGITS
S1-432105985	S3-506710964	True	C_SigToken	True	Shree Technical Private Limited	Smt Shree  Technical Private Limited	Ground Floor, No. 10-1-1200, A C Guards, Masabtank Main Road, Uni Building, Nampally, Hyderabad, Telangana		TARGET_MISSING_ADDRESS
S1-847198511	S2-471650652	True	C_SigToken+D_Prefix4	True	Kamala & Brothers LLP	Kamala & Brootscs LLP	Mig-3/A, 5Th Floor, H.No.7-1-397/119, Hotel New Sree Krishna Residency, S.R. N, Agar, Hyderabad, Telangana		TARGET_MISSING_ADDRESS
S1-93569156	S3-830733302	True	F_Location	False	Sai Estate Limited	@Saiestate	1103 20Th Cross 14Th Main Road 3Rd Sector Hsr Layout, Bangalore, Karnataka	# 20Th Cross 14Th Main Road 3Rd Sector Hsr Layout, Bangalore, KA	TARGET_LACKS_DIGITS
S1-22889168	S3-803560597	True	C_SigToken+D_Prefix4	True	Manav Builders Private Limited	Manav Builders Pernte Limited	House No. 29, Plot No. 35 Zenda Chowk Road, Dharampeth, Nagpur, Maharashtra		TARGET_MISSING_ADDRESS
S1-147926771	S2-212902002	True	C_SigToken+D_Prefix4	True	Vasista Brothers Corporation	VASISTA BRRTSH CORPORATION	01, Madhya Pradesh, Ujjain, Sagitla Gali, Khachroad		TARGET_MISSING_ADDRESS
S1-380902449	S2-846324312	True	C_SigToken+D_Prefix4	True	Earthly Manufacturing Private Limited	Earthly Limited Private (Manufacturing)	D No.45-33-22 Jagannadha Puram, Akkayyapalem, Visakhapatnam, Vishakhapatnam, Andhra Pradesh		TARGET_MISSING_ADDRESS
S1-621519232	S3-686377618	True	C_SigToken+D_Prefix4	True	Narayan & Sons Limited	Narayan Narayan + Sons Limited	E 904 - Sorrel Township, Applewood, S.P.Ring Road, Ahmedabad, Gujarat		TARGET_MISSING_ADDRESS
S1-451307235	S3-464235548	True	F_Location	False	Iqra Tech Private Limited	Arcpyra	Dhruv, Himmatbahaddarparisar, Tarabaipark, Kolhapur, Maharashtra	Kolhapur, Himmatbahaddarparisar, Tarabaipark, Dhruv, Kolhapur, Maharashtra	NO_DIGITS_EITHER_RECORD
S1-335446757	S3-842218396	True	C_SigToken+D_Prefix4	True	Varanasi Prachar Private Limited	Varanasi Prachar Private	Plot No 21 Savitri Bhawan, Oadash Nagar Patel Nagar, Varanasi, Uttar Pradesh		TARGET_MISSING_ADDRESS
S1-224449128	S2-416089307	True	F_Location	False	Lakshmi Future Construction Limited	ലക്ഷ്മി ഫ്യൂച്ചർ കൺസ്ട്രക്ഷൻ ലിമിറ്റഡ്	Mazhuvancheril, Kattappana, Udumbanchola, Idukki, Kerala	MAZHUVANCHERIL, KATTAPPANA, IDUKKI, കേരളം	NO_DIGITS_EITHER_RECORD
S1-224449128	S3-437092715	True	F_Location	False	Lakshmi Future Construction Limited	ലക്ഷ്മി ഫ്യൂച്ചർ കൺസ്ട്രക്ഷൻ ലിമിറ്റഡ്	Mazhuvancheril, Kattappana, Udumbanchola, Idukki, Kerala	Mazhvancheril, Kattappana, Udumbanchola, Idukki, KL	NO_DIGITS_EITHER_RECORD
S1-668808000	S3-602748911	True	F_Location	False	Real Products Private Limited	रियल प्रोडक्ट्स प्राइवेट लिमिटेड	Flat No. 804, 8Th Floor, Junior Mig, Vijay Stambh, Huzur, Bhopal, Madhya Pradesh	#8-04, 8Th Floor, Junior Mig, Vijay Stambh, Huzur, Bhopal, MP	NAME_DISJOINT_AND_NO_DIGIT_LOC_COOCCURRENCE
S1-668808000	S3-995848915	True	F_Location	False	Real Products Private Limited	रियल प्रोडक्ट्स प्राइवेट लिमिटेड	Flat No. 804, 8Th Floor, Junior Mig, Vijay Stambh, Huzur, Bhopal, Madhya Pradesh	941, 8Th Floor, Junior Mig, Vijay Stambh, Huzur, Bhopal, मध्य प्रदेश	NAME_DISJOINT_AND_NO_DIGIT_LOC_COOCCURRENCE
S1-752000918	S3-767577710	True	F_Location	False	Prime Agro Private Limited	प्राइम एग्रो प्राइवेट लिमिटेड	23/E, 9 Akar Kothari Compound, Chitalsar, Manpada, Thane, Maharashtra	MH, 0023/E, Manpada, Thane	NAME_DISJOINT_AND_NO_DIGIT_LOC_COOCCURRENCE
S1-989596438	S3-386879412	True	C_SigToken	True	Mw (India) Nexus Private Limited	Mw (niia) Nexus Private Limited	No.8, V.V.Koil Street, Chinmayanagar, Chennai, Tamil Nadu		TARGET_MISSING_ADDRESS
S1-987572415	S2-337656134	True	F_Location	False	My Foundation Private Limited	মাই ফাউন্ডেশন প্রাইভেট লিমিটেড	Po: Jamuria Bazar Jamuria Bazar, Jamuria, Bardhaman, West Bengal	PLOT 977 PO: JAMURIA BAZAR JAMURIA BAZAR, JAMURIA, BARDHAMAN, পশ্চিমবঙ্গ	NAME_DISJOINT_AND_NO_DIGIT_LOC_COOCCURRENCE
S1-987572415	S2-431665322	True	F_Location	False	My Foundation Private Limited	মাই ফাউন্ডেশন প্রাইভেট লিমিটেড	Po: Jamuria Bazar Jamuria Bazar, Jamuria, Bardhaman, West Bengal	PLOT 977 PO: JAMURIA BAZAR JAMURIA BAZAR, BARDHAMAN, JAMURIA, পশ্চিমবঙ্গ	NAME_DISJOINT_AND_NO_DIGIT_LOC_COOCCURRENCE
S1-987572415	S3-750717184	True	F_Location	False	My Foundation Private Limited	মাই ফাউন্ডেশন প্রাইভেট লিমিটেড	Po: Jamuria Bazar Jamuria Bazar, Jamuria, Bardhaman, West Bengal	Po: Jamuria Bazar Jamuria Bazar, Jamuria, Bardhaman, WB	NO_DIGITS_EITHER_RECORD
S1-905035675	S2-388273635	True	F_Location	False	Universal Care Private Limited	ইউনিভার্সাল কেয়ার প্রাইভেট লিমিটেড	25B Camac Street, 2Nd Floor Flat 2E, Kolkata, Kolkata, Howrah, West Bengal	H.NO 25B CAMAC STREET, KOLKATA, HOWRAH, পশ্চিমবঙ্গ	NO_DIGITS_EITHER_RECORD
S1-997590738	S2-702197669	True	C_SigToken+D_Prefix4	True	Solutions Mehul Recon Pvt. Ltd.	Solutions Mehul Recon	Plot No. B 12 First Floor Block B Mangolpuri Ind Area Ph2 Landmark Truck Market, Delhi, North Delhi, Delhi		TARGET_MISSING_ADDRESS
S1-377666711	S2-757276356	True	F_Location	False	Shree Impex Pvt Ltd	শ্রী ইম্পেক্স প্রাইভেট লিমিটেড	Alankar Apartment 58A, Pudoopukur Road, Kolkata, Howrah, West Bengal	ALANNAR APARTMENT 58A, PUDOOPUKUR ROAD, KOLKATA, West Bengal	NO_DIGITS_EITHER_RECORD
S1-838751351	S2-380925845	True	F_Location	False	Lakshmi Agro Pvt Ltd	लक्ष्मी एग्रो प्रा. लि.	C/O, Haripal Gautam, Ved Vihar, Near Medecal, Saharanpur, Saharanpur, Uttar Pradesh	C/O, HARIPAL GAUTAM, VED VIHAR, NEAR MEDECAL, SAHARANPUR, SAHARANPUR, उत्तर प्रदेश	NO_DIGITS_EITHER_RECORD
S1-747248158	S3-656627944	True	F_Location	False	Supreme Trading Private Limited	Smt supremetradingprivate.com	Jaipur, Rajasthan, 21A, Jaipur, Burmese Colony, Opposite Shankar Park, A, Gra Road	Jaipur, Block G-669 21A, Raja Park, Burmese Colony, Opposite Shankar Park, A, Gra Road, RJ	NAME_DISJOINT_AND_NO_DIGIT_LOC_COOCCURRENCE
S1-940441447	S3-113826464	True	F_Location	False	Panchajanya Metaverse Private Limited	PM	Kanaka Complex, Challakere Chitradurga, Challakere, Chitradurga, Karnataka	Kanaka Complex, Challakere Chitradurga, Challakere, Chitradurga, Karnataka	NO_DIGITS_EITHER_RECORD
S1-29749329	S3-474996216	True	C_SigToken	True	Ss Industries Group Company	Ss Ss Industries Group	Ashiyana House S. F. Road, Siliguri, Darjeeling, West Bengal		TARGET_MISSING_ADDRESS
S1-354344465	S3-424962641	True	C_SigToken+D_Prefix4	True	Hawk Foundation	Hawk F0undation	No. 14 Ranganathan Street T Nagar, Chennai, Tamil Nadu		TARGET_MISSING_ADDRESS
S1-364845156	S2-590884013	True	F_Location	False	Vijay It LLP	விஜய் ஐடி எல்எல்பி	Kancheepuram, Tamil Nadu, 67A, Ottakuthar Street, Mamallannagar	KANCHEEPURAM, KAMMAVARPALAYAM, OTTAKUTHAR STREET, Tamil Nadu, 67A	NO_DIGITS_EITHER_RECORD
S1-364845156	S2-236097272	True	F_Location	False	Vijay It LLP	விஜய் ஐடி எல்எல்பி	Kancheepuram, Tamil Nadu, 67A, Ottakuthar Street, Mamallannagar	67A, OTTAKUTHAR STREET, KANCHEEPURAM, KAMMAVARPALAYAM, Tamil Nadu	NO_DIGITS_EITHER_RECORD
S1-364845156	S3-947124347	True	F_Location	False	Vijay It LLP	@vijayit	Kancheepuram, Tamil Nadu, 67A, Ottakuthar Street, Mamallannagar	Mamallannagar, Kancheepuram, 67A, TN	NO_DIGITS_EITHER_RECORD
S1-364845156	S3-661424255	True	F_Location	False	Vijay It LLP	விஜய் ஐடி எல்எல்பி	Kancheepuram, Tamil Nadu, 67A, Ottakuthar Street, Mamallannagar	67A, Mamallannagar, Kancheepuram, TN	NO_DIGITS_EITHER_RECORD
S1-364845156	S3-290045474	True	F_Location	False	Vijay It LLP	விஜய் ஐடி எல்எல்பி	Kancheepuram, Tamil Nadu, 67A, Ottakuthar Street, Mamallannagar	67A, Ottakuthar Street, Mamallannagar, Kancheepuram, TN	NO_DIGITS_EITHER_RECORD
S1-532088238	S3-287682633	True	F_Location	False	Sanshi & Co	Sdasci + Co	No 45, Old No18, Annamalai Nagar, 1St Street West Mambalam, Chennai City Corporation, Chennai, Tamil Nadu	No 0045, Old No18, Annamalai Nagar, 1St Street West Mambalam, Chennai, Chennai City Corporation, TN	NAME_DISJOINT_AND_NO_DIGIT_LOC_COOCCURRENCE
S1-760763458	S2-197884773	True	C_SigToken+D_Prefix4	True	Creative Media Private Limited	CREATIVE MEDIA LIMITED PRIVATE	Gurgaon, Sector-15 Part-1, H.No-618, Haryana		TARGET_MISSING_ADDRESS
S1-987183411	S3-944137353	True	C_SigToken+D_Prefix4	True	Vnr Motors Private Limited	Vnr Limited Private Motors	2Nd Floor, Star Mansion, J.C.Bose Road, Near Bandhab Sangha Club, Subhaspally, Siliguri, Darjeeling, West Bengal		TARGET_MISSING_ADDRESS
S1-986074065	S3-471371867	True	C_SigToken+D_Prefix4	True	Mangalshiv Finance Private Limited	Mangalshiv Finance Private	Survey No. 344P1 & 344P2 Village: Rangpar, Morbi, Rajkot, Gujarat		TARGET_MISSING_ADDRESS
S1-995912421	S3-352889067	True	F_Location	False	Hotel Consultancy Private Limited	@hotelconsultancy	Vill Anora, Sadabad, Mathura, Uttar Pradesh	Vill Anora, Sadabad, Mathura, UP	NO_DIGITS_EITHER_RECORD
S1-125740741	S3-776959173	True	C_SigToken+D_Prefix4	True	Jrv Traders Private Limited	Jrv Traders Private	302, Green Field Apartmentsno>3, Prime Street, Richmond Town, Bangalore-25, Bangalore, Karnataka		TARGET_MISSING_ADDRESS
S1-125740741	S3-499738976	True	F_Location	False	Jrv Traders Private Limited	#jrvtraders	302, Green Field Apartmentsno>3, Prime Street, Richmond Town, Bangalore-25, Bangalore, Karnataka	00302, Bangalore, KA	NAME_DISJOINT_AND_NO_DIGIT_LOC_COOCCURRENCE
S1-659532233	S3-569140208	True	C_SigToken+D_Prefix4	True	HLV Solutions Private Limited	HLV Solutions Private	West Bengal, Kolkata, Howrah, Block-Ep, Secror-V, Salt Lake Electronics Complex, Xi-11 And 12		TARGET_MISSING_ADDRESS
S1-821816693	S3-180493773	True	F_Location	False	Digital Consultancy	डिजिटल कंसल्टेंसी	Maharashtra, Plot No 3 Radhakrushna, Colony, Jalgaon	Plot No 003 Radhakrushna, Jalgaon, MH	NAME_DISJOINT_AND_NO_DIGIT_LOC_COOCCURRENCE
S1-434291995	S3-26054518	True	C_SigToken+D_Prefix4	True	One Ventures LLP	One LLP Services Enterprises	H No 5-2-248/N/1 Mustafa Nagar, Kammam, Prakasam, Telangana		TARGET_MISSING_ADDRESS
S1-296836145	S2-570983981	True	C_SigToken+D_Prefix4	True	Dattawadi Can Private Limited	DATTAWADI CAN PRIVATE	409, Parvati Park, Panmala Pune-Sinhgad Road, Dattawadi, Pune, Maharashtra		TARGET_MISSING_ADDRESS
S1-295415850	S2-645483267	True	F_Location	False	Hotel Polytechnic Private Limited	Zetaverafaye	Plotno.8A, Survey No.184P, Sai Prithvi Enclave, Serilingampally, K.V.Rangareddy, Telangana	PLOTNO.8A, K.V.RANGAREDDY, Telangana	NO_DIGITS_EITHER_RECORD
S1-580125173	S3-492503634	True	E_Digits	False	Dronagiri Educational Private Limited	Halobrix	New No 67, Old No 22, Velachery Main Road, Saidaped, Venkatapuram, Chennai City Corporation, Chennai, Tamil Nadu	தமிழ்நாடு, Red Hills, Doro No 67	NAME_DISJOINT_AND_NO_DIGIT_LOC_COOCCURRENCE
S1-434152732	S3-931114439	True	F_Location	False	Projects Manokamna Flavours Private Limited	Onyxxyloflux	C/O Md Naushad, Vill-, Damodarpur (Ct) Blk-Kanti, Bandra, Muzaffarpur, Bihar	C/O Md Naushad, Vill-, Damodarpur (Ct) Blk-Kanti, Bandra, Muzaffarpur, Bihar	NO_DIGITS_EITHER_RECORD
S1-997239128	S2-869602330	True	F_Location	False	Perfect It Private Limited	परफेक्ट आईटी प्राइवेट लिमिटेड	C/O Gordhan Ram Gav Jayal Gordhan Ram Gav Jayal, Nagaur, Rajasthan	C/O GORDHAN RAM GAV JAYAL GORDHAN RAM GAV JAYAL, NAGAUR, Rajasthan	NO_DIGITS_EITHER_RECORD
S1-997239128	S3-623065706	True	F_Location	False	Perfect It Private Limited	परफेक्ट आईटी प्राइवेट लिमिटेड	C/O Gordhan Ram Gav Jayal Gordhan Ram Gav Jayal, Nagaur, Rajasthan	Nagaur, C/o Gordhan Ram Gav Jayal Gordhan Ram Gav Jayal, RJ	NO_DIGITS_EITHER_RECORD
S1-682706632	S3-28940537	True	F_Location	False	Balaji Brothers Ltd	@balajibrothers	25B First Floor The Almeria, Sector 84, Gurgaon, Haryana	#25B First Floor The Almeria, Gurgaon, Gurugram, HR	TARGET_LACKS_DIGITS
S1-995678222	S3-902496337	True	F_Location	False	TRY Visual LLP	tryvisual.com	A-200, Ganga Nagar, Mawana Road, Near Sd Mall, Meerut, Uttar Pradesh	A-00, Ganga Nagar, Mawana Road, Near Sd Mall, Meerut, UP	NAME_DISJOINT_AND_NO_DIGIT_LOC_COOCCURRENCE
S1-968027374	S2-318077001	True	F_Location	False	Jay Estate Private Limited	জয় এস্টেট প্রাইভেট লিমিটেড	Mondal Ganthi Bamangachhi, Barasaat, Parganas North, West Bengal	MONDAL GANTHI BAMANGACHHI, BARASAAT, PARGANAS NORTH, পশ্চিমবঙ্গ	NO_DIGITS_EITHER_RECORD
S1-968027374	S2-979686015	True	F_Location	False	Jay Estate Private Limited	জয় এস্টেট প্রাইভেট লিমিটেড	Mondal Ganthi Bamangachhi, Barasaat, Parganas North, West Bengal	MONDAL GANTHI BAMANGACHHI, BARASAAT, PARGANAS NORTH, West Bengal	NO_DIGITS_EITHER_RECORD
S1-968027374	S3-187565390	True	F_Location	False	Jay Estate Private Limited	jayestateprivate.com	Mondal Ganthi Bamangachhi, Barasaat, Parganas North, West Bengal	Mondal Ganthi Bamangachhi, Parganas North, Barasaat, WB	NO_DIGITS_EITHER_RECORD
S1-832544932	S2-84219315	True	F_Location	False	Gautam Buddha Nagar Gems LLP	nagarbuddha.com	Gaur City Mall Office, Space C 01 Bgh 01 Sec 4, Gautam Buddha Nagar, Uttar Pradesh	HN 928 GAUR CITY MAL OFFICE, GAUTAM BUDDHA NAGAR, Uttar Pradesh	NAME_DISJOINT_AND_NO_DIGIT_LOC_COOCCURRENCE
S1-832544932	S2-675568411	True	F_Location	False	Gautam Buddha Nagar Gems LLP	Miragild - 3844817074	Gaur City Mall Office, Space C 01 Bgh 01 Sec 4, Gautam Buddha Nagar, Uttar Pradesh	HN 928 GAUR CITY MALL OFFICE, GAUTAM BUDDHA NAGAR, Uttar Pradesh	NAME_DISJOINT_AND_NO_DIGIT_LOC_COOCCURRENCE
S1-119805319	S2-581136828	True	C_SigToken	True	Asmita Technical Limited	Sri Asmita  Technical Limited	A/203, 204, Shree Harikrupaappartment Bsides Centre Point Building Nr. Koliwad, A, Surat, Gujarat		TARGET_MISSING_ADDRESS
S1-606104698	S3-111297978	False	None (Missed by G too)	True	XF Agricultural Pvt. Ltd.	XF Pvt. Ltd. Ltd. Center	1/104, Rashmi Hetal Iii, Near Ramdev Park, Mira Road East, Thane, Maharashtra		TARGET_MISSING_ADDRESS
S1-167756409	S3-899107622	True	C_SigToken	True	Haryana Advisors Private Limited	Sri Haryana Advisors Private Limited	No-371, Royal County-5, Kothanoor Main Road, Bangalore South, Bangalore, Karnataka		TARGET_MISSING_ADDRESS
S1-211743104	S3-887332597	True	F_Location	False	Fortune Consultants Private Limited	फॉर्च्यून कंसल्टेंट्स प्राइवेट लिमिटेड	Mumbai, Gr Floor Dharm Jyot Bldg96 Kazi Sayed Street Masjid Bunder, Mumbai, Maharashtra	Gr Floor Dharm Jyot Bldg96 Kazi Sayed Street Masjid Bunder, Mumbai, MH	NO_DIGITS_EITHER_RECORD
S1-458223634	S3-973944191	True	C_SigToken+D_Prefix4	True	Shree Foods Private Limited	Shree Foods Private Ltd Enterprises	Karkudi, Belghar, Rampada, Tumudibandha, Kandhamal, Orissa		TARGET_MISSING_ADDRESS
S1-139305086	S3-887285845	True	C_SigToken+D_Prefix4	True	Jai Investments Private Limited	Jai Investments Private  Limited Trading	D-124, Dda Flats, L.I.G, Satyam Enclave Vivek Vihar, Delhi, East Delhi, Delhi		TARGET_MISSING_ADDRESS
S1-137844529	S2-561762556	True	C_SigToken	True	Krishna Management Pvt Ltd	Dr KRISHNA MANAGEMENT PVT (LTD)	C/O Basanti Shop No 2, Near Punjab National Bank, Jaitaran, Pali, Rajasthan		TARGET_MISSING_ADDRESS
S1-539956591	S3-743329544	True	F_Location	False	Ashirwad Controls Group	Wexwexxylox	C/O Saralabai Bhagwan Deshmukh Vandemataram Nagar, Kukana, Tal. Newasa, Ahmednagar, Maharashtra	C/O Saralabai Bhagwan Deshmukh Vandemataram Nagar, Kukana, Tal. Newasa, Ahmednagar, Maharashtra	NO_DIGITS_EITHER_RECORD
S1-856710532	S2-867601724	True	C_SigToken+D_Prefix4	True	Vasai India Pvt Ltd	Vasai India Pvt Ltd.	S No 78, H. No. Sl09/6577, Tungareshwar Rd. Vasai, Vasai, Thane, Maharashtra		TARGET_MISSING_ADDRESS
S1-158464239	S2-131328223	True	F_Location	False	International Ventures Private Limited	इंटरनेशनल वेंचर्स प्राइवेट लिमिटेड	Alam Gunj Shakka Toli Po Gulzar Bagh, Patna City, Patna, Bihar	ALAM GUNJ SHAKKA TOLI PO GULZAR BAGH, PATNA CITY, PATNA, Bihar	NO_DIGITS_EITHER_RECORD
S1-158464239	S2-93399379	True	F_Location	False	International Ventures Private Limited	इंटरनेशनल वेंचर्स प्राइवेट लिमिटेड	Alam Gunj Shakka Toli Po Gulzar Bagh, Patna City, Patna, Bihar	ALAM GUNJ SHAKKA TOLI PO GULZAR BAGH, PATNA CITY, PATNA, बिहार	NO_DIGITS_EITHER_RECORD
S1-158464239	S2-373464753	True	F_Location	False	International Ventures Private Limited	इंटरनेशनल वेंचर्स प्राइवेट लिमिटेड	Alam Gunj Shakka Toli Po Gulzar Bagh, Patna City, Patna, Bihar	ALAM GUNJ SHAKKA TOLI PO GULZAR BAGH, PATNA, Bihar	NO_DIGITS_EITHER_RECORD
S1-569034042	S2-344671379	True	C_SigToken+D_Prefix4	True	Comfort Electricals Private Limited	Comfort Private Limited Partners	3, Parmeshwar 2 Bunglow B/H Satyamev Hospital, Chandkheda, Ahmedabad, Gujarat		TARGET_MISSING_ADDRESS
S1-984599202	S2-946187181	True	C_SigToken	True	Vfm & Co	Smt Vfm Co Partners	B-78, Third Floor, New Delhi, West Delhi, Delhi		TARGET_MISSING_ADDRESS
S1-75343875	S2-319670181	True	C_SigToken	True	Krishang College Pvt Ltd	Mr KRISHANG COLLEGE PVT	304-312, Thirdfloor, Saileelamall, Dharampurroad, Kolsifaliya, Abrama, Valsad, Gujarat		TARGET_MISSING_ADDRESS
S1-333967572	S2-928880694	True	C_SigToken+D_Prefix4	True	Dhara Tea (India) Private Limited	Dhara-Tea (India) Pravte Limited	Flat No.1605, Block-1, My Home Vihanga, Seri Lingampally, Hyderabad, Telangana		TARGET_MISSING_ADDRESS
S1-290876718	S2-918521900	True	C_SigToken+D_Prefix4	True	Chandan Farms Private Limited	Chandan Private Limited Center	No 1/1, 6Th Cross, 1St Main, Sampangiramanagara, Bangalore South, Bangalore, Karnataka		TARGET_MISSING_ADDRESS
S1-43163707	S2-555658433	True	C_SigToken+D_Prefix4	True	OCV Foods Private Limited	OCV Foods Private	24 Indra Roy Rd, Kolkata, Calcutta, West Bengal		TARGET_MISSING_ADDRESS
S1-344706477	S2-993156228	True	C_SigToken+D_Prefix4	True	Classic Developers Private Limited	Classic Developers Limited Service	Visakhapatnam, Andhra Pradesh, Flat No- 301, Sundar Residency, Visakhapatnam (Urban), 47-7-49, Vishakhapatnam		TARGET_MISSING_ADDRESS
S1-732350504	S2-8131699	True	F_Location	False	Big International	பிக் இன்டர்நேஷனல்	G2, Anu Homes 6 1St Cross, 6 Th Street, Dr Subburayan Nagar, Kodambakkam, Chennai, Tamil Nadu	G2, CHENNAI, Tamil Nadu	TARGET_LACKS_DIGITS
S1-403791005	S2-714958293	True	C_SigToken+D_Prefix4	True	Shree Traders Private Limited	Shree Traders Limited Services	No.16, Bhuvanappa Layout, Tavarekere Main Road, Bangalore South, Bangalore, Karnataka		TARGET_MISSING_ADDRESS
S1-714204357	S2-126919293	True	F_Location	False	Life Software	लाइफ सॉफ्टवेयर	C\O Rajendra Achutrao Futune At Neknoor Tq & Dist Beed, Beed, Bid, Maharashtra	C\O RAJENDRA ACHUTRAO FUTUNE AT NEKNOOR TQ & DIST BEED, BEED, BID, Maharashtra	NO_DIGITS_EITHER_RECORD
S1-714204357	S2-394071887	True	F_Location	False	Life Software	लाइफ सॉफ्टवेयर	C\O Rajendra Achutrao Futune At Neknoor Tq & Dist Beed, Beed, Bid, Maharashtra	C\O RAJENDRA ACHUTRAO FUTUNE AT NEKNOOR TQ & DIST BEED, BEED, BID, महाराष्ट्र	NO_DIGITS_EITHER_RECORD
S1-714204357	S2-83253477	True	F_Location	False	Life Software	@lifesoftware	C\O Rajendra Achutrao Futune At Neknoor Tq & Dist Beed, Beed, Bid, Maharashtra	C\O RAJENDRA ACHUTRAO FUTUNE AT NEKNOOR TQ & DIST BEED, BEED, Maharashtra	NO_DIGITS_EITHER_RECORD
S1-994233185	S3-921620061	True	C_SigToken+D_Prefix4	True	6Th Cross Road Near Ravindhra Nagar Applications Pvt Ltd	6Th Cross Road Near Ravindhra Nagar Applications Pvt Ltd.	Nellore, 6Th Cross Road Near Ravindhra Nagar, 24-7-273, Andhra Pradesh		TARGET_MISSING_ADDRESS
S1-405232471	S3-652579822	True	C_SigToken+D_Prefix4	True	Aditya Logistics Private Limited	Aditya Logistics Priate Limited	318, Transport Nagar Ground Floor, Indore, Madhya Pradesh		TARGET_MISSING_ADDRESS
S1-748196217	S2-323742948	True	F_Location	False	Shakti Builders Private Limited	शक्ति बिल्डर्स प्राइवेट लिमिटेड	Phaseii, Phase Ii, New Delhi, Delhi	PHASEII, NEW DELHI, PHASE II, Delhi	NO_DIGITS_EITHER_RECORD
S1-748196217	S3-1434454	True	F_Location	False	Shakti Builders Private Limited	शक्ति बिल्डर्स प्राइवेट लिमिटेड	Phaseii, Phase Ii, New Delhi, Delhi	Phaseii, E Eh, New Delhi, DL	NO_DIGITS_EITHER_RECORD
S1-323872887	S2-901846369	True	C_SigToken+D_Prefix4	True	Ira Innovations Private Limited	Ira Innovations Private	2Nd Floor, No. 14/7, 3Rd Cross, Sunleo Power Networks, Old Airport Road, Konena Agrahara, Bangalore North, Bangalore, Karnataka		TARGET_MISSING_ADDRESS
S1-307429809	S3-669643367	True	C_SigToken	True	Rhino Brothers Private Limited	Smt Rhino Brothers Limited-Center	206, Okhla Industrial Estate Phase-Iii, New Delhi, South Delhi, Delhi		TARGET_MISSING_ADDRESS
S1-237962532	S3-534745984	True	F_Location	False	Sree Technologies	SREE TECHNOLOGIES	Esquire Centre, No:9, B-Block, Ground Floor M G Road, Bangalore, Karnataka	#446. Esquire Centre, Bangalore, KA	NAME_DISJOINT_AND_NO_DIGIT_LOC_COOCCURRENCE
S1-237962532	S3-779714265	True	C_SigToken+D_Prefix4	True	Sree Technologies	Sree Techmonlogeis	Esquire Centre, No:9, B-Block, Ground Floor M G Road, Bangalore, Karnataka		TARGET_MISSING_ADDRESS
S1-383622687	S3-308429442	True	C_SigToken+D_Prefix4	True	Map Producer Limited	Map Proumoer Limited	Flat No. 403, A Wing, Avadh Elite More Mala, Nashik, Maharashtra		TARGET_MISSING_ADDRESS
S1-748045705	S3-370974730	True	C_SigToken+D_Prefix4	True	Dawn Traders Ltd	Dawn Ltd-5ervices	Uu-14 Vishakha Enclave Pitampura, Delhi, North West, Delhi		TARGET_MISSING_ADDRESS
S1-860679227	S2-797835855	True	C_SigToken+D_Prefix4	True	North Power Pvt Ltd	NORTH PVT LTD CENTER Enterprises	Shop No 9 Jnr Complex 1St Floor Sulikunte, Marathahalli, Sarjapura Road, Bengaluru, Bangalore, Karnataka		TARGET_MISSING_ADDRESS
S1-83774781	S2-903310891	True	F_Location	False	Shakti Consultants Private Limited	শক্তি কনসালট্যান্টস প্রাইভেট লিমিটেড	2Nd Mile Sevoke Roadp O Dist-Darjeeling, Siliguri Pin, Darjeeling, West Bengal	NO 2ND MILE SEVOKE ROADP O DIST-DARJEELING, <NULL>, SILIGURI PIN, DARJEELING, West Bengal	NO_DIGITS_EITHER_RECORD
S1-83774781	S3-817027655	True	F_Location	False	Shakti Consultants Private Limited	শক্তি কনসালট্যান্টস প্রাইভেট লিমিটেড	2Nd Mile Sevoke Roadp O Dist-Darjeeling, Siliguri Pin, Darjeeling, West Bengal	2Nd Mile Sevoke Roadp O Dist-darjeeling, Darjeeling, WB, Siliguri Pin	NO_DIGITS_EITHER_RECORD
S1-83774781	S3-853005806	True	F_Location	False	Shakti Consultants Private Limited	শক্তি কনসালট্যান্টস প্রাইভেট লিমিটেড	2Nd Mile Sevoke Roadp O Dist-Darjeeling, Siliguri Pin, Darjeeling, West Bengal	2Nd Mile Sevoke Roadp O Dist-darjeeling, Siliguri Pin, Darjeeling, WB	NO_DIGITS_EITHER_RECORD
S1-142695275	S3-78328503	True	C_SigToken+D_Prefix4	True	Magnitude Trading LLP	Magnitude Trading L.L.P.	Art Of Living 21 Km, Kanakapura Road, Bangalore South, Bangalore Rural, Karnataka		TARGET_MISSING_ADDRESS
S1-697559337	S2-304462154	True	F_Location	False	Real Developers Private Limited	ரியல் டெவலப்பர்ஸ் பிரைவேட் லிமிடெட்	24A/68A, Ground Floor, Vembuli Amman Koil Street, Saidapet, Kanchipuram, Tamil Nadu	SAIDAPET, KANCHIPURAM, தமிழ்நாடு, GROUND FLOOR, VEMBULI AMMAN KOIL STREET, BLOBK C-254 24A/68A	NAME_DISJOINT_AND_NO_DIGIT_LOC_COOCCURRENCE
S1-954821863	S3-921554135	True	C_SigToken+D_Prefix4	True	Euro Technologies LLP	Euro LLP Center	Plot No W-126, Midc, Ttc Indl. Area, Pawane, Koparkhairane, Navi Mumbai, Maharashtra		TARGET_MISSING_ADDRESS
S1-188465249	S3-731490643	True	E_Digits	False	Lotus Construction Pvt Ltd	లోటస్ కన్‌స్ట్రక్షన్ ప్రైవేట్ లిమిటెడ్	#203, P.No.4, 5 &6, Sravanthi Serenity-2 Chandana Societykondapur, Serilingampally, Hyderabad, Telangana	H.no 203, Madhapur, Andhra Pradesh	NAME_DISJOINT_AND_NO_DIGIT_LOC_COOCCURRENCE
S1-188465249	S3-732636492	True	E_Digits	False	Lotus Construction Pvt Ltd	లోటస్ కన్‌స్ట్రక్షన్ ప్రైవేట్ లిమిటెడ్	#203, P.No.4, 5 &6, Sravanthi Serenity-2 Chandana Societykondapur, Serilingampally, Hyderabad, Telangana	#203, Madhapur, Andhra Pradesh	NAME_DISJOINT_AND_NO_DIGIT_LOC_COOCCURRENCE
S1-628776852	S2-947127053	True	C_SigToken+D_Prefix4	True	Udaipur Services Private Limited	UDAIPUR SERVICES PRIVATE	C/O Lal Singh Jhala Badundiya, Gogunda, Udaipur, Rajasthan		TARGET_MISSING_ADDRESS
S1-628776852	S3-966036106	True	F_Location	False	Udaipur Services Private Limited	Deltanex	C/O Lal Singh Jhala Badundiya, Gogunda, Udaipur, Rajasthan	C/O Lal Singh Jhala Badundiya, Gogunda, Udaipur, Rajasthan	NO_DIGITS_EITHER_RECORD
S1-396858972	S2-195334144	True	F_Location	False	Seven Ventures Private Limited	सेवन वेंचर्स Private Limited	Madhya Pradesh, Sidhi, C/O. Premkanta Indane, Singrauli, Panjreh, Morwa	C/O. PRELKANTA INDANE, SINGRAULI, SIDHI, मध्य प्रदेश	NO_DIGITS_EITHER_RECORD
S1-396858972	S2-686961562	True	F_Location	False	Seven Ventures Private Limited	सेवन वेंचर्स प्राइवेट लिमिटेड	Madhya Pradesh, Sidhi, C/O. Premkanta Indane, Singrauli, Panjreh, Morwa	C/O. PREMKANTA INDANE, SIDHI, SINGRAULI, Madhya Pradesh	NO_DIGITS_EITHER_RECORD
S1-46700578	S3-920131277	True	F_Location	False	Sree Consulting Pvt Ltd	श्री कंसल्टिंग प्रा. लि.	78, Ladli Bhawan, Kedarnath Road Darya Ganj, New Delhi, Delhi	078, Kedarnath Road Darya Ganj, New Delhi, DL	NAME_DISJOINT_AND_NO_DIGIT_LOC_COOCCURRENCE
S1-865409611	S3-642806545	True	C_SigToken	True	Skynet & Associates	Smt Skynet  & Associates	Plot No. Vim-388, Sailashree Vihar, Bhubaneswar, Khordha, Orissa		TARGET_MISSING_ADDRESS
S1-294573152	S3-927981208	True	C_SigToken+D_Prefix4	True	Raptor Mills Private Limited	Raptor Mls Private Limited	B No.588 No.7, O T Section, Ulhasnagar -2 Dist Thane., Thane, Maharashtra		TARGET_MISSING_ADDRESS
S1-437072567	S3-950449836	True	C_SigToken	True	Expression Polytechnic	Shri Expression [Polytechnic]	3632, G/F Katra Karigaran Qutab Road, Delhi, North Delhi, Delhi		TARGET_MISSING_ADDRESS
S1-935063553	S2-751753008	True	F_Location	False	Sunrise Best Foundation Private Limited	சன்ரைஸ் பெஸ்ட் ஃபவுண்டேஷன் பிரைவேட் லிமிடெட்	48 Peters Road Royapettah, Madras-, Chennai, Tamil Nadu	NO 50 PETERS ROAD ROYAPETTAH, CHENNAI, MADRAS-, Tamil Nadu	NAME_DISJOINT_AND_NO_DIGIT_LOC_COOCCURRENCE
S1-495537038	S3-663513266	True	C_SigToken+D_Prefix4	True	VSV Housing	VSV Partners	441, 441, 942/1942 T.P. No. 66 Nr Bhimnath Bridge, Sayajigunj, Vadodara, Gujarat		TARGET_MISSING_ADDRESS
S1-1606841	S2-467386340	True	C_SigToken	True	Jay Investment Private Limited	Sri JAY INVESTMENT PRIVATE LIMITED	106 Kiran Chandra Sinha Roadblock-B10 4Th Floor D Type Ps-Shibpore, Howrah, West Bengal		TARGET_MISSING_ADDRESS
S1-382999845	S2-542287549	True	F_Location	False	Uh Industries Ltd	uhindustries.com	23 Hauz Khas Village 3Rd Floor, New Delhi, Delhi	H.NO 2-3 HAUZ KHAS VILLAGE 3RD FLOOR, Delhi, NEW DELHI	NAME_DISJOINT_AND_NO_DIGIT_LOC_COOCCURRENCE
S1-647230448	S2-818724312	True	F_Location	False	DH Global Pvt Ltd	DH PVT LTD SERVICES	C/O Mushfique Ahmed Khanl, Lotas Tiles, Near Near, Nagpur, Maharashtra	C/O MUSHFIQUE AHMED KHANL, LOTAS TILES, NEAR NEAR, NAGPUR, महाराष्ट्र	NO_DIGITS_EITHER_RECORD
S1-357032828	S3-500839673	True	F_Location	False	Jd Services Pvt Ltd	Pvt Jd Serivilces Ltd	Madhya Pradesh, Gopadvanas, Prem Nagar, C/O Bansh Bahadur Singh, Sidhi	C/o Bansh Bahadur Singh, Gopadvanas, Sidhi, मध्य प्रदेश	NO_DIGITS_EITHER_RECORD
S1-357032828	S3-21429627	True	F_Location	False	Jd Services Pvt Ltd	Sri Jd Sevices Pvt Ltd	Madhya Pradesh, Gopadvanas, Prem Nagar, C/O Bansh Bahadur Singh, Sidhi	C/o Bansh Bahadur Singh, Sidhi, MP	NO_DIGITS_EITHER_RECORD
S1-357032828	S3-111461749	True	C_SigToken	True	Jd Services Pvt Ltd	M/s Jd Sérvices Ltd Pvt	Madhya Pradesh, Gopadvanas, Prem Nagar, C/O Bansh Bahadur Singh, Sidhi		TARGET_MISSING_ADDRESS
S1-357424667	S3-929143377	True	C_SigToken+D_Prefix4	True	Indo Tech Limited	Indo ಟೆಕ್ ಲಿಮಿಟೆಡ್	Plt No 10-1 Cts No 2645/7, 1St, Sangameshwar, Gulbarga, Karnataka		TARGET_MISSING_ADDRESS
S1-618742293	S3-451274426	True	C_SigToken+D_Prefix4	True	Bls Brothers Private Limited	Bls Brothers Private Ltd Ltd	C/O-Krishan Dev Sah, Village+Post-Lakhanpur, Darbhanga, Muzaffarpur, Bihar		TARGET_MISSING_ADDRESS
S1-621701755	S2-951861418	True	F_Location	False	Ma Instruments Pvt Ltd	Mr mainstruments.com	No.284, 3Rd Cross, Kirloskar L/O, Bangalore, Karnataka	NO.28, BANGALORE, Karnataka	NAME_DISJOINT_AND_NO_DIGIT_LOC_COOCCURRENCE
S1-621701755	S2-748746820	True	C_SigToken+D_Prefix4	True	Ma Instruments Pvt Ltd	Ma Instruments Ltd Pvt	No.284, 3Rd Cross, Kirloskar L/O, Bangalore, Karnataka		TARGET_MISSING_ADDRESS
S1-406149953	S2-865876373	True	C_SigToken+D_Prefix4	True	Harshi & Co	Harshi & Co.	House Asset No. 8897, Prusty Colony, Housing Board, Po: Berhampur, Ps: Bada B, Azar, Berhampur, Khordha, Orissa, 1St Room		TARGET_MISSING_ADDRESS
S1-406149953	S2-153145772	True	F_Location	False	Harshi & Co	Hoari & Co	House Asset No. 8897, Prusty Colony, Housing Board, Po: Berhampur, Ps: Bada B, Azar, Berhampur, Khordha, Orissa, 1St Room	H.NO 8ST ROOM, GAJAPATI, KHORDHA, Odisha	TARGET_LACKS_DIGITS
S1-52774444	S3-857145701	True	F_Location	False	SMP Tours Pvt Ltd	Novimira	Delhi, South Delhi, Flt No. 609A, 6Th Flr B-E, International Trade Tower, New Delhi	Flt No. 609A, 6Th Flr B-E, International Trade Tower, New Delhi, South Delhi, Delhi	NO_DIGITS_EITHER_RECORD
S1-197164493	S2-67228376	True	C_SigToken+D_Prefix4	True	Energy Jia Health	Energy Jia Heanioth	33/3 Venkatanarayana Road, Nandanam, Madras., Nandanam, Madras., Chennai, Tamil Nadu		TARGET_MISSING_ADDRESS
S1-668241420	S2-162051094	True	F_Location	False	Raj Consultants Private Limited	rajconsultants.com	C/O Raosaheb Satagonda Patil, S.No.2008/B, Kadage Mala., Jaysingpur, Kolhapur, Maharashtra	C/O RAOSAHEB SATAGONDA PATIL, S.NO.2007/B, KADAGE MALA., JAYSINGPUR, Maharashtra	NAME_DISJOINT_AND_NO_DIGIT_LOC_COOCCURRENCE
S1-543498628	S2-266787998	True	F_Location	False	United Real Software Private Limited	ইউনাইটেড রিয়েল সফটওয়্যার প্রাইভেট লিমিটেড	Pursurah Hooghly, West Bengal	#382/8 PURSURAH HOOGHLY, PURSURAH HOOGHLY, <NULL>, West Bengal	NAME_DISJOINT_AND_NO_DIGIT_LOC_COOCCURRENCE
S1-301051159	S2-199720785	True	F_Location	False	Silver Technologies Private Limited	സിൽവർ ടെക്നോളജീസ് പ്രൈവറ്റ് ലിമിറ്റഡ്	Ist Floor, C.C.31/38A(1), Amberipadam Road, Ernakulam, Kerala	DOOR NO #223 IST FLOOR, ERNAKULAM, കേരളം, ERNAKULAM	NAME_DISJOINT_AND_NO_DIGIT_LOC_COOCCURRENCE
S1-234755863	S2-211359524	True	F_Location	False	Sree Foods Private Limited	श्री फूड्स प्राइवेट लिमिटेड	927, Bijalpur, Ab Road Indore, Indore, Madhya Pradesh	27, BIJALPUR, AB ROAD INDORE, INDORE, Madhya Pradesh	NAME_DISJOINT_AND_NO_DIGIT_LOC_COOCCURRENCE
S1-309727141	S3-348916951	True	F_Location	False	HB Services Private Limited	hbservices.com	41/A Nazir Lane (Kidderpore), Kolkata, Howrah, West Bengal	Door No 4-1/A Nazir Lane (Kidderpore), Kolkata, Howrah, পশ্চিমবঙ্গ	NAME_DISJOINT_AND_NO_DIGIT_LOC_COOCCURRENCE
S1-834307496	S3-671937301	True	F_Location	False	Institute Law Private Limited	Caloectolyra	Near Industrial Area, Madanganj, Kishangarh, Ajmer, Rajasthan	Near Industrial Area, Madanganj, Kishangarh, Ajmer, Rajasthan	NO_DIGITS_EITHER_RECORD
S1-71915141	S3-500898053	True	F_Location	False	Sky Foods Pvt Ltd	સ્કાય ફૂડ્સ પ્રા. લિ.	At Ranipura Po. Samlaya, Savli, Land Survey No 52 5P1, Gujarat, Vadodara	Land Survey No 0052 5P1, At Ranipura Po. Samlaya, Savli, NULL, GJ	NAME_DISJOINT_AND_NO_DIGIT_LOC_COOCCURRENCE
S1-244752867	S3-254113909	True	C_SigToken	True	Garg Exports Private Limited	M/s Garg Exports Limited Private	286, Central Facility, Bldg No.2, Apmc, Sector 19, Thane, Maharashtra		TARGET_MISSING_ADDRESS
S1-750622664	S2-170083159	True	C_SigToken+D_Prefix4	True	Delhi Tee Co	DELHI TEE CO.	6658 Gadodia Market, Khari Baoli, Delhi, North Delhi, Delhi		TARGET_MISSING_ADDRESS
S1-984242201	S3-849295797	True	C_SigToken+D_Prefix4	True	Southern Consultancy Private Limited	Southern Private Limited (Services)	Villa No 38, Aparna Hillpark Gardenia, Tirumalagiri, Hyderabad, Telangana		TARGET_MISSING_ADDRESS
S1-936165437	S3-84439362	True	C_SigToken+D_Prefix4	True	MNN Sciences Private Limited	MNN Sciences Private	57, Golden Tower Mall, Near Vijaya Bank Mall Road, Ferozepur, Firozpur, Punjab		TARGET_MISSING_ADDRESS
S1-988524107	S2-247876955	True	F_Location	False	Steel Buildcon Private Limited	Sri steelbuildcon.com	Vimalalayam, S E Thazhava S.R.P Market P O, Kollam, Kerala	VIMALALAYAM, S E THAZHAVA S.R.P MARKET P O, KOLLAM, Kerala	NO_DIGITS_EITHER_RECORD
S1-466186069	S3-54558518	True	C_SigToken	True	Smart It	Mr Smart Center	44, Sammillani Park, P.O. Shantoshpur, Kolkata, Howrah, West Bengal		TARGET_MISSING_ADDRESS
S1-446028840	S2-570196098	True	F_Location	False	Rhine Hotels Limited	Shri rhinehotelscom	C/O Ram Shanker Mishra, Amethi, Antoo Road, Amethi, Sultanpur, Uttar Pradesh	उत्तर प्रदेश, C/O RAM SHANKER MISHRA, AMETHI, ANTOO ROAD, AMETHI	NO_DIGITS_EITHER_RECORD
S1-446028840	S3-319478269	True	C_SigToken+D_Prefix4	True	Rhine Hotels Limited	Rhine Htoel Limited	C/O Ram Shanker Mishra, Amethi, Antoo Road, Amethi, Sultanpur, Uttar Pradesh		TARGET_MISSING_ADDRESS
S1-155289791	S2-150135955	True	F_Location	False	Anand Properties Private Limited	ಆನಂದ್ ಪ್ರಾಪರ್ಟೀಸ್ ಪ್ರೈವೇಟ್ ಲಿಮಿಟೆಡ್	Sadguru Nilaya Near Raghavendra Matt Kallare, C/O Shashikala Naik, Karnataka, Puttur, Dakshina Kannada	C/O SHASHIKALA NAIK, PUTTUR, DAKSHINA KANNADA, Karnataka	NO_DIGITS_EITHER_RECORD
S1-155289791	S2-540222916	True	F_Location	False	Anand Properties Private Limited	ಆನಂದ್ ಪ್ರಾಪರ್ಟೀಸ್ ಪ್ರೈವೇಟ್ ಲಿಮಿಟೆಡ್	Sadguru Nilaya Near Raghavendra Matt Kallare, C/O Shashikala Naik, Karnataka, Puttur, Dakshina Kannada	C/O SHASHIKALA NAKI, SADGURU NILAYA NEAR RAGHAVENDRA MATT KALLARE, DAKSHINA KANNADA, Karnataka	NO_DIGITS_EITHER_RECORD
S1-155289791	S3-575876198	True	F_Location	False	Anand Properties Private Limited	ಆನಂದ್ ಪ್ರಾಪರ್ಟೀಸ್ ಪ್ರೈವೇಟ್ ಲಿಮಿಟೆಡ್	Sadguru Nilaya Near Raghavendra Matt Kallare, C/O Shashikala Naik, Karnataka, Puttur, Dakshina Kannada	C/o Shashikala Naik, Puttur, Dakshina Kannada, KA	NO_DIGITS_EITHER_RECORD
S1-3332954	S2-19008799	True	F_Location	False	Pinkcity Servicesprivate (India) Private Limited	DELTAPYRA	71 Seth Narayandas Layout Tatabad, Coimbatore, Tamil Nadu	H.NO G-225 SETH NARAYANDAS LAYOUT TATABAD, COIMBATORE, Tamil Nadu, COIMBATORE	NAME_DISJOINT_AND_NO_DIGIT_LOC_COOCCURRENCE
S1-188787678	S2-401696091	True	C_SigToken	True	Magnet Ventures	Mr Magnet Ventures C0	Pioneer Park, House Name - Biswabharati, Barasat, Parganas North, West Bengal		TARGET_MISSING_ADDRESS
S1-136582499	S3-209261765	True	C_SigToken+D_Prefix4	True	Adjoining Syndicate Bank Opposite Hotel Skylark Infra Ltd	Adjoining Syndicate Bank Opposite Hotel Infra Skylark Ltd	Sahota Building, Adjoining Syndicate Bank Opposite Hotel Skylark, Jalandhar, Punjab		TARGET_MISSING_ADDRESS
S1-837477811	S3-234597382	True	C_SigToken+D_Prefix4	True	Allahabad Heaven Private Limited	Allahabad Heaven Private	Allahabad, Vill. & Post. Puramufti Behind Puramufti Police Station, Uttar Pradesh, Allahabad		TARGET_MISSING_ADDRESS
S1-306699130	S2-722507378	True	C_SigToken+D_Prefix4	True	Systems Siddhi Media Private Limited	Systems Siddhi  Media Private	Unit No. 1105, North West Delhi, 11Th Floor, Klj Tower Nsp, Pitampura, Delhi		TARGET_MISSING_ADDRESS
S1-96368636	S2-82341346	True	C_SigToken+D_Prefix4	True	Thanjavur Engineering Private Limited	THANJAVUR ENGINEERING PRIVATE (LIMITED)	P-157 Arulanandhammal Nagar, Thanjavur, Tamil Nadu		TARGET_MISSING_ADDRESS
S1-839248277	S3-389683752	True	F_Location	False	United Products Private Limited	यूनाइटेड प्रोडक्ट्स Private Limited	Xv/2039, Mezzanine Floor, Chuna Mandi Paharganj, New Delhi, Central Delhi, Delhi	Delhi, Mezzanine Floor, Chuna Mandi Paharganj, NULL, Xv/203, दिल्ली	NAME_DISJOINT_AND_NO_DIGIT_LOC_COOCCURRENCE
S1-191724541	S3-101642424	True	C_SigToken+D_Prefix4	True	Services Parekh Systems Private Limited	Service Parekh Systems Private Limited	A/2 Tulsi Apartments, Navghar Road, Bhayandar (East), Thane, Maharashtra		TARGET_MISSING_ADDRESS
S1-839835247	S2-51782798	True	F_Location	False	Vision Projects Limited	ವಿಷನ್ ಪ್ರಾಜೆಕ್ಟ್ಸ್ ಲಿಮಿಟೆಡ್	Second Floor Kalra Central, No .63 Chiranjeevi Layout, 1St Main Road, Bangalore North, Bangalore, Karnataka	SECOND FLOOR KALRA CENTRAL, BANGALORE, Karnataka	TARGET_LACKS_DIGITS
S1-839835247	S2-987614028	True	F_Location	False	Vision Projects Limited	ವಿಷನ್ ಪ್ರಾಜೆಕ್ಟ್ಸ್ ಲಿಮಿಟೆಡ್	Second Floor Kalra Central, No .63 Chiranjeevi Layout, 1St Main Road, Bangalore North, Bangalore, Karnataka	SECOND FLOOR KALRA CENTRAL, BANGALORE, Karnataka	TARGET_LACKS_DIGITS
S1-279683456	S2-30288341	True	F_Location	False	Real Black It Limited	রিয়েল ব্ল্যাক আইটি লিমিটেড	5Th-Fr, Fl-501, Uttar Podrah, Jorapukur, Dhar, Chunavati, Howrah, West Bengal	PLOT #44 5TH-FR, CHUNAVATI, HOWRAH, West Bengal	NAME_DISJOINT_AND_NO_DIGIT_LOC_COOCCURRENCE
S1-279683456	S3-701504754	True	D_Prefix4	False	Real Black It Limited	realblackit.com	5Th-Fr, Fl-501, Uttar Podrah, Jorapukur, Dhar, Chunavati, Howrah, West Bengal	Hn 787 5Th-Fr, WB	LOCATION_TOKENS_DISJOINT
S1-963389509	S2-547471762	True	C_SigToken+D_Prefix4	True	Classic Media Private Limited	Classic Media  Limited Services	89/2, Hirabhai Market, Ground Floor, Dani Limda, Ahmedabad, Gujarat		TARGET_MISSING_ADDRESS
S1-89228178	S2-541461317	True	F_Location	False	High Maa Hospitality	हाई मां हॉस्पिटैलिटी	C/O Tirupati Narayan, Kshirsagar, Laxmi Nivas, Nanded, Maharashtra	C/O TIRUPATI NARAYAN, NANDED, KSHIRSAGAR, LAXMI NIVAS, NANDED, Maharashtra	NO_DIGITS_EITHER_RECORD
S1-742236239	S2-68357510	True	F_Location	False	Surge (India) Food Private Limited	sifood.com	Pathankot, Village Tharial Block- Sujanpur, Po- Madhopur, Tehsil, Gurdaspur, Punjab, C/O Jagdish Raj	C/O JAGDISH RAJ, PATHANKOT, GURDASPUR, Punjab	NO_DIGITS_EITHER_RECORD
S1-580314276	S2-123549860	True	F_Location	False	Lakshmi Agro Private Limited	লক্ষ্মী অ্যাগ্রো প্রাইভেট লিমিটেড	Avani Height59A Chowringhee Road Bhawanipur, Kolkata, Calcutta, West Bengal	AVANI HEIGHT59A CHOWRINGHEE ROAD BHAWANIPUR, CALCUTTA, West Bengal	NO_DIGITS_EITHER_RECORD
S1-580314276	S2-146655180	True	F_Location	False	Lakshmi Agro Private Limited	লক্ষ্মী অ্যাগ্রো প্রাইভেট লিমিটেড	Avani Height59A Chowringhee Road Bhawanipur, Kolkata, Calcutta, West Bengal	AVANI HEIGHT59A CHOWRINGHEE ROAD BHAWANIPUR, CALCUTTA, পশ্চিমবঙ্গ	NO_DIGITS_EITHER_RECORD
S1-840384769	S3-194051884	True	C_SigToken+D_Prefix4	True	Turnkey Trading Private Limited	Turnkey Trading Prave  Limited	904, Ninth Floor, Krishna Apra Business Square, Netaji Subhash Place Pita, Delhi, Delhi, North West Delhi, Delhi		TARGET_MISSING_ADDRESS
S1-745923829	S2-254368464	True	F_Location	False	Seven Black Impex Pvt Ltd	સેવન બ્લેક ઇમ્પેક્સ પ્રા. લિ.	Prajapati Vas, At Post - Kujad, Daskroi, Ahmedabad, Gujarat	PRAJAPATI VAS, DASKROI, AHMEDABAD, Gujarat	NO_DIGITS_EITHER_RECORD
S1-166735390	S2-201575884	True	F_Location	False	Great Foods	ग्रेट फूड्स	C/O Dharmendra Gupta, Plot No 13, Sec 112, Flat 16, Sahil Srushti, Kandwa, Chikhali, Pune, Maharashtra	C/O DHARMENDRA GUPTA, PUNE, Maharashtra	TARGET_LACKS_DIGITS
S1-631017521	S2-847004609	True	C_SigToken+D_Prefix4	True	Harihar & Brothers Private Limited	Harihar & Brothers Private	Rsno 697 Near Juna Washinaka A Ward, Kolhapur, Maharashtra		TARGET_MISSING_ADDRESS
S1-356976992	S2-828309959	True	F_Location	False	Aditya Constructions Private Limited	ஆதித்யா கன்ஸ்ட்ரக்ஷன்ஸ் பிரைவேட் லிமிடெட்	Kamalam Villa, Old No.4, New No.7, Chandrabagh Avenue, 1St Street, Chennai, Tamil Nadu	KAMALAM VILLA, CHENNAI, தமிழ்நாடு	TARGET_LACKS_DIGITS
S1-356976992	S3-431660752	True	F_Location	False	Aditya Constructions Private Limited	ஆதித்யா கன்ஸ்ட்ரக்ஷன்ஸ் பிரைவேட் லிமிடெட்	Kamalam Villa, Old No.4, New No.7, Chandrabagh Avenue, 1St Street, Chennai, Tamil Nadu	No. #900 Kamalam Villa, Chennai, TN	NAME_DISJOINT_AND_NO_DIGIT_LOC_COOCCURRENCE
S1-868023277	S2-328672999	True	F_Location	False	Lakshmi International Pvt Ltd	लक्ष्मी इंटरनेशनल प्रा. लि.	C/O Dhanraji Devi, 1Ratanpura Ratanpura, Gola, Gorakhpur, Uttar Pradesh	C/O DHANRAJI DEVI, 1RATANPURA RATANPURA, GOLA, GORAKHPUR, Uttar Pradesh	NO_DIGITS_EITHER_RECORD
S1-868023277	S3-896698717	True	F_Location	False	Lakshmi International Pvt Ltd	लक्ष्मी इंटरनेशनल प्रा. लि.	C/O Dhanraji Devi, 1Ratanpura Ratanpura, Gola, Gorakhpur, Uttar Pradesh	C/o Dhanraji Devi, 1Ratanpura Ratanpura, Gorakhpur, Gola, UP	NO_DIGITS_EITHER_RECORD
S1-325340972	S2-174364340	True	F_Location	False	Seven Media Private Limited	सेवन मीडिया प्राइवेट लिमिटेड	Houseno1 Koleshwari Colony Nr Shantigram Vidyamandir Brahmanpada Shantingr, Ulhasnagar, Thane, Maharashtra	PLOT 539 HOUSENO1 KOLESHWARI COLONY NR SHANTIGRAM VIDYAMANDIR BRAHMANPADA SHANTINGR, ULHASNAGAR, THANE, Maharashtra	NAME_DISJOINT_AND_NO_DIGIT_LOC_COOCCURRENCE
S1-856021113	S2-593843185	True	F_Location	False	Best Projects Limited	ബെസ്റ്റ് പ്രോജക്ട്സ് ലിമിറ്റഡ്	C/O Franclin Desayose, 2706/8, Alby Cottage, Thennoorkonam, Kottapuram P.O., Thiruvananthapuram, Neyyattinkara, Thiruvananthapuram, Trivandrum, Kerala	C/O FRANCLIN DESAYOSE, THIRUVANANTHAPURAM, VIZHINJAM, Kerala	TARGET_LACKS_DIGITS
S1-856021113	S3-585551714	True	F_Location	False	Best Projects Limited	ബെസ്റ്റ് പ്രോജക്ട്സ് ലിമിറ്റഡ്	C/O Franclin Desayose, 2706/8, Alby Cottage, Thennoorkonam, Kottapuram P.O., Thiruvananthapuram, Neyyattinkara, Thiruvananthapuram, Trivandrum, Kerala	C/o Franclin Desayose, Thiruvananthapuram, Trivandrum, കേരളം	TARGET_LACKS_DIGITS
S1-594924758	S2-116835063	True	C_SigToken+D_Prefix4	True	Kishangarh Securities Private Limited	Kishangarh Securities Private	Krishna Puri, 1St Fl. Toshiv Properties, Ajmer, Rajasthan, Kishangarh		TARGET_MISSING_ADDRESS
S1-769231331	S2-509572214	True	F_Location	False	Innovative Care Private Limited	इनोवेटिव केयर प्राइवेट लिमिटेड	Isf Centre, Basement Ajmera Hotel, Near Tonk Phatak, Tonk Road, Jaipur, Rajasthan	ISF CENTRE, BASEMENT AJMERA HOTEL, NEAR TONK PHATAK, TONK ROAD, JAIPUR, Rajasthan	NO_DIGITS_EITHER_RECORD
S1-769231331	S3-605422797	True	F_Location	False	Innovative Care Private Limited	IC	Isf Centre, Basement Ajmera Hotel, Near Tonk Phatak, Tonk Road, Jaipur, Rajasthan	Isf Centre, Basement Ajmera Hotel, Near Tonk Phatak, Tonk Road, Jaipur, Rajasthan	NO_DIGITS_EITHER_RECORD
S1-26238122	S2-752781480	True	F_Location	False	Apex Software Limited	ఏపెక్స్ సాఫ్ట్‌వేర్ లిమిటెడ్	Flat No 401, Telangana, Iv Floor, J S R V Plaza M.C.H No. 7-1-397/104, Sanjeeva Reddy Na, Gar, Hyderabad	HYDERABAD, Telangana, FLAT NO 00401	NAME_DISJOINT_AND_NO_DIGIT_LOC_COOCCURRENCE
S1-789069666	S3-596595682	True	F_Location	False	Shivam Infra Pvt Ltd	Zetafluxbelo	C/O Sivakumar Subramania2432, 16Th 'B' Main Road, Hal 2Nd Stage, Bangalore., Karnataka	C/o Sivakumar Subramania24l2, Hal 2Nd Stage, ಕರ್ನಾಟಕ	NO_DIGITS_EITHER_RECORD
S1-38855375	S2-350709340	True	F_Location	False	Jay Trading Private Limited	জয় ট্রেডিং প্রাইভেট লিমিটেড	Dakshin Dinajpur, West Bengal, Najrul Islam, Vill.-Nurullakuri, P.O.-Basoil, P.S.-Kushmandi, Dinajpur, C/O	DOOR NO G-67 C/O, NAJRUL ISLAM, VILL.-NURULLAKURI, P.O.-BASOIL, P.S.-KUSHMANDI, DINAJPUR, DINAJPUR DAKSHIN, West Bengal	NAME_DISJOINT_AND_NO_DIGIT_LOC_COOCCURRENCE
S1-38855375	S3-819432208	True	F_Location	False	Jay Trading Private Limited	জয় ট্রেডিং প্রাইভেট লিমিটেড	Dakshin Dinajpur, West Bengal, Najrul Islam, Vill.-Nurullakuri, P.O.-Basoil, P.S.-Kushmandi, Dinajpur, C/O	C/o, Najrul Islam, Vill.-nurullakuri, P.o.-basoil, P.s.-kushmandi, Dinajpur, Dakshin Dinajpur, পশ্চিমবঙ্গ	NO_DIGITS_EITHER_RECORD
S1-38855375	S3-479011166	True	F_Location	False	Jay Trading Private Limited	jaytrading.com	Dakshin Dinajpur, West Bengal, Najrul Islam, Vill.-Nurullakuri, P.O.-Basoil, P.S.-Kushmandi, Dinajpur, C/O	C/o, Najrul Islam, Vill.-nurullakuri, P.o.-basoil, P.s.-kushmandi, Dinajpur, Dakshin Dinajpur, WB	NO_DIGITS_EITHER_RECORD
S1-897478893	S3-311291342	True	C_SigToken+D_Prefix4	True	Vijaynagar Hotel Pvt Ltd	Vijaynagar Hotel Pvt	1225/1, 1 St Floor, Manuvanavijaynagar, Bangalore, Vijaynagar, Bangalore, Karnataka		TARGET_MISSING_ADDRESS
S1-633137129	S2-246455547	True	F_Location	False	Jai Hospitality Limited	जय हॉस्पिटैलिटी लिमिटेड	Uttar Pradesh, Jaitpur Mudia, Budaun, C/O Yadram, Badaun	C/O YADRAM, JAITPUR MUDIA, BUDAUN, BADAUN, उत्तर प्रदेश	NO_DIGITS_EITHER_RECORD
S1-440993679	S2-844863355	True	C_SigToken+D_Prefix4	True	Technologies Zoom Hospitality Public Limited	Technologies Zoom Hospitality Public	Door No. 46/521-B, Anakath Building, P.O. Ponnani South, Malappuram, Malappuram, Malapuram, Kerala		TARGET_MISSING_ADDRESS
S1-730528537	S2-792696280	True	F_Location	False	Kaverora Estates Private Limited	Miraevoveo	3Rd Floor, Nana Shankar Sheth Smruti, Jagannath Shankarsheth Marg, Thakurdwar, Kalbadevi, 41A, Mumbai City, Maharashtra, Mumbai	41A, 3RD FLOOR, NANA SHANKAR SHETH SMRUTI, JAGANNATH SHANKARSHETH MARG, THAKURDWAR, KALBADEVI, MUMBAI CITY, MUMBAI, Maharashtra	NO_DIGITS_EITHER_RECORD
S1-245996797	S3-732550203	True	F_Location	False	One Infotech	ಒನ್ ಇನ್‌ಫೋಟೆಕ್	Sai Pratham, No.48, Banjara Orchards Kanakagiri Kalkere, Near Om Shakthi Temp, Le, Bangalore, Karnataka	Sai Pratham, Bangalore, KA	TARGET_LACKS_DIGITS
S1-245996797	S3-90296956	True	F_Location	False	One Infotech	ಒನ್ ಇನ್‌ಫೋಟೆಕ್	Sai Pratham, No.48, Banjara Orchards Kanakagiri Kalkere, Near Om Shakthi Temp, Le, Bangalore, Karnataka	Sai Pratham, Bangalore, KA	TARGET_LACKS_DIGITS
S1-828933415	S2-43349838	True	F_Location	False	First Industries Private Limited	ಫಸ್ಟ್ ಇಂಡಸ್ಟ್ರೀಸ್ ಪ್ರೈವೇಟ್ ಲಿಮಿಟೆಡ್	C/O. Kasturi, Dn05/43, Kasturi Nivasa, Jodukatte, Miyar, Karkala, Udupi, Karnataka	SOUTH KARNATAKA REGION, Karnataka, C/O. KASTURI	TARGET_LACKS_DIGITS
S1-828933415	S2-160257780	True	F_Location	False	First Industries Private Limited	ಫಸ್ಟ್ ಇಂಡಸ್ಟ್ರೀಸ್ ಪ್ರೈವೇಟ್ ಲಿಮಿಟೆಡ್	C/O. Kasturi, Dn05/43, Kasturi Nivasa, Jodukatte, Miyar, Karkala, Udupi, Karnataka	C/O. KASTURI, SOUTH KARNATAKA REGION, Karnataka	TARGET_LACKS_DIGITS
S1-828933415	S2-51486369	True	F_Location	False	First Industries Private Limited	ಫಸ್ಟ್ ಇಂಡಸ್ಟ್ರೀಸ್ ಪ್ರೈವೇಟ್ ಲಿಮಿಟೆಡ್	C/O. Kasturi, Dn05/43, Kasturi Nivasa, Jodukatte, Miyar, Karkala, Udupi, Karnataka	C/O. KASTURI, SOUTH KARNATAKA REGION, Karnataka	TARGET_LACKS_DIGITS
S1-154258177	S2-274338168	True	C_SigToken+D_Prefix4	True	Focus Exports Private Limited	Focus Exports Private	House No - 730, Sector-7, Urban Estate, Karnal, Haryana		TARGET_MISSING_ADDRESS
S1-414692978	S2-206929370	True	F_Location	False	One Jay Builders Private Limited	वन जय बिल्डर्स प्राइवेट लिमिटेड	Plot No. 128, 9-10, Dividing Road, Sector-10, Faridabad, Haryana	PLOT NO. 28, FARIDABAD, Haryana	NAME_DISJOINT_AND_NO_DIGIT_LOC_COOCCURRENCE
S1-414692978	S3-271232745	True	F_Location	False	One Jay Builders Private Limited	वन जय बिल्डर्स प्राइवेट लिमिटेड	Plot No. 128, 9-10, Dividing Road, Sector-10, Faridabad, Haryana	Door No 12, Faridabad, HR	NAME_DISJOINT_AND_NO_DIGIT_LOC_COOCCURRENCE
S1-414692978	S3-852474912	True	F_Location	False	One Jay Builders Private Limited	वन जय बिल्डर्स प्राइवेट लिमिटेड	Plot No. 128, 9-10, Dividing Road, Sector-10, Faridabad, Haryana	No 12, Faridabad, HR	NAME_DISJOINT_AND_NO_DIGIT_LOC_COOCCURRENCE
S1-274785679	S3-731106082	True	F_Location	False	Pioneer Finance Private Limited	पायोनियर फाइनेंस प्राइवेट लिमिटेड	204 Shyamkamal Bulding Atejpal Road Opp Ville Parle (E), Mumbai, Maharashtra	20 Shyamkamal Bulding Atejpal Road Opp Ville Parle (E), Mumbai, MH	NAME_DISJOINT_AND_NO_DIGIT_LOC_COOCCURRENCE
S1-646401673	S2-464011614	True	C_SigToken+D_Prefix4	True	Swaminarayan Chemicals Private Limited	Swaminarayan Chemicals Private Ltd | www.swaminaray.com	West Bengal, North 24 Parganas, 24 Pgs North, Baguihati, De-15 Deshbandhu Nagar		TARGET_MISSING_ADDRESS
S1-523306037	S2-747754084	True	C_SigToken+D_Prefix4	True	Ayush Consultants Private Limited	Ayush Consultants Limited Center	Vishwakarma Wood Works Compound Opp Jivabhai Patel Farm, Iocl Petrol Pum, P, Vadodara, Gujarat		TARGET_MISSING_ADDRESS
S1-28452587	S2-889897568	True	F_Location	False	Jay Power Private Limited	जय पावर प्राइवेट लिमिटेड	Ground Floor, Dream Mansion Apartment B-10 Vijay Nagar, Rukunpura, Patna, Bihar	GROUND FLOOR, PATNA, RUKUNPURA, बिहार	TARGET_LACKS_DIGITS
S1-28452587	S2-797663819	True	F_Location	False	Jay Power Private Limited	जय पावर प्राइवेट लिमिटेड	Ground Floor, Dream Mansion Apartment B-10 Vijay Nagar, Rukunpura, Patna, Bihar	GROUND FLOOR, RUKUNPURA, PATNA, बिहार	TARGET_LACKS_DIGITS
S1-70723113	S3-499958897	True	F_Location	False	Innovative It Private Limited	ઇનોવેટિવ આઈટી પ્રાઇવેટ લિમિટેડ	Patel Chmr, Near Real Plaza, First Floor Shop No. 3, Village:Lalpar, Taluka:Morvi, Rajkot, Gujarat	Rajkot, Patel Chmr, GJ, Rajkot	TARGET_LACKS_DIGITS
S1-70723113	S3-362009859	True	F_Location	False	Innovative It Private Limited	ઇનોવેટિવ આઈટી પ્રાઇવેટ લિમિટેડ	Patel Chmr, Near Real Plaza, First Floor Shop No. 3, Village:Lalpar, Taluka:Morvi, Rajkot, Gujarat	Patel Chmr, Rajkot, ગુજરાત	TARGET_LACKS_DIGITS
S1-70723113	S3-982292659	True	F_Location	False	Innovative It Private Limited	ઇનોવેટિવ આઈટી પ્રાઇવેટ લિમિટેડ	Patel Chmr, Near Real Plaza, First Floor Shop No. 3, Village:Lalpar, Taluka:Morvi, Rajkot, Gujarat	Patel Chmr, Rajkot, GJ	TARGET_LACKS_DIGITS
S1-19099893	S2-677906703	True	F_Location	False	Ganganth Farms Limited	PYRASYN	Gat No 205, Kasurdi Kheba, Kasurdi Saswad Link Road, Bhor, Pune, Maharashtra	महाराष्ट्र, BHOR, GAT NO 05, PUNE, KASURDI KHEBA, KASURDI SASWAD LINK ROAD	NAME_DISJOINT_AND_NO_DIGIT_LOC_COOCCURRENCE
S1-869432099	S2-916658286	True	F_Location	False	Hari Finance Pvt Ltd	हरि फाइनेंस प्रा. लि.	C/O Lifeline Polyclinic, Flat No 03 Chandan Apart., Palghar, Thane, Maharashtra	C/O LIFELINE POLYCLINIC, PALGHAR, THANE, Maharashtra	TARGET_LACKS_DIGITS
S1-869432099	S3-20728334	True	C_SigToken+D_Prefix4	True	Hari Finance Pvt Ltd	Hari Finance Pvt Ltd.	C/O Lifeline Polyclinic, Flat No 03 Chandan Apart., Palghar, Thane, Maharashtra		TARGET_MISSING_ADDRESS
S1-869432099	S3-551146117	True	F_Location	False	Hari Finance Pvt Ltd	हरि फाइनेंस प्रा. लि.	C/O Lifeline Polyclinic, Flat No 03 Chandan Apart., Palghar, Thane, Maharashtra	C/o Lifeline Polyclinic, Palghar, Thane, MH	TARGET_LACKS_DIGITS
S1-739868128	S2-755047361	True	F_Location	False	Ss Systems Private Limited	ಎಸ್ಎಸ್ ಸಿಸ್ಟಮ್ಸ್ ಪ್ರೈವೇಟ್ ಲಿಮಿಟೆಡ್	Amaraja Jothi School Road, Kolar, Mulbagal, Near Sathyanarayana Swamy Temple, Karnataka	Karnataka, NEAR SATHYANARAYANA SWAMY TEMPLE, KOLAR, MULBAGAL	NO_DIGITS_EITHER_RECORD
S1-678358571	S2-835662079	True	F_Location	False	Apparels Ventures Pvt Ltd	Shri apparelsventures.com	Bhullanpur Pac, Lakhanpur, Varanasi, Uttar Pradesh	BHULLANPUR PAC, LAKHANPUR, VARANASI, उत्तर प्रदेश	NO_DIGITS_EITHER_RECORD
S1-232635593	S3-921535774	True	C_SigToken+D_Prefix4	True	Diamonds Financial Private Limited	Diamonds Financial Limited Services	First Floor, Plotno. 50-C, Must No. 34, Killa No. 22, New Delhi, South West Delhi, Delhi		TARGET_MISSING_ADDRESS
S1-679946606	S2-401188880	True	C_SigToken+D_Prefix4	True	Kay International School Group	Kay International School LLP	# D-50 Panchsheel Enclave, Bishanpura, Zirakpur, Mohali, Punjab		TARGET_MISSING_ADDRESS
S1-54920192	S3-278490837	True	F_Location	False	Modern Global Private Limited	मॉडर्न ग्लोबल प्राइवेट लिमिटेड	H No.101 Blk-Kp Pankaj, Tower Pitampura, Delhi, North West Delhi, Delhi	Blk-kp Pankaj, Delhi, North West Delhi, DL	TARGET_LACKS_DIGITS
S1-54920192	S3-299797541	True	F_Location	False	Modern Global Private Limited	मॉडर्न ग्लोबल प्राइवेट लिमिटेड	H No.101 Blk-Kp Pankaj, Tower Pitampura, Delhi, North West Delhi, Delhi	Blk-kp Pankaj, Delhi, North West Delhi, DL	TARGET_LACKS_DIGITS
S1-54920192	S3-301096429	True	F_Location	False	Modern Global Private Limited	मॉडर्न ग्लोबल प्राइवेट लिमिटेड	H No.101 Blk-Kp Pankaj, Tower Pitampura, Delhi, North West Delhi, Delhi	Blk-kp Pankaj, Delhi, North West Delhi, दिल्ली	TARGET_LACKS_DIGITS
S1-110626050	S3-215130678	True	C_SigToken+D_Prefix4	True	Sen Charitable Trust	Sen Charitab1e (Trust)	Hno 16-115/6, Floor 2 Vadanapuri Colony, Beerumguda, Patancheru, Medak, Telangana		TARGET_MISSING_ADDRESS
S1-12940739	S2-517612913	True	F_Location	False	Bright Premier Logistics Private Limited	బ్రైట్ ప్రీమియర్ లాజిస్టిక్స్ ప్రైవేట్ లిమిటెడ్	C501, Aparna Cyberlife, Kanchi Gachibowli Road, Nallagandla, Serilingampally, K.V.Rangareddy, Telangana	C##501, APARNA CYBERLIFE, KANCHI GACHIBOWLI ROAD, NALLAGANDLA, RANGA REDDY, K.V.RANGAREDDY, Telangana	NAME_DISJOINT_AND_NO_DIGIT_LOC_COOCCURRENCE
S1-276295880	S2-540202523	True	C_SigToken	True	Baba It LLP	Mr BABA LLP PARTNERS	38 Vivekananda Rd, Kol, Calcutta, West Bengal		TARGET_MISSING_ADDRESS
S1-680557416	S2-809424378	True	C_SigToken+D_Prefix4	True	Anand Tech Private Limited	ANAND LIMITED PRIVATE TECH	5 Sultanpurestate Mehrauli, New Delhi, South Delhi, Delhi		TARGET_MISSING_ADDRESS
S1-915158897	S2-975859703	True	F_Location	False	Life Business	लाइफ बिजनेस	Mahaveer Marg, Sadar Bazar, Nimbahera, Chittorgarh, Rajasthan	MAHAVEER MARG, CHITTORGARH, Rajasthan	NO_DIGITS_EITHER_RECORD
S1-915158897	S3-611248645	True	F_Location	False	Life Business	लाइफ बिजनेस	Mahaveer Marg, Sadar Bazar, Nimbahera, Chittorgarh, Rajasthan	Mahaveer Marg, Nimbahera, Chittorgarh, RJ	NO_DIGITS_EITHER_RECORD
S1-383694692	S2-709415198	True	F_Location	False	Hari Industries Limited	हरि इंडस्ट्रीज लिमिटेड	Plot No. 24, Sect No - 19E Turbe, Navi Mumbai, Thane, Maharashtra	0024, SECT NO - 19E TURBE, NAVI MUMBAI, THANE, महाराष्ट्र	NAME_DISJOINT_AND_NO_DIGIT_LOC_COOCCURRENCE
S1-383694692	S2-247611707	True	F_Location	False	Hari Industries Limited	हरि इंडस्ट्रीज लिमिटेड	Plot No. 24, Sect No - 19E Turbe, Navi Mumbai, Thane, Maharashtra	PLOT NO. 0024, SECT NO - 19E TURBE, NAVI MUMBAI, THANE, Maharashtra	NAME_DISJOINT_AND_NO_DIGIT_LOC_COOCCURRENCE
S1-315887518	S3-587373298	True	F_Location	False	Dream Products Private Limited	ड्रीम प्रोडक्ट्स प्राइवेट लिमिटेड	C/O Premnarayan Jaiswal Rani Kothi K Pas Guraiya Road, Chhindwara, Madhya Pradesh	MP, Chhindwara, Plot 781 C/o Premnarayan Jaiswal Rani Kothi K Pas Guraiya Road	NAME_DISJOINT_AND_NO_DIGIT_LOC_COOCCURRENCE
S1-44721051	S2-126204081	True	F_Location	False	Khalilabad Shine Limited	kha1ilabadshine.com	Khalilabad, Station Road, Sant Kabir Nagar, Palika Market Sant Kabir Nagar, Uttar Pradesh	STATION ROAD, PALIKA MARKET SANT KABIR NAGAR, KHALILABAD, Uttar Pradesh	NO_DIGITS_EITHER_RECORD
S1-318364307	S3-489944940	True	F_Location	False	RFR Services Corporation	rfrservices.com	Fl-B, 1A Hari Bhabha Street, (Kidderpore) Lp- U.G, Kolkata, Kolkata, 1St-Fr, West Bengal, Howrah	#1St-Fr, Fl-b, 1A Hari Bhabha Street, (Kidderpore) Lp- U.g, Kolkata, Kolkata, Howrah, WB	NO_DIGITS_EITHER_RECORD
S1-287407170	S2-116289412	True	F_Location	False	Sudharma Cycle Limited	Zétasol	C/O Ramsangji Kanji, 13 Meghmangal Nagar Nr. Baba Wadi, Mandvi, Kachchh, Gujarat	C/O RAMSANGJI KANJI, MANDVI, KACHCHH, Gujarat	TARGET_LACKS_DIGITS
S1-782774912	S2-114336055	True	F_Location	False	Apex Lakshmi Technologies Private Limited	അപെക്സ് ലക്ഷ്മി ടെക്നോളജീസ് പ്രൈവറ്റ് ലിമിറ്റഡ്	Vyapara Bhavanmarket Road Changanacherry, Kottayam, Kerala	VYAPARA BHAVANMARKET ROAD CHANGANACHERRY, KOTTAYAM, Kerala	NO_DIGITS_EITHER_RECORD
S1-782774912	S3-888687407	True	F_Location	False	Apex Lakshmi Technologies Private Limited	അപെക്സ് ലക്ഷ്മി ടെക്നോളജീസ് പ്രൈവറ്റ് ലിമിറ്റഡ്	Vyapara Bhavanmarket Road Changanacherry, Kottayam, Kerala	Vyapara Bhavanmarket Road Changanacherry, Kottayam, KL	NO_DIGITS_EITHER_RECORD
S1-554499724	S3-662953264	True	C_SigToken+D_Prefix4	True	Supreme Management Private Limited	Supreme Management Private	South Delhi, Delhi, 50 Masi Garh Iind Floor Opp Sukhdev Vihar, New Delhi		TARGET_MISSING_ADDRESS
S1-554499724	S3-775382291	True	C_SigToken+D_Prefix4	True	Supreme Management Private Limited	Supreme Management Private Limited Enterprises	South Delhi, Delhi, 50 Masi Garh Iind Floor Opp Sukhdev Vihar, New Delhi		TARGET_MISSING_ADDRESS
S1-924970400	S3-496449507	True	C_SigToken+D_Prefix4	True	Meenesh Management	Meenesh (Partners)	Kanpur, 117/H-1/93, Uttar Pradesh		TARGET_MISSING_ADDRESS
S1-525120134	S2-734353570	True	C_SigToken+D_Prefix4	True	5Th Main Sahakarinagar Nidhi LLP	5Th Main LLP Nidhi Sahakarinagar	1192, A Block3Rd Cross, 5Th Main Sahakarinagar, Bangalore, Karnataka		TARGET_MISSING_ADDRESS
S1-370816476	S3-196051216	True	C_SigToken+D_Prefix4	True	Oswal Traders Private Limited	Oswal Traders Private	Sugankunj, 29, Mahaveer Colonye V K Sampath Road Vepery Chennai 600 007, Chennai 600 007, Tamil Nadu		TARGET_MISSING_ADDRESS
S1-181770021	S3-961731485	True	F_Location	False	Chandraksh Services Private Limited	CS	C/O Prashant Kumar, Village Bakhtiarpur, Simri Bakhtiarpur, Saharsa, Bihar	C/O Prashant Kumar, Village Bakhtiarpur, Simri Bakhtiarpur, Saharsa, Bihar	NO_DIGITS_EITHER_RECORD
S1-897305540	S3-648951922	True	C_SigToken	True	Pioneer Agro Pvt Ltd	Mr Pioneer AGRO PVT LTD	New No.9, Old No.4, Basement, 12Th Cross St., Shastri Nagar, Adyar, Chennai, Tamil Nadu		TARGET_MISSING_ADDRESS
S1-321818285	S3-890269573	True	C_SigToken	True	Planet Traders Limited	Dr Planet Limited Services	Ankamvetti Kavala, Puthupariyaram P.O, Manakkadu, Thodupuzha, Thodupuzha, Idukki, Kerala		TARGET_MISSING_ADDRESS
S1-139391892	S3-228375790	True	C_SigToken+D_Prefix4	True	Flower (India) Niketan Corp	Flower (India) - 8137495084	Wardley House 25 Swallowlane 4Th Floor P S Hare Street, Kolkata, Calcutta, West Bengal		TARGET_MISSING_ADDRESS
S1-81721698	S3-257321489	True	C_SigToken+D_Prefix4	True	Shriram Institute of Technology	Shriram-Institute Of Partners	24-B, Tejaji Nagar, Mahesh Nagar Mode Gopalpura Bye Pass, Jaipur, Rajasthan		TARGET_MISSING_ADDRESS
S1-511073849	S2-166329257	True	F_Location	False	North Logistics Private Limited	नॉर्थ लॉजिस्टिक्स प्राइवेट लिमिटेड	Pune, Near Gauri Aali Chowk, Nr Bhimale Sabagru, Ha, Maharashtra, Pune, Cts No. 432 Guruwar Peth	CTS NO. 32 GURUWAR PETH, NEAR GAURI AALI CHOWK, NR BHIMALE SABAGRU, HA, PUNE, महाराष्ट्र	NAME_DISJOINT_AND_NO_DIGIT_LOC_COOCCURRENCE
S1-80750207	S2-278392735	True	C_SigToken	True	Guru Builders Private Limited	The Guru Builders Private Limited	Govind Prajapat S/O Bhagwan Lal Rathasen Chonk, Sinhad, Nathdwara, Rajsamand, Rajasthan		TARGET_MISSING_ADDRESS
S1-62444142	S3-449199305	True	F_Location	False	All Care Pvt Ltd	ऑल केयर प्रा. लि.	C/O Ashok Walunje, H No. 32, Gat No. 27/P, Mhada, Aurangabad, Maharashtra	C/o Ashok Walunje, Aurangabad, MH	TARGET_LACKS_DIGITS
S1-893077528	S2-833665696	True	C_SigToken+D_Prefix4	True	Shree Logistics LLP	Shree  LLP Center	6878/22, Mohar Singh Ngr, Ambedkar Nagar, Ludhiana, Punjab		TARGET_MISSING_ADDRESS
S1-548488276	S3-423205132	True	C_SigToken+D_Prefix4	True	Gold Super Agro Private Limited	Gold Super Agro ప్రైవేట్ లిమిటెడ్	Rangareddy, Hyderabad, Telangana, Dgs Prime 6Th Floor Sy No 11/32 & 11/33 Khanamet Village Sherlingampalli		TARGET_MISSING_ADDRESS
S1-130225247	S3-975921488	True	C_SigToken+D_Prefix4	True	Marketing Ramky Producer Center	Marketing Ramky Center Próducer	Flat No 1003, A Wing, 10Th Floor, Konark Orchid, Haveli, Pune, Maharashtra		TARGET_MISSING_ADDRESS
S1-209262995	S2-175454520	True	F_Location	False	VM Impex Private Limited	Halorizanyla	Unit 4B, Mumbai, 4Th Floor, Lodha Excelus, Apollo Mills Compound, N.M Joshi Marg, Mahalaxmi, Maharashtra, Mumbai	UNIT 4B, MUMBAI, महाराष्ट्र	NO_DIGITS_EITHER_RECORD
S1-667085689	S2-326078706	True	C_SigToken+D_Prefix4	True	CFD Foundation Public Limited	CFD FOUNDATION PUBLIC LTD	26/5/A A. M. Ghosh Road Budge Budge, 24 Parganas (S), Kolkata, Parganas South, West Bengal		TARGET_MISSING_ADDRESS
S1-70555295	S3-465892092	True	F_Location	False	White Industries Private Limited	ವೈಟ್ ಇಂಡಸ್ಟ್ರೀಸ್ ಪ್ರೈವೇಟ್ ಲಿಮಿಟೆಡ್	Plot 153B, Bommasandra Industrial Area, Phase Ii Anekal Taluk, Bangalore, Bangalore Rural, Karnataka	H.no 203 Plot 153B, Bommasandra Industrial Area, Phase Ii Anekal Taluk, Bangalore, Bangalore Rural, ಕರ್ನಾಟಕ	NAME_DISJOINT_AND_NO_DIGIT_LOC_COOCCURRENCE
S1-513810543	S3-655927291	True	C_SigToken+D_Prefix4	True	Kapila Management Limited	Kapila Mangement Limited	14 Netaji Subhas Road3Rd Floor Ps Hare Street, Kolkata, Calcutta, West Bengal		TARGET_MISSING_ADDRESS
S1-953275076	S3-303892092	True	C_SigToken+D_Prefix4	True	Angel Logistics Private Limited	Angel-Logistics Private	P-80 Ground Floor, Jaypee Wish Town Sector 131 Gautam Budha Nagar, Noida, Gautam Buddha Nagar, Uttar Pradesh		TARGET_MISSING_ADDRESS
S1-180541154	S2-17699198	True	F_Location	False	Kapil Nursing Home Clinic	KNHOME.COM	Rajasthan, Ajmer, Shri Ganesh Industrial Area, Ajmer, Gegal	SHRI GANESH INDUSTRIAL AREA, AJMER, राजस्थान	NO_DIGITS_EITHER_RECORD
S1-189641412	S3-649161476	True	F_Location	False	Madhav Holdings	Malvh Holdings	21A, Navithan Thottam Velliankadu, Thennampalayam Extn, Tirupur, Coimbatore, Tamil Nadu	021A, Tirupur, TN	NO_DIGITS_EITHER_RECORD
S1-644883771	S3-853911769	True	D_Prefix4	True	St Tech Private Limited	St Tch Private Limited	C - 167, Alpha - 1, Greater Noida, Noida, Gautam Buddha Nagar, Uttar Pradesh		TARGET_MISSING_ADDRESS
S1-980103851	S2-413668347	True	F_Location	False	South Infra Private Limited	സൗത്ത് ഇൻഫ്ര പ്രൈവറ്റ് ലിമിറ്റഡ്	Alumkadavu P.O., Maruthurkulangara, Firdouse, Kerala, Kollam, Karunagappally	FIRDOUSE, ALUMKADAVU P.O., MARUTHURKULANGARA, KARUNAGAPPALLY, KOLLAM, കേരളം	NO_DIGITS_EITHER_RECORD
S1-980103851	S2-738602755	True	F_Location	False	South Infra Private Limited	സൗത്ത് ഇൻഫ്ര പ്രൈവറ്റ് ലിമിറ്റഡ്	Alumkadavu P.O., Maruthurkulangara, Firdouse, Kerala, Kollam, Karunagappally	FIDOUSE, ALUMKADAVU P.O., MARUTHURKULANGARA, KARUNAGAPPALLY, KOLLAM, Kerala	NO_DIGITS_EITHER_RECORD
S1-980103851	S3-588751258	True	F_Location	False	South Infra Private Limited	സൗത്ത് ഇൻഫ്ര പ്രൈവറ്റ് ലിമിറ്റഡ്	Alumkadavu P.O., Maruthurkulangara, Firdouse, Kerala, Kollam, Karunagappally	Firdouse, Alumkadavu P.o., Maruthurkulangara, Divreportingcircle, Karunagappally, KL	NO_DIGITS_EITHER_RECORD
S1-162433474	S2-523017497	False	None (Missed by G too)	True	Green It Private Limited	GREEN IT PRIVTAE LIMITED	Office No 220 2Nd Floor, Global Business Park, Zirakpur, Mohali, Punjab		TARGET_MISSING_ADDRESS
S1-314921286	S3-452339680	True	C_SigToken+D_Prefix4	True	OBZ Petro Limited	OBZ Limited Services	1104, Panchasheel Chs Gokuldham Goregaon East, Mumbai, Mumbai City, Maharashtra		TARGET_MISSING_ADDRESS
S1-703937171	S3-447101697	True	F_Location	False	New Delhi Services Pvt. Ltd.	newdelhiservicescom	Fc-51, Shivaji Enclave, Rajouri Garden, New Delhi, North East, Delhi	New Delhi, Fc-0051, North East, Shivaji Enclave, Rajouri Garden, DL	NAME_DISJOINT_AND_NO_DIGIT_LOC_COOCCURRENCE
S1-983505850	S2-722349696	True	F_Location	False	Mm Home Pvt. Ltd.	MM PVT. LTD. CENTER	Adarsh Nagar Nr Balaji P. School, Haryana, Faridabad	ADARSH NAGAR NR BALAJI P. SCHOOL, FARIDABAD, Haryana	NO_DIGITS_EITHER_RECORD
S1-983505850	S3-20984582	True	F_Location	False	Mm Home Pvt. Ltd.	Veraquogild	Adarsh Nagar Nr Balaji P. School, Haryana, Faridabad	Adarsh Nagar Nr Balaji P. School, Faridabad, Palwal, HR	NO_DIGITS_EITHER_RECORD
S1-915080416	S2-317612204	True	F_Location	False	Sunrise Trading Private Limited	सनराइज ट्रेडिंग प्राइवेट लिमिटेड	21St Floor Astralia Supernova, Sector 94, Noida, Ghaziabad, Uttar Pradesh	21ST/9 FLOOR ASTRALIA SUPERNOLA, GAUTAM BUDDH NAGAR, GHAZIABAD, Uttar Pradesh	NAME_DISJOINT_AND_NO_DIGIT_LOC_COOCCURRENCE
S1-915080416	S2-216062230	True	F_Location	False	Sunrise Trading Private Limited	सनराइज ट्रेडिंग प्राइवेट लिमिटेड	21St Floor Astralia Supernova, Sector 94, Noida, Ghaziabad, Uttar Pradesh	21ST/9 FLOOR ASTRALIA SUPERNOVA, GAUTAM BUDDH NAGAR, GHAZIABAD, उत्तर प्रदेश	NAME_DISJOINT_AND_NO_DIGIT_LOC_COOCCURRENCE
S1-244763880	S2-513985007	True	C_SigToken+D_Prefix4	True	MIV Developers Private Limited	MIV Private Limited Services	B-2/316, Sitapur Road, Lucknow, Uttar Pradesh		TARGET_MISSING_ADDRESS
S1-830610123	S2-357917405	True	F_Location	False	Tech Logistics Private Limited	ടെക് ലോജിസ്റ്റിക്സ് പ്രൈവറ്റ് ലിമിറ്റഡ്	Ix 174A, Screl Avenue Kakanchery, Near Kinfra Techno Park, Kakanchery, Malappuram, Malapuram, Kerala	IX 174A, SCREL AVENUE KAKANCHERY, NEAR KINFRA TECHNO PARK, KAKANCHERY, MALAPPURAM, MALAPURAM, Kerala	NO_DIGITS_EITHER_RECORD
S1-830610123	S3-700707742	True	F_Location	False	Tech Logistics Private Limited	ടെക് ലോജിസ്റ്റിക്സ് പ്രൈവറ്റ് ലിമിറ്റഡ്	Ix 174A, Screl Avenue Kakanchery, Near Kinfra Techno Park, Kakanchery, Malappuram, Malapuram, Kerala	Ix 0174A, Screl Avenue Kakanchery, Near Kinfra Techno Park, Kakanchery, Malapuram, Malappuram, KL	NO_DIGITS_EITHER_RECORD
S1-940673372	S3-777351885	True	C_SigToken+D_Prefix4	True	Advaitha Educational Society	Advaitha Educati0nal Society	No Ix/483, Grand Central, Edachira, Kakkanad P O, Ernakulam, Kerala		TARGET_MISSING_ADDRESS
S1-433962250	S2-309942998	True	F_Location	False	Dream Tech Private Limited	ड्रीम टेक प्राइवेट लिमिटेड	D-19, Ground Floor Main Road, Kanti Nagar, Delhi, East Delhi, Delhi	D-17, GROUND FLOOR MAIN ROAD, KANTI NAGAR, EAST DELHI, DELHI	NAME_DISJOINT_AND_NO_DIGIT_LOC_COOCCURRENCE
S1-433962250	S2-242420278	True	F_Location	False	Dream Tech Private Limited	Novibrix	D-19, Ground Floor Main Road, Kanti Nagar, Delhi, East Delhi, Delhi	D-17, EAST DELHI, DELHI	NAME_DISJOINT_AND_NO_DIGIT_LOC_COOCCURRENCE
S1-433962250	S2-170026373	True	F_Location	False	Dream Tech Private Limited	ड्रीम टेक प्राइवेट लिमिटेड	D-19, Ground Floor Main Road, Kanti Nagar, Delhi, East Delhi, Delhi	GROUND FLOOR MAIN ROAD, KANTI NAGAR, EAST DELHI, D-17, Delhi	NAME_DISJOINT_AND_NO_DIGIT_LOC_COOCCURRENCE
S1-192098859	S2-284343842	True	C_SigToken+D_Prefix4	True	Balaji Developers Private Limited	BALAJI DEVELOPER5 PRIVATE [LTD]	127/B, 2Nd Main Bapuji Nagar, Mysore Road, Bangalore, Karnataka		TARGET_MISSING_ADDRESS
S1-982727978	S2-150709407	True	C_SigToken+D_Prefix4	True	Radhika Road Health Pvt Ltd	RADHIKA ROD HEALTH PVT LTD	Office No.- Ff-05, First Floor Satara City Business Centre, Radhika Road, Satara, Maharashtra		TARGET_MISSING_ADDRESS
S1-714715499	S2-284315886	True	C_SigToken+D_Prefix4	True	Chandauli Infrastructures Pvt. Ltd.	CHANDAULI IHNFRASLRUNRES PVT. LTD.	C/O Brij Raj Mishra S/O Ramsakal Mishra Vill Majhwar, Po Chandauli, Chandauli, Uttar Pradesh		TARGET_MISSING_ADDRESS
S1-916865561	S2-429482293	True	F_Location	False	Innovative Global Private Limited	इनोवेटिव ग्लोबल प्राइवेट लिमिटेड	F-84B, 3Rd Floor, Street No. 4, Mangal Bajar Laxmi Nagar, Delhi, East Delhi, Delhi	F-84B, N/A, DELHI	TARGET_LACKS_DIGITS
S1-919399202	S2-101160439	True	F_Location	False	Malad East Granite Private Limited	@maladeast	Office No. 101, Maharashtra, Malad East, Mumbai, Vaishno Heights, C Wing, First Floor	OFFICE NO. 10, VAISHNO HEIGHTS, C WING, FIRST FLOOR, MALAD EAST, Maharashtra	NAME_DISJOINT_AND_NO_DIGIT_LOC_COOCCURRENCE
S1-919399202	S3-615558609	True	C_SigToken+D_Prefix4	True	Malad East Granite Private Limited	Malad East Granite Private	Office No. 101, Maharashtra, Malad East, Mumbai, Vaishno Heights, C Wing, First Floor		TARGET_MISSING_ADDRESS
S1-841424354	S3-425132072	True	C_SigToken+D_Prefix4	True	Al Smart Agro	Al Smegrrt Agro	C.S. No. 8426 A/1, Plot No. 191/222, Laxmi Peth Damani Nagar, Solapur North, Solapur, Maharashtra		TARGET_MISSING_ADDRESS
S1-69333104	S2-756485987	True	F_Location	False	Tech Business	ടെക് ബിസിനസ്	Kottayi House, Perumanna (Po), Kozhikode, Kerala	KOTTAYI HOUSE, PERUMANNA (PO), KOZHIKODE, Kerala	NO_DIGITS_EITHER_RECORD
S1-69333104	S3-882516070	True	F_Location	False	Tech Business	ടെക് ബിസിനസ്	Kottayi House, Perumanna (Po), Kozhikode, Kerala	Kottayi House, Kozhikode, KL	NO_DIGITS_EITHER_RECORD
S1-836805173	S2-865423602	True	C_SigToken+D_Prefix4	True	Gujarat Marketing Limited	GUJARAT MARKETIG LIMITED	A-601, Bhairav Off Veera Desai Road, Andheri (W), Mumbai, Mumbai City, Maharashtra		TARGET_MISSING_ADDRESS
S1-319806222	S2-711972245	True	F_Location	False	International Consulting Private Limited	इंटरनेशनल कंसल्टिंग प्राइवेट लिमिटेड	Shirin Manzil B Block4 Dinbai Petit Street, Mumbai, Maharashtra	SHIRIN MANZIL B BLOCK4 DINBAI PETIT STREET, MUMBAI, महाराष्ट्र	NO_DIGITS_EITHER_RECORD
S1-319806222	S2-468709697	True	F_Location	False	International Consulting Private Limited	इंटरनेशनल कंसल्टिंग प्राइवेट लिमिटेड	Shirin Manzil B Block4 Dinbai Petit Street, Mumbai, Maharashtra	SHIRIN MANZIL B BLOCK4 DINBAI PETIT STREET, MUMBAI, महाराष्ट्र	NO_DIGITS_EITHER_RECORD
S1-344795493	S3-823660053	True	C_SigToken+D_Prefix4	True	Bali Institute of Technology	Bali Ifsttifet Of Technology	41-B, Pasu Marthy Street, United India Colony, Kodambakkam, Chennai-24., Tamil Nadu		TARGET_MISSING_ADDRESS
S1-908231011	S2-457532126	True	C_SigToken+D_Prefix4	True	Karthikeya Tech Ltd	Karthikeya Ltd  Services	115 Jodhpur Park, Kolkata, Howrah, West Bengal		TARGET_MISSING_ADDRESS
S1-282171136	S3-35730895	True	C_SigToken	True	Angira Hospital	Dr Angira Hospital	15, Khokhar Complex New Officers Colony, Patiala, Punjab		TARGET_MISSING_ADDRESS
S1-336714736	S3-840969169	True	C_SigToken+D_Prefix4	True	Oliver Trading Private Limited	Oliver Tráding Limited Services	41/3249/D2, 3Rd Floor, Holy Family Building Aashirbhavan Lane, Banerjee Road, Cochin, Kerala		TARGET_MISSING_ADDRESS
S1-230927550	S2-42787929	True	C_SigToken+D_Prefix4	True	Solutions Amg Chits Private Limited	Solutions Amg Private Limited Center	No-3/381, Akdr Towers, 4Th Floor Rajiv Gandhi Salai Omr, Mettukuppam, Chennai, Kanchipuram, Tamil Nadu		TARGET_MISSING_ADDRESS
S1-749225745	S3-562757782	True	C_SigToken	True	Karthikeya Tech Pvt Ltd	Shri Karthikeya TECH PVT LTD	28, Fifth Street, Modern Park, Kolkata, Kolkata, Howrah, West Bengal		TARGET_MISSING_ADDRESS
S1-71791437	S2-678852031	True	C_SigToken	True	Natural Finance Pvt. Ltd.	Sri Natural Finbnme  Pvt. Ltd.	Shop 131 Balaji Plazzo, D.Lumbha, Bardoli, Surat, Gujarat		TARGET_MISSING_ADDRESS
S1-89607014	S3-996766535	True	F_Location	False	Phi Holdings	Brixecto	Sudipta Sarkar C/O-Lt. Sushil Sarkar Water Works, Complex 2Nd Floor, Kolkata, Kolkata, Howrah, West Bengal	Sudipta Sarkar C/O-Lt. Sushil Sarkar Water Works, Complex 2Nd Floor, Kolkata, Kolkata, Howrah, West Bengal	NO_DIGITS_EITHER_RECORD
S1-158270214	S3-127881067	True	F_Location	False	Antarctica Drums Private Limited	Xyloxylo+	Office No. 4I, 4Th Floor, Vijay Chambers, Tribhuwan Marg, Dreamland Cinema, Grant, Road, Mumbai, Mumbai City, Maharashtra	Office No. 4I, 4Th Floor, Vijay Chambers, Tribhuwan Marg, Dreamland Cinema, Grant, Road, Mumbai, Mumbai City, Maharashtra	NO_DIGITS_EITHER_RECORD
S1-146831633	S2-126478243	True	C_SigToken+D_Prefix4	True	Shah Properties Private Limited	Shah Properties Prlivadcte Limited	Shop No.4 Ground Floor In Krishna Residency Plot No.60 & 61, Gut No. 30. Itkheda Chh.Sambhajinagar, Aurangabad, Maharashtra		TARGET_MISSING_ADDRESS
S1-977057041	S2-147898454	True	F_Location	False	We Sangh	M/s Xylopyra	C/O Amandeep Singh, Delhi Road, Ramgarh, Alwar, Rajasthan	BLOCK F-371 C/O AMANDEEP SINGH, ALWAR, राजस्थान, NULL	NAME_DISJOINT_AND_NO_DIGIT_LOC_COOCCURRENCE
S1-389818777	S2-458540027	True	F_Location	False	Swastik Investments Limited	സ്വസ്തിക് ഇൻവെസ്റ്റ്മെന്റ്സ് ലിമിറ്റഡ്	Kerala, 560A/1St Floor Koippurathu Building Prayikkara Mavelikara Kerala, Alappuzha, Mavelikara	#00560A/1ST FLOOR KOIPPURATHU BUILDING PRAYIKKARA MAVELIKARA KERALA, MAVELIKARA, ALAPPUZHA, Kerala	NO_DIGITS_EITHER_RECORD
S1-444456369	S2-546584876	True	F_Location	False	Growth & Co Limited	Gnioaih + Co Limited	Dravid Farm Khasra No- 6499, Jaipur-Delhi Highway, Jaipur, Rajasthan	DRAVID FARM KHASRA NO- 649, JAIPUR-DELHI HIGHWAY, JAIPUR, DAUSA, Rajasthan	NAME_DISJOINT_AND_NO_DIGIT_LOC_COOCCURRENCE
S1-301069017	S2-691579200	True	F_Location	False	Amrit & Co	Afrgrmft & Co	Satna, In C/O Kaidilal Vishwakar, Raghurajnagar, Madhya Pradesh, Ma, Ward No. 37	IN C/O KAIDILAL VISHWAKAR, RAGHURAJNAGAR, SATNA, Madhya Pradesh	TARGET_LACKS_DIGITS
S1-461541923	S2-671416940	True	F_Location	False	Good Producer	गुड प्रोड्यूसर	Rajasthan, Alwar, Upla Sonawa Near Scheme No.8, C/O Shambhu Singh Naruka, Alwar	C/O SHAMBHU SINGH NARUKA, ALWAR, राजस्थान	TARGET_LACKS_DIGITS
S1-724088018	S3-244711615	True	C_SigToken	True	Maru Seva Samiti	Smt MARU SEVA Samiti	4614-16 Main Road, Pahari Dhiraj, Sadar Bazar, New Delhi, Delhi		TARGET_MISSING_ADDRESS
S1-468382952	S2-383321629	True	C_SigToken+D_Prefix4	True	Shree Systems Pvt Ltd	Shree Systems Pvt	74/3C, Chakraberia Road, (North), Kolkata, Kolkata, Howrah, West Bengal		TARGET_MISSING_ADDRESS
S1-831210601	S2-188843049	True	F_Location	False	North Healthcare Private Limited	नॉर्थ हेल्थकेयर प्राइवेट लिमिटेड	Vill Koila Belwa, Tola, Koila Belwa Kalyanpur, Chakia, East Champaran, Bihar	VILL KOILA BELWA, CHAKIA, EAST CHAMPARAN, Bihar	NO_DIGITS_EITHER_RECORD
S1-831210601	S2-783203286	True	F_Location	False	North Healthcare Private Limited	नॉर्थ हेल्थकेयर प्राइवेट लिमिटेड	Vill Koila Belwa, Tola, Koila Belwa Kalyanpur, Chakia, East Champaran, Bihar	VILL KOILA BELWA, TOLA, KOILA BELWA KALYANPUR, EAST CHAMPARAN, CHAKIA, Bihar	NO_DIGITS_EITHER_RECORD
S1-831210601	S2-557332102	True	F_Location	False	North Healthcare Private Limited	नॉर्थ हेल्थकेयर प्राइवेट लिमिटेड	Vill Koila Belwa, Tola, Koila Belwa Kalyanpur, Chakia, East Champaran, Bihar	VILL KOILA BELWA, TOLA, KOILA BELWA KALYANPUR, EAST CHAMPARAN, CHAKIA, Bihar	NO_DIGITS_EITHER_RECORD
S1-831210601	S3-459057880	True	F_Location	False	North Healthcare Private Limited	नॉर्थ हेल्थकेयर Private Limited	Vill Koila Belwa, Tola, Koila Belwa Kalyanpur, Chakia, East Champaran, Bihar	Vill Koila Belwa, East Champaran, Chakia, BR	NO_DIGITS_EITHER_RECORD
S1-831210601	S3-542670353	True	F_Location	False	North Healthcare Private Limited	नॉर्थ हेल्थकेयर प्राइवेट लिमिटेड	Vill Koila Belwa, Tola, Koila Belwa Kalyanpur, Chakia, East Champaran, Bihar	Vill Koila Belwa, East Champaran, Chakia, BR	NO_DIGITS_EITHER_RECORD
S1-959031597	S2-718880992	True	F_Location	False	Classic Consulting Limited	क्लासिक कंसल्टिंग लिमिटेड	C/O-Bandu Raibhan Markad, Tq Georai, Gevrai, Beed, Maharashtra	DOOR NO 203 C/O-BANDU RAIBHAN MARKAD, TQ GEORAI, BEED, GEVRAI, Maharashtra	NAME_DISJOINT_AND_NO_DIGIT_LOC_COOCCURRENCE
S1-959031597	S3-607908825	True	F_Location	False	Classic Consulting Limited	क्लासिक कंसल्टिंग लिमिटेड	C/O-Bandu Raibhan Markad, Tq Georai, Gevrai, Beed, Maharashtra	C/o-bandu Raibhan Markad, Beed, Gevrai, MH	NO_DIGITS_EITHER_RECORD
S1-283654510	S3-803122329	True	F_Location	False	High Healthcare Pvt Ltd	ಹೈ ಹೆಲ್ತ್‌ಕೇರ್ ಪ್ರೈವೇಟ್ ಲಿಮಿಟೆಡ್	Flat No. 705, S V Spring Woods, Kanakapura Main Road, Thalaghattapura, Bangalore South, Bangalore, Karnataka	No 05, Bangalore, Bangalore South, ಕರ್ನಾಟಕ	NAME_DISJOINT_AND_NO_DIGIT_LOC_COOCCURRENCE
S1-283654510	S3-559739036	True	F_Location	False	High Healthcare Pvt Ltd	ಹೈ ಹೆಲ್ತ್‌ಕೇರ್ ಪ್ರೈವೇಟ್ ಲಿಮಿಟೆಡ್	Flat No. 705, S V Spring Woods, Kanakapura Main Road, Thalaghattapura, Bangalore South, Bangalore, Karnataka	Flat No. 05, KA, Bangalore, Bangalore South	NAME_DISJOINT_AND_NO_DIGIT_LOC_COOCCURRENCE
S1-84958895	S2-269239647	True	F_Location	False	Real It Pvt Ltd	ರಿಯಲ್ ಐಟಿ ಪ್ರೈವೇಟ್ ಲಿಮಿಟೆಡ್	C/O S B Avaradi, Kodi, Wad Rd Atpo Sattigeri, Saundatti, Belgaum, Karnataka	PLOT 352 C/O S B AVARADI, KODI, WAD RD ATPO SATTIGERI, SAUNDATTI, BELGAUM, Karnataka	NAME_DISJOINT_AND_NO_DIGIT_LOC_COOCCURRENCE
S1-436807107	S2-140104981	True	F_Location	False	Bright Technologies Private Limited	ब्राइट टेक्नोलॉजीज प्राइवेट लिमिटेड	Anil Clinic Hospital Road, Udaipur, Rajasthan	ANIL CLINIC HOSPITAL ROAD, UDAIPUR, Rajasthan	NO_DIGITS_EITHER_RECORD
S1-732518513	S3-354595010	True	C_SigToken+D_Prefix4	True	Transform Vegetables Pvt. Ltd.	Transform Vegetables Pvt Ltd	Karnataka, Bangalore North, Bangalore, 3Rd Floor # 52, Mfar Manyata Tech Park, Nagavara		TARGET_MISSING_ADDRESS
S1-122144908	S3-281833664	True	C_SigToken	True	Jubilant Developers Limited	Mr Jubilant Developers  Limited	32/1 Lenin Sarani, Kolkata, Calcutta, West Bengal		TARGET_MISSING_ADDRESS
