s1_id	target_id	recoverable_by_F	s1_name	target_name	s1_address	target_address	s1_tokens	target_tokens	s1_digits	target_digits	s1_loc_tokens	target_loc_tokens	s1_match_count	s1_has_other_bcde_match
S1-160752631	S3-650176274	True	West Interstate Digital LLC	Veozephgild	Norwalk, 4347 Medina Drive, IA	Medina Drive, Norwalk, Iowa	west,interstate,digital	veozephgild	4347		norwalk,medina	medina,norwalk,iowa	1	False
S1-326626722	S2-927342266	False	TY Cap Inc	TY Inc Partners	IL, Bolingbrook, 623 Boughton Road, Unit 130		cap	partners	623,130		bolingbrook,boughton		1	False
S1-471438897	S2-222299906	True	Quality Lane, LLC	BRIXLYRAARC	85 Hays Lane, London, AR	LONDON, 86 HAYS LN, AR	quality,lane	brixlyraarc	85	86	hays,london	london,hays	2	True
S1-400443543	S2-37953920	True	B 8 Innovative Technologies Inc	*** Yumazephcalo	WY, 1901 James, Natrona	JAMES, CASPER, WY	innovative	yumazephcalo	1901		james,natrona	james,casper	4	True
S1-369714892	S2-737999990	True	Continental Family Practice	Halosol	1309 13th Avenue, Lanett, AL	AL, LANETT, 130 13TH AVENUE	continental,family,practice	halosol	1309	130	lanett	lanett	2	True
S1-282627836	S3-33992120	True	Stafford County, Town Of	sctown.com	96 Truslow Road, Unit UNIT 115, Stafford County, VA	096 Truslow Rd, Fredericksburg, Virginia	stafford,county,town	sctown,com	96,115	096	truslow,stafford,county	truslow,fredericksburg,virginia	4	True
S1-812267462	S3-93040934	True	Sile Noonan, D.D.S., P.C.	Xylowex	2159 Saint Pierre Road, Sheldon, VT	Saint Pierre Rd, Sheldon, Vermont	sile,nonan	xylowex	2159		saint,pierre,sheldon	saint,pierre,sheldon,vermont	6	True
S1-193921123	S2-31452250	True	Jasper Fisheries	fisheriesjasper.com	Bldg 58, KY, 2161 19th Street, Owensboro	216 19th St, OWENSBORO, KY	jasper,fisheries	fisheriesjasper,com	58,2161	216	bldg,owensboro	owensboro	4	True
S1-6055646	S2-58095463	True	Sterling P.C.	P.C. STERBICNG	852 Centurion Lane, Unit RM 216R, Houma, LA	CENTURION LN, HOUMA, LA	sterling	sterbicng	852		centurion,houma	centurion,houma	3	True
S1-459084536	S2-348489892	True	Haney Direct Park Inc.	DIRECTPARK.COM	20 Boulder Mountain Drive, Flat Rock, NC	BOULDER MOUNTAIN DR, FLAT ROCK, NC	haney,direct,park	directpark,com	20		boulder,mountain,flat,rock	boulder,mountain,flat,rock	4	True
S1-205972190	S2-765294131	True	Bay Mitsubishi	Verabelo	Daingerfield, 304 Dale Avenue, TX	128 DALE AVENUE, DAINGERFIELD, TX	bay,mitsubishi	verabelo	304	128	daingerfield,dale	dale,daingerfield	3	True
S1-197591399	S3-248820879	True	Reliable Graf	Iriwex	1900 Kildare Woods Drive, Greensboro, NC	900 Kildare Woods Dr, PMB 8560, Greensboro, North Carolina	reliable,graf	iriwex	1900	900,8560	kildare,woods,greensboro	kildare,woods,pmb,greensboro,north,carolina	6	True
S1-814660713	S3-837366828	True	Blinnie Webb Printing Inc	@blinniewebb	3245 Grande Vista Drive, San Bernardino, CA	003245 Grande Vista Drive, San Bernardino, California	blinnie,webb,printing	blinniewebb	3245	003245	grande,vista,san,bernardino	grande,vista,san,bernardino,california	7	True
S1-276029089	S2-961123282	True	Schmidt Rock	5chmidt R0ck	WI, City Of Muskego, W177S8111 Brennan Drive	W177S811 BRENNAN DR, PO BOX 4403, CITY OF MUSKEGO, WI	schmidt,rock	5chmidt,r0ck		4403	city,muskego,brennan	brennan,pobox,city,muskego	4	True
S1-139294046	S2-47466231	True	Fanni Fu Telefonica LLC	@fannifu	8299 Beech Grove Road, Martinsville, IN	MARTINSVILLE, IN, 829 BEECH GROVE ROAD	fanni,telefonica	fannifu	8299	829	beech,grove,martinsville	martinsville,beech,grove	7	True
S1-886512108	S3-35546461	True	The Dent Bike Shop	dentbikeshop.com	15478 Red Hawk Road, Willis, TX	0015478 Red Hawk Road, Willis, Texas	dent,bike,shop	dentbikeshop,com	15478	0015478	red,hawk,willis	red,hawk,willis,texas	5	True
S1-640791773	S2-702659496	True	Kemoo Inc	KEMEO-INC	644 Copperdale Lane, Coal Creek, CO	00644 COPPERDALE LN, COAL CREEK, CO	kemo	kemeo	644	00644	copperdale,coal,creek	copperdale,coal,creek	4	True
S1-778063317	S2-227518826	True	Hassler Mountain Coinshares	hmcoinshares.com	IL, Riverdale, 13947 Wabash Avenue	WABASH AVE, RIVERDALE, IL	hassler,mountain,coinshares	hmcoinshares,com	13947		riverdale,wabash	wabash,riverdale	5	True
S1-89879526	S3-65373489	True	Hilliard Pioneer Northland Inc.	northlandpioneer.com	168 Danvers Road, Congerville, IL	168A Danvers Road, Congerville, Illinois	hilliard,pioner,northland	northlandpioner,com	168		danvers,congerville	danvers,congerville,illinois	4	True
S1-284751271	S3-112138509	True	Tucson Economic Development Trust	Ariazeph	1410 Santa Cruz Lane, Tucson, AZ	Santa Cruz Ln, Tucson, Arizona	tucson,economic,development,trust	ariazeph	1410		santa,cruz,tucson	santa,cruz,tucson,arizona	5	True
S1-344502610	S2-198144249	True	Maid Seafood!	Xyloriza	7 Point Place, Mount Pleasant, NY	Point Pl, MOUNT PLEASANT, NY	maid,seafod	xyloriza	7		point,mount,pleasant	point,mount,pleasant	5	True
S1-527592960	S3-916676534	True	Ironworkers Local Union 106 PC	unionlocalironworkers.com	11862 Reservoir Road, Wayland, NY	Reservoir Road, Wayland, New York	ironworkers,local,union,106	unionlocalironworkers,com	11862		reservoir,wayland	reservoir,wayland,new,york	3	True
S1-838840792	S3-118627526	True	Regional Premier, Inc	>> Nexzetariza	New Bern, 4206 Rawley Road, NC	4206c Rawley Rd, New Bern, North Carolina	regional,premier	nexzetariza	4206		new,bern,rawley	rawley,new,bern,north,carolina	2	True
S1-328873928	S3-274519308	True	Slate	Salt	MO, 12105 Pomona Avenue, Kansas City	012105 Pomona Ave, Kansas City, Missouri	slate	salt	12105	012105	pomona,kansas,city	pomona,kansas,city,missouri	4	True
S1-864660863	S2-53300687	True	Letech LP	Lstehc LP LP	157 Leicester Highway, Unit 309, Asheville, NC	LEICESTER HIGHWAY, ASHEVILLE, NC	letech	lstehc	157,309		leicester,asheville	leicester,asheville	4	True
S1-14633037	S2-313500546	True	Going Coffee	G0ING-COFFEE	430 Winthrop Drive, Unit 42, Findlay, OH	43 WINTHROP DR, FINDLAY, OH	going,coffe	g0ing,coffee	430,42	43	winthrop,findlay	winthrop,findlay	4	True
S1-321790434	S2-808077387	True	Red Cafe	rcafe.com	195 December Road, Madrid, AL	895 December Road, MADRID, AL	red,cafe	rcafe,com	195	895	december,madrid	december,madrid	7	True
S1-321790434	S2-966091135	True	Red Cafe	REDCAFE.COM	195 December Road, Madrid, AL	895 DECEMBER RD, AL, MADRID	red,cafe	redcafe,com	195	895	december,madrid	december,madrid	7	True
S1-811957774	S2-899427995	True	Integrated Vehicle	@integratedvehicle	AZ, Safford, 711 11th Street	713 ELEVENTH STREET, SAFFORD, AZ	integrated,vehicle	integratedvehicle	711	713	safford	eleventh,safford	6	True
S1-565551957	S2-982839186	False	X & W Flexible	X W & Fceeixble	7623 80, KY, Mayfield		flexible	fceixble	7623,80		mayfield		2	True
S1-401709098	S3-762622399	True	Perez Electric	Tavoumbra	197 Carter Field Road, North Andover, MA	Carter Field Rd, North Andover, Massachusetts	perez,electric	tavoumbra	197		carter,field,north,andover	carter,field,north,andover,massachusetts	4	True
S1-325216385	S2-942194623	True	JSG Harbor Fortune	#JSGHARBOR	Fl 1, Chandler, AZ, 4 130th Place	004 130TH PLACE, CHANDLER, AZ	jsg,harbor,fortune	jsgharbor	1,4	004	chandler	chandler	4	True
S1-356706315	S2-472924230	True	Ridgeline Gores Inc	Ectociranex	943 Fremont Street, Washington City, UT	94 FREMONT STREET, WASHINGTON CITY, UT	ridgeline,gores	ectociranex	943	94	fremont,washington,city	fremont,washington,city	5	True
S1-494471528	S2-36296537	False	Straight Edge Barbershop	Deltazeta	10848 54th Lane, Phoenix, AZ	54TH LN, LAVEEEN, AZ	straight,edge,barbershop	deltazeta	10848		phoenix	laveeen	3	True
S1-638118067	S2-62757840	True	Dental Medicine LLC	Nylásyn	200 Division Street, WI, City Of Stevens Point, Unit H200	DIVISION STREET, CITY OF STEVENS POINT, WI	dental,medicine	nylasyn	200		division,city,stevens,point	division,city,stevens,point	5	True
S1-705517331	S3-357819816	True	Bureau of Veterans Affairs	Zetalumnex	NC, 624 Pawley Drive, Charlotte	00624 Pawley Drive, Charlotte, North Carolina	bureau,veterans,affairs	zetalumnex	624	00624	pawley,charlotte	pawley,charlotte,north,carolina	4	True
S1-902986286	S2-652177229	True	Segura Grid Inc	Belozeph	1535 Walnut Street, Helena, MT	001535 WALNUT STREET, HELENA, MT	segura,grid	belozeph	1535	001535	walnut,helena	walnut,helena	6	True
S1-261052276	S3-47149916	True	Education Guild	Evobrixveo	640 Federal Street, Chicago, IL	Federal Street, Chicago, Illinois	education,guild	evobrixveo	640		federal,chicago	federal,chicago,illinois	4	True
S1-286101444	S2-982780815	True	Dental Partners of Rockford Inc.	partnersrockford.com	1125 Grant Avenue, Rockford, IL	ROCKFORD, IL, Grant Ave	dental,partners,rockford	partnersrockford,com	1125		grant,rockford	rockford,grant	4	True
S1-226625920	S3-299904647	True	Metro Strategic Rock	Ect0dova	212 Meyer Lane, Sioux Falls, SD	21 Meyer Lane, Sioux Falls, South Dakota	metro,strategic,rock	ect0dova	212	21	meyer,sioux,falls	meyer,sioux,falls,south,dakota	3	True
S1-353737687	S3-965831826	True	J & X Antimony, L.L.C.	L.L.C. J & X Antnoocn,	2324 Brenda Lane, TX, Roanoke	Brenda Lane, Roanoke, Texas	antimony	antnocn	2324		brenda,roanoke	brenda,roanoke,texas	7	True
S1-866946030	S2-226941659	False	Tri-State Foundation LLC	TRISTATEFOUNDATION.COM	5045 121st Place, Alsip, IL	504 121RD PL, ASLIP CDP, IL	tri,state,foundation	tristatefoundation,com	5045	504	alsip	aslip,cdp	4	True
S1-347753629	S2-574830169	True	VC Atlanta	vcátlanta.com	1295 Spyglass Drive, Eugene, OR	OR, EUGENE, SPYGLASS DR	atlanta	vcatlanta,com	1295		spyglass,eugene	eugene,spyglass	5	True
S1-674830961	S3-363502417	True	Trinity Chapel	Jaxectonex	2247 Park Avenue, Burlington, NC	Park Ave, Burlington, North Carolina	trinity,chapel	jaxectonex	2247		park,burlington	park,burlington,north,carolina	4	True
S1-975216975	S2-50637387	True	Capital Health Center Memphis	healthcenter.com	915 Craigwood Drive, Memphis, TN	15 CRAIGWOOD DR, MEMPHIS, TN	capital,health,memphis	healthcenter,com	915	15	craigwood,memphis	craigwood,memphis	3	True
S1-870796649	S3-845245161	True	Edwards Holdings Group Inc	Erdas  Holdings Group Inc	5900 The Knolls, Lincoln, NE	5515 The Knolls, Lincoln, Nebraska	edwards	erdas	5900	5515	the,knolls,lincoln	the,knolls,lincoln,nebraska	7	True
S1-685806421	S2-402944680	True	Brooks & Easter Inc	éasterbrooks.com	34 Ottawa Street, Lowell, MA	34B OTTAWA ST, LOWELL, MA	broks,easter	easterbroks,com	34		ottawa,lowell	ottawa,lowell	5	True
S1-685806421	S2-446951415	True	Brooks & Easter Inc	BRÓOKSEASTER.COM	34 Ottawa Street, Lowell, MA	34B OTTAWA STREET, LOWELL, MA	broks,easter	brookseaster,com	34		ottawa,lowell	ottawa,lowell	5	True
S1-824239016	S2-105983447	True	Dominguez Industries L.L.C.	EVOBRIX	203 Pleasant Street, San Marcos, TX	PLEASANT STREET, SAN MARCOS, TX	dominguez	evobrix	203		pleasant,san,marcos	pleasant,san,marcos	5	True
S1-160043387	S3-517087137	True	Curry Star Soren	s0renstar.com	N9503 17th Avenue, Town Of Necedah, WI	17th Ave, Necedah, Wisconsin	curry,star,soren	s0renstar,com			town,necedah	necedah,wisconsin	4	True
S1-885793803	S3-991697582	True	Baum PC	Bmi-PC	305 Nora Avenue, Glenview, IL	00305 Nora Ave, Glenview, Illinois	baum	bmi	305	00305	nora,glenview	nora,glenview,illinois	4	True
S1-264870869	S2-109702181	True	86/31 Tax Service Inc	8631taxservice.com	90 Main Street, Unit C, Westminster, MA	0090 MAIN STREET, WESTMINSTER, MA	tax,service	8631taxservice,com	90	0090	main,westminster	main,westminster	4	True
S1-339345041	S2-621600391	True	Ear Nose & Throat Clinic of Leadville North LLC	earnosethroat.com	121 14th Street, CO, Leadville North	LEADVILLE NORTH, FOURTEENTH STREET, CO	ear,nose,throat,clinic,leadville,north	earnosethroat,com	121		leadville,north	leadville,north,fourteenth	4	True
S1-467866587	S2-209021085	True	Fredericka Gonzalez Clear Loan, LLC	Orbigild	17405 Glendale Avenue, Cleveland, OH	0017405 GLENDALE AVENUE, CLEVELAND, OH	fredericka,gonzalez,clear,loan	orbigild	17405	0017405	glendale,cleveland	glendale,cleveland	2	True
S1-452033999	S3-834162563	True	Ethyl Banks Colonial Annaly Inc.	@Ethylbanks	IL, Canton, 24686 Barker Drive	Barker Dr, Canton, Illinois	ethyl,banks,colonial,annaly	ethylbanks	24686		canton,barker	barker,canton,illinois	5	True
S1-876380435	S2-80616431	True	KV Aerospace	KV 5ervices	Herington, 811 C Street, KS	81 C ST, HERINGTON, KS	aerospace	5ervices	811	81	herington	herington	4	True
S1-85136368	S3-621206781	True	Ellettsville Urgent Care Integrated Center	... ellettsvilleurgentcare.com	423 Tulip Tree Court, Ellettsville, IN	00423 Tulip Tree Ct, Ellettsville, Indiana	ellettsville,urgent,care,integrated	ellettsvilleurgentcare,com	423	00423	tulip,tree,ellettsville	tulip,tree,ellettsville,indiana	5	True
S1-85136368	S3-352590455	True	Ellettsville Urgent Care Integrated Center	Eucare.Com	423 Tulip Tree Court, Ellettsville, IN	Indiana, Ellettsville, 00423 Tulip Tree Court	ellettsville,urgent,care,integrated	eucare,com	423	00423	tulip,tree,ellettsville	indiana,ellettsville,tulip,tree	5	True
S1-859146825	S2-482540082	True	Womens Health Global Physicians L.L.C.	globalwomenshealth.com	TN, Lancing, 129 Landrum Hill Road	LANDRUM HILL ROAD, LANCING, TN	womens,health,global,physicians	globalwomenshealth,com	129		lancing,landrum,hill	landrum,hill,lancing	5	True
S1-663096395	S2-831772339	True	Martin and Logan Group	@martinlogan	2175 Southern Avenue, Unit 133, Apache Junction, AZ	002175 SOUTHERN AVE, APACHE JUNCTION, AZ	martin,logan	martinlogan	2175,133	002175	southern,apache,junction	southern,apache,junction	8	True
S1-637938672	S2-991107073	True	Cardiology Medicine LLC	Pyraumbralum	2140 Prairie Field Place, Manhattan, KS	PRAIRIE FIELD PLACE, MANHATAN, KS	cardiology,medicine	pyraumbralum	2140		prairie,field,manhattan	prairie,field,manhatan	3	True
S1-993467063	S2-790990411	True	Drost School of Medicine	Zephgild	1225 Ellena, Casa Grande, AZ	122 ELLENA, PMB 9900, CASA GRANDE, AZ	drost,schol,medicine	zephgild	1225	122,9900	ellena,casa,grande	ellena,pmb,casa,grande	3	True
S1-185314739	S3-752458065	True	Wallis Comstock LLC	comstockwallis.com	136 Oakcrest Avenue, Port Angeles, WA	Oakcrest Ave, PT. Ageles, Washington	wallis,comstock	comstockwallis,com	136		oakcrest,port,angeles	oakcrest,ageles,washington	4	True
S1-398144002	S2-312303760	True	Sibyl's Bakery LLC	@SIBYLSBAKERY	337 Teakwood Terrace, Amherst, NY	NY, BUFFALO, 0195 TEAKWOOD TER	sibyl,bakery	sibylsbakery	337	0195	teakwood,amherst	buffalo,teakwood	4	True
S1-336357570	S2-641754569	True	Robertson All Sierra Inc	Ectociraarc	1605 River Road, Lavaca, AR	01605 RIVER RD, LAVAA, AR	robertson,all,sierra	ectocirarc	1605	01605	river,lavaca	river,lavaa	3	True
S1-548935587	S2-257059204	True	Sharona Bunting Athene Corp	DELTARIZA	5209 Tant Circle, Knightdale, NC	005209 TANT CIR, KNIGHTDALE, NC	sharona,bunting,athene	deltariza	5209	005209	tant,cir,knightdale	tant,cir,knightdale	2	True
S1-602029172	S3-630258153	False	F+ Blockchain LLC	F+ LLC Center	21 Trafton Street, York, ME		blockchain	center	21		trafton,york		3	True
S1-327775689	S2-193532501	True	Powell Memorial Tri-State Foundation	tristatememorialpowell.com	9504 Rambling Creek Way, Powell, TN	Rambling Creek Way, POWELL, TN	powell,memorial,tri,state,foundation	tristatememorialpowell,com	9504		rambling,creek,way,powell	rambling,creek,way,powell	4	True
S1-582268220	S3-920936779	True	Danit Maldonado, D.D.S.	Veracira	2504 Cliffbourne Place, Unit 1, Washington, DC	2287- Cliffbourne Pl, PO Box 3904, Washington, District of Columbia	danit,maldonado	veracira	2504,1	2287,3904	cliffbourne,washington	cliffbourne,pobox,washington,district,columbia	6	True
S1-401566394	S2-546903536	True	Ridge Pioneer Box, LLC	BRPIONEER.COM	96 Central Boulevard, Unit C, Bethany Beach, DE	0096 CENTRAL BLVD, BETHANY BEACH, DE	ridge,pioner,box	brpioneer,com	96	0096	central,bethany,beach	central,bethany,beach	6	True
S1-523850949	S2-438245222	True	Bureau of Education	FAYEYUMAZETA	1255 Poca River Road, Poca, WV	1255C POCA RIVER RD, POCA, WV	bureau,education	fayeyumazeta	1255		poca,river,poca	poca,river,poca	3	True
S1-766042058	S3-702889801	True	Enseex LLC	Eneeex  LLC	5 Bolton Place, Augusta County, VA	05 Bolton Pl, Fishersville, Virginia	ensex	enex	5	05	bolton,augusta,county	bolton,fishersville,virginia	4	True
S1-766042058	S3-806141412	True	Enseex LLC	Enesex LLC	5 Bolton Place, Augusta County, VA	05 Bolton Place, Augusta County, Virginia	ensex	enesex	5	05	bolton,augusta,county	bolton,augusta,county,virginia	4	True
S1-131884699	S3-524642994	True	Capital Society	societycapital.com	5833 Rolling Hills Boulevard, Lincoln, NE	5833b Rolling Hills Blvd, Lincoln, Nebraska	capital,society	societycapital,com	5833		rolling,hills,lincoln	rolling,hills,lincoln,nebraska	3	True
S1-229527836	S3-144187387	True	Birch LLC	Bh (LLC)	NC, Ayden, 4087 Pitt Street	408 Pitt Street, Ayden, North Carolina	birch		4087	408	ayden,pitt	pitt,ayden,north,carolina	4	True
S1-599869526	S3-396293193	False	Decarlo Heritage Electric LLC	Fayeyuma	8418 Ii, WI, Town Of Wolf River	8400 1/2 Ii, Fremont, Wisconsin	decarlo,heritage,electric	fayeyuma	8418	8400,1,2	town,wolf,river	fremont,wisconsin	5	True
S1-989617587	S3-849486057	True	Zephic Pinnacle LLC	@zephicpinnacle	353 Lynda Street, Mount Airy, NC	Lynda Street, Mount Airy Township, North Carolina	zephic,pinnacle	zephicpinnacle	353		lynda,mount,airy	lynda,mount,airy,township,north,carolina	5	True
S1-385307492	S2-448976915	True	Syndyne, Inc	Círabrixtavo	2704 Glacier Avenue, Unit Unit 4, Redmond, OR	2632 GLACIER AVE, OR, REDMOND	syndyne	cirabrixtavo	2704,4	2632	glacier,redmond	glacier,redmond	5	True
S1-420919123	S3-947027063	True	The Dent Barbershop LLC	bdent.com	118 Pond Street, Unit 1, Natick, MA	18 Pond St, Natick, Massachusetts	dent,barbershop	bdent,com	118,1	18	pond,natick	pond,natick,massachusetts	5	True
S1-463923249	S3-881039351	True	Community Chiropractic	Brixevo	6915 Dianthus Drive, St. George City, LA	06915 Dianthus Dr, St. George City, Louisiana	community,chiropractic	brixevo	6915	06915	dianthus,george,city	dianthus,george,city,louisiana	7	True
S1-727226427	S2-987605007	True	Biehl Unified Iheartmedia LLC	CALOGILD	VA, Hanover County, 7434 Wrexham Circle	WREXHAM CIRCLE, MECHANICSVILLE, VA	biehl,unified,iheartmedia	calogild	7434		hanover,county,wrexham,cir	wrexham,cir,mechanicsville	5	True
S1-930096714	S3-229713777	True	Dental Group	Dematln Group	2120 Bluebird Lane, Highland, IN	212 Bluebird Ln, Highland, Indiana	dental	dematln	2120	212	bluebird,highland	bluebird,highland,indiana	7	True
S1-473038674	S3-254900337	True	Fisher & Lange Inc	Jaxorbi	215 3rd Avenue, City Of Onalaska, WI	Third Ave, City Of Onalaska, Wisconsin	fisher,lange	jaxorbi	215		city,onalaska	third,city,onalaska,wisconsin	3	True
S1-257371623	S2-25416020	True	NC Virginia, Inc	Viovantage	2305 Penn Avenue, Minneapolis, MN	MINNEAPOLIS, 2223 PENN AVENUE, MN	virginia	viovantage	2305	2223	penn,minneapolis	minneapolis,penn	6	True
S1-257371623	S3-33179397	True	NC Virginia, Inc	NC Inc Service	2305 Penn Avenue, Minneapolis, MN	Penn Ave, Minneapolis, Minnesota	virginia	service	2305		penn,minneapolis	penn,minneapolis,minnesota	6	True
S1-753735450	S2-169589057	True	Vision Clinic of Oakwood Inc	Tavoonyx	65 Delta Drive, Oakwood, IL	1 DELTA DRIVE, OAKWOOD, IL	vision,clinic,oakwod	tavonyx	65	1	delta,oakwood	delta,oakwood	4	True
S1-743548191	S3-43755267	True	Bean Legacy Dominion Group	Gildecto	4103 Ridge Path Road, Spring, TX	<NULL>, Texas, Spring, 103 Ridge Path Rd	bean,legacy,dominion	gildecto	4103	103	ridge,path,spring	texas,spring,ridge,path	3	True
S1-394315817	S2-953099744	True	Falcon LP	Falln LP	1920 Greenwood Avenue, Fort Smith, AR	GREENWOOD AVENUE, FT SMITH, AR	falcon	falln	1920		greenwood,fort,smith	greenwood,smith	3	True
S1-823106936	S2-303653613	True	West Advanced Abrdn, LLC	advancedabrdn.com	52 Kimberly Court, Wareham, MA	052 KIMBERLY CT, WAREHAM, MA	west,advanced,abrdn	advancedabrdn,com	52	052	kimberly,wareham	kimberly,wareham	2	True
S1-439652185	S2-755323652	True	Heartland Summit Tavia LLC	Vioevo	53 Saint Germain Street, Quincy, Unit LEFT, MA	Saint Germain Street, QUINCY, MA	heartland,summit,tavia	vioevo	53		saint,germain,quincy,left	saint,germain,quincy	3	True
S1-161428345	S3-561756807	True	Dois Trust Inc	Vantageectovera	Manhattan, KS, 6024 Patterson Drive	Manhattan, Kansas, 005948 Patterson Dr	dois,trust	vantagectovera	6024	005948	manhattan,patterson	manhattan,kansas,patterson	4	True
S1-922645221	S2-57432382	True	Sweet Tattoo LLC	SWEET TANOO (LLC)	5112 Wonder Lake Road, Wonder Lake, IL	WONDER LAKE RD, WONDER LAKE, IL	swet,tatto	sweet,tanoo	5112		wonder,lake,wonder,lake	wonder,lake,wonder,lake	4	True
S1-55124480	S2-459152005	True	Dynamic Mobility Partners	partnersmobility.com	711 8th Street, Unit 711, Littlefield, TX	71 8TH ST, TX, LITTLEFIELD	dynamic,mobility,partners	partnersmobility,com	711,711	71	littlefield	littlefield	5	True
S1-517440584	S3-870552474	True	Wright Diana Inc	wdiana.com	Michigan City, IN, 210 Lady Lane	#190 Lady Ln, Michigan City, Indiana	wright,diana	wdiana,com	210	190	michigan,city,lady	lady,michigan,city,indiana	6	True
S1-606397037	S3-53159856	True	Uptown Tattoo!	@uptowntattoo	7844 Cape Charles Drive, Raleigh, NC	784 Cape Charles Drive, Raleigh, North Carolina	uptown,tatto	uptowntatto	7844	784	cape,charles,raleigh	cape,charles,raleigh,north,carolina	3	True
S1-527339698	S3-884207470	True	Synia-Louisville	Fluxsol | www.fluxsol.com	1321 S 4th St, Unit 5, Louisville, KY	S 4th St, Louisville, Kentucky	synia,louisville	fluxsol,www,fluxsol,com	1321,5		louisville	louisville,kentucky	4	True
S1-735351999	S2-124646184	True	Tri-State Keystone Old	tristatekeystoneoldcom	11117 Woodland Avenue, Cleveland, OH	1117 WOODLAND AVENUE, OH, CLEVELAND	tri,state,keystone,old	tristatekeystoneoldcom	11117	1117	woodland,cleveland	woodland,cleveland	4	True
S1-194788356	S2-859745137	True	Daque Starwood, Inc	Tav0zeph	9087 Shipyard Lane, Blaine, WA	SHIPYARD LN, BLAINE, WA	daque,starwod	tav0zeph	9087		shipyard,blaine	shipyard,blaine	4	True
S1-678510003	S3-157654265	True	@ Style 2 It Inc	... Style2.Com	511 Virginia Street, Bethalto, IL	51 Virginia St, Bethalto, Illinois	style	style2,com	511	51	virginia,bethalto	virginia,bethalto,illinois	5	True
S1-255722643	S2-606012084	True	Horizon Electronics Dynamics	dynamicshorizonelectronics.com	18650 Thompson Peak Parkway, Fl 1, Scottsdale, AZ	018650 THOMPSON PEAK PKWY, SCOTTSDALE, AZ	horizon,electronics,dynamics	dynamicshorizonelectronics,com	18650,1	018650	thompson,peak,pkwy,scottsdale	thompson,peak,pkwy,scottsdale	5	True
S1-129724614	S3-989050557	True	C R Lehman Bumrungrad Inc	Calotavocira	1213 Monitor Avenue, Chicago, IL	01213 Monitor Ave, Chicago, Illinois	lehman,bumrungrad	calotavocira	1213	01213	monitor,chicago	monitor,chicago,illinois	3	True
S1-843721935	S3-545355531	True	Levue Global PLLC	lglobal.com	6105 Shrimpers Row, Houma, LA	Shrimpers Row, Houma, Louisiana	levue,global,pllc	lglobal,com	6105		shrimpers,row,houma	shrimpers,row,houma,louisiana	5	True
S1-634722071	S3-399359419	True	Desert Pediatrics Inc.	@Désertpediatrics	21604 Twitch Court, Porter, TX	1604 Twitch Court, Porter, Texas	desert,pediatrics	desertpediatrics	21604	1604	twitch,porter	twitch,porter,texas	5	True
S1-671198425	S3-136680243	True	Preferred Appliance Group	Gildumbrafaye	27 Pennwood Drive, Brookhaven, NY	Pennwood Dr, Brookhaven, New York	preferred,appliance	gildumbrafaye	27		pennwood,brookhaven	pennwood,brookhaven,new,york	4	True
S1-146732601	S2-414967067	True	Redyne LLC	Deltaxylofaye	7 Cirrus Drive, Unit 7204, Ashland, MA	7A CIRRUS DR, ASHLAND, MA	redyne	deltaxylofaye	7,7204		cirrus,ashland	cirrus,ashland	3	True
S1-212587898	S2-447031291	True	Malone Corporation	Ma1one  Corp	N1848 Forest Lake Road, Town Of Auburn, WI	WI, TOWN OF AUBURN, #N1848 FOREST LAKE ROAD	malone	ma1one			forest,lake,town,auburn	town,auburn,forest,lake	6	True
S1-212587898	S3-376794339	False	Malone Corporation	Mallone Corporation	N1848 Forest Lake Road, Town Of Auburn, WI		malone	mallone			forest,lake,town,auburn		6	True
S1-823624831	S2-886108919	True	Jackson Ventures	@jacksonventures	1020 Crockett Drive, TX, Burleson	1015 CROCKETT DRIVE, BURLESON, TX	jackson,ventures	jacksonventures	1020	1015	crockett,burleson	crockett,burleson	3	True
S1-790956512	S2-722251566	True	O/I Direct LLC	OIDIRECT.COM	9409 Crestwood Manor Drive, Fl 0, Saint Louis, MO	009409 Crestwood Manor Drive, SAINT LOUIS, MO	direct	oidirect,com	9409,0	009409	crestwood,manor,saint,louis	crestwood,manor,saint,louis	4	True
S1-637120067	S2-439587828	True	JJ Cdt	jjcdt.com	1915 7th Street, Peru, IL	1914 SEVENTH STREET, PERU CDP, IL	cdt	jjcdt,com	1915	1914	peru	seventh,peru,cdp	6	True
S1-908828337	S2-200111988	True	TTO Piedmont Bancshares Inc	@tt0piedmont	10 Everit Place, Smithtown, NY	010 EVERIT PLACE, SMITHTOWN, NY	tto,piedmont,bancshares	tt0piedmont	10	010	everit,smithtown	everit,smithtown	4	True
S1-18644843	S3-777074537	True	Preferred Mountain Hotels Company	Dovaevo	15 School Street, Auburn, NY	School St, Auburn, New York	preferred,mountain,hotels	dovaevo	15		school,auburn	school,auburn,new,york	4	True
S1-774933744	S2-898970675	True	Basalt Inc	BA5ALT-INC	Tacoma, 1108 126th Street Court, WA	110 126TH STREET COURT, TACOMA, WA	basalt	ba5alt	1108	110	tacoma	tacoma	4	True
S1-324592643	S2-843917072	True	Jemie Snow Generating LLC	JSG	211 Running Cedar Lane, Henrico County, VA	RUNNING CEDAR LN, HENRICO COUNTY, VA	jemie,snow,generating	jsg	211		running,cedar,henrico,county	running,cedar,henrico,county	3	True
S1-90336854	S2-356103154	True	Sova LLC	... Sa LLC	8047 Starnes Randall Road, Charlotte, NC	STARNES RANDALL ROAD, CHARLOTTE, NC	sova		8047		starnes,randall,charlotte	starnes,randall,charlotte	3	True
S1-550203684	S3-23619347	True	Carpenters Local Union 69	Lyraxyloyuma	19168 Quintana Road, Willow Beach, AZ	Dolan Springs, Quintana Road, Arizona	carpenters,local,union	lyraxyloyuma	19168		quintana,willow,beach	dolan,springs,quintana,arizona	3	True
S1-633324339	S3-172137843	True	Rosanna Buchheit Frontier Chile	Drexgild	5272 Lake Beach Court, Shoreview, MN	Lake Beach Ct, Shoreview, Minnesota	rosanna,buchheit,frontier,chile	drexgild	5272		lake,beach,shoreview	lake,beach,shoreview,minnesota	2	True
S1-814734920	S2-947261406	True	Phaidra Hooks Fresh Tax Service LLC	Evosol	Lincoln County, OR, 6680 A Avenue	A AVE, null, LINCOLN COUNTY, OR	phaidra,hoks,fresh,tax,service	evosol	6680		lincoln,county	lincoln,county	3	True
S1-972217175	S2-300175850	True	Jenkins, Haslam & Wilson Specialty PC	Vantagenexiri	233 Breeden Road, De Soto, IL	IL, DE SOTO, BREEDEN RD	jenkins,haslam,wilson,specialty	vantagenexiri	233		breeden,soto	soto,breeden	5	True
S1-221289716	S2-749709247	True	FZB Cable	fzbcable.com	191 Lincoln Street, Lexington, MA	00191 LINCOLN STREET, LEXINGTON, MA	fzb,cable	fzbcable,com	191	00191	lincoln,lexington	lincoln,lexington	2	True
S1-107982349	S2-985913416	True	Saus Group	Ectosyn	1317 Delaware Street, Evansville, IN	01317 DELAWARE STREET, EVANSVILLE, IN	saus	ectosyn	1317	01317	delaware,evansville	delaware,evansville	6	True
S1-943249904	S2-700912460	True	Custom Twin Partners	NEXNEX	79 Tate Road, Otis, ME	TATE RD, ELLSWORTTH, ME	custom,twin,partners	nexnex	79		tate,otis	tate,ellswortth	7	True
S1-510228025	S2-967494962	True	Scholarship Federation	Dovafaye	1683 Dumplin Valley Road, TN, New Market	683 DUMPLIN VALLEY RD, null, NEW MARKET, TN	scholarship,federation	dovafaye	1683	683	dumplin,valley,new,market	dumplin,valley,new,market	4	True
S1-366520393	S2-387969176	False	Castillo Empire Bny	empirecastillo.com	1711 37th Avenue, Columbia Heights, MN	001711 37ST AVENUE, MINNEAOPLIS, MN	castillo,empire,bny	empirecastillo,com	1711	001711	columbia,heights	minneaoplis	6	True
S1-49146089	S3-168643763	True	Brown Clean Obic, Inc	@brownclean	10 Quail Run, Harwinton, CT	Quail Run, Harwinton Township, Connecticut	brown,clean,obic	brownclean	10		quail,run,harwinton	quail,run,harwinton,township,connecticut	3	True
S1-780376384	S2-625354945	True	Allied Project Co	Wexkelo	WI, City Of Menasha, 825 State Street	State St, CITY OF MENASHA, WI	allied,project	wexkelo	825		city,menasha,state	state,city,menasha	7	True
S1-773450475	S3-987171433	True	Coronado & Schaub Jones LLC	cór0nadoschaubjones.com	9022 Grace Street, Highland, IN	Grace St, Highland, Indiana	coronado,schaub,jones	cor0nadoschaubjones,com	9022		grace,highland	grace,highland,indiana	4	True
S1-118845767	S2-945178878	True	Solis Series of Phoenix LLC	Rizapyra	AZ, Phoenix, 7123 Park Street	PARK ST, LAVVEEN CITY, AZ	solis,series,phoenix	rizapyra	7123		phoenix,park	park,lavveen,city	4	True
S1-426255669	S3-163073686	True	Jardine Optics	@jardineoptics	3605 Anton Street, Prichard, AL	Anton Street, Prichard, Alabama	jardine,optics	jardineoptics	3605		anton,prichard	anton,prichard,alabama	3	True
S1-618341758	S2-601787368	True	C+ Works Partners	Lumxylo	10228 Fayettesville Road, Fauquier County, VA	FAYETTESVILLE RD, FAUQUIER COUNTY, VA	works,partners	lumxylo	10228		fayettesville,fauquier,county	fayettesville,fauquier,county	4	True
S1-436996198	S3-352576166	True	Dynamic Seas Inc	Lyrabrixsyn	IL, Elmhurst, 111 Willow Road	11 Willow Rd, Elmhurst, Illinois	dynamic,seas	lyrabrixsyn	111	11	elmhurst,willow	willow,elmhurst,illinois	2	True
S1-597724644	S2-783329612	True	19-20 East Owners Corp	1920eastowners.com	5691 Grove City Road, Grove City, OH	GROVE CITY ROAD, GROVE CITY, OH	east,owners	1920eastowners,com	5691		grove,city,grove,city	grove,city,grove,city	3	True
S1-802704278	S2-893549203	True	Foods	Flls	3998 Mote Road, Wethersfield, NY	Mote Rd, GAINESVILLE, null, NY	fods	flls	3998		mote,wethersfield	mote,gainesville	3	True
S1-647595459	S3-925287259	True	Silver Tavern	Tavernsilver.Com	255 Justice Way, Elkton, MD	Justice Way, Elkton, Maryland	silver,tavern	tavernsilver,com	255		justice,way,elkton	justice,way,elkton,maryland	5	True
S1-650519043	S3-188471395	True	Supreme Creative Canary Inc	Ccsupreme.Com	2300 Sunset Avenue, Unit A, Gastonia, NC	230 Sunset Avenue, Unit A, Gastoni Acity, North Carolina	supreme,creative,canary	ccsupreme,com	2300	230	sunset,gastonia	sunset,gastoni,acity,north,carolina	4	True
S1-540292638	S2-449573956	True	Cure Grill	cgrill.com	2895 Us Highway 90A, Shiner, TX	TX, 002895 US HIGHWAY 90A, SHINER	cure,grill	cgrill,com	2895	002895	shiner	shiner	4	True
S1-923800460	S2-999675293	True	Urology Group LLC	Uaology Group LLC	10508 Bailey Road, Unit 135, Cornelius, NC	0508 BAILEY RD, N/A, CORNELIUS, NC	urology	uaology	10508,135	0508	bailey,cornelius	bailey,cornelius	3	True
S1-866560305	S3-808583435	True	Brodrick's Financial	Br0drick's Service	5211 Lincoln Street, KS, Topeka	Topeka, 05211 Lincoln Saint, Kansas	brodrick,financial	br0drick,service	5211	05211	lincoln,topeka	topeka,lincoln,saint,kansas	7	True
S1-118835890	S2-909803979	True	XX Innovative Pro	@xxinnovative	8957 Sawyer Brown Road, TN, Nashville	SAWYER BROWN RD, NSAHVILLE, TN	innovative,pro	xxinnovative	8957		sawyer,brown,nashville	sawyer,brown,nsahville	6	True
S1-269899000	S3-708885232	True	F+ Arbor	farbor.com	Worcester, MA, 41 Potomska Street	041 Potomska Street, Worcester, Massachusetts	arbor	farbor,com	41	041	worcester,potomska	potomska,worcester,massachusetts	4	True
S1-400574692	S2-622398453	True	Gonzalez's Elite Bakery	Lyranovivio	527 Erie Street, Storm Lake, IA	0527 ERIE ST, STORM LAKE, IA	gonzalez,elite,bakery	lyranovivio	527	0527	erie,storm,lake	erie,storm,lake	5	True
S1-758614457	S2-888413480	True	Schmitt & Cornell Kochav	cornellschmitt.com	20684 Quail Hollow Drive, Portland, OR	020684 QUAIL HOLLOW DR, PORTLAND, OR	schmitt,cornell,kochav	cornellschmitt,com	20684	020684	quail,hollow,portland	quail,hollow,portland	6	True
S1-474599087	S3-199217653	True	Raon	Rdnd	1011 Ernest Avenue, Lawrenceburg, TN	Ernest Ave, Lawrenceburg, Tennessee	raon	rdnd	1011		ernest,lawrenceburg	ernest,lawrenceburg,tennessee	5	True
S1-698414318	S2-828602084	True	Sapphire Co	Fayeveo	1900 Renaissance Drive, Norman, OK	NORMAN, RENAISSANCE DRIVE, OK	sapphire	fayeveo	1900		renaissance,norman	norman,renaissance	5	True
S1-228061681	S2-781362734	True	Allied Security	Gildbeloxylo	2281 Heather Cove, Fayetteville, AR	HEATHER COVE, FAYETTEVILLE, AR	allied,security	gildbeloxylo	2281		heather,cove,fayetteville	heather,cove,fayetteville	5	True
S1-774540130	S3-877111699	True	Physical Therapy Associates LLC	atphysical.c0m	ME, 9 Pages Hill, Machiasport	Pages Hill, Machiasport, Maine	physical,therapy	atphysical,c0m	9		pages,hill,machiasport	pages,hill,machiasport,maine	6	True
S1-785162978	S3-795842219	True	Escalante Sciences of Angleton	Onyxriza	Angleton, 100 Jones Road, TX	Jones Road, Angleton, Texas	escalante,sciences,angleton	onyxriza	100		angleton,jones	jones,angleton,texas	5	True
S1-583252482	S2-254775041	True	Ferrell & Kulkarni	kf.com	1135 145th Street, Cleveland, OH	113 145TH ST, CLEVELAND, OH	ferrell,kulkarni	com	1135	113	cleveland	cleveland	2	True
S1-121497466	S2-622848303	True	Ardelle D. Mello, DO	Onyxmira	359 Rockett Lane, Red Oak, TX	TX, 35 ROCKETT LN, RED OAK	ardelle,mello	onyxmira	359	35	rockett,red,oak	rockett,red,oak	2	True
S1-588078063	S2-453538652	True	Looper Management	Synciravera	418 199th Place, Lynnwood, WA	199TH PL, LYNNWOOD CIYT, WA	loper,management	synciravera	418		lynnwood	lynnwood,ciyt	3	True
S1-588078063	S2-145387584	True	Looper Management	lóopermanagement.com	418 199th Place, Lynnwood, WA	199TH PLACE, LYNNWOOD CIYT, WA	loper,management	loopermanagement,com	418		lynnwood	lynnwood,ciyt	3	True
S1-626329054	S3-139865615	True	Continental Design Services	servicesdesign.com	NE, 4941 114th Street, Omaha	4941a 114th Street, Omaha, Nebraska	continental,design	servicesdesign,com	4941		omaha	omaha,nebraska	5	True
S1-905797497	S3-42474873	True	Atlantic Commercial Labs	Veraecto	823 Canyon Road, Ogden City, UT	Canyon Rd, Ogden, Utah	atlantic,commercial,labs	veraecto	823		canyon,ogden,city	canyon,ogden,utah	5	True
S1-346103762	S2-662242011	True	A Cure 3 You PLLC	cure3you.com	16 Grasslands Circle, Brookhaven, NY	0016 GRASSLANDS CIR, MOUNTSINAI CDP, NY	cure,you,pllc	cure3you,com	16	0016	grasslands,cir,brookhaven	grasslands,cir,mountsinai,cdp	6	True
S1-314212506	S3-17659193	True	LO Vance LLC	LO LLC Services	33 La Bonne Vie Drive, Unit Apartment B, Brookhaven, NY	033 La Bonne Vie Drive, Brookhaven, New York	vance	services	33	033	bonne,vie,brookhaven	bonne,vie,brookhaven,new,york	3	True
S1-41413329	S3-216561096	True	Moran, Aile, L.C.S.W.	lmaile.com	245 Prairie Street, Waverly, IL	Prairie Street, Waverly CITY, Illinois	moran,aile	lmaile,com	245		prairie,waverly	prairie,waverly,city,illinois	4	True
S1-191304020	S2-754528178	True	Stanton's Holdings	Saetntoc's Holdings	Duluth, MN, 4646 Datka Road	DATKA ROAD, DULUTH, MN	stanton	saetntoc	4646		duluth,datka	datka,duluth	4	True
S1-906827351	S2-609123523	True	Secure Certified Royalty Inc.	@securecertified	305 New Plant Road, Franklin County, VA	NEW PLANT RD, ROCKY MT., VA	secure,certified,royalty	securecertified	305		new,plant,franklin,county	new,plant,rocky	3	True
S1-536970117	S2-559656928	True	Madlen Fulton, D.O.	Novimirairi	98 Sherman Street, Belfast, NY	NY, BELFAST, null, SHERMAN ST	madlen,fulton	novimirairi	98		sherman,belfast	belfast,sherman	6	True
S1-98166238	S3-827103594	True	Direct Safe Architecture Center	safearchitecturedirect.com	2012 Walnut Street, IN, Anderson	Walnut Street, Anderson, Indiana	direct,safe,architecture	safearchitecturedirect,com	2012		walnut,anderson	walnut,anderson,indiana	3	True
S1-279747768	S2-141203375	True	Leum LLC	Quopyraveo	5 Preservation Lane, Wareham, MA	1 PRESERVATION LANE, WAREHAM, MA	leum	quopyraveo	5	1	preservation,wareham	preservation,wareham	7	True
S1-449767943	S3-168363605	True	Cascade Piedmont Water LLC	Piedmontcascade.Com	19189 Colony Drive, Sulphur Springs, AR	18831. Colony Dr, Sulphur Springs Township, Arkansas	cascade,piedmont,water	piedmontcascade,com	19189	18831	colony,sulphur,springs	colony,sulphur,springs,township,arkansas	4	True
S1-188282119	S3-800965665	True	IY Platinum Nippon, Inc	Nexxyloveo	7915 Crawford Road, Auburn, KS	007915 Crawford Road, Auburn, Kansas	platinum,nippon	nexxyloveo	7915	007915	crawford,auburn	crawford,auburn,kansas	6	True
S1-188282119	S3-549480040	True	IY Platinum Nippon, Inc	iyplatinumnippon.com	7915 Crawford Road, Auburn, KS	007915 Crawford Rd, Kansas, Auburn	platinum,nippon	iyplatinumnippon,com	7915	007915	crawford,auburn	crawford,kansas,auburn	6	True
S1-942753942	S2-718644538	True	West Clearthink	@WESTCLEARTHINK	3115 Cedarwood Drive, Durham, NC	311 CEDARWOOD DR, DURHAM, NC	west,clearthink	westclearthink	3115	311	cedarwood,durham	cedarwood,durham	8	True
S1-660403680	S2-866050601	True	Foot & Ankle Physicians	footanklephysicianscom	6824 Oakfork Loop, New Kent County, VA	OAKFORK LOOP, NEW KENT COUNTY, VA	fot,ankle,physicians	fotanklephysicianscom	6824		oakfork,loop,new,kent,county	oakfork,loop,new,kent,county	5	True
S1-131941232	S3-170974315	True	Cam's Retail LP	Quosollum	Henry County, VA, 11 Jacob Drive	11A Jacob Drive, Axton, Virginia	cam,retail	quosollum	11		henry,county,jacob	jacob,axton,virginia	5	True
S1-20877515	S2-545000088	True	Carter Learning Center	@CARTERLEARNING	12219 Bradbury Drive, El Paso County, TX	0012219 BRADBURY DRIVE, EL PASO COUNTY, TX	carter,learning	carterlearning	12219	0012219	bradbury,paso,county	bradbury,paso,county	7	True
S1-557668554	S2-552094954	True	RSR Productions Clinic	Arcarcvantage	123 26th Street, South Bend, IN	23 26RD STREET, SOUTH BEND, IN	rsr,productions,clinic	arcarcvantage	123	23	south,bend	south,bend	4	True
S1-707697591	S3-891282046	True	Raheem, Jones & Huizar Inc.	>> Ciracalo	3 Hoover Parkway, Lockport, NY	003 Hoover Pkwy, Lockport, New York	rahem,jones,huizar	ciracalo	3	003	hoover,pkwy,lockport	hoover,pkwy,lockport,new,york	4	True
S1-917388731	S2-58200963	True	Metro Newtekone L.L.C.	Drexfluxhalo	OK, Broken Arrow, 3716 Hemlock Avenue	371 HEMLOCK AVENUE, BROKEN ARROW, OK	metro,newtekone	drexfluxhalo	3716	371	broken,arrow,hemlock	hemlock,broken,arrow	2	True
S1-679284720	S3-296659367	True	L F & E Sterling	lfe.com	1213 Layton Avenue, City Of Appleton, WI	Appleton, Layton Avenue, Wisconsin	sterling	lfe,com	1213		layton,city,appleton	appleton,layton,wisconsin	2	True
S1-202220816	S3-165062500	False	K+ Willow LLC	K+ Wllrow LLC	1432 Bayberry Court, Chesapeake City, VA		willow	wllrow	1432		bayberry,chesapeake,city		4	True
S1-511371667	S3-992382101	True	North Diamond East Inc	Haloumbra	4169 Cortsville Road, South Charleston, OH	004169 Cortsville Road, South Charleston, Ohio	north,diamond,east	haloumbra	4169	004169	cortsville,south,charleston	cortsville,south,charleston,ohio	4	True
S1-432473509	S2-123198724	True	Innovative Precision Immunopharma LLC	iiprecision.com	1794 Calvert Street, Cuyahoga Falls, OH	CALVERT STREET, CUYAHOGA FALLS, OH	innovative,precision,immunopharma	iprecision,com	1794		calvert,cuyahoga,falls	calvert,cuyahoga,falls	5	True
S1-589441794	S2-319081011	True	Universal Technologies Private Limited	यूनिवर्सल टेक्नोलॉजीज प्राइवेट लिमिटेड	Sonbhadra, Anpara, C/O Shri Gulab Chandra Vishwakarma Ward No Three Anpara Abazar, Uttar Pradesh	C/O SHRI GULAB CHANDRA VISHWAKARMA WARD NO THREE ANPARA ABAZAR, null, ANPARA, SONBHADRA, उत्तर प्रदेश	universal	yunivrsl,teknol,jij,praivet			sonbhadra,anpara,shri,gulab,chandra,vishwakarma,ward,three,anpara,abazar,uttar,pradesh	shri,gulab,chandra,vishwakarma,ward,three,anpara,abazar,anpara,sonbhadra	1	False
S1-682409223	S2-317174282	True	Galaxy Healthcare Private Limited	ગેલેક્સી હેલ્થકેર પ્રાઇવેટ લિમિટેડ	7/A Vasant Rajab Park, Surendra Mangaldas Road, Jodhpur Char Rasta Satellite, Ahmedabad, Gujarat	VASANT RAJAB PARK, AHMEDABAD, Gujarat	galaxy,healthcare	geleksi,helthker,praivet	7		vasant,rajab,park,surendra,mangaldas,jodhpur,char,rasta,satellite,ahmedabad,gujarat	vasant,rajab,park,ahmedabad,gujarat	1	False
S1-565729460	S3-987841301	True	Rmv Interiors Private Limited	rmvinteriors.com	Nayagaongwaliar Road Jhansi, Uttar Pradesh, Jhansi, Uttar Pradesh	Door No 187 Nayagaongwaliar Road Jhansi, Uttar Pradesh, Jhansi, UP	rmv,interiors	rmvinteriors,com		187	nayagaongwaliar,jhansi,uttar,pradesh,jhansi,uttar,pradesh	door,nayagaongwaliar,jhansi,uttar,pradesh,jhansi	1	False
S1-768272050	S3-149308192	True	Aroha (India) It Limited	@arohaindia	Kh433/1718P, 3950/4528 C/O, Santoshk.Singhdengsargird, Sadar, Sambalpur, Orissa	Kh433/1718p, Sambalpur, Sadar, ଓଡ଼ିଶା	aroha,india	arohaindia	3950,4528		santoshk,singhdengsargird,sadar,sambalpur,orissa	sambalpur,sadar	1	False
S1-864909001	S2-889144698	True	Hari Enterprises LLP	हरि एंटरप्राइजेज एलएलपी	Agauta Village Bhandoria P.O. Aurangabad, Bulandshahr, Uttar Pradesh	AGAUTA VILLAGE BHANDORIA P.O. AURANGABAD, BULANDSHAHR, Uttar Pradesh	hari	hri,entrpraijej,elelpi			agauta,village,bhandoria,aurangabad,bulandshahr,uttar,pradesh	agauta,village,bhandoria,aurangabad,bulandshahr,uttar,pradesh	1	False
S1-702957157	S2-634356308	True	Bright Technologies Private Limited	ब्राइट टेक्नोलॉजीज प्राइवेट लिमिटेड	Darbhanga, Bhairopatti, P.O-Milkichak Dist- Darbhanga, Bihar, At - H.N-G01, Darbhanga	AT - H.N-G01, BHAIROPATTI, P.O-MILKICHAK DIST- DARBHANGA, DARBHANGA, Bihar	bright	brait,teknol,jij,praivet			darbhanga,bhairopatti,milkichak,dist,darbhanga,bihar,darbhanga	bhairopatti,milkichak,dist,darbhanga,darbhanga,bihar	1	False
S1-645875509	S3-124421149	True	Balaji Builders Private Limited	பாலாஜி பில்டர்ஸ் பிரைவேட் லிமிடெட்	3C, Trisquare Vedha Apt, Kovai Thiru Nagar, Coimbatore South, Coimbatore, Tamil Nadu	3C, Trisquare Vedha Apt, Kovai Thiru Nagar, Coimbatore, Kalapatti, TN	balaji,builders	palaji,piltrs,piraivet,limitet			trisquare,vedha,kovai,thiru,nagar,coimbatore,south,coimbatore,tamil,nadu	trisquare,vedha,kovai,thiru,nagar,coimbatore,kalapatti	1	False
S1-103808480	S2-961311699	True	Tech Media Pvt Ltd	टेक मीडिया प्रा. लि.	229Okhla Industrial Estate, New Delhi., South Delhi, Delhi	DOOR NO 231OKHLA INDUSTRIAL ESTATE, SOUTH DELHI, NEW DELHI., Delhi	tech,media	tek,midiya,pra			industrial,estate,new,delhi,south,delhi,delhi	door,industrial,estate,south,delhi,new,delhi,delhi	1	False
S1-128243443	S2-139385678	True	Fortune Engineering Private Limited	ఫార్చూన్ ఇంజనీరింగ్ ప్రైవేట్ లిమిటెడ్	Survey No. 2O5, Andhra Pradesh, Askapally Village, Anakapalle, Vishakhapatnam, Visakhapatnam	DSOR NO #2O5, VISAKHAPATNAM, VISAKHAPATANAM, Andhra Pradesh	fortune,enginering	pharchun,injniring,praivet			survey,andhra,pradesh,askapally,village,anakapalle,vishakhapatnam,visakhapatnam	dsor,visakhapatnam,visakhapatanam,andhra,pradesh	3	True
S1-128243443	S3-613461679	True	Fortune Engineering Private Limited	ఫార్చూన్ ఇంజనీరింగ్ Private Limited	Survey No. 2O5, Andhra Pradesh, Askapally Village, Anakapalle, Vishakhapatnam, Visakhapatnam	H.no 2O5, Vishakhapatnam, Visakhapatnam, AP	fortune,enginering	pharchun,injniring			survey,andhra,pradesh,askapally,village,anakapalle,vishakhapatnam,visakhapatnam	vishakhapatnam,visakhapatnam	3	True
S1-633020800	S2-600223356	True	Vision Energy Private Limited	ವಿಷನ್ ಎನರ್ಜಿ ಪ್ರೈವೇಟ್ ಲಿಮಿಟೆಡ್	S/O Suryanarayana Shetty 3Rd Block, 4Th Main Kuvempu Nagar, Tumkur, Karnataka	S/O SURYANARAYANA SHETTY 03RD BLOCK, TUMKUR, Karnataka	vision,energy	vishn,enrji,praivet			suryanarayana,shetty,block,main,kuvempu,nagar,tumkur,karnataka	suryanarayana,shetty,block,tumkur,karnataka	7	True
S1-633020800	S3-340259458	True	Vision Energy Private Limited	ವಿಷನ್ ಎನರ್ಜಿ ಪ್ರೈವೇಟ್ ಲಿಮಿಟೆಡ್	S/O Suryanarayana Shetty 3Rd Block, 4Th Main Kuvempu Nagar, Tumkur, Karnataka	No. 795 S/o Suryanarayana Shetty 3Rd Block, 4Th Main Kuvempu Nagar, Tumkur, KA	vision,energy	vishn,enrji,praivet		795	suryanarayana,shetty,block,main,kuvempu,nagar,tumkur,karnataka	suryanarayana,shetty,block,main,kuvempu,nagar,tumkur	7	True
S1-633020800	S3-159954094	True	Vision Energy Private Limited	ವಿಷನ್ ಎನರ್ಜಿ ಪ್ರೈವೇಟ್ ಲಿಮಿಟೆಡ್	S/O Suryanarayana Shetty 3Rd Block, 4Th Main Kuvempu Nagar, Tumkur, Karnataka	H.no 795 S/o Suryanarayana Shetty 3Rd Block, Tumkur, KA	vision,energy	vishn,enrji,praivet		795	suryanarayana,shetty,block,main,kuvempu,nagar,tumkur,karnataka	suryanarayana,shetty,block,tumkur	7	True
S1-828910348	S2-510406604	True	Mse Entertainments Limited	Nylanex	304, Iiird Floor Rishab Tower 16 Community Centre, Karkardooma, Delhi, East Delhi, Delhi	0304, EAST DELHI, DELHI	mse,entertainments	nylanex	304,16	0304	iiird,rishab,tower,community,centre,karkardooma,delhi,east,delhi,delhi	east,delhi,delhi	5	True
S1-679372527	S2-65693759	True	Sai Apparel Pvt. Ltd.	Smt VIOEVO	No 42A, Second Street, Velayudham Colony, Saligramam, Chennai, Tamil Nadu	042A, SECOND STREET, VELAYUDHAM COLONY, SALIGRAMAM, CHENNAI, தமிழ்நாடு	sai,apparel	smt,vioevo			second,velayudham,colony,saligramam,chennai,tamil,nadu	second,velayudham,colony,saligramam,chennai	5	True
S1-661444071	S2-261202522	True	High Lakshmi Trading LLP	हाई लक्ष्मी ट्रेडिंग एलएलपी	C/Okamlesh Kumar, Chhoti Nagla, Sampatchak, Patna, Bihar	NO. 73 C/OKAMLESH KUMAR, CHHOTI NAGLA, PATNA, SAMPATCHAK, Bihar	high,lakshmi,trading	hai,lkshmi,treding,elelpi		73	okamlesh,kumar,chhoti,nagla,sampatchak,patna,bihar	okamlesh,kumar,chhoti,nagla,patna,sampatchak,bihar	2	True
S1-484348358	S3-877999454	True	Millennium Zippers Private Limited	zippersprivate.com	Gujarat, Surat, Plot No 195 Road No 6Fudhyognagar Udhna	#0195 Road No 6Fudhyognagar Udhna, Surat, GJ	millennium,zippers	zippersprivate,com	195	0195	gujarat,surat,plot,udhna	udhna,surat	3	True
S1-961789848	S3-813443002	True	Jai Technology Limited	Dr jaitechnology.com	B 207, Sai Orchid, Pipe Line Road, Pisawali, Kalyan, Thane, Maharashtra	B 20, Kalyan, Thane, महाराष्ट्र	jai,technology	jaitechnology,com	207	20	sai,orchid,pipe,line,pisawali,kalyan,thane,maharashtra	kalyan,thane	4	True
S1-752751986	S2-605964651	True	Anant Technologies (India) Private Limited	Ciralyra	Devi Sadan Building, Plot No .444 Mahila Ashram Road, Kings Circle, Matunga, Mumbai, Mumbai City, Maharashtra	DEVI SADAN BUILDING, MUMBAI CITY, Maharashtra	anant,india	ciralyra	444		devi,sadan,building,plot,mahila,ashram,kings,cir,matunga,mumbai,mumbai,city,maharashtra	devi,sadan,building,mumbai,city,maharashtra	4	True
S1-649557799	S2-286672886	True	Tech Solutions Private Limited	టెక్ సొల్యూషన్స్ ప్రైవేట్ లిమిటెడ్	Plot No. 82A, Dr Bhaskar Rao Nagar, Lakeview Residency, Sainikpuri, Hyderabad, Telangana	PLOT NO. 82A, DR BHASKAR RAO NAGAR, LAKEVIEW RESIDENCY, SAINIKPURI, RANGA REDDY, HYDERABAD, తెలంగాణ	tech	tek,solyushns,praivet			plot,bhaskar,rao,nagar,lakeview,residency,sainikpuri,hyderabad,telangana	plot,bhaskar,rao,nagar,lakeview,residency,sainikpuri,ranga,reddy,hyderabad	5	True
S1-649557799	S2-889179942	True	Tech Solutions Private Limited	టెక్ సొల్యూషన్స్ ప్రైవేట్ లిమిటెడ్	Plot No. 82A, Dr Bhaskar Rao Nagar, Lakeview Residency, Sainikpuri, Hyderabad, Telangana	82A, DR BHASKAR RAO NAGAR, LAKEVIEW RESIDENCY, SAINIKPURI, RANGA REDDY, HYDERABAD, Telangana	tech	tek,solyushns,praivet			plot,bhaskar,rao,nagar,lakeview,residency,sainikpuri,hyderabad,telangana	bhaskar,rao,nagar,lakeview,residency,sainikpuri,ranga,reddy,hyderabad,telangana	5	True
S1-971406166	S2-259796462	True	Al Consultancy Private Limited	আল কনসালটেন্সি প্রাইভেট লিমিটেড	Jalpaiguri, C.O. Subhash Majumdar, Jalpaiguri, West Bengal, Madhya Raja Hat, Mantadari, Millanpally	C.O. SUBHASH MAJUMDAR, JALPAIGURI, <NULL>, West Bengal	consultancy	knsaltensi,praibhet			jalpaiguri,subhash,majumdar,jalpaiguri,west,bengal,madhya,raja,hat,mantadari,millanpally	subhash,majumdar,jalpaiguri,west,bengal	3	False
S1-971406166	S2-123061864	True	Al Consultancy Private Limited	আল কনসালটেন্সি প্রাইভেট লিমিটেড	Jalpaiguri, C.O. Subhash Majumdar, Jalpaiguri, West Bengal, Madhya Raja Hat, Mantadari, Millanpally	C.O. SUBHASH MAJUMDAR, JALPAIGURI, <NULL>, West Bengal	consultancy	knsaltensi,praibhet			jalpaiguri,subhash,majumdar,jalpaiguri,west,bengal,madhya,raja,hat,mantadari,millanpally	subhash,majumdar,jalpaiguri,west,bengal	3	False
S1-971406166	S2-982946977	True	Al Consultancy Private Limited	আল কনসালটেন্সি প্রাইভেট লিমিটেড	Jalpaiguri, C.O. Subhash Majumdar, Jalpaiguri, West Bengal, Madhya Raja Hat, Mantadari, Millanpally	C.O. SUBHASH MAJUMDAR, JALPAIGURI, <NULL>, West Bengal	consultancy	knsaltensi,praibhet			jalpaiguri,subhash,majumdar,jalpaiguri,west,bengal,madhya,raja,hat,mantadari,millanpally	subhash,majumdar,jalpaiguri,west,bengal	3	False
S1-332430393	S2-313430458	True	Kala Professionals Private Limited	Dovakelo	805 Pegasus Parvati Nagar Chs Ltd Versova Andheri West, Mumbai, Maharashtra	#0805 PEGASUS PARVATI NAGAR CHS LTD VERSOVA ANDHERI WEST, MUMBAI, Maharashtra	kala,professionals	dovakelo	805	0805	pegasus,parvati,nagar,chs,ltd,versova,andheri,west,mumbai,maharashtra	pegasus,parvati,nagar,chs,ltd,versova,andheri,west,mumbai,maharashtra	4	True
S1-929404506	S3-485699460	False	Dk Marketing Private Limited	Dk Private Limited Partners #41313	13 Penn Court, Kolkata, Calcutta, West Bengal		marketing	partners,41313	13		penn,kolkata,calcutta,west,bengal		6	True
S1-432417889	S3-942447105	True	Abhinandan Logistics Pvt. Ltd.	Cirazeta	C/O Latabai Atmaram Khekale, At Bhokardan Jalna Perjapur, Jalna, Maharashtra	C/O Latabai Atmaram Khekale, At Bhokardan Jalna Perjapur, Jalna, Maharashtra	abhinandan,logistics	cirazeta			latabai,atmaram,khekale,bhokardan,jalna,perjapur,jalna,maharashtra	latabai,atmaram,khekale,bhokardan,jalna,perjapur,jalna,maharashtra	5	True
S1-535175264	S3-639970214	True	Asg Traders Private Limited	asgtraders.com	Sco 261, Sector-14 Urban Estate, Panchkula, Panchkula, Haryana	Sco 61, Panchkula, हरियाणा	asg,traders	asgtraders,com	261,14	61	sco,sector,urban,estate,panchkula,panchkula,haryana	sco,panchkula	4	True
S1-402023705	S3-400755468	True	Grl Vyapar Pvt. Ltd.	grlvyapar.com	In Centre Midc12Th Floor Andheri (E), Mumbai, Maharashtra	In Centre Midc12th Floor Andheri (E), Mumbai, MH	grl,vyapar	grlvyapar,com			centre,andheri,mumbai,maharashtra	centre,andheri,mumbai	6	True
S1-468537721	S3-173270713	True	Mansarovar College	Onyxdrex	Raniganj Nursing Homebuilding Searsole Rajbari, Kolkata, Bardhaman, West Bengal	Raniganj Nursing Homebuilding Searsole Rajbari, Kolkata, Bardhaman, WB	mansarovar,college	onyxdrex			raniganj,nursing,homebuilding,searsole,rajbari,kolkata,bardhaman,west,bengal	raniganj,nursing,homebuilding,searsole,rajbari,kolkata,bardhaman	4	True
S1-899984381	S2-285339556	True	Ace Management LLP	एस मैनेजमेंट एलएलपी	Flat No.104, Shanti Vihar D-16 Chs Ltd, Shanti Nagar, Opp. Sector 2, Near Sai Ba, Ba Mandir, Mira Road, Thane, Maharashtra	FLAT NO.1-04, MIRA ROAD, THANE, Maharashtra	ace,management	mainejment,elelpi	104,16,2	1,04	flat,shanti,vihar,chs,ltd,shanti,nagar,sector,sai,mandir,mira,thane,maharashtra	flat,mira,thane,maharashtra	2	True
S1-537854537	S2-337964499	True	Good Energy Private Limited	ಗುಡ್ ಎನರ್ಜಿ ಪ್ರೈವೇಟ್ ಲಿಮಿಟೆಡ್	First Floor, 83, G 10Th Street, Jogupalya, Halasuru, Bangalore North, Bangalore, Karnataka	FIRST FLOOR, BANGALORE NORTH, BANGALORE, Karnataka	god,energy	gud,enrji,praivet	83		first,jogupalya,halasuru,bangalore,north,bangalore,karnataka	first,bangalore,north,bangalore,karnataka	4	True
S1-537854537	S3-912315375	True	Good Energy Private Limited	ಗುಡ್ ಎನರ್ಜಿ ಪ್ರೈವೇಟ್ ಲಿಮಿಟೆಡ್	First Floor, 83, G 10Th Street, Jogupalya, Halasuru, Bangalore North, Bangalore, Karnataka	Bangalore North, Bangalore, No. 374 First Floor, KA	god,energy	gud,enrji,praivet	83	374	first,jogupalya,halasuru,bangalore,north,bangalore,karnataka	bangalore,north,bangalore,first	4	True
S1-547495489	S2-704449411	True	Jai Finance Private Limited	জয় ফাইন্যান্স প্রাইভেট লিমিটেড	C/O: Sukanta Biswas, Khidirpur, Uttarpara, Nakashipara, Nadia, West Bengal	PLOT C-579 C/O: SUKANTA BISWAS, NADIA, West Bengal	jai,finance	phainyans,praibhet		579	sukanta,biswas,khidirpur,uttarpara,nakashipara,nadia,west,bengal	plot,sukanta,biswas,nadia,west,bengal	3	True
S1-547495489	S3-57096245	True	Jai Finance Private Limited	জয় ফাইন্যান্স প্রাইভেট লিমিটেড	C/O: Sukanta Biswas, Khidirpur, Uttarpara, Nakashipara, Nadia, West Bengal	C/o: Sukanat Biswas, Khidirpur, Uttarpara, Nakashipara, Nadia, পশ্চিমবঙ্গ	jai,finance	phainyans,praibhet			sukanta,biswas,khidirpur,uttarpara,nakashipara,nadia,west,bengal	sukanat,biswas,khidirpur,uttarpara,nakashipara,nadia	3	True
S1-364438895	S2-926354208	True	Mandya Seva Samiti	@MANDYASEVA	131A, Yusaf Sarai, New Delhi, Delhi	131A, YUSAF SARAI, null, Delhi	mandya,seva,samiti	mandyaseva			yusaf,sarai,new,delhi,delhi	yusaf,sarai,delhi	4	True
S1-528250728	S2-662293939	True	One Exports Pvt Ltd	వన్ ఎక్స్‌పోర్ట్స్ ప్రైవేట్ లిమిటెడ్	2C, Chandra Residency, Opp Ashok Gardens Bowenpally, Secunderabad, Hyderabad, Telangana	B3/2C, HYDERABAD, Telangana	one,exports	eks,ports,praivet			chandra,residency,ashok,gardens,bowenpally,secunderabad,hyderabad,telangana	hyderabad,telangana	6	True
S1-528250728	S3-591344110	True	One Exports Pvt Ltd	వన్ ఎక్స్‌పోర్ట్స్ ప్రైవేట్ లిమిటెడ్	2C, Chandra Residency, Opp Ashok Gardens Bowenpally, Secunderabad, Hyderabad, Telangana	TG, Hyderabad, 2C, Chandra Residency, Opp Ashok Gardens Bowenpally, Secunderabad	one,exports	eks,ports,praivet			chandra,residency,ashok,gardens,bowenpally,secunderabad,hyderabad,telangana	hyderabad,chandra,residency,ashok,gardens,bowenpally,secunderabad	6	True
S1-528250728	S3-212550855	True	One Exports Pvt Ltd	వన్ ఎక్స్‌పోర్ట్స్ ప్రైవేట్ లిమిటెడ్	2C, Chandra Residency, Opp Ashok Gardens Bowenpally, Secunderabad, Hyderabad, Telangana	2C, Hyderabad, TG	one,exports	eks,ports,praivet			chandra,residency,ashok,gardens,bowenpally,secunderabad,hyderabad,telangana	hyderabad	6	True
S1-742494841	S3-829920930	True	RK Hours Limited	Nexkelo	Purana Bazar, Barnala, Barnala, Bhushan Bansal, Sangrur, Punjab	Bhushan Bansal, Purana Bazar, Barnala, Barnala, Sangrur, Punjab	hours	nexkelo			purana,bazar,barnala,barnala,bhushan,bansal,sangrur,punjab	bhushan,bansal,purana,bazar,barnala,barnala,sangrur,punjab	4	True
S1-736313013	S2-17588697	True	South Investment Private Limited	সাউথ ইনভেস্টমেন্ট প্রাইভেট লিমিটেড	Room No-512A, Kolkata, Howrah, West Bengal, Kolkata, 71 Canning Street 5Th Floor	11 CANNING STREET 5TH FLOOR, HOWRAH, DALHOUSIE KOLKATA, West Bengal	south,investment	sauth,inbhestment,praibhet	71	11	room,kolkata,howrah,west,bengal,kolkata,canning	canning,howrah,dalhousie,kolkata,west,bengal	2	True
S1-39548589	S2-113639423	True	Shubha Constructions Pvt Ltd	SCONSTRUCTIONS.COM	Govind Sharan Agrawal Main Market, Farah, Mathura, Uttar Pradesh	GOVIND SHARAN AGRAWAL MAIN MARKET, FARAH, MATHURA, उत्तर प्रदेश	shubha,constructions	sconstructions,com			govind,sharan,agrawal,main,market,farah,mathura,uttar,pradesh	govind,sharan,agrawal,main,market,farah,mathura	4	True
S1-526017514	S2-717060051	True	Shreehari Welfare Society	welfareshreeharisociety.com	A-410 Celebration City Centre, South Bopal, Daskroi, Ahmedabad, Gujarat	A-41 CELEBRATION CITY CENTRE, SOUTH BOPAL, AHMEDABAD, DASKROI, Gujarat	shrehari,welfare,society	welfareshreharisociety,com	410	41	celebration,city,centre,south,bopal,daskroi,ahmedabad,gujarat	celebration,city,centre,south,bopal,ahmedabad,daskroi,gujarat	8	True
S1-334733018	S2-664005981	True	New Constructions Pvt Ltd	নিউ কনস্ট্রাকশনস প্রাইভেট লিমিটেড	C/O- Century Transport Of India Baikunthapur Roy Colony, Jl No.-02, Siliguri, Jalpaiguri, West Bengal	C/O- CENTURY TRANSPORT OF INDIA BAIKUNTHAPUR ROY COLONY, JALPAIGURI, SILIGURI, West Bengal	new,constructions	niu,knstrakshns,praibhet	02		century,transport,india,baikunthapur,roy,colony,siliguri,jalpaiguri,west,bengal	century,transport,india,baikunthapur,roy,colony,jalpaiguri,siliguri,west,bengal	2	True
S1-157964912	S3-152742988	True	Seven Energy Pvt Ltd	सेवन एनर्जी प्रा. लि.	3Rd Floor, Office No A321, Master Mind 4, Royal Palm, Goregaon East, Mumbai, Maharashtra	Mumbai, #G-3Rd Floor, Goregaon East, MH	seven,energy	sevn,enrji,pra	4		office,master,mind,royal,palm,goregaon,east,mumbai,maharashtra	mumbai,goregaon,east	6	True
S1-496761025	S3-125115872	True	Jaipur Vizag LLP	Nylawex	C/Omnit Innovation And Incubation Centre (Miic) J L N Marg, Jaipur, Rajasthan	C/Omnit Innovation And Incubation Centre (Miic) J L N Marg, Jaipur, Rajasthan	jaipur,vizag	nylawex			omnit,innovation,and,incubation,centre,miic,marg,jaipur,rajasthan	omnit,innovation,and,incubation,centre,miic,marg,jaipur,rajasthan	4	True
S1-346071453	S2-169180371	True	VI Consultants Private Limited	VI Private Limited Services	C/O Mr. Anil Kuamr S/O Shrio Ram Swaroop Moh. Mainmarket Near Raju Purdil Nagar, Hathras, Uttar Pradesh	C/O MR. ANIL KUAMR S/O SHRIO RAM SWAROOP MOH. MAINMARKET NEAR RAJU PURDIL NAGAR, HATHRAS, उत्तर प्रदेश	consultants	services			anil,kuamr,shrio,ram,swaroop,moh,mainmarket,raju,purdil,nagar,hathras,uttar,pradesh	anil,kuamr,shrio,ram,swaroop,moh,mainmarket,raju,purdil,nagar,hathras	3	True
S1-346071453	S2-754640733	True	VI Consultants Private Limited	viconsultantsprivate.com	C/O Mr. Anil Kuamr S/O Shrio Ram Swaroop Moh. Mainmarket Near Raju Purdil Nagar, Hathras, Uttar Pradesh	C/O MR. ANIL KUAMR S/O SHRIO RAM SWAROOP MOH. MAINMARKET NEAR RAJU PURDIL NAGAR, HATHRAS, Uttar Pradesh	consultants	viconsultantsprivate,com			anil,kuamr,shrio,ram,swaroop,moh,mainmarket,raju,purdil,nagar,hathras,uttar,pradesh	anil,kuamr,shrio,ram,swaroop,moh,mainmarket,raju,purdil,nagar,hathras,uttar,pradesh	3	True
S1-232277974	S2-99608444	True	Classic Infra Pvt Ltd	ਕਲਾਸਿਕ ਇਨਫ੍ਰਾ ਪ੍ਰਾ. ਲਿ.	Scf2, 2Nd. Floor, Bsf Colony Near More, Jalandhar, Punjab	SCF2, JALANDHAR, Punjab	classic,infra	klasik,inphra,pra			bsf,colony,more,jalandhar,punjab	jalandhar,punjab	4	True
S1-232277974	S3-347884493	True	Classic Infra Pvt Ltd	ਕਲਾਸਿਕ ਇਨਫ੍ਰਾ ਪ੍ਰਾ. ਲਿ.	Scf2, 2Nd. Floor, Bsf Colony Near More, Jalandhar, Punjab	Scf2, 2Nd. Floor, Bsf Colony Near More, Jalandhar, ਪੰਜਾਬ	classic,infra	klasik,inphra,pra			bsf,colony,more,jalandhar,punjab	bsf,colony,more,jalandhar	4	True
S1-868764742	S2-952856200	True	Seven Southern Systems Private Limited	সেভেন সাউদার্ন সিস্টেমস প্রাইভেট লিমিটেড	Plot No 345 Part, Hijli Co Op Society, Nr Netaji Krirangon, Ph, Kgp, Prembazar, Kharagpur, Midnapore, West Bengal	PART, HIJLI CO OP SOCIETY, NR NETAJI KRIRANGON, PH, KGP, PREMBAZAR, MIDNAPORE, West Bengal	seven,southern,systems	sebhen,saudarn,sistems,praibhet	345		plot,part,hijli,society,netaji,krirangon,kgp,prembazar,kharagpur,midnapore,west,bengal	part,hijli,society,netaji,krirangon,kgp,prembazar,midnapore,west,bengal	6	True
S1-197749586	S3-63166861	True	Dristi Taluka Private Limited	Ciracira	C/O Desai Maljibhai Sanklabhai, At & Po Kapasiya, Village Kapasiy, Amirgadh, Banaskantha, Gujarat	C/O Desai Maljibhai Sanklabhai, At & Po Kapasiya, Village Kapasiy, Banaskantha, Gujarat, Amirgadh	dristi,taluka	ciracira			desai,maljibhai,sanklabhai,and,kapasiya,village,kapasiy,amirgadh,banaskantha,gujarat	desai,maljibhai,sanklabhai,and,kapasiya,village,kapasiy,banaskantha,gujarat,amirgadh	5	True
S1-211129160	S2-919237843	True	Green Industries Limited	গ্রীন ইন্ডাস্ট্রিজ লিমিটেড	1St Floor, 3/84/1 Ramkrishnapally, Rahara, Khardah, Kolkata, Parganas North, West Bengal	DOOR NO 1ST FLOOR, KOLKATA, PARGANAS NORTH, পশ্চিমবঙ্গ	gren	grin,indastrij	3,84,1		ramkrishnapally,rahara,khardah,kolkata,parganas,north,west,bengal	door,kolkata,parganas,north	3	True
S1-211129160	S3-83640178	True	Green Industries Limited	গ্রীন ইন্ডাস্ট্রিজ লিমিটেড	1St Floor, 3/84/1 Ramkrishnapally, Rahara, Khardah, Kolkata, Parganas North, West Bengal	1St Floor, Kolkata, Parganas North, WB	gren	grin,indastrij	3,84,1		ramkrishnapally,rahara,khardah,kolkata,parganas,north,west,bengal	kolkata,parganas,north	3	True
S1-45687800	S3-617594591	True	Fifth Online Private Limited	Shri fifthonline.com	Bangalore, Bangalore North, Karnataka, 1St Floor, Urbanvault Citrine, Sy No 43/4, Hebbal Village, Kasba Hobli, Bellary Road, Etherealx	#B3/660 Eaherealx, Bangalore North, Bangalore, KA	fifth,online	shri,fifthonline,com	43,4	660	bangalore,bangalore,north,karnataka,urbanvault,citrine,hebbal,village,kasba,hobli,bellary,etherealx	eaherealx,bangalore,north,bangalore	4	True
S1-789159716	S3-450917988	True	Creative Care Private Limited	ക്രിയേറ്റീവ് കെയർ പ്രൈവറ്റ് ലിമിറ്റഡ്	Pazhoor House, Thekkemala P.O., Kozhenchery, Pathanamthitta, Kerala	Pazhoor House, Thekkemala P.o., Kozhenchery, Pathanamthitta, Keralam	creative,care	kriyerrrriv,key,praivrrrr,limirrrrd			pazhoor,house,thekkemala,kozhenchery,pathanamthitta,kerala	pazhoor,house,thekkemala,kozhenchery,pathanamthitta,keralam	3	True
S1-568986451	S2-683063186	True	Cosmos Services Private Limited	@cosmosservices	Karana Street, Berhampur, Ganjam, Orissa	KARANA STREET, BERHAMPUR, Odisha	cosmos	cosmosservices			karana,berhampur,ganjam,orissa	karana,berhampur,odisha	6	True
S1-683744230	S2-18802699	True	AS Solution Limited	assolution.com	1St Floor, D-Wong, Hdil Kaledonia Sahar Road, Andheri-East, Mumbai, Mumbai City, Maharashtra	#1ST FLOOR, MUMBAI, MUMBAI CITY, Maharashtra	solution	assolution,com			wong,hdil,kaledonia,sahar,andheri,east,mumbai,mumbai,city,maharashtra	mumbai,mumbai,city,maharashtra	5	True
S1-867998778	S2-648058432	True	Premier Sunrise International Private Limited	പ്രീമിയർ സൺറൈസ് ഇന്റർനാഷണൽ പ്രൈവറ്റ് ലിമിറ്റഡ്	House, 40/445, Mamangalam, Palarivattom P.O, Ernakulam, Ernakulam, Kerala	HOUSE, N/A, ERNAKULAM, Kerala	premier,sunrise,international	primiy,rrais,inrr,nashn,praivrrrr,limirrrrd	40,445		house,mamangalam,palarivattom,ernakulam,ernakulam,kerala	house,ernakulam,kerala	4	True
S1-867998778	S2-126598464	True	Premier Sunrise International Private Limited	പ്രീമിയർ സൺറൈസ് ഇന്റർനാഷണൽ പ്രൈവറ്റ് ലിമിറ്റഡ്	House, 40/445, Mamangalam, Palarivattom P.O, Ernakulam, Ernakulam, Kerala	ERNAKULAM, Kerala, HOUSE, ERNAKULAM, N/A	premier,sunrise,international	primiy,rrais,inrr,nashn,praivrrrr,limirrrrd	40,445		house,mamangalam,palarivattom,ernakulam,ernakulam,kerala	ernakulam,kerala,house,ernakulam	4	True
S1-867998778	S3-807085228	True	Premier Sunrise International Private Limited	പ്രീമിയർ സൺറൈസ് ഇന്റർനാഷണൽ പ്രൈവറ്റ് ലിമിറ്റഡ്	House, 40/445, Mamangalam, Palarivattom P.O, Ernakulam, Ernakulam, Kerala	House, Ernakulam, Kerala, Keralam	premier,sunrise,international	primiy,rrais,inrr,nashn,praivrrrr,limirrrrd	40,445		house,mamangalam,palarivattom,ernakulam,ernakulam,kerala	house,ernakulam,kerala,keralam	4	True
S1-99229110	S2-898967561	True	Chandan Investments Private Limited	@CHANDANINVESTMENTS	Flat No.B2 Aprajita Plaza, Sukanta Nagar G.T Road, Sukanta Nagar, G.T Road, Hooghly, West Bengal	560- FLAT NO.B2 APRAJITA PLAZA, SUKANTA NAGAR G.T ROAD, SUKANTA NAGAR, G.T ROAD, HOOGHLY, পশ্চিমবঙ্গ	chandan,investments	chandaninvestments		560	flat,aprajita,plaza,sukanta,nagar,sukanta,nagar,hooghly,west,bengal	flat,aprajita,plaza,sukanta,nagar,sukanta,nagar,hooghly	7	True
S1-565145479	S2-997192671	True	South Products Pvt Ltd	साउथ प्रोडक्ट्स प्रा. लि.	C/O. Potat Gavji Ingle, Gat No. 219 Musalwadi, Rahuri, Deolali, Ahmednagar, Maharashtra	PLOT 15 C/O. POTAT GAVJI INGLE, AHMEDNAGAR, महाराष्ट्र	south,products	sauth,prodkts,pra	219	15	potat,gavji,ingle,gat,musalwadi,rahuri,deolali,ahmednagar,maharashtra	plot,potat,gavji,ingle,ahmednagar	5	True
S1-565145479	S3-523756997	True	South Products Pvt Ltd	साउथ प्रोडक्ट्स प्रा. लि.	C/O. Potat Gavji Ingle, Gat No. 219 Musalwadi, Rahuri, Deolali, Ahmednagar, Maharashtra	C/o. Potat Gavji Ingle, Ahmednagar, MH	south,products	sauth,prodkts,pra	219		potat,gavji,ingle,gat,musalwadi,rahuri,deolali,ahmednagar,maharashtra	potat,gavji,ingle,ahmednagar	5	True
S1-766929673	S2-423057699	True	NU Agro Private Limited	Limited NU Private Center	Plot No.38, 2Nd Main Road, Industrial Estate, Ambattur, Tiruvallur, Tamil Nadu	1, 2ND MAIN ROAD, INDUSTRIAL ESTATE, AMBATTUR, TIRUVALLUR, தமிழ்நாடு	agro	private,center	38	1	plot,main,industrial,estate,ambattur,tiruvallur,tamil,nadu	main,industrial,estate,ambattur,tiruvallur	4	True
S1-87996357	S3-98074345	True	DCO Management Limited	dcomanagement.com	Jaynagar - I, West Bengal, Md Hasibur Rahaman Molla, South 24 Parganas, Vill+Po-Banerjee Chak	Md Hasibur Rahaman Molla, Jaynagar - I, পশ্চিমবঙ্গ	dco,management	dcomanagement,com	24		jaynagar,west,bengal,hasibur,rahaman,molla,south,parganas,vill,banerjee,chak	hasibur,rahaman,molla,jaynagar	6	True
S1-7617540	S2-107799878	True	Sun Media Private Limited	సన్ మీడియా ప్రైవేట్ లిమిటెడ్	Ground Floor, Pioneer Towers, Software Units Layout, Madhapur, Hyderabad, Telangana	GROUND FROOR, HYDERABAD, MADHAPUR, తెలంగాణ	sun,media	midiya,praivet			ground,pioneer,towers,software,units,layout,madhapur,hyderabad,telangana	ground,froor,hyderabad,madhapur	5	True
S1-74765860	S2-288876971	True	Apex Consulting LLP	एपेक्स कंसल्टिंग एलएलपी	C/O Kailash Sheshrao Jat, Rajur, Bhusawal, Bodwad, Bodwad, Jalgaon, Maharashtra	C/O KAILASH SHESHRAO JAT, RAJUR, BHUSAWAL, BODWAD, BODWAD, JALGAON, Maharashtra	apex,consulting	epeks,knslting,elelpi			kailash,sheshrao,jat,rajur,bhusawal,bodwad,bodwad,jalgaon,maharashtra	kailash,sheshrao,jat,rajur,bhusawal,bodwad,bodwad,jalgaon,maharashtra	5	True
S1-74765860	S3-419024625	True	Apex Consulting LLP	एपेक्स कंसल्टिंग एलएलपी	C/O Kailash Sheshrao Jat, Rajur, Bhusawal, Bodwad, Bodwad, Jalgaon, Maharashtra	Door No 347 C/o Kailash Sheshrao Jat, Regional Office Aurangabad, Jalgaon, MH	apex,consulting	epeks,knslting,elelpi		347	kailash,sheshrao,jat,rajur,bhusawal,bodwad,bodwad,jalgaon,maharashtra	door,kailash,sheshrao,jat,regional,office,aurangabad,jalgaon	5	True
S1-28103172	S2-648751198	True	Indian Ventures Limited	ਇੰਡੀਅਨ ਵੈਂਚਰਜ਼ ਲਿਮਟਿਡ	Kotkapura Road Mukatsar, Punjab, Muktsar, Punjab	KOTKAPURA ROAD MUKATSAR, MUKTSAR, PUNJAB	indian,ventures	dian,vainchrj,limtid			kotkapura,mukatsar,punjab,muktsar,punjab	kotkapura,mukatsar,muktsar,punjab	2	True
S1-651540000	S2-299425011	True	Unique Food Private Limited	यूनिक फूड प्राइवेट लिमिटेड	Smartworks, 43Eq, 7Th Floor, Opposite Bhartiya Vidyapeeth School, Balewadi, Haveli, Pune, Maharashtra	Maharashtra, SMARTWORKS, PUNE, HAVELI	unique,fod	yunik,phud,praivet			smartworks,opposite,bhartiya,vidyapeeth,school,balewadi,haveli,pune,maharashtra	maharashtra,smartworks,pune,haveli	2	False
S1-651540000	S3-308506318	True	Unique Food Private Limited	यूनिक फूड प्राइवेट लिमिटेड	Smartworks, 43Eq, 7Th Floor, Opposite Bhartiya Vidyapeeth School, Balewadi, Haveli, Pune, Maharashtra	Smartworks, Pune Region, Pune, महाराष्ट्र	unique,fod	yunik,phud,praivet			smartworks,opposite,bhartiya,vidyapeeth,school,balewadi,haveli,pune,maharashtra	smartworks,pune,region,pune	2	False
S1-786290125	S2-916288616	False	Al Industries Limited	Mr AL IEDURIES LIMITED	S-115/P, S-116/P, E-City, Raviryal Village, Maheshwaram Mandal, Rangareddy, K.V.Rangareddy, Telangana		industries	ieduries	115,116		city,raviryal,village,maheshwaram,mandal,rangareddy,rangareddy,telangana		3	True
S1-252340060	S2-204288997	True	Vision Care Limited	विजन केयर लिमिटेड	C/O Kisan M Bhendarkar At Virlee Ta Lakhandur, Lakhandur, Bhandara, Maharashtra	C/O KISAN M BHENDARAR AT VIRLEE TA LAKHANDUR, LAKHANDUR, LAKHANDUL, Maharashtra	vision,care	vijn,keyr			kisan,bhendarkar,virlee,lakhandur,lakhandur,bhandara,maharashtra	kisan,bhendarar,virlee,lakhandur,lakhandur,lakhandul,maharashtra	5	True
S1-252340060	S2-204862686	True	Vision Care Limited	विजन केयर लिमिटेड	C/O Kisan M Bhendarkar At Virlee Ta Lakhandur, Lakhandur, Bhandara, Maharashtra	LAKHANDUL, C/O KISAN M BHENDARKAR AT VIRLEE TA LAKHANDUR, Maharashtra, LAKHANDUR	vision,care	vijn,keyr			kisan,bhendarkar,virlee,lakhandur,lakhandur,bhandara,maharashtra	lakhandul,kisan,bhendarkar,virlee,lakhandur,maharashtra,lakhandur	5	True
S1-252340060	S3-370356579	True	Vision Care Limited	विजन केयर लिमिटेड	C/O Kisan M Bhendarkar At Virlee Ta Lakhandur, Lakhandur, Bhandara, Maharashtra	No 638 C/o Kisan M Bhendarkar At Virlee Ta Lakhandur, Lakhandur, <NULL>, MH	vision,care	vijn,keyr		638	kisan,bhendarkar,virlee,lakhandur,lakhandur,bhandara,maharashtra	kisan,bhendarkar,virlee,lakhandur,lakhandur	5	True
S1-501450329	S2-199259611	True	East All Estate Private Limited	ইস্ট অল এস্টেট প্রাইভেট লিমিটেড	Dishari, 1983, Rajdanga Main Road Ground Floor, Kolkata, Kolkata, Howrah, West Bengal	DIHARI, CALCUTTA, HOWRAH, West Bengal	east,all,estate	ist,estet,praibhet	1983		dishari,rajdanga,main,ground,kolkata,kolkata,howrah,west,bengal	dihari,calcutta,howrah,west,bengal	3	True
S1-663210320	S2-872079478	True	All Energy Private Limited	ഓൾ എനർജി പ്രൈവറ്റ് ലിമിറ്റഡ്	D/215Ii Floor Al Falah Complex Nethaji Road, Kannur, Kerala	D/15II FLOOR AL FALAH COMPLEX NETHAJI ROAD, KANNUR, Keralam	all,energy	praivrrrr,limirrrrd			falah,complex,nethaji,kannur,kerala	falah,complex,nethaji,kannur,keralam	2	True
S1-36168988	S3-276279777	True	Great Ace Tech LLP	ग्रेट एस टेक एलएलपी	H. No. 17, Sector-2A Vasundhara, Ghaziabad, Uttar Pradesh	H. No. 77, Ghaziabad, Sahibabad, UP	great,ace,tech	gret,tek,elelpi	17	77	sector,vasundhara,ghaziabad,uttar,pradesh	ghaziabad,sahibabad	7	True
S1-36168988	S3-171284620	True	Great Ace Tech LLP	ग्रेट एस टेक एलएलपी	H. No. 17, Sector-2A Vasundhara, Ghaziabad, Uttar Pradesh	H. No. 77, Ghaziabad, UP, Sahibabad	great,ace,tech	gret,tek,elelpi	17	77	sector,vasundhara,ghaziabad,uttar,pradesh	ghaziabad,sahibabad	7	True
S1-899144373	S2-38896384	True	City Trading Private Limited	சிட்டி டிரேடிங் பிரைவேட் லிமிடெட்	Flat-B26, Floor-2Nd-Blk-B, Orchid Apartment, Sriperumbudur, Kanchipuram, Tamil Nadu	FLAT-B26, SRIPERUMBUDUR, KANCHIPURAM, Tamil Nadu	city,trading	chitti,tireting,piraivet,limitet			flat,blk,orchid,sriperumbudur,kanchipuram,tamil,nadu	flat,sriperumbudur,kanchipuram,tamil,nadu	5	True
S1-899144373	S3-974866223	True	City Trading Private Limited	சிட்டி டிரேடிங் பிரைவேட் லிமிடெட்	Flat-B26, Floor-2Nd-Blk-B, Orchid Apartment, Sriperumbudur, Kanchipuram, Tamil Nadu	Flat-b36, Floor-2nd-blk-b, Orchid Apartment, Kanchipuram, Ambattur, TN	city,trading	chitti,tireting,piraivet,limitet			flat,blk,orchid,sriperumbudur,kanchipuram,tamil,nadu	flat,blk,orchid,kanchipuram,ambattur	5	True
S1-54253580	S3-513980354	True	South Constructions Pvt Ltd	சவுத் கன்ஸ்ட்ரக்ஷன்ஸ் பிரைவேட் லிமிடெட்	Hari Homes, No.7, Ff-A, 1St Floor Vinayaga Nagar, 1St Street, Thoraipakam, Kanchipuram, Chennai, Kancheepuram, Tamil Nadu	H.no #718 Hari Homes, Kancheepuram, Chennai, TN	south,constructions	chvut,knnstrkshnns,piraivet,limitet	7	718	hari,homes,vinayaga,nagar,thoraipakam,kanchipuram,chennai,kancheepuram,tamil,nadu	hari,homes,kancheepuram,chennai	3	True
S1-247012533	S2-56668951	True	Ace Finance Private Limited	ஏஸ் ஃபைனான்ஸ் பிரைவேட் லிமிடெட்	D.No;107J/152C, Tmb Colony, 5Th St, Palai Road West, Thoothukkudi, Tuticorin, Tamil Nadu	D.NO;107J/152C, THOOTHUKKUDI, TUTICORIN, Tamil Nadu	ace,finance	hpainnanns,piraivet,limitet			tmb,colony,palai,west,thoothukkudi,tuticorin,tamil,nadu	thoothukkudi,tuticorin,tamil,nadu	4	True
S1-247012533	S2-733817861	True	Ace Finance Private Limited	ஏஸ் ஃபைனான்ஸ் பிரைவேட் லிமிடெட்	D.No;107J/152C, Tmb Colony, 5Th St, Palai Road West, Thoothukkudi, Tuticorin, Tamil Nadu	D.NO;107J/152C, TMB COLONY, 5TH ST, PALAI ROAD WEST, TUTICORIN, THOOTHUKKUDI, தமிழ்நாடு	ace,finance	hpainnanns,piraivet,limitet			tmb,colony,palai,west,thoothukkudi,tuticorin,tamil,nadu	tmb,colony,palai,west,tuticorin,thoothukkudi	4	True
S1-247012533	S3-848533246	True	Ace Finance Private Limited	ஏஸ் ஃபைனான்ஸ் பிரைவேட் லிமிடெட்	D.No;107J/152C, Tmb Colony, 5Th St, Palai Road West, Thoothukkudi, Tuticorin, Tamil Nadu	D.no;107j/152c, Tmb Colony, 5Th St, Palai Road West, Tuticorin, Thoothukkudi, TN	ace,finance	hpainnanns,piraivet,limitet			tmb,colony,palai,west,thoothukkudi,tuticorin,tamil,nadu	tmb,colony,palai,west,tuticorin,thoothukkudi	4	True
S1-514244023	S3-618518929	True	Bodhi & Sons LLP	Zephquo	C/O Krishna Shrivastava, Randheercolony, Morar, Gird, Gwalior, Madhya Pradesh	C/O Krishna Shrivastava, Randheercolony, Morar, Gird, Gwalior, Madhya Pradesh	bodhi,sons	zephquo			krishna,shrivastava,randheercolony,morar,gird,gwalior,madhya,pradesh	krishna,shrivastava,randheercolony,morar,gird,gwalior,madhya,pradesh	6	True
S1-381937970	S3-166064958	True	United Producer Private Limited	यूनाइटेड प्रोड्यूसर प्राइवेट लिमिटेड	H No- 57-D, First Floor, Right Side, Khizrabad, New Delhi, South Delhi, Delhi	H No- 0057-D, First Floor, Right Side, Khizrabad, South Delhi, DL	united,producer	yunaited,prodyusr,praivet	57	0057	first,right,side,khizrabad,new,delhi,south,delhi,delhi	first,right,side,khizrabad,south,delhi	3	True
S1-215007282	S2-645677054	True	Shakti Hospitality Private Limited	शक्ति हॉस्पिटैलिटी प्राइवेट लिमिटेड	Bihar, Patna, Vijay Nagar New By Pass Road, Kankarbagh	VIJAY NAGAR NEW BY PSS ROAD, KANKARBAGH, PATNA, Bihar	shakti,hospitality	shkti,spitailiti,praivet			bihar,patna,vijay,nagar,new,pass,kankarbagh	vijay,nagar,new,pss,kankarbagh,patna,bihar	3	True
S1-215007282	S2-53252732	True	Shakti Hospitality Private Limited	शक्ति हॉस्पिटैलिटी प्राइवेट लिमिटेड	Bihar, Patna, Vijay Nagar New By Pass Road, Kankarbagh	VIJAY NAGAR NEW BY PASS ROAD, KANKARBAGH, PATNA, बिहार	shakti,hospitality	shkti,spitailiti,praivet			bihar,patna,vijay,nagar,new,pass,kankarbagh	vijay,nagar,new,pass,kankarbagh,patna	3	True
S1-544533608	S2-657532652	True	Sai Software Private Limited	साईं सॉफ्टवेयर प्राइवेट लिमिटेड	B5/A New Ashok Nagar, Delhi, East Delhi	Delhi, B5/A NEW ASHOK NAGAR, DELHI, NEW DELHI	sai,software	sain,phtveyr,praivet			new,ashok,nagar,delhi,east,delhi	delhi,new,ashok,nagar,delhi,new,delhi	4	True
S1-544533608	S2-582040716	True	Sai Software Private Limited	साईं सॉफ्टवेयर प्राइवेट लिमिटेड	B5/A New Ashok Nagar, Delhi, East Delhi	EAST DELHI, दिल्ली, B5/A NEW ASHOK NAGAR, EAST DELHI	sai,software	sain,phtveyr,praivet			new,ashok,nagar,delhi,east,delhi	east,delhi,new,ashok,nagar,east,delhi	4	True
S1-544533608	S3-299787604	True	Sai Software Private Limited	साईं सॉफ्टवेयर प्राइवेट लिमिटेड	B5/A New Ashok Nagar, Delhi, East Delhi	B5/a New Ashok Nngar, Delhi, East Delhi, दिल्ली	sai,software	sain,phtveyr,praivet			new,ashok,nagar,delhi,east,delhi	new,ashok,nngar,delhi,east,delhi	4	True
S1-828133637	S2-169332148	True	Sun Exports Private Limited	സൺ എക്സ്പോർട്സ് പ്രൈവറ്റ് ലിമിറ്റഡ്	Maruthamon Veedukanjirakode Kundara, Kollam, Kerala	MARUTHAMON VEEDUKANJIRAKODE KNDARA, KOLLAM, Kerala	sun,exports	ekspo,praivrrrr,limirrrrd			maruthamon,veedukanjirakode,kundara,kollam,kerala	maruthamon,veedukanjirakode,kndara,kollam,kerala	5	True
S1-828133637	S3-2050286	True	Sun Exports Private Limited	സൺ എക്സ്പോർട്സ് പ്രൈവറ്റ് ലിമിറ്റഡ്	Maruthamon Veedukanjirakode Kundara, Kollam, Kerala	Maruthamon Veedukanjirakode Kundara, Thrissur, Kollam, KL	sun,exports	ekspo,praivrrrr,limirrrrd			maruthamon,veedukanjirakode,kundara,kollam,kerala	maruthamon,veedukanjirakode,kundara,thrissur,kollam	5	True
S1-828133637	S3-41612010	True	Sun Exports Private Limited	സൺ എക്സ്പോർട്സ് പ്രൈവറ്റ് ലിമിറ്റഡ്	Maruthamon Veedukanjirakode Kundara, Kollam, Kerala	Kollam, Maruthamon Veedukanjirakode Kundara, KL, Thrissur	sun,exports	ekspo,praivrrrr,limirrrrd			maruthamon,veedukanjirakode,kundara,kollam,kerala	kollam,maruthamon,veedukanjirakode,kundara,thrissur	5	True
S1-977617416	S2-523227395	True	Creative Solutions Private Limited	क्रिएटिव सॉल्यूशंस प्राइवेट लिमिटेड	Shop No. B23, Tamanna Tower Vaishali Nagar, Jaipur, Rajasthan	SHOP NO. B23, JAIPUR, राजस्थान	creative	krietiv,lyushns,praivet			shop,tamanna,tower,vaishali,nagar,jaipur,rajasthan	shop,jaipur	4	True
S1-977617416	S3-138950974	True	Creative Solutions Private Limited	क्रिएटिव सॉल्यूशंस प्राइवेट लिमिटेड	Shop No. B23, Tamanna Tower Vaishali Nagar, Jaipur, Rajasthan	Shop No. B023, Jaipur, RJ	creative	krietiv,lyushns,praivet			shop,tamanna,tower,vaishali,nagar,jaipur,rajasthan	shop,jaipur	4	True
S1-432715599	S2-540869808	True	Alishan Finance	... Onyxriza	Bethel Mansion, Madathuvilakom Village, Kesavadasapram, Thiruvananthapuram, Thiruvananthapuram, Trivandrum, Kerala	TRIVANDRUM, THIRUVANANTHAPURAM, Kerala, BETHEL MANSION	alishan,finance	onyxriza			bethel,mansion,madathuvilakom,village,kesavadasapram,thiruvananthapuram,thiruvananthapuram,trivandrum,kerala	trivandrum,thiruvananthapuram,kerala,bethel,mansion	4	True
S1-432715599	S2-125045784	True	Alishan Finance	Lumariagild	Bethel Mansion, Madathuvilakom Village, Kesavadasapram, Thiruvananthapuram, Thiruvananthapuram, Trivandrum, Kerala	BETHEL MANSION, THIRUVANANTHAPURAM, TRIVANDRUM, Kerala	alishan,finance	lumariagild			bethel,mansion,madathuvilakom,village,kesavadasapram,thiruvananthapuram,thiruvananthapuram,trivandrum,kerala	bethel,mansion,thiruvananthapuram,trivandrum,kerala	4	True
S1-235790136	S3-382843340	True	Krishna Engineering Private Limited	Smt krishnaengineering.com	Pullattuveli, Cmc 21, Cherthala, Alappuzha, Kerala	Door No 7-47 Pullattuveli, Cherthala, Alappuzha, Keralam	krishna,enginering	smt,krishnaenginering,com	21	7,47	pullattuveli,cmc,cherthala,alappuzha,kerala	door,pullattuveli,cherthala,alappuzha,keralam	7	True
S1-994910861	S2-991981757	True	Innovative Consultants Pvt Ltd	இன்னோவேட்டிவ் கன்சல்டன்ட்ஸ் பிரைவேட் லிமிடெட்	Sri Devi St, Perumal, Nagar Ext Old Palavaram, Tamil Nadu, No.4, Kanchipuram, Tambaram	#1, KANCHIPURAM, TAMBARAM, தமிழ்நாடு	innovative,consultants	innnnovettiv,knnchltnnts,piraivet,limitet	4	1	sri,devi,perumal,nagar,ext,old,palavaram,tamil,nadu,kanchipuram,tambaram	kanchipuram,tambaram	5	True
S1-102782878	S3-144169553	True	Scg Aluminium	Mr scgaluminium.com	Kerala, Kasargod, Ward 6 Aarumi Adot, Ajanur, Andashram, Kasragod, Hosdurg, Building No 68B	Door No 47 Building No 68B, Hosdurg, Kasargod, Keralam	scg,aluminium	scgaluminium,com	6	47	kerala,kasargod,ward,aarumi,adot,ajanur,andashram,kasragod,hosdurg,building	door,building,hosdurg,kasargod,keralam	6	True
S1-384200616	S3-929071693	True	Phantom Projects Private Limited	Shri Phant0m Porjcst Private (Limited)	Chithera, Uttar Pradesh, Gautam Buddha Nagar, Noida	UP, Chithera, Gautam Buddha Nagar	phantom,projects	shri,phant0m,porjcst			chithera,uttar,pradesh,gautam,buddha,nagar,noida	chithera,gautam,buddha,nagar	7	True
S1-870512334	S2-608282789	True	Great First Foods Private Limited	గ్రేట్ ఫస్ట్ ఫుడ్స్ ప్రైవేట్ లిమిటెడ్	Chimryal -, Kodada (M), Nalgonda, Telangana	CHIMRYAL -, KODADA (M), NALGONDA, తెలంగాణ	great,first,fods	gret,phst,phuds,praivet			chimryal,kodada,nalgonda,telangana	chimryal,kodada,nalgonda	8	True
S1-870512334	S2-576446464	True	Great First Foods Private Limited	గ్రేట్ ఫస్ట్ ఫుడ్స్ ప్రైవేట్ లిమిటెడ్	Chimryal -, Kodada (M), Nalgonda, Telangana	CHIMRYAL -, NALGONDA, తెలంగాణ	great,first,fods	gret,phst,phuds,praivet			chimryal,kodada,nalgonda,telangana	chimryal,nalgonda	8	True
S1-870512334	S3-877190735	True	Great First Foods Private Limited	గ్రేట్ ఫస్ట్ ఫుడ్స్ ప్రైవేట్ లిమిటెడ్	Chimryal -, Kodada (M), Nalgonda, Telangana	Chimryal -, Nalgonda, TG	great,first,fods	gret,phst,phuds,praivet			chimryal,kodada,nalgonda,telangana	chimryal,nalgonda	8	True
S1-870512334	S3-134600235	True	Great First Foods Private Limited	గ్రేట్ ఫస్ట్ ఫుడ్స్ ప్రైవేట్ లిమిటెడ్	Chimryal -, Kodada (M), Nalgonda, Telangana	Chimryal -, Kodada (M), Nalgonda, Andhra Pradesh	great,first,fods	gret,phst,phuds,praivet			chimryal,kodada,nalgonda,telangana	chimryal,kodada,nalgonda,andhra,pradesh	8	True
S1-870512334	S3-898998319	True	Great First Foods Private Limited	GFF	Chimryal -, Kodada (M), Nalgonda, Telangana	Chimryal -, Kodada (M), Nalgonda, Telangana	great,first,fods	gff			chimryal,kodada,nalgonda,telangana	chimryal,kodada,nalgonda,telangana	8	True
S1-494332790	S2-386902385	True	Sun Producer Private Limited	சன் புரொட்யூசர் பிரைவேட் லிமிடெட்	A.H.158, Annanagar, Madras, Chennai, Tamil Nadu	A.H.58, ANNANAGAR, MADRAS, CHENNAI, Tamil Nadu	sun,producer	chnn,purotyuchr,piraivet,limitet	158	58	annanagar,madras,chennai,tamil,nadu	annanagar,madras,chennai,tamil,nadu	4	True
S1-494332790	S2-566177414	True	Sun Producer Private Limited	சன் புரொட்யூசர் பிரைவேட் லிமிடெட்	A.H.158, Annanagar, Madras, Chennai, Tamil Nadu	A.H.58, MADRAS, CHENNAI, Tamil Nadu	sun,producer	chnn,purotyuchr,piraivet,limitet	158	58	annanagar,madras,chennai,tamil,nadu	madras,chennai,tamil,nadu	4	True
S1-494332790	S3-622597449	True	Sun Producer Private Limited	சன் புரொட்யூசர் பிரைவேட் லிமிடெட்	A.H.158, Annanagar, Madras, Chennai, Tamil Nadu	Chennai, TN, A.h.58, Chennai	sun,producer	chnn,purotyuchr,piraivet,limitet	158	58	annanagar,madras,chennai,tamil,nadu	chennai,chennai	4	True
S1-451079374	S3-315354789	True	Sridhar Chromates	Novievodova	10/72 Bahar B Sahara Statesjankipuram Lucknow, Uttar Pradesh, Lucknow, Uttar Pradesh	No 1032 Bahar B Sahara Statesjankiputam Lucknow, Uttar Pradesh, Lucknow, UP	sridhar,chromates	novievodova	10,72	1032	bahar,sahara,statesjankipuram,lucknow,uttar,pradesh,lucknow,uttar,pradesh	bahar,sahara,statesjankiputam,lucknow,uttar,pradesh,lucknow	2	True
S1-311245264	S2-636092663	True	Jai Green Infra Private Limited	જય ગ્રીન ઇન્ફ્રા પ્રાઇવેટ લિમિટેડ	Vihav Excelus, Opp. Aroma Avenue, Gujarat, Vadodara, Tf-14, Vadodara	VIHAV EXCELUS, OPP. AROMA AVENUE, VADODARA, ગુજરાત, TF-014	jai,gren,infra	grin,inphra,praivet	14	014	vihav,excelus,aroma,gujarat,vadodara,vadodara	vihav,excelus,aroma,vadodara	5	True
S1-95974478	S2-472871863	True	East Management Private Limited	ಈಸ್ಟ್ ಮ್ಯಾನೇಜ್‌ಮೆಂಟ್ ಪ್ರೈವೇಟ್ ಲಿಮಿಟೆಡ್	Salarpuria Windsor, 4Th Floor, No.3, Sivan Chetty Gradens, Bangalore, Bangalore North, Bangalore, Karnataka	Karnataka, #716 SALARPURIA WINDSOR, BANGALORE NORTH, BANGALORE	east,management	ist,myanej,ment,praivet	3	716	salarpuria,windsor,sivan,chetty,gradens,bangalore,bangalore,north,bangalore,karnataka	karnataka,salarpuria,windsor,bangalore,north,bangalore	4	True
S1-95974478	S3-851288701	True	East Management Private Limited	ಈಸ್ಟ್ ಮ್ಯಾನೇಜ್‌ಮೆಂಟ್ ಪ್ರೈವೇಟ್ ಲಿಮಿಟೆಡ್	Salarpuria Windsor, 4Th Floor, No.3, Sivan Chetty Gradens, Bangalore, Bangalore North, Bangalore, Karnataka	Salarpuria Windsor, Bangalore North, KA, Bangalore	east,management	ist,myanej,ment,praivet	3		salarpuria,windsor,sivan,chetty,gradens,bangalore,bangalore,north,bangalore,karnataka	salarpuria,windsor,bangalore,north,bangalore	4	True
S1-667858920	S2-602050597	True	Eastern Finance Pvt Ltd	ইস্টার্ন ফাইন্যান্স প্রাইভেট লিমিটেড	20A Sarat Bose Road, Kolkata, Howrah, West Bengal	20A SARAT BOSE ROAD, KOLKATA, BHAVANIPUR, West Bengal	eastern,finance	istarn,phainyans,praibhet			sarat,bose,kolkata,howrah,west,bengal	sarat,bose,kolkata,bhavanipur,west,bengal	2	True
S1-193632124	S2-993189258	True	Apex Finance Private Limited	एपेक्स फाइनेंस प्राइवेट लिमिटेड	1801, Mirabillis Nahar Amrithakti, Chandivali Farm Road, Andheri (East), Mumbai, Mumbai City, Maharashtra	MIRABILLIS NAHAR AMRITHAKTI, CHANDIVALI FARM ROAD, ANDHERI (EAST), GREATER MUMBAI, MUMBAI CITY, महाराष्ट्र	apex,finance	epeks,phainens,praivet	1801		mirabillis,nahar,amrithakti,chandivali,farm,andheri,east,mumbai,mumbai,city,maharashtra	mirabillis,nahar,amrithakti,chandivali,farm,andheri,east,greater,mumbai,mumbai,city	4	True
S1-193632124	S2-900699234	True	Apex Finance Private Limited	एपेक्स फाइनेंस प्राइवेट लिमिटेड	1801, Mirabillis Nahar Amrithakti, Chandivali Farm Road, Andheri (East), Mumbai, Mumbai City, Maharashtra	MIRABILLIS NAHAR AMRITHAKTI, CHANDIVALI FARM ROAD, ANDHERI (EAST), GREATER MUMBAI, MUMBAI, Maharashtra	apex,finance	epeks,phainens,praivet	1801		mirabillis,nahar,amrithakti,chandivali,farm,andheri,east,mumbai,mumbai,city,maharashtra	mirabillis,nahar,amrithakti,chandivali,farm,andheri,east,greater,mumbai,mumbai,maharashtra	4	True
S1-504539482	S2-227797117	True	Laxmi Care Private Limited	लक्ष्मी केयर प्राइवेट लिमिटेड	532 Rafinagar, Raebareli, Rae Bareli, Raibareilly, Uttar Pradesh	#32 RAFINAGAR, RAEBARELI, RAI BARELI, RAIBAREILLY, उत्तर प्रदेश	laxmi,care	lkshmi,keyr,praivet	532	32	rafinagar,raebareli,rae,bareli,raibareilly,uttar,pradesh	rafinagar,raebareli,rai,bareli,raibareilly	2	False
S1-504539482	S3-559764546	True	Laxmi Care Private Limited	लक्ष्मी केयर प्राइवेट लिमिटेड	532 Rafinagar, Raebareli, Rae Bareli, Raibareilly, Uttar Pradesh	No 4-596 Rafinagar, Raebareli, Raibareilly, Rae Bareli, उत्तर प्रदेश	laxmi,care	lkshmi,keyr,praivet	532	4,596	rafinagar,raebareli,rae,bareli,raibareilly,uttar,pradesh	rafinagar,raebareli,raibareilly,rae,bareli	2	False
S1-123836618	S2-398487621	True	Supreme Builders LLP	சுப்ரீம் பில்டர்ஸ் எல்எல்பி	49M Nethaji Road Melapalayam, Tirunelveli, Tamil Nadu	NO 49 NETHAJI ROAD MELAPALAYAM, TIRUNELVELI, Tamil Nadu	supreme,builders	chuprim,piltrs,elelpi		49	nethaji,melapalayam,tirunelveli,tamil,nadu	nethaji,melapalayam,tirunelveli,tamil,nadu	3	True
S1-123836618	S2-618709304	True	Supreme Builders LLP	சுப்ரீம் பில்டர்ஸ் எல்எல்பி	49M Nethaji Road Melapalayam, Tirunelveli, Tamil Nadu	49 NETHAJI ROAD MELAPALAYAM, TIRUNELVELI, தமிழ்நாடு	supreme,builders	chuprim,piltrs,elelpi		49	nethaji,melapalayam,tirunelveli,tamil,nadu	nethaji,melapalayam,tirunelveli	3	True
S1-153151022	S2-28409352	True	Best Southern Services Private Limited	ബെസ്റ്റ് സതേൺ സർവീസസ് പ്രൈവറ്റ് ലിമിറ്റഡ്	Bindhu Vihar, Tc 4/642, Bcra (A) 34, Brahmins Colony, Kowdiar P.O, Thiruvananthapuram, Trivandrum, Kerala	BINDHU VIHAR, TRIVANDRUM, THIRUVANANTHAPURAM, Kerala	best,southern	besrrrr,ste,viss,praivrrrr,limirrrrd	4,642,34		bindhu,vihar,bcra,brahmins,colony,kowdiar,thiruvananthapuram,trivandrum,kerala	bindhu,vihar,trivandrum,thiruvananthapuram,kerala	2	True
S1-39152269	S2-119759834	True	New Exports Pvt Ltd	নিউ এক্সপোর্টস প্রাইভেট লিমিটেড	Yamuna Bhawan, Basement 55, Ezra Street, Kolkata, Kolkata, Howrah, West Bengal	KOLKATA, YAMUNA BHAWAN, HOWRAH, পশ্চিমবঙ্গ	new,exports	niu,eksports,praibhet	55		yamuna,bhawan,basement,ezra,kolkata,kolkata,howrah,west,bengal	kolkata,yamuna,bhawan,howrah	5	True
S1-55236106	S2-278203388	True	Hitech Food Private Limited	हाईटेक फूड प्राइवेट लिमिटेड	C/O Laxchhman Sahni, At-Harpur Nizamat, Chaknur, Samastipur, Bihar	C/O LAXCHHMAN SAHNI, SAMASTIPUR, Bihar	hitech,fod	haitek,phud,praivet			laxchhman,sahni,harpur,nizamat,chaknur,samastipur,bihar	laxchhman,sahni,samastipur,bihar	3	False
S1-55236106	S3-155263475	True	Hitech Food Private Limited	हाईटेक फूड प्राइवेट लिमिटेड	C/O Laxchhman Sahni, At-Harpur Nizamat, Chaknur, Samastipur, Bihar	Samastipur, BR, Samastipur, C/o Laxchhman Sahni, At-harpur Nizamat, Chaknur	hitech,fod	haitek,phud,praivet			laxchhman,sahni,harpur,nizamat,chaknur,samastipur,bihar	samastipur,samastipur,laxchhman,sahni,harpur,nizamat,chaknur	3	False
S1-55236106	S3-975691935	True	Hitech Food Private Limited	हाईटेक फूड प्राइवेट लिमिटेड	C/O Laxchhman Sahni, At-Harpur Nizamat, Chaknur, Samastipur, Bihar	बिहार, C/o Laxchhman Sahni, Samastipur	hitech,fod	haitek,phud,praivet			laxchhman,sahni,harpur,nizamat,chaknur,samastipur,bihar	laxchhman,sahni,samastipur	3	False
S1-404134398	S2-713736318	True	Sky Properties Private Limited	ಸ್ಕೈ ಪ್ರಾಪರ್ಟೀಸ್ ಪ್ರೈವೇಟ್ ಲಿಮಿಟೆಡ್	Raja Farm 12Th Km, Kanakapura Road, J P Nagar 9Th Phase, Doddakalsandra, Bangalore, Karnataka	RAJA FARM 12TH KM, BANGALORE, Karnataka	sky,properties	skai,praprtis,praivet			raja,farm,kanakapura,nagar,phase,doddakalsandra,bangalore,karnataka	raja,farm,bangalore,karnataka	4	True
S1-404134398	S3-855791303	True	Sky Properties Private Limited	ಸ್ಕೈ ಪ್ರಾಪರ್ಟೀಸ್ ಪ್ರೈವೇಟ್ ಲಿಮಿಟೆಡ್	Raja Farm 12Th Km, Kanakapura Road, J P Nagar 9Th Phase, Doddakalsandra, Bangalore, Karnataka	Raja Farm 12Th Km, Kanakapura Road, J P Nagar 9Th Phase, Doddakalsandra, Bangalore, KA	sky,properties	skai,praprtis,praivet			raja,farm,kanakapura,nagar,phase,doddakalsandra,bangalore,karnataka	raja,farm,kanakapura,nagar,phase,doddakalsandra,bangalore	4	True
S1-404134398	S3-298502845	True	Sky Properties Private Limited	ಸ್ಕೈ ಪ್ರಾಪರ್ಟೀಸ್ ಪ್ರೈವೇಟ್ ಲಿಮಿಟೆಡ್	Raja Farm 12Th Km, Kanakapura Road, J P Nagar 9Th Phase, Doddakalsandra, Bangalore, Karnataka	Raja Farm 12Th Km, Kanakapura Road, J P Nagar 9Th Phase, Doddakalsandra, Bangalore, KA	sky,properties	skai,praprtis,praivet			raja,farm,kanakapura,nagar,phase,doddakalsandra,bangalore,karnataka	raja,farm,kanakapura,nagar,phase,doddakalsandra,bangalore	4	True
S1-819199995	S2-648461929	True	Innovative Developers Private Limited	इनोवेटिव डेवलपर्स प्राइवेट लिमिटेड	C/O Premlata Upadhyay, Badinagar Barail, Nawabganj, Barabanki, Uttar Pradesh	C/O PREMLATA UPADHYAY, NAWABGANJ, BARABANKI, Uttar Pradesh	innovative,developers	inovetiv,devlprs,praivet			premlata,upadhyay,badinagar,barail,nawabganj,barabanki,uttar,pradesh	premlata,upadhyay,nawabganj,barabanki,uttar,pradesh	3	True
S1-22663518	S3-295533822	True	JN Solutions Limited	JN 5olutions Ltd	C/O Manoranjan Gandhi, Nagar 3Rd Line, Brahmapur Sadar, Ganjam, Orissa	C/o Manoranjan Gandhi, Nagar 3Rd Line, Brahmapur Sadar, Ganjam, Orissa	solutions	5olutions			manoranjan,gandhi,nagar,line,brahmapur,sadar,ganjam,orissa	manoranjan,gandhi,nagar,line,brahmapur,sadar,ganjam,orissa	5	True
S1-661035556	S2-965048090	True	Partha Infra Private Limited	Onyxgild	Agro House, No.28, Lalbaghmission Road Bangalore, Bangalore, Karnataka	AHRO HOUSE, BANGALORE, LALBAGHMISSION ROAD BANGALORE, Karnataka	partha,infra	onyxgild	28		agro,house,lalbaghmission,bangalore,bangalore,karnataka	ahro,house,bangalore,lalbaghmission,bangalore,karnataka	3	True
S1-36065638	S3-747433077	True	Sai Infotech Limited	साईं इंफोटेक लिमिटेड	Flat-1303, Plot-70, Sector-50, Ges Thane, Thane, Maharashtra	Flat-01303, Thane, MH	sai,infotech	sain,inphotek	1303,70,50	01303	flat,plot,sector,ges,thane,thane,maharashtra	flat,thane	3	True
S1-185912694	S2-684813708	True	JNM Networks Private Limited	jnmnetworks.com	C/O Madan Jeet Kumar Singh Barthara Kala, Sakaldiha, Chandauli, Uttar Pradesh	NO. A-914 C/O MADAN JEET KMAR SINGH BARTHARA KALA, SAKALDIHA, CHANDAULI, Uttar Pradesh	jnm,networks	jnmnetworks,com		914	madan,jeet,kumar,singh,barthara,kala,sakaldiha,chandauli,uttar,pradesh	madan,jeet,kmar,singh,barthara,kala,sakaldiha,chandauli,uttar,pradesh	3	True
S1-804843120	S2-118762469	True	Lotus Global Limited	लोटस ग्लोबल लिमिटेड	Uttar Pradesh, Tilhar, Shahjahanpur, Mohala Banwari Pur Tehsil Tilhar	MOHALA BANWARI PUR TEHSIL TILHAR, TILHAR, SHAHJAHANPUR, Uttar Pradesh	lotus,global	lots,globl			uttar,pradesh,tilhar,shahjahanpur,mohala,banwari,pur,tehsil,tilhar	mohala,banwari,pur,tehsil,tilhar,tilhar,shahjahanpur,uttar,pradesh	6	True
S1-804843120	S2-937794194	True	Lotus Global Limited	लोटस ग्लोबल लिमिटेड	Uttar Pradesh, Tilhar, Shahjahanpur, Mohala Banwari Pur Tehsil Tilhar	MOHALA BANWARI PUR TEHSIL TILHAR, TILHAR, SHAHJAHANPUR, Uttar Pradesh	lotus,global	lots,globl			uttar,pradesh,tilhar,shahjahanpur,mohala,banwari,pur,tehsil,tilhar	mohala,banwari,pur,tehsil,tilhar,tilhar,shahjahanpur,uttar,pradesh	6	True
S1-804843120	S2-251498630	True	Lotus Global Limited	लोटस ग्लोबल लिमिटेड	Uttar Pradesh, Tilhar, Shahjahanpur, Mohala Banwari Pur Tehsil Tilhar	MOHALA BANWARI PUR TEHSIL TILHAR, SHAHJAHANPUR, TILHAR, उत्तर प्रदेश	lotus,global	lots,globl			uttar,pradesh,tilhar,shahjahanpur,mohala,banwari,pur,tehsil,tilhar	mohala,banwari,pur,tehsil,tilhar,shahjahanpur,tilhar	6	True
S1-804843120	S3-641264931	True	Lotus Global Limited	लोटस ग्लोबल लिमिटेड	Uttar Pradesh, Tilhar, Shahjahanpur, Mohala Banwari Pur Tehsil Tilhar	उत्तर प्रदेश, Shahjahanpur, Tilhar, Mohala Banwari Pur Tehsil Tilhar	lotus,global	lots,globl			uttar,pradesh,tilhar,shahjahanpur,mohala,banwari,pur,tehsil,tilhar	shahjahanpur,tilhar,mohala,banwari,pur,tehsil,tilhar	6	True
S1-602193603	S2-691749425	True	BN Biosciences Pvt Ltd	Brixvera	Ward No. 10 At Jamui, Po Jamui Ps Dulhin Bazar, Patna, Bihar	WARD NO. 80 AT JAMUI, PO JAMUI PS DULHIN BAZAR, PATNA, Bihar	biosciences	brixvera	10	80	ward,jamui,jamui,dulhin,bazar,patna,bihar	ward,jamui,jamui,dulhin,bazar,patna,bihar	5	True
S1-602193603	S2-574019698	True	BN Biosciences Pvt Ltd	@bnbiosciences	Ward No. 10 At Jamui, Po Jamui Ps Dulhin Bazar, Patna, Bihar	PATNA, बिहार, WARD NO. 80 AT JAMUI	biosciences	bnbiosciences	10	80	ward,jamui,jamui,dulhin,bazar,patna,bihar	patna,ward,jamui	5	True
S1-100635989	S3-568724550	True	Cooch Behar - I Solutions Private Limited	Gildecto	C/O Subrata Deb, Vivekananda Street, Cooch Behar - I, Cooch Behar, West Bengal	H.no 596 C/o Subrata Deb, Vivekananda Street, Cooch Behar - I, Cooch Behar, WB	coch,behar	gildecto		596	subrata,deb,vivekananda,cooch,behar,cooch,behar,west,bengal	subrata,deb,vivekananda,cooch,behar,cooch,behar	5	True
S1-84772355	S3-332527554	True	Nesa Developers Pvt Ltd	ND	A S Marg, Iit Bombay Campus, Powai, Mumbai, Maharashtra, Mumbai, Sine Office 6Th Floor Rahul Bajaj Technology Innovation Centre (Rbtic) Building	Mumbai, Maharashtra, A S Marg, Iit Bombay Campus, Powai, Sine Office 6Th Floor Rahul Bajaj Technology Innovation Centre (Rbtic) Building	nesa,developers				marg,iit,bombay,campus,powai,mumbai,maharashtra,mumbai,sine,office,rahul,bajaj,technology,innovation,centre,rbtic,building	mumbai,maharashtra,marg,iit,bombay,campus,powai,sine,office,rahul,bajaj,technology,innovation,centre,rbtic,building	5	True
S1-279119893	S2-638694196	True	Unique Impex Limited	यूनिक इम्पेक्स लिमिटेड	3A 3Rd Floor Tilak Bhawan, Tilak Marg, C-Scheme, Jaipur, Rajasthan	#2-3A 3RD FLOOR TILAK BHAWAN, JAIPUR, Rajasthan	unique,impex	yunik,impeks		2	tilak,bhawan,tilak,marg,scheme,jaipur,rajasthan	tilak,bhawan,jaipur,rajasthan	9	True
S1-279119893	S2-840517357	True	Unique Impex Limited	यूनिक इम्पेक्स लिमिटेड	3A 3Rd Floor Tilak Bhawan, Tilak Marg, C-Scheme, Jaipur, Rajasthan	#2-3A 3RD FLOOR TILAK BHAWAN, JAIPUR, Rajasthan	unique,impex	yunik,impeks		2	tilak,bhawan,tilak,marg,scheme,jaipur,rajasthan	tilak,bhawan,jaipur,rajasthan	9	True
S1-487683734	S2-629147595	True	Gujarat Consultancy Limited	गुजरात कंसल्टेंसी लिमिटेड	80 Municipal Market, New Delhi, Central Delhi, Delhi	NEW DELHI, CENTRAL DELHI, Delhi, 080 MUNICIPAL MARKET	gujarat,consultancy	gujrat,knsltensi	80	080	municipal,market,new,delhi,central,delhi,delhi	new,delhi,central,delhi,delhi,municipal,market	5	True
S1-388202046	S3-747619520	False	Jd Services LLP	Jd LLP Partners	Wz-79-C/8, Plot No. G-8, T/F, L/S, Gali No. 7, Virender Nagar, New Delhi, West Delhi, Delhi		services	partners	79,8,8,7		plot,gali,virender,nagar,new,delhi,west,delhi,delhi		6	True
S1-184984153	S3-754631307	True	Products Chandan Fmcg Pvt. Ltd.	Noviwex	Suvidha Annexe, Below Food Basket, K.H.Patil Road, Keshwapur, Hubli, Dharwar, Karnataka	Suvidha Annexe, Below Food Basket, K.H.Patil Road, Keshwapur, Hubli, Dharwar, Karnataka	products,chandan,fmcg	noviwex			suvidha,annexe,below,food,basket,patil,keshwapur,hubli,dharwar,karnataka	suvidha,annexe,below,food,basket,patil,keshwapur,hubli,dharwar,karnataka	6	True
S1-890481361	S2-968993388	True	Deswal Shares Private Limited	sdprivate.com	11Thfloor, Towera, Trilcommercial Centre(Intellion Edge), Sector-72, Gurugram, Gurugram, Gurgaon, Haryana	11THFLOR, GURUGRAM, GURGAON, Haryana	deswal,shares	sdprivate,com	72		towera,trilcommercial,centre,intellion,edge,sector,gurugram,gurugram,gurgaon,haryana	gurugram,gurgaon,haryana	3	True
S1-848777798	S3-574168871	True	Standard Public School	@standardpublic	Jussawala Wadi Enclave, Juhu, Maharashtra, Mumbai, Mumbai City, Sona Villa	MH, Sona Villa, Mumbai City	standard,public,schol	standardpublic			jussawala,wadi,enclave,juhu,maharashtra,mumbai,mumbai,city,sona,villa	sona,villa,mumbai,city	4	True
S1-91326998	S2-456745779	True	City Foods Private Limited	सिटी फूड्स प्राइवेट लिमिटेड	Plot No107 Ashok Vihar, New Delhi, Haryana	PLOT NO07 ASHOK VIHAR, NEW DELHI, Haryana	city,fods	siti,phuds,praivet			plot,ashok,vihar,new,delhi,haryana	plot,ashok,vihar,new,delhi,haryana	3	False
S1-91326998	S3-811066613	True	City Foods Private Limited	सिटी फूड्स प्राइवेट लिमिटेड	Plot No107 Ashok Vihar, New Delhi, Haryana	H.no 907 Ashok Vihar, Wazirpur, HR	city,fods	siti,phuds,praivet		907	plot,ashok,vihar,new,delhi,haryana	ashok,vihar,wazirpur	3	False
S1-91326998	S3-75330333	True	City Foods Private Limited	सिटी फूड्स प्राइवेट लिमिटेड	Plot No107 Ashok Vihar, New Delhi, Haryana	907 Ashok Vihar, Wazirpur, HR	city,fods	siti,phuds,praivet		907	plot,ashok,vihar,new,delhi,haryana	ashok,vihar,wazirpur	3	False
S1-684547378	S2-830649581	True	International Management Private Limited	ഇന്റർനാഷണൽ മാനേജ്മെന്റ് പ്രൈവറ്റ് ലിമിറ്റഡ്	Ivth Floorindus Avenue Kallai Road, Kozhikode, Kerala	KOZHIKODE, Kerala, KOZHIKODE, IVTH FLOORINDUS AVENUE KALLAI ROAD	international,management	inrr,nashn,manejmenrr,praivrrrr,limirrrrd			ivth,floorindus,kallai,kozhikode,kerala	kozhikode,kerala,kozhikode,ivth,floorindus,kallai	6	True
S1-99587101	S2-358249255	True	Premier Finance LLP	प्रीमियर फाइनेंस एलएलपी	New Delhi, Delhi, Office No.304 Laxmi Nagar, H 30A 2Nd Floor, New Delhi	H 30A 2ND FLOR, NEW DELHI, Delhi	premier,finance	primiyr,phainens,elelpi	304		new,delhi,delhi,office,laxmi,nagar,new,delhi	flor,new,delhi,delhi	4	True
S1-99587101	S2-66797723	True	Premier Finance LLP	प्रीमियर फाइनेंस एलएलपी	New Delhi, Delhi, Office No.304 Laxmi Nagar, H 30A 2Nd Floor, New Delhi	H 30A 2ND FLOOR, NEW DELHI, Delhi	premier,finance	primiyr,phainens,elelpi	304		new,delhi,delhi,office,laxmi,nagar,new,delhi	new,delhi,delhi	4	True
S1-99587101	S3-903054703	True	Premier Finance LLP	प्रीमियर फाइनेंस एलएलपी	New Delhi, Delhi, Office No.304 Laxmi Nagar, H 30A 2Nd Floor, New Delhi	H 30A 2Nd Floor, New Delhi, DL	premier,finance	primiyr,phainens,elelpi	304		new,delhi,delhi,office,laxmi,nagar,new,delhi	new,delhi	4	True
S1-476236485	S2-778138876	True	New Investment Private Limited	న్యూ ఇన్వెస్ట్‌మెంట్ ప్రైవేట్ లిమిటెడ్	Unit No.5B, 5Th Floor, Vaishnavis Cymbol, Survey No.345/A, Outer Ring Road, Puppalaguda, Gandipet Mandal, Rangareddy, Telangana	UNIT NO.5B., RANGAREDDY, Telangana	new,investment	nyu,invest,ment,praivet	345		vaishnavis,cymbol,survey,outer,ring,puppalaguda,gandipet,mandal,rangareddy,telangana	rangareddy,telangana	7	True
S1-496739447	S2-350407907	True	All Management Private Limited	ಆಲ್ ಮ್ಯಾನೇಜ್‌ಮೆಂಟ್ ಪ್ರೈವೇಟ್ ಲಿಮಿಟೆಡ್	No.32, 1St Floor, Srr Layout, Behind Drdo Township, Pash-2, Doorvaninagar Post, Bangalore, Karnataka	NO 0032, BANGALORE, Karnataka	all,management	myanej,ment,praivet	32,2	0032	srr,layout,behind,drdo,township,pash,doorvaninagar,post,bangalore,karnataka	bangalore,karnataka	3	True
S1-38076990	S2-431435992	True	Prime It Private Limited	प्राइम आईटी प्राइवेट लिमिटेड	Maharashtra, Amina Compound, Thane, Near Dhamankar Naka, Bhiwandi	AMINA COMPOUND, THANE, महाराष्ट्र	prime	praim,aiti,praivet			maharashtra,amina,compound,thane,dhamankar,naka,bhiwandi	amina,compound,thane	4	True
S1-72179518	S2-193954976	True	Super Engineering Private Limited	सुपर इंजीनियरिंग प्राइवेट लिमिटेड	A905 Gundecha Symphony Veera Desai Road Andheri West, Mumbai, Mumbai City, Maharashtra	A0905 GUNDECHA SYMPHONY VEERA DESAI ROAD ANDHERI WEST, MUMBAI, MUMBAI CITY, Maharashtra	super,enginering	supr,injiniyring,praivet			gundecha,symphony,veera,desai,andheri,west,mumbai,mumbai,city,maharashtra	gundecha,symphony,veera,desai,andheri,west,mumbai,mumbai,city,maharashtra	7	True
S1-72179518	S2-263240425	True	Super Engineering Private Limited	सुपर इंजीनियरिंग प्राइवेट लिमिटेड	A905 Gundecha Symphony Veera Desai Road Andheri West, Mumbai, Mumbai City, Maharashtra	MUMBAI CITY, MUMBAI, Maharashtra, A0905 GUNDECHA SYMPHONY VEERA DESAI ROAD ANDHERI WEST	super,enginering	supr,injiniyring,praivet			gundecha,symphony,veera,desai,andheri,west,mumbai,mumbai,city,maharashtra	mumbai,city,mumbai,maharashtra,gundecha,symphony,veera,desai,andheri,west	7	True
S1-72179518	S2-200598809	True	Super Engineering Private Limited	सुपर इंजीनियरिंग प्राइवेट लिमिटेड	A905 Gundecha Symphony Veera Desai Road Andheri West, Mumbai, Mumbai City, Maharashtra	A0905 GUNDECHA SYMPHONY VEERA DESAI ROAD ANDHERI WEST, MUMBAI, MUMBAI CITY, Maharashtra	super,enginering	supr,injiniyring,praivet			gundecha,symphony,veera,desai,andheri,west,mumbai,mumbai,city,maharashtra	gundecha,symphony,veera,desai,andheri,west,mumbai,mumbai,city,maharashtra	7	True
S1-103266270	S2-300268260	True	My Consultancy Private Limited	ಮೈ ಕನ್ಸಲ್ಟೆನ್ಸಿ ಪ್ರೈವೇಟ್ ಲಿಮಿಟೆಡ್	No.3A, 3B, Elvs Road, Hanumanth Nagar, Puruvankara Main Road, Bilishivalle Village, Bangalore North, Bangalore, Karnataka	NO.3A, 3B, ELVS ROAD, HANUMANTH NAGAR, PURUVANKARA MAIN ROAD, BILISHIVALLE VILLAGE, BANGALORE, BANGALORE NORTH, Karnataka	consultancy	mai,knsltensi,praivet			elvs,hanumanth,nagar,puruvankara,main,bilishivalle,village,bangalore,north,bangalore,karnataka	elvs,hanumanth,nagar,puruvankara,main,bilishivalle,village,bangalore,bangalore,north,karnataka	3	False
S1-103266270	S2-140126440	True	My Consultancy Private Limited	M/s myconsultancy.com	No.3A, 3B, Elvs Road, Hanumanth Nagar, Puruvankara Main Road, Bilishivalle Village, Bangalore North, Bangalore, Karnataka	DOOR NO 3A, 3B, ELVS ROAD, HANUMANTH NAGAR, PURUVANKARA MAIN ROAD, BILISHIVALLE VILLAGE, BANGALORE NORTH, BANGALORE, Karnataka	consultancy	myconsultancy,com			elvs,hanumanth,nagar,puruvankara,main,bilishivalle,village,bangalore,north,bangalore,karnataka	door,elvs,hanumanth,nagar,puruvankara,main,bilishivalle,village,bangalore,north,bangalore,karnataka	3	False
S1-103266270	S3-629322375	False	My Consultancy Private Limited	ಮೈ ಕನ್ಸಲ್ಟೆನ್ಸಿ ಪ್ರೈವೇಟ್ ಲಿಮಿಟೆಡ್	No.3A, 3B, Elvs Road, Hanumanth Nagar, Puruvankara Main Road, Bilishivalle Village, Bangalore North, Bangalore, Karnataka	No.##3a, Kothanur, KA	consultancy	mai,knsltensi,praivet			elvs,hanumanth,nagar,puruvankara,main,bilishivalle,village,bangalore,north,bangalore,karnataka	kothanur	3	False
S1-51393238	S2-149312720	True	Hari Shree Investments LLP	ಹರಿ ಶ್ರೀ ಇನ್ವೆಸ್ಟ್‌ಮೆಂಟ್ಸ್ ಎಲ್ಎಲ್‌ಪಿ	45B, Dba Hubstairs Coworks, Subham Complex, Ist A Main, 2Nd Floor, Rear Wing, Mini Forest Road, 3Rd Phase J P Nagar, Bangalore South, Bangalore, Karnataka	45B., BANGALORE SOUTH, BANGALORE, ಕರ್ನಾಟಕ	hari,shre,investments	hri,shri,invest,ments,elel			dba,hubstairs,coworks,subham,complex,ist,main,rear,wing,mini,forest,phase,nagar,bangalore,south,bangalore,karnataka	bangalore,south,bangalore	2	True
S1-656080279	S2-539679584	True	Lotus Solutions Private Limited	लोटस सॉल्यूशंस प्राइवेट लिमिटेड	Dampura Bhamati Road, X-Me, R, 06-100Kva, Bhamti Road, Mhow, Indore, Madhya Pradesh	DAMPURA BHAMATI ROAD, NEEMUCH, INDORE, Madhya Pradesh	lotus	lots,lyushns,praivet	06		dampura,bhamati,bhamti,mhow,indore,madhya,pradesh	dampura,bhamati,neemuch,indore,madhya,pradesh	9	True
S1-450484874	S2-798763147	True	City Enterprises Private Limited	सिटी एंटरप्राइजेज प्राइवेट लिमिटेड	C/O Gopal Lal Sharma Kanaram Sharma S04, Karni Vihar-6, Khora Bisal, Jaipur, Rajasthan	C/O GOPAL LAL SHARMA KANARAM SHARMA S##04, JAIPUR, PRATAP NAGAR, राजस्थान	city	siti,entrpraijej,praivet	6	04	gopal,lal,sharma,kanaram,sharma,karni,vihar,khora,bisal,jaipur,rajasthan	gopal,lal,sharma,kanaram,sharma,jaipur,pratap,nagar	5	True
S1-297953656	S2-762769776	True	Anand Properties Private Limited	आनंद प्रॉपर्टीज प्राइवेट लिमिटेड	Hanumangarh, Word No-5 Bisarasar, Hanumangarh, C/O Sohan Lal, Rajasthan	C/O SOHAN LAL, HANUMANGARH, Rajasthan	anand,properties	annd,prtij,praivet	5		hanumangarh,word,bisarasar,hanumangarh,sohan,lal,rajasthan	sohan,lal,hanumangarh,rajasthan	3	False
S1-297953656	S2-420519754	True	Anand Properties Private Limited	आनंद प्रॉपर्टीज प्राइवेट लिमिटेड	Hanumangarh, Word No-5 Bisarasar, Hanumangarh, C/O Sohan Lal, Rajasthan	C/O SOHAN LAL, HANUMANGARH, Rajasthan	anand,properties	annd,prtij,praivet	5		hanumangarh,word,bisarasar,hanumangarh,sohan,lal,rajasthan	sohan,lal,hanumangarh,rajasthan	3	False
S1-297953656	S3-637934629	True	Anand Properties Private Limited	आनंद प्रॉपर्टीज प्राइवेट लिमिटेड	Hanumangarh, Word No-5 Bisarasar, Hanumangarh, C/O Sohan Lal, Rajasthan	H.no 578. C/o Sohan Lal, Hanumangarh, राजस्थान	anand,properties	annd,prtij,praivet	5	578	hanumangarh,word,bisarasar,hanumangarh,sohan,lal,rajasthan	sohan,lal,hanumangarh	3	False
S1-692988358	S3-527353253	True	Harbans Vidyalaya Ltd	Smt harbansvidyalaya.com	Able Glass And Plywoods, Pokkunnu P.O Kulangarapeedika, Kozhikode, Kerala	Able Glass And Plywoods, Pokkunnu P.o Kulangarapeedika, Calicut, Kozhikode, Keralam	harbans,vidyalaya	smt,harbansvidyalaya,com			able,glass,and,plywoods,pokkunnu,kulangarapeedika,kozhikode,kerala	able,glass,and,plywoods,pokkunnu,kulangarapeedika,calicut,kozhikode,keralam	2	True
S1-885584003	S2-768990257	True	Bombay Construction	बॉम्बे कंस्ट्रक्शन	Mumbai, Laxmi Insurance Bldg Sirp M Road Fort, Maharashtra, Mumbai	LAXMI INSURANCE BLDG SIRP M ROAD FORT, MUMBAI, Maharashtra	bombay,construction	mbe,knstrkshn			mumbai,laxmi,insurance,bldg,sirp,fort,maharashtra,mumbai	laxmi,insurance,bldg,sirp,fort,mumbai,maharashtra	4	True
S1-833043912	S2-809156319	True	Sky Global Private Limited	स्काई ग्लोबल प्राइवेट लिमिटेड	Alallapatti, Bihar, Laheria Sarai, Vip Road, C/O S.S. Honda	बिहार, VIP ROAD, ALALLAPATTI, MAULAGANJ, #938 C/O S.S. HONDA	sky,global	skai,globl,praivet		938	alallapatti,bihar,laheria,sarai,vip,honda	vip,alallapatti,maulaganj,honda	5	True
S1-833043912	S3-565894326	True	Sky Global Private Limited	स्काई ग्लोबल प्राइवेट लिमिटेड	Alallapatti, Bihar, Laheria Sarai, Vip Road, C/O S.S. Honda	BR, Alallapatti, C/o S.s. Honda, Vip Road, Laheria Sarai	sky,global	skai,globl,praivet			alallapatti,bihar,laheria,sarai,vip,honda	alallapatti,honda,vip,laheria,sarai	5	True
S1-499631520	S2-243089920	True	My Energy Private Limited	माय एनर्जी प्राइवेट लिमिटेड	C/O, Mr. Ram Dhan, 304, Karamchari Nagar, Gali No. 6, Bareilly, Izzat Nagar, Bareilly, Uttar Pradesh	C/O, BAREILLY, Uttar Pradesh	energy	may,enrji,praivet	304,6		ram,dhan,karamchari,nagar,gali,bareilly,izzat,nagar,bareilly,uttar,pradesh	bareilly,uttar,pradesh	5	True
S1-499631520	S3-674431030	True	My Energy Private Limited	energymyprivate.com	C/O, Mr. Ram Dhan, 304, Karamchari Nagar, Gali No. 6, Bareilly, Izzat Nagar, Bareilly, Uttar Pradesh	C/o, Bareilly, उत्तर प्रदेश	energy	energymyprivate,com	304,6		ram,dhan,karamchari,nagar,gali,bareilly,izzat,nagar,bareilly,uttar,pradesh	bareilly	5	True
S1-504336506	S3-742842651	True	Modern Aditya Impex Private Limited	मॉडर्न आदित्य इम्पेक्स प्राइवेट लिमिटेड	Dr Birendra Kumar, S/O Anandi Pd Singh Narayana Colony, Mayaganj Hospital Road, Bhagalpur, Bihar	Bhagalpur, H.no 0892 Dr Birendra Kumar, Banka, BR, S/o Anandi Pd Singh Narayana Colony, Mayaganj Hospital Road	modern,aditya,impex	drn,adity,impeks,praivet		0892	birendra,kumar,anandi,singh,narayana,colony,mayaganj,hospital,bhagalpur,bihar	bhagalpur,birendra,kumar,banka,anandi,singh,narayana,colony,mayaganj,hospital	2	True
S1-306417641	S2-93697327	True	City Projects Private Limited	સિટી પ્રોજેક્ટ્સ પ્રાઇવેટ લિમિટેડ	Third Floor Pratham Square, Sj Road, Sabar Kantha, Gujarat, Himatnagar, Office No.-24	OFFICE NO.-22, HIMATNAGAR, SABAR KANTHA, Gujarat	city,projects	siti,projekts,praivet	24	22	third,pratham,square,sabar,kantha,gujarat,himatnagar,office	office,himatnagar,sabar,kantha,gujarat	5	True
S1-306417641	S2-191494437	True	City Projects Private Limited	સિટી પ્રોજેક્ટ્સ Private Limited	Third Floor Pratham Square, Sj Road, Sabar Kantha, Gujarat, Himatnagar, Office No.-24	OFFICE NO.-22, HIMATNAGAR, SABAR KANTHA, Gujarat	city,projects	siti,projekts	24	22	third,pratham,square,sabar,kantha,gujarat,himatnagar,office	office,himatnagar,sabar,kantha,gujarat	5	True
S1-413149261	S2-778933243	True	Crecer & Co	Cgtcer  and Co	412, Race Course Tower Race Course, Vadodara, Gujarat	41, VADODARA, ગુજરાત	crecer	cgtcer	412	41	race,course,tower,race,course,vadodara,gujarat	vadodara	4	True
S1-459263375	S3-623748770	True	Real Foods LLP	रियल फूड्स एलएलपी	Maharashtra, H.No. 136, Sengaon, Hingoli	Sengaon, H.no. 135, Hingoli, MH	real,fods	riyl,phuds,elelpi	136	135	maharashtra,sengaon,hingoli	sengaon,hingoli	4	True
S1-250111496	S2-275317637	True	Creative Tech Private Limited	क्रिएटिव टेक प्राइवेट लिमिटेड	Raval House18Th Road Khar (W), Mumbai, Maharashtra	RAVAL HOUSE18TH- ROAD KHAR (W), MUMBAI, Maharashtra	creative,tech	krietiv,tek,praivet			raval,khar,mumbai,maharashtra	raval,khar,mumbai,maharashtra	2	False
S1-250111496	S3-650506776	True	Creative Tech Private Limited	क्रिएटिव टेक प्राइवेट लिमिटेड	Raval House18Th Road Khar (W), Mumbai, Maharashtra	#G-817 Raval House18th Road Khar (W), Mumbai, महाराष्ट्र	creative,tech	krietiv,tek,praivet		817	raval,khar,mumbai,maharashtra	raval,khar,mumbai	2	False
S1-762543032	S2-222740273	True	Southern Infrastructure Private Limited	सदर्न इंफ्रास्ट्रक्चर प्राइवेट लिमिटेड	B 561School Block Shakar Pur, Delhi, East Delhi, Delhi	B 562SCHOOL BLOCK SHAKAR PUR, EAST DELHI, DELHI	southern,infrastructure	sdrn,inphrastrkchr,praivet			block,shakar,pur,delhi,east,delhi,delhi	block,shakar,pur,east,delhi,delhi	5	True
S1-762543032	S3-92125566	True	Southern Infrastructure Private Limited	सदर्न इंफ्रास्ट्रक्चर प्राइवेट लिमिटेड	B 561School Block Shakar Pur, Delhi, East Delhi, Delhi	H.no 765 B 561School Block Shakar Pur, East Delhi, Delhi, DL	southern,infrastructure	sdrn,inphrastrkchr,praivet		765	block,shakar,pur,delhi,east,delhi,delhi	block,shakar,pur,east,delhi,delhi	5	True
S1-311076532	S2-761669927	True	Dynamic Business	डायनामिक बिजनेस	Second Floor Behind Taxi Stand, Nagori G, Arden, Rajasthan, Bhilwara, Sarvoday Apna Bazar	SARVODAY APNA BAZAR, BHILWARA, Rajasthan	dynamic,business	daynamik,bijnes			second,behind,taxi,stand,nagori,arden,rajasthan,bhilwara,sarvoday,apna,bazar	sarvoday,apna,bazar,bhilwara,rajasthan	4	True
S1-862943022	S2-740566832	True	Devghar Technologies Private Limited	DEV6HAR TECHNOLOGIES	Shankutla Complex, Mahawir Asthan Katahari Bag, Arya Nagar, Chapra, Saran, Bihar	SHANKUTLA COMPLEX, MAHAWIR ASTHAN KATAHARI BAG, ARYA NAGAR, CHAPRA, बिहार	devghar	dev6har			shankutla,complex,mahawir,asthan,katahari,bag,arya,nagar,chapra,saran,bihar	shankutla,complex,mahawir,asthan,katahari,bag,arya,nagar,chapra	4	True
S1-253867919	S2-972269004	True	Seven Producer Private Limited	സെവൻ പ്രൊഡ്യൂസർ പ്രൈവറ്റ് ലിമിറ്റഡ്	C/O Tenebie George, Vanniyamparambilkandiyoor, Mavelikkara, Alappuzha, Kerala	C/O TENEBIE GEORGE, VANNIYAMPARAMBILKANDIYOOR, Mavelikkara, <NULL>, Kerala	seven,producer	sev,prodyus,praivrrrr,limirrrrd			tenebie,george,vanniyamparambilkandiyoor,mavelikkara,alappuzha,kerala	tenebie,george,vanniyamparambilkandiyoor,mavelikkara,kerala	3	True
S1-253867919	S3-516377665	True	Seven Producer Private Limited	സെവൻ പ്രൊഡ്യൂസർ പ്രൈവറ്റ് ലിമിറ്റഡ്	C/O Tenebie George, Vanniyamparambilkandiyoor, Mavelikkara, Alappuzha, Kerala	Block E-c-451 C/o Tenebie George, Mavelikkara, Alappuzha, കേരളം	seven,producer	sev,prodyus,praivrrrr,limirrrrd		451	tenebie,george,vanniyamparambilkandiyoor,mavelikkara,alappuzha,kerala	block,tenebie,george,mavelikkara,alappuzha	3	True
S1-549087419	S3-575962131	True	Jee Hi	Smt Jee Hi Corporation	F.No308, 1-7-1072 Pattabhi, Towers Rtcxroads, Musheerabad, Hyderabad, Telangana	Musheerabad, F.no308, Hyderabad, TG		smt	1,7,1072		pattabhi,towers,rtcxroads,musheerabad,hyderabad,telangana	musheerabad,hyderabad	6	True
S1-558777311	S2-584769490	True	Lotus Foundation Private Limited	लोटस फाउंडेशन प्राइवेट लिमिटेड	Gorakhpur, Uttar Pradesh, Turkmanpur Patwari Tola, 120	12, TURKMANPUR PATWARI TOLA, GORAKHPUR, Uttar Pradesh	lotus,foundation	lots,phaundeshn,praivet	120	12	gorakhpur,uttar,pradesh,turkmanpur,patwari,tola	turkmanpur,patwari,tola,gorakhpur,uttar,pradesh	5	True
S1-711617350	S2-944728015	True	Green Services Pvt Ltd	ഗ്രീൻ സർവീസസ് പ്രൈവറ്റ് ലിമിറ്റഡ്	Kerala, Room No.D2 Arks Mansion, Kozhikode, Kottooli Po	ROOM NO.D#2 ARKS MANSION, KOTTOOLI PO, KOZHIKODE, CALICUT, Kerala	gren	gri,viss,praivrrrr,limirrrrd		2	kerala,room,arks,mansion,kozhikode,kottooli	room,arks,mansion,kottooli,kozhikode,calicut,kerala	4	True
S1-711617350	S3-252513535	True	Green Services Pvt Ltd	ഗ്രീൻ സർവീസസ് പ്രൈവറ്റ് ലിമിറ്റഡ്	Kerala, Room No.D2 Arks Mansion, Kozhikode, Kottooli Po	No 422 Room No.d2 Arks Mansion, Kottooli Po, Kozhikode, കേരളം	gren	gri,viss,praivrrrr,limirrrrd		422	kerala,room,arks,mansion,kozhikode,kottooli	room,arks,mansion,kottooli,kozhikode	4	True
S1-635526500	S2-868329200	True	Great Solutions Private Limited	ग्रेट सॉल्यूशंस प्राइवेट लिमिटेड	706, Akash Magehdutam, Opp Tdi City, Moradabad, Uttar Pradesh	0706, MORADABAD, Uttar Pradesh	great	gret,lyushns,praivet	706	0706	akash,magehdutam,tdi,city,moradabad,uttar,pradesh	moradabad,uttar,pradesh	3	True
S1-635526500	S2-657437053	True	Great Solutions Private Limited	ग्रेट सॉल्यूशंस प्राइवेट लिमिटेड	706, Akash Magehdutam, Opp Tdi City, Moradabad, Uttar Pradesh	0706, AKASH MAGEHDUTAM, OPP TDI CITY, MORADABAD, उत्तर प्रदेश	great	gret,lyushns,praivet	706	0706	akash,magehdutam,tdi,city,moradabad,uttar,pradesh	akash,magehdutam,tdi,city,moradabad	3	True
S1-554603486	S3-168640368	True	Globus Tradelink (India) LLP	Synkelo	Regency Chambers, 2Nd Floor National Library Road, Bandra West, Mumbai, Mumbai City, Maharashtra	Regency Chambers, Mumbai, Mumbai City, महाराष्ट्र	globus,tradelink,india	synkelo			regency,chambers,national,library,bandra,west,mumbai,mumbai,city,maharashtra	regency,chambers,mumbai,mumbai,city	3	True
S1-223338943	S3-825985181	False	TB Tradelinks LLP	TB LLP Center	Shahdara, A 78 Street No 05, Delhi, Shahdara, New Modern Shahdara		tradelinks	center	78,05		shahdara,delhi,shahdara,new,modern,shahdara		3	True
S1-81226185	S2-326531022	True	New Solutions Private Limited	न्यू सॉल्यूशंस प्राइवेट लिमिटेड	Opp B R Dmedical Collage Gorakhpur, Uttar Pradesh, Gorakhpur, Uttar Pradesh	OPP B R DMEDICAL COLLAGE GORAKHPUR, UTTAR PRADESH, GORAKHPUR, Uttar Pradesh	new	nyu,lyushns,praivet			dmedical,collage,gorakhpur,uttar,pradesh,gorakhpur,uttar,pradesh	dmedical,collage,gorakhpur,uttar,pradesh,gorakhpur,uttar,pradesh	2	True
S1-934945377	S2-341466447	True	North Estate Private Limited	नॉर्थ एस्टेट प्राइवेट लिमिटेड	C/O Sunil Kumar, Vill, Wazidpurjansath, Jansath, Muzaffarnagar, Uttar Pradesh	55 C/O SUNIL KUMAR, VILL, WAZIDPURJANSATH, JANSATH, MUZAFFARNAGAR, उत्तर प्रदेश	north,estate	rth,estet,praivet		55	sunil,kumar,vill,wazidpurjansath,jansath,muzaffarnagar,uttar,pradesh	sunil,kumar,vill,wazidpurjansath,jansath,muzaffarnagar	4	True
S1-934945377	S3-106938844	True	North Estate Private Limited	नॉर्थ एस्टेट प्राइवेट लिमिटेड	C/O Sunil Kumar, Vill, Wazidpurjansath, Jansath, Muzaffarnagar, Uttar Pradesh	Door No 585 C/o Sunil Kumar, Vill, Wazidpurjansath, Muzaffarnagar, Jansath, उत्तर प्रदेश	north,estate	rth,estet,praivet		585	sunil,kumar,vill,wazidpurjansath,jansath,muzaffarnagar,uttar,pradesh	door,sunil,kumar,vill,wazidpurjansath,muzaffarnagar,jansath	4	True
S1-862343289	S2-338770565	True	Ss Ice Pvt Ltd	Ltd Ss Pvt Center	# 1003, 2Nd Cross, 12Th A Main, Hal 2Nd Stage, Bangalore, Karnataka	BANGALORE, Karnataka, NO, BANGALORE	ice	pvt,center	1003		cross,main,hal,stage,bangalore,karnataka	bangalore,karnataka,bangalore	5	True
S1-862343289	S2-466505054	True	Ss Ice Pvt Ltd	Ss  lce Pvt Ltd	# 1003, 2Nd Cross, 12Th A Main, Hal 2Nd Stage, Bangalore, Karnataka	NO , 2ND CROSS, 12TH A MAIN, HAL 2ND STAGE, BANGALORE, ಕರ್ನಾಟಕ	ice	lce	1003		cross,main,hal,stage,bangalore,karnataka	cross,main,hal,stage,bangalore	5	True
S1-395565081	S3-226083450	True	EQ Innovations	*** EQ lnnovations	1402/A, Gidc Industrial Estate, Panch Mahals, Gujarat, Halol	14-02/A, Gidc Industrial Estate, Halol, Panch Mahals, GJ	innovations	lnnovations	1402	14,02	gidc,industrial,estate,panch,mahals,gujarat,halol	gidc,industrial,estate,halol,panch,mahals	4	True
S1-395565081	S3-357171658	True	EQ Innovations	Zetaumbra	1402/A, Gidc Industrial Estate, Panch Mahals, Gujarat, Halol	14-02/A, Gidc Industrial Estate, Halol, Panch Mahals, GJ	innovations	zetaumbra	1402	14,02	gidc,industrial,estate,panch,mahals,gujarat,halol	gidc,industrial,estate,halol,panch,mahals	4	True
S1-451558250	S2-302597618	True	Omshree (India) Production Pvt Ltd	Avilyra	Flat No. C/301, Enjoy Residency Opp.Agrawal School Canal Road, Vesu, Surat, Gujarat	FLT NO. C/30, ENJOY RESIDENCY OPP.AGRAWAL SCHOOL CANAL ROAD, VESU, SURAT, Gujarat	omshre,india,production	avilyra	301	30	flat,enjoy,residency,agrawal,school,canal,vesu,surat,gujarat	flt,enjoy,residency,agrawal,school,canal,vesu,surat,gujarat	5	True
S1-299316783	S2-51442388	True	Bright Tech Private Limited	ब्राइट टेक प्राइवेट लिमिटेड	1St Floor, Above Badshah, Studio, Jinna Chowk, Seoni, Madhya Pradesh	1ST FLOOR, SEONI, Madhya Pradesh	bright,tech	brait,tek,praivet			above,badshah,studio,jinna,chowk,seoni,madhya,pradesh	seoni,madhya,pradesh	8	True
S1-299316783	S2-976686663	True	Bright Tech Private Limited	ब्राइट टेक प्राइवेट लिमिटेड	1St Floor, Above Badshah, Studio, Jinna Chowk, Seoni, Madhya Pradesh	H.NO 1ST FLOOR, ABOVE BADSHAH, STUDIO, JINNA CHOWK, SEONI, Madhya Pradesh	bright,tech	brait,tek,praivet			above,badshah,studio,jinna,chowk,seoni,madhya,pradesh	above,badshah,studio,jinna,chowk,seoni,madhya,pradesh	8	True
S1-386824396	S2-577396998	True	Ne & Sons LLP	M/s Ne + 5dis  LLP	Balua Road Ashapur, Varanasi, Uttar Pradesh, Varanasi	BALUA ROAD ASHAPUR, VARANASI, Uttar Pradesh	sons	5dis			balua,ashapur,varanasi,uttar,pradesh,varanasi	balua,ashapur,varanasi,uttar,pradesh	4	True
S1-806174316	S3-924497303	True	Southern Builders	సదర్న్ బిల్డర్స్	Plot No 26 Ida, Jadcherla, Stn. Jadcherla, Mahabub Nagar, Telangana	Mahabub Nagar, Ida, Andhra Pradesh	southern,builders	sdrn,bildrs	26		plot,ida,jadcherla,stn,jadcherla,mahabub,nagar,telangana	mahabub,nagar,ida,andhra,pradesh	7	True
S1-652687499	S2-676555627	True	Jai Technology Private Limited	জয় টেকনোলজি প্রাইভেট লিমিটেড	7C Gp Heights Collegemore, Ward-6, C/O Sandipagarwala, Birbhum, West Bengal	7C. GP HEIGHTS COLLEGEMORE, BIRBHUM, West Bengal	jai,technology	teknolji,praibhet	6		heights,collegemore,ward,sandipagarwala,birbhum,west,bengal	heights,collegemore,birbhum,west,bengal	4	True
S1-373561231	S2-529823591	True	One Exports Private Limited	वन एक्सपोर्ट्स प्राइवेट लिमिटेड	263, Uttar Pradesh, Ghaziabad, Pakki Mori, Ghaziabad	0263, GHAZIABAD, उत्तर प्रदेश	one,exports	eksports,praivet	263	0263	uttar,pradesh,ghaziabad,pakki,mori,ghaziabad	ghaziabad	2	False
S1-373561231	S3-806914201	True	One Exports Private Limited	0ne Private Limited Services	263, Uttar Pradesh, Ghaziabad, Pakki Mori, Ghaziabad	00263, उत्तर प्रदेश, Ghaziabad	one,exports	0ne	263	00263	uttar,pradesh,ghaziabad,pakki,mori,ghaziabad	ghaziabad	2	False
S1-629638750	S2-255786735	True	Vision Technologies Private Limited	விஷன் டெக்னாலஜீஸ் பிரைவேட் லிமிடெட்	5Th Floor, Tower C, Tek Meadows No. 51, Rajiv Gandhi Salai, Sholinganall, Ur, Chennai, Tamil Nadu	5TH FLOOR, CHENNAI, தமிழ்நாடு	vision	vishnn,teknnaljis,piraivet,limitet	51		tower,tek,meadows,rajiv,gandhi,salai,sholinganall,chennai,tamil,nadu	chennai	5	True
S1-160753427	S3-147936460	True	Meenika (india)	Zephecto	C/Ovenkadabalasubramanian, Karpaga Nagar, K.Pudur, Madurai North, Madurai, Tamil Nadu	Madurai, Madurai North, TN, H.no 00 C/ovenkadabalasubramanian	menika,india	zephecto		00	ovenkadabalasubramanian,karpaga,nagar,pudur,madurai,north,madurai,tamil,nadu	madurai,madurai,north,ovenkadabalasubramanian	4	True
S1-421884920	S3-142107229	True	Uv Barter Pvt. Ltd.	uvbarter.com	K, No 193, Iti Layout, Bangalore South, Bangalore, Karnataka	K, Bangalore South, Bengaluru, ಕರ್ನಾಟಕ	barter	uvbarter,com	193		iti,layout,bangalore,south,bangalore,karnataka	bangalore,south,bengaluru	5	True
S1-784217487	S2-303916479	True	Tirupati Care	M/s tirupaticare.com	Melepurakkal Building, Puliyakkode Post, Ernad, Malappuram, Malapuram, Kerala	MELEPURAKKAL BUILDING, PULIYAKKODE POST, ERNAD, MALAPPURAM, Kerala	tirupati,care	tirupaticare,com			melepurakkal,building,puliyakkode,post,ernad,malappuram,malapuram,kerala	melepurakkal,building,puliyakkode,post,ernad,malappuram,kerala	6	True
S1-392418221	S2-203685079	True	Albatross & Co	Allttbross & Co	Plot No R-313, Rabale Midc, Rabale, Navi Mumbai, Navi Mumbai, Thane, Maharashtra	POLT NO R-3-13, RABALE MIDC, RABALE, NAVI MUMBAI, NAVI MUMBAI, THANE, Maharashtra	albatross	allttbross	313	3,13	plot,rabale,midc,rabale,navi,mumbai,navi,mumbai,thane,maharashtra	polt,rabale,midc,rabale,navi,mumbai,navi,mumbai,thane,maharashtra	4	True
S1-281416977	S3-162962837	True	Green Ventures Private Limited	கிரீன் வென்ச்சர்ஸ் பிரைவேட் லிமிடெட்	1/1S, Thannerpandhal Colony Extn, East Opp.Jupiter Knitting Company, Anupparpala, Yam Post, Tirupur, Coimbatore, Tamil Nadu	2/1S, Coimbatore, TN	gren,ventures	kirinn,vennchchrs,piraivet,limitet	1	2	thannerpandhal,colony,extn,east,jupiter,knitting,company,anupparpala,yam,post,tirupur,coimbatore,tamil,nadu	coimbatore	5	True
S1-281416977	S3-96246845	True	Green Ventures Private Limited	கிரீன் வென்ச்சர்ஸ் பிரைவேட் லிமிடெட்	1/1S, Thannerpandhal Colony Extn, East Opp.Jupiter Knitting Company, Anupparpala, Yam Post, Tirupur, Coimbatore, Tamil Nadu	2/1S, Coimbatore, TN	gren,ventures	kirinn,vennchchrs,piraivet,limitet	1	2	thannerpandhal,colony,extn,east,jupiter,knitting,company,anupparpala,yam,post,tirupur,coimbatore,tamil,nadu	coimbatore	5	True
S1-976555711	S3-469502235	True	Quality Projects Private Limited	Xylokelo	Sambava Chambers, 4Th. Floor, Sir Pherozeshah Mehta Road, Fort, Mumbai, Mumbai City, Maharashtra	Sambava Chambers, 4Th. Floor, Sir Pherozeshah Mehta Road, Fort, Mumbai, Mumbai City, Maharashtra	quality,projects	xylokelo			sambava,chambers,sir,pherozeshah,mehta,fort,mumbai,mumbai,city,maharashtra	sambava,chambers,sir,pherozeshah,mehta,fort,mumbai,mumbai,city,maharashtra	2	True
S1-744526142	S2-842894771	True	Super Exports Private Limited	सुपर एक्सपोर्ट्स प्राइवेट लिमिटेड	227-A, F/F, Patpar Ganj Mayur Vihar Phase-1, Delhi, East Delhi, Delhi	27-A, EAST DELHI, DELHI	super,exports	supr,eksports,praivet	227,1	27	patpar,ganj,mayur,vihar,phase,delhi,east,delhi,delhi	east,delhi,delhi	3	True
S1-203898702	S2-125406476	True	Innovative Engineering Private Limited	ইনোভেটিভ ইঞ্জিনিয়ারিং প্রাইভেট লিমিটেড	Agarwal Complex, Opp. Kabli Godown, Baker Ali Lane Asansol, Dist - Burdwan, Burdwan, Bardhaman, West Bengal	BARDHAMAN, OPP. KABLI GODOWN, BAKER ALI LANE ASANSOL, DIST - BURDWAN, West Bengal, AGARWAL COMPLEX, BURDWAN	innovative,enginering	inobhetibh,inyjiniy,arin,praibhet			agarwal,complex,kabli,godown,baker,ali,asansol,dist,burdwan,burdwan,bardhaman,west,bengal	bardhaman,kabli,godown,baker,ali,asansol,dist,burdwan,west,bengal,agarwal,complex,burdwan	2	False
S1-203898702	S3-205263349	True	Innovative Engineering Private Limited	ইনোভেটিভ ইঞ্জিনিয়ারিং প্রাইভেট লিমিটেড	Agarwal Complex, Opp. Kabli Godown, Baker Ali Lane Asansol, Dist - Burdwan, Burdwan, Bardhaman, West Bengal	Agarwal Complex, Opp. Kabli Godown, Baker Ali Lane Asansol, Dist - Burdwan, Burdwan, Bardhaman, WB	innovative,enginering	inobhetibh,inyjiniy,arin,praibhet			agarwal,complex,kabli,godown,baker,ali,asansol,dist,burdwan,burdwan,bardhaman,west,bengal	agarwal,complex,kabli,godown,baker,ali,asansol,dist,burdwan,burdwan,bardhaman	2	False
S1-443016232	S2-471874150	True	Sree Foods Private Limited	श्री फूड्स प्राइवेट लिमिटेड	Bareilly, A-85, Bareilly, Nawada Shekhan, Uttar Pradesh	A-86, NAWADA SHEKHAN, MUMBAI, Uttar Pradesh	sre,fods	shri,phuds,praivet	85	86	bareilly,bareilly,nawada,shekhan,uttar,pradesh	nawada,shekhan,mumbai,uttar,pradesh	4	True
S1-443016232	S2-742636876	True	Sree Foods Private Limited	श्री फूड्स प्राइवेट लिमिटेड	Bareilly, A-85, Bareilly, Nawada Shekhan, Uttar Pradesh	A-86, BAREILLY, Uttar Pradesh	sre,fods	shri,phuds,praivet	85	86	bareilly,bareilly,nawada,shekhan,uttar,pradesh	bareilly,uttar,pradesh	4	True
S1-443016232	S2-960705975	True	Sree Foods Private Limited	श्री फूड्स प्राइवेट लिमिटेड	Bareilly, A-85, Bareilly, Nawada Shekhan, Uttar Pradesh	A-86, NAWADA SHEKHAN, Uttar Pradesh, MUMBAI	sre,fods	shri,phuds,praivet	85	86	bareilly,bareilly,nawada,shekhan,uttar,pradesh	nawada,shekhan,uttar,pradesh,mumbai	4	True
S1-995855253	S2-652485386	True	Chennai City Corporation Height Private Limited	hcchennai.com	Ground Floor, No 11, Bharathiyar Colony, Chennai City Corporation, Chennai, Tamil Nadu	GROUND FLOOR, CHENNAI CITY CORPORATION, CHENNAI, Tamil Nadu	chennai,city,height	hcchennai,com	11		ground,bharathiyar,colony,chennai,city,corporation,chennai,tamil,nadu	ground,chennai,city,corporation,chennai,tamil,nadu	2	True
S1-3091962	S2-851745457	True	Silver Super Consultancy Private Limited	সিলভার সুপার কনসালটেন্সি প্রাইভেট লিমিটেড	C/O-Sourav Saha, Mathabhanga`, No-647/04, Vill-Gossairhat, Cooch Behar, West Bengal	C/O-SOURAV SAHA, KOCH BIHAR, West Bengal	silver,super,consultancy	silbhar,supar,knsaltensi,praibhet	647,04		sourav,saha,mathabhanga,vill,gossairhat,cooch,behar,west,bengal	sourav,saha,koch,bihar,west,bengal	4	True
S1-3091962	S2-963709968	True	Silver Super Consultancy Private Limited	সিলভার সুপার কনসালটেন্সি প্রাইভেট লিমিটেড	C/O-Sourav Saha, Mathabhanga`, No-647/04, Vill-Gossairhat, Cooch Behar, West Bengal	C/O-SOURAV SAAH, KOCH BIHAR, West Bengal	silver,super,consultancy	silbhar,supar,knsaltensi,praibhet	647,04		sourav,saha,mathabhanga,vill,gossairhat,cooch,behar,west,bengal	sourav,saah,koch,bihar,west,bengal	4	True
S1-599811277	S3-264245556	True	Swastik Clinic	Shri swastikclinic.com	Punjab, Mullanpur Roadvpo Hambran Distt Ludhiana, Punjab	No. 850 Mullanpur Roadvpo Hambran Distt Ludhiana, Punjab, ਪੰਜਾਬ	swastik,clinic	shri,swastikclinic,com		850	punjab,mullanpur,roadvpo,hambran,distt,ludhiana,punjab	mullanpur,roadvpo,hambran,distt,ludhiana,punjab	3	True
S1-715475848	S3-147438366	True	Dakshata Food Corporation	dfood.com	305 P.H. Complex 65A, Vijay Block Laxmi Nagar, East Delhi, Delhi	East Delhi, P.h. Complex 65A, DL	dakshata,fod	dfod,com	305		complex,vijay,block,laxmi,nagar,east,delhi,delhi	east,delhi,complex	4	True
S1-334471515	S2-184265422	True	Creative Media Private Limited	क्रिएटिव मीडिया प्राइवेट लिमिटेड	Residency Road, Behind Icici Bank, Rajasthan, Jodhpur, Bhansali Towers	राजस्थान, RESIDENCY ROAD, BHANSALI TOWERS, JODHPUR	creative,media	krietiv,midiya,praivet			residency,behind,icici,bank,rajasthan,jodhpur,bhansali,towers	residency,bhansali,towers,jodhpur	5	True
S1-334471515	S3-490766734	True	Creative Media Private Limited	क्रिएटिव मीडिया प्राइवेट लिमिटेड	Residency Road, Behind Icici Bank, Rajasthan, Jodhpur, Bhansali Towers	Bhansali Towers, null, Residency Road, RJ	creative,media	krietiv,midiya,praivet			residency,behind,icici,bank,rajasthan,jodhpur,bhansali,towers	bhansali,towers,residency	5	True
S1-589264854	S2-344972710	True	All Indian Foods Private Limited	ऑल इंडियन फूड्स प्राइवेट लिमिटेड	9Thflr, Iconic Bldg, Urmi, Estate, Lowerparel (West), Mumbai, Maharashtra	9THFLR, MUMBAI, Maharashtra	all,indian,fods	indiyn,phuds,praivet			iconic,bldg,urmi,estate,lowerparel,west,mumbai,maharashtra	mumbai,maharashtra	5	True
S1-589264854	S2-327855645	True	All Indian Foods Private Limited	ऑल इंडियन फूड्स प्राइवेट लिमिटेड	9Thflr, Iconic Bldg, Urmi, Estate, Lowerparel (West), Mumbai, Maharashtra	9THFLR, ICONIC BLDG, URMI, ESTATE, LOWERPAREL (WEST), MUMBAI, Maharashtra	all,indian,fods	indiyn,phuds,praivet			iconic,bldg,urmi,estate,lowerparel,west,mumbai,maharashtra	iconic,bldg,urmi,estate,lowerparel,west,mumbai,maharashtra	5	True
S1-589264854	S3-979754339	True	All Indian Foods Private Limited	ऑल इंडियन फूड्स प्राइवेट लिमिटेड	9Thflr, Iconic Bldg, Urmi, Estate, Lowerparel (West), Mumbai, Maharashtra	9Thflr, Mumbai, MH	all,indian,fods	indiyn,phuds,praivet			iconic,bldg,urmi,estate,lowerparel,west,mumbai,maharashtra	mumbai	5	True
S1-135116027	S2-389794134	True	Sr & Co	Sr Co Services	Space No 302, Gurgaon, Haryana, Imt Manesar, 3Rd Floor Eros Corporate Park	Haryana, SPACE NO 30, 3RD FLOOR EROS CORPORATE PARK, IMT MANESAR	and	services	302	30	space,gurgaon,haryana,imt,manesar,eros,corporate,park	haryana,space,eros,corporate,park,imt,manesar	5	True
S1-89592205	S2-759285814	True	Guru Finance Private Limited	குரு ஃபைனான்ஸ் பிரைவேட் லிமிடெட்	No. 14A, Vasuki Street, T.V. Nagar, Ambattur, Tiruvallur, Tamil Nadu	H.NO 4A, VASUKI STREET, T.V. NAGAR, AMBATTUR, TIRUVALLUR, தமிழ்நாடு	guru,finance	kuru,hpainnanns,piraivet,limitet			vasuki,nagar,ambattur,tiruvallur,tamil,nadu	vasuki,nagar,ambattur,tiruvallur	6	True
S1-89592205	S2-740274587	True	Guru Finance Private Limited	குரு ஃபைனான்ஸ் பிரைவேட் லிமிடெட்	No. 14A, Vasuki Street, T.V. Nagar, Ambattur, Tiruvallur, Tamil Nadu	TIRUVALLUR, Tamil Nadu, AMBATTUR, NO. 4A	guru,finance	kuru,hpainnanns,piraivet,limitet			vasuki,nagar,ambattur,tiruvallur,tamil,nadu	tiruvallur,tamil,nadu,ambattur	6	True
S1-514415209	S2-8613956	True	Southern Tech Pvt Ltd	सदर्न टेक प्रा. लि.	Near Main Bus Stand, N.H. 8 Paota, Thesil - Kotputli, Jaipur, Rajasthan	NEAR MAIN BUS STAND, JAIPUR, राजस्थान	southern,tech	sdrn,tek,pra	8		main,bus,stand,paota,thesil,kotputli,jaipur,rajasthan	main,bus,stand,jaipur	7	True
S1-514415209	S3-421813878	True	Southern Tech Pvt Ltd	सदर्न टेक प्रा. लि.	Near Main Bus Stand, N.H. 8 Paota, Thesil - Kotputli, Jaipur, Rajasthan	Block F-338 Near Main Bus Stand, Jaipur, RJ	southern,tech	sdrn,tek,pra	8	338	main,bus,stand,paota,thesil,kotputli,jaipur,rajasthan	block,main,bus,stand,jaipur	7	True
S1-82403114	S2-403051497	True	Super Products Private Limited	सुपर प्रोडक्ट्स प्राइवेट लिमिटेड	Ft No. A8, Ranawar Apartment Tal-Baramati, Pune, Maharashtra	Maharashtra, PUNE, RANAWAR APARTMENT TAL-BARAMATI, FT NO. A#8	super,products	supr,prodkts,praivet		8	ranawar,tal,baramati,pune,maharashtra	maharashtra,pune,ranawar,tal,baramati	6	True
S1-82403114	S2-699538648	True	Super Products Private Limited	सुपर प्रोडक्ट्स प्राइवेट लिमिटेड	Ft No. A8, Ranawar Apartment Tal-Baramati, Pune, Maharashtra	FT NO. A#8, RANAWAR APARTMENT TAL-BARAMATI, PUNE, Maharashtra	super,products	supr,prodkts,praivet		8	ranawar,tal,baramati,pune,maharashtra	ranawar,tal,baramati,pune,maharashtra	6	True
S1-929992693	S2-90849845	True	Modern Enterprises	मॉडर्न एंटरप्राइजेज	Mohammad Imran At Krashi Mandi Ke Samne, Bhopal Road Begumganj, Begamganj, Raisen, Madhya Pradesh	MOHAMMD IMRAN AT KRASHI MANDI KE SAMNE, BHOPAL ROAD BEGUMGANJ, RAISEN, BEGAMGANJ, Madhya Pradesh	modern	drn,entrpraijej			mohammad,imran,krashi,mandi,samne,bhopal,begumganj,begamganj,raisen,madhya,pradesh	mohammd,imran,krashi,mandi,samne,bhopal,begumganj,raisen,begamganj,madhya,pradesh	2	True
S1-325037135	S2-939345349	True	First Tech Private Limited	फर्स्ट टेक प्राइवेट लिमिटेड	Level-Ii Elegance, Mathura Road Jasola, New Delhi, Delhi	Delhi, LEVEL-II ELEGANCE, NEW DELHI, MATHURA ROAD JASOLA	first,tech	phrst,tek,praivet			level,elegance,mathura,jasola,new,delhi,delhi	delhi,level,elegance,new,delhi,mathura,jasola	6	True
S1-325037135	S2-11238506	True	First Tech Private Limited	फर्स्ट टेक प्राइवेट लिमिटेड	Level-Ii Elegance, Mathura Road Jasola, New Delhi, Delhi	LEVEL-II ELEGANCE, NEW DELHI, Delhi	first,tech	phrst,tek,praivet			level,elegance,mathura,jasola,new,delhi,delhi	level,elegance,new,delhi,delhi	6	True
S1-325037135	S3-54035906	True	First Tech Private Limited	फर्स्ट टेक प्राइवेट लिमिटेड	Level-Ii Elegance, Mathura Road Jasola, New Delhi, Delhi	Level-ii Elegance, Mathura Road Jasola, New Delhi, DL	first,tech	phrst,tek,praivet			level,elegance,mathura,jasola,new,delhi,delhi	level,elegance,mathura,jasola,new,delhi	6	True
S1-325037135	S3-857476016	True	First Tech Private Limited	Orbicalo	Level-Ii Elegance, Mathura Road Jasola, New Delhi, Delhi	Level-Ii Elegance, Mathura Road Jasola, New Delhi, Delhi	first,tech	orbicalo			level,elegance,mathura,jasola,new,delhi,delhi	level,elegance,mathura,jasola,new,delhi,delhi	6	True
S1-222393227	S3-178987305	True	GY Enterprise Private Limited	enterprisegyprivate.com	Ram Payare Tiwari Chawl, Pratap Nagar, Kurar Village, Malad East, Mumbai, Mumbai City, Maharashtra	Ram Payaer Tiwari Chawl, Mumbai City, Mumbai, MH	enterprise	enterprisegyprivate,com			ram,payare,tiwari,chawl,pratap,nagar,kurar,village,malad,east,mumbai,mumbai,city,maharashtra	ram,payaer,tiwari,chawl,mumbai,city,mumbai	4	True
S1-451380804	S2-116075601	True	Mtk Industries Private Limited	Dr mtkindustries.com	Kolkata, 8A/8B, West Bengal, Howrah, Kabi Bharat Chandra Road, Narayani Tower, Block-A, 4Th Floor, Flat-B, Dum Dum, Kolkata	NO A-455 8A/8B, KABI BHARAT CHANDRA ROAD, NARAYANI TOWER, BLOCK-A, 4TH FLOOR, FLAT-B, DUM DUM, KOLKATA, KOLKATA, West Bengal	mtk	mtkindustries,com		455	kolkata,west,bengal,howrah,kabi,bharat,chandra,narayani,tower,block,flat,dum,dum,kolkata	kabi,bharat,chandra,narayani,tower,block,flat,dum,dum,kolkata,kolkata,west,bengal	3	True
S1-268343583	S2-265164586	True	New Solutions Private Limited	ਨਿਊ ਸੋਲਿਊਸ਼ਨਜ਼ ਪ੍ਰਾਈਵੇਟ ਲਿਮਟਿਡ	Kanwal Preet Singh C/O Baldev Singh Garden Enclave South City, Punjab, Ludhiana	KANWAL PREET SINGH C/O BALDEV SINGH GARDEN ENCLAVE SOUTH CITY, LUDHIANA, PUNJAB	new	niu,solius,praivet,limtid			kanwal,preet,singh,baldev,singh,garden,enclave,south,city,punjab,ludhiana	kanwal,preet,singh,baldev,singh,garden,enclave,south,city,ludhiana,punjab	5	True
S1-268343583	S3-421148737	True	New Solutions Private Limited	Shri Lumavi	Kanwal Preet Singh C/O Baldev Singh Garden Enclave South City, Punjab, Ludhiana	Kanwal Preet Singh C/o Baldev Singh Garden Enclave South City, Ludhiana, PB	new	shri,lumavi			kanwal,preet,singh,baldev,singh,garden,enclave,south,city,punjab,ludhiana	kanwal,preet,singh,baldev,singh,garden,enclave,south,city,ludhiana	5	True
S1-268343583	S3-740699383	True	New Solutions Private Limited	ਨਿਊ ਸੋਲਿਊਸ਼ਨਜ਼ ਪ੍ਰਾਈਵੇਟ ਲਿਮਟਿਡ	Kanwal Preet Singh C/O Baldev Singh Garden Enclave South City, Punjab, Ludhiana	Kanwal Preet Singh C/o Baldev Singh Garden Enclave South City, Ludhiana, PB	new	niu,solius,praivet,limtid			kanwal,preet,singh,baldev,singh,garden,enclave,south,city,punjab,ludhiana	kanwal,preet,singh,baldev,singh,garden,enclave,south,city,ludhiana	5	True
S1-373494446	S2-934433369	True	White Constructions Private Limited	व्हाइट कंस्ट्रक्शंस प्राइवेट लिमिटेड	C/O Smt Sheela Tiwari, Meerakhpur Bindki, Kanpur, Uttar Pradesh	उत्तर प्रदेश, KANPUR, C/O SMT SHEELA TIWARI	white,constructions	vhait,knstrkshns,praivet			smt,sheela,tiwari,meerakhpur,bindki,kanpur,uttar,pradesh	kanpur,smt,sheela,tiwari	6	True
S1-373494446	S3-755055516	True	White Constructions Private Limited	व्हाइट कंस्ट्रक्शंस प्राइवेट लिमिटेड	C/O Smt Sheela Tiwari, Meerakhpur Bindki, Kanpur, Uttar Pradesh	C/o Smt Sheela Tiwari, Meerakhpur Bindki, Kanpur, UP	white,constructions	vhait,knstrkshns,praivet			smt,sheela,tiwari,meerakhpur,bindki,kanpur,uttar,pradesh	smt,sheela,tiwari,meerakhpur,bindki,kanpur	6	True
S1-470131065	S2-749808153	True	Laxmi Consultants Private Limited	लक्ष्मी कंसल्टेंट्स प्राइवेट लिमिटेड	2 Ravi Prakash 1265A V Nagvekar Marg Prabhadevi, Mumabi, Mumbai, Maharashtra	#02 RAVI PRAKASH 1265A V NAGVEKAR MARG PRABHADEVI, MUMBAI CITY, MUMABI, महाराष्ट्र	laxmi,consultants	lkshmi,knsltents,praivet	2	02	ravi,prakash,nagvekar,marg,prabhadevi,mumabi,mumbai,maharashtra	ravi,prakash,nagvekar,marg,prabhadevi,mumbai,city,mumabi	2	True
S1-525793454	S2-943105028	True	Gujarat Finance Private Limited	गुजरात फाइनेंस प्राइवेट लिमिटेड	950Braham Puri Meerut, Uttar Pradesh, Meerut, Uttar Pradesh	NO 950BRAHAM PURI MEERUT, UTTAR PRADESH, MEERUT, Uttar Pradesh	gujarat,finance	gujrat,phainens,praivet			puri,meerut,uttar,pradesh,meerut,uttar,pradesh	puri,meerut,uttar,pradesh,meerut,uttar,pradesh	4	False
S1-525793454	S3-28420647	True	Gujarat Finance Private Limited	गुजरात फाइनेंस प्राइवेट लिमिटेड	950Braham Puri Meerut, Uttar Pradesh, Meerut, Uttar Pradesh	Door No 950Braham Puri Meerut, Meerut, Uttar Pradesh, UP	gujarat,finance	gujrat,phainens,praivet			puri,meerut,uttar,pradesh,meerut,uttar,pradesh	door,puri,meerut,meerut,uttar,pradesh	4	False
S1-525793454	S3-458164657	True	Gujarat Finance Private Limited	गुजरात फाइनेंस प्राइवेट लिमिटेड	950Braham Puri Meerut, Uttar Pradesh, Meerut, Uttar Pradesh	950Braham Puri Meerut, Uttar Pradesh, Meerut, UP	gujarat,finance	gujrat,phainens,praivet			puri,meerut,uttar,pradesh,meerut,uttar,pradesh	puri,meerut,uttar,pradesh,meerut	4	False
S1-525793454	S3-97689878	True	Gujarat Finance Private Limited	Xylonylairi	950Braham Puri Meerut, Uttar Pradesh, Meerut, Uttar Pradesh	950Braham Puri Meerut, Uttar Pradesh, Meerut, Uttar Pradesh	gujarat,finance	xylonylairi			puri,meerut,uttar,pradesh,meerut,uttar,pradesh	puri,meerut,uttar,pradesh,meerut,uttar,pradesh	4	False
S1-379454412	S3-577195970	True	Doxa & Brothers Pvt. Ltd.	Jaxgild	C/O Barun Jha, Chanakya Vihar Colony Zero Mile Street No 4, Bhagalpur, Bihar	#798/8 C/o Barun Jha, Bhagalpur, BR	doxa,brothers	jaxgild	4	798,8	barun,jha,chanakya,vihar,colony,zero,mile,bhagalpur,bihar	barun,jha,bhagalpur	3	True
S1-886196683	S2-650986414	True	Ram Marketing Private Limited	-- Ectoavi	3Rd Floor, Howrah, West Bengal, Kolkata, Purbasha Apartment Atghara, Gopalpur, Kolkata	H.NO 3RD FLOOR, KOLKATA, NORTH 24 PARGANAS, West Bengal	ram,marketing	ectoavi		24	howrah,west,bengal,kolkata,purbasha,atghara,gopalpur,kolkata	kolkata,north,parganas,west,bengal	3	True
S1-39645366	S2-920111244	True	Hari Technologies Pvt Ltd	ಹರಿ ಟೆಕ್ನಾಲಜೀಸ್ ಪ್ರೈವೇಟ್ ಲಿಮಿಟೆಡ್	Vaishnavi Signature78/9, Outer Ring Road, Varthur Hobli, Bangalore South, Bangalore, Karnataka	VAISHNAVI SIGNATURE78, OUTER RING ROAD, VARTHUR HOBLI, BANGALORE SOUTH, BANGALORE, Karnataka	hari	hri,teknaljis,praivet	9		vaishnavi,outer,ring,varthur,hobli,bangalore,south,bangalore,karnataka	vaishnavi,outer,ring,varthur,hobli,bangalore,south,bangalore,karnataka	5	True
S1-39645366	S2-420566379	True	Hari Technologies Pvt Ltd	ಹರಿ ಟೆಕ್ನಾಲಜೀಸ್ ಪ್ರೈವೇಟ್ ಲಿಮಿಟೆಡ್	Vaishnavi Signature78/9, Outer Ring Road, Varthur Hobli, Bangalore South, Bangalore, Karnataka	VAISHNAVI SIGNATURE78, OUTER RING ROAD, VARTHUR HOBLI, BANGALORE SOUTH, BANGALORE, Karnataka	hari	hri,teknaljis,praivet	9		vaishnavi,outer,ring,varthur,hobli,bangalore,south,bangalore,karnataka	vaishnavi,outer,ring,varthur,hobli,bangalore,south,bangalore,karnataka	5	True
S1-529955816	S2-655086599	True	Hari Exports Private Limited	हरि एक्सपोर्ट्स प्राइवेट लिमिटेड	C/O Prakash Kumar, Dhic, Jhunjhunu, Jhujhunu, Rajasthan	C/O PRAKASH KUMAR, null, JHUNJHUNU, JHUJHUNU, Rajasthan	hari,exports	hri,eksports,praivet			prakash,kumar,dhic,jhunjhunu,jhujhunu,rajasthan	prakash,kumar,jhunjhunu,jhujhunu,rajasthan	2	True
S1-316933794	S2-508577709	True	Meeniya Development Ltd	MEENIYA  DHVNLEPODMNT LTD	Shimoga, Thirthahalli, Karnataka, Biluve Kudumallige	ಕರ್ನಾಟಕ, BILUVE KUDUMALLIGE, THIRTHAHALLI	meniya,development	meeniya,dhvnlepodmnt			shimoga,thirthahalli,karnataka,biluve,kudumallige	biluve,kudumallige,thirthahalli	6	True
S1-316933794	S3-236176273	True	Meeniya Development Ltd	Zetafluxpyra Sys	Shimoga, Thirthahalli, Karnataka, Biluve Kudumallige	Biluve Kudumallige, Thirthahalli, Shimoga, Karnataka	meniya,development	zetafluxpyra,sys			shimoga,thirthahalli,karnataka,biluve,kudumallige	biluve,kudumallige,thirthahalli,shimoga,karnataka	6	True
S1-695310034	S3-408347974	True	KC Saibaba Co	KC C0 Center	C/O Arvind Kumar Ritika Vihar, Sarsawa, Saharanpur, Uttar Pradesh	Block C-495 C/o Arvind Kumar Ritika Vihar, Saharanpur, Samaspur Kalan, UP	saibaba	center		495	arvind,kumar,ritika,vihar,sarsawa,saharanpur,uttar,pradesh	block,arvind,kumar,ritika,vihar,saharanpur,samaspur,kalan	6	True
S1-47645405	S2-516574539	True	Varshaya Vision Pvt Ltd	Lyraciralyra	Pds Towers, Floor 5, Udyog, Vihar Phase 1, Industrial Complex Dundahera, Gurgaon, Haryana	Haryana, INDUSTRIAL COMPLEX DUNDAHERA, GURGAON, PDS TOWERS	varshaya,vision	lyraciralyra	5,1		pds,towers,udyog,vihar,phase,industrial,complex,dundahera,gurgaon,haryana	haryana,industrial,complex,dundahera,gurgaon,pds,towers	6	True
S1-859573566	S2-670704120	True	United Investments Limited	യുണൈറ്റഡ് ഇൻവെസ്റ്റ്മെന്റ്സ് ലിമിറ്റഡ്	Aswathy, Tc.25/3939, Kowdiar P.O., Thiruvananthapuram, Thiruvananthapuram, Trivandrum, Kerala	Kerala, TRIVANDRUM, NO 831 ASWATHY, TRIVANDRUM	united,investments	yunairrrrd,vesrrrrmenrrs,limirrrrd	25,3939	831	aswathy,kowdiar,thiruvananthapuram,thiruvananthapuram,trivandrum,kerala	kerala,trivandrum,aswathy,trivandrum	3	True
S1-451769549	S2-831781949	True	Lalwani & Co	l.com	C/O Pankaj Singh Vill-Ghinhu Patti Panch- Masaudha, Block-Durgawati, Kaimur, Bihar	BLOCK-DURGAWATI, KAIMUR, DOOR NO 524 C/O PANKAJ SINGH VILL-GHINHU PATTI PANCH- MASAUDHA, बिहार	lalwani	com		524	pankaj,singh,vill,ghinhu,patti,panch,masaudha,block,durgawati,kaimur,bihar	block,durgawati,kaimur,door,pankaj,singh,vill,ghinhu,patti,panch,masaudha	6	True
S1-926985610	S3-397842090	True	Blue Creative Construction Private Limited	புளூ கிரியேட்டிவ் கன்ஸ்ட்ரக்ஷன் பிரைவேட் லிமிடெட்	18/A Flowers Road, Kilpauk, Chennai, Tamil Nadu	H.no 018/A Flowers Road, TN, Chennai	blue,creative,construction	pullu,kiriyettiv,knnstrkshnn,piraivet,limitet	18	018	flowers,kilpauk,chennai,tamil,nadu	flowers,chennai	4	True
S1-623928762	S2-501417199	True	Bright Systems	பிரைட் சிஸ்டம்ஸ்	No.56, F.No.S1, Bakkiya Homes, 2Nd Street, Maduravoyal, Chennai, Tamil Nadu	H.NO 5-6, F.NO.S1, BAKKIYA HOMES, 2ND STREET, MADURAVOYAL, CHENNAI, Tamil Nadu	bright,systems	pirait,chistms	56	5,6	bakkiya,homes,maduravoyal,chennai,tamil,nadu	bakkiya,homes,maduravoyal,chennai,tamil,nadu	3	True
S1-264422991	S3-391264382	True	Jai Academy	Jaiacademy.Com	Cinema Road, Hind Factory Quaters, Coke Oven, Durgapur, Bardhaman, West Bengal	Cinema Road, Hind Factory Quaters, Coke Oven, Durgapur, Bardhaman, WB	jai,academy	jaiacademy,com			cinema,hind,factory,quaters,coke,oven,durgapur,bardhaman,west,bengal	cinema,hind,factory,quaters,coke,oven,durgapur,bardhaman	4	True
S1-118920537	S2-824992232	True	Vijay Producer Private Limited	விஜய் புரொட்யூசர் பிரைவேட் லிமிடெட்	Plno.10, Big Street, Keelkattalai, Chennai, Tamil Nadu	PLNO.010, CHENNAI, Tamil Nadu	vijay,producer	vijy,purotyuchr,piraivet,limitet	10	010	plno,big,keelkattalai,chennai,tamil,nadu	plno,chennai,tamil,nadu	4	True
S1-118920537	S2-261235393	True	Vijay Producer Private Limited	விஜய் புரொட்யூசர் பிரைவேட் லிமிடெட்	Plno.10, Big Street, Keelkattalai, Chennai, Tamil Nadu	PLNO.010, CHENNAI, Tamil Nadu	vijay,producer	vijy,purotyuchr,piraivet,limitet	10	010	plno,big,keelkattalai,chennai,tamil,nadu	plno,chennai,tamil,nadu	4	True
S1-763896114	S2-622095036	True	Swastik Consultancy LLP	स्वस्तिक कंसल्टेंसी एलएलपी	113, Ist Floor, Vardhmanshopping Cnetre, Pitampura, Delhi	0113, PITAMPURA, DELHI	swastik,consultancy	svstik,knsltensi,elelpi	113	0113	ist,vardhmanshopping,cnetre,pitampura,delhi	pitampura,delhi	4	True
S1-557150995	S3-186075520	True	Black Products Private Limited	બ્લેક પ્રોડક્ટ્સ પ્રાઇવેટ લિમિટેડ	Shop No. 129, Exult Shoppers, Nr. Siddi Vinayak Mandir, Surat, Gujarat	#12, Surat, GJ	black,products	blek,prodkts,praivet	129	12	shop,exult,shoppers,siddi,vinayak,mandir,surat,gujarat	surat	5	True
S1-557150995	S3-970580145	True	Black Products Private Limited	બ્લેક પ્રોડક્ટ્સ પ્રાઇવેટ લિમિટેડ	Shop No. 129, Exult Shoppers, Nr. Siddi Vinayak Mandir, Surat, Gujarat	Surat, GJ, Surat, H.no 12	black,products	blek,prodkts,praivet	129	12	shop,exult,shoppers,siddi,vinayak,mandir,surat,gujarat	surat,surat	5	True
S1-904682969	S2-12566951	True	Msv Security Public Limited	Flúxbelo	Kerala, Kozhikode, A K Tower Mini Byepass Road, Kozhikode, Kalluthankadavu	PLOT 644 A K TOWER MINI BYEPASS ROAD, KOZHIKODE, കേരളം	msv,security	fluxbelo		644	kerala,kozhikode,tower,mini,byepass,kozhikode,kalluthankadavu	plot,tower,mini,byepass,kozhikode	4	True
S1-514712860	S3-15771616	True	Voice & Co	Vdbe &  Co	Bareilly, Uttar Pradesh, D507 Nakatia Thiriya, Bareilly	D507 Nakatia Thiriya, Pilibhit, Bareilly, UP	voice	vdbe			bareilly,uttar,pradesh,nakatia,thiriya,bareilly	nakatia,thiriya,pilibhit,bareilly	4	True
S1-514712860	S3-105293412	True	Voice & Co	Veraxylo+	Bareilly, Uttar Pradesh, D507 Nakatia Thiriya, Bareilly	Uttar Pradesh, Bareilly, D507 Nakatia Thiriya, Bareilly	voice	veraxylo			bareilly,uttar,pradesh,nakatia,thiriya,bareilly	uttar,pradesh,bareilly,nakatia,thiriya,bareilly	4	True
S1-162788054	S2-451478440	True	Pioneer Management Private Limited	पायोनियर मैनेजमेंट प्राइवेट लिमिटेड	401, 4Th Floor, Kshitij Bldg, Opp Andheri Sports Club, Andheri West, Mumbai, Mumbai City, Maharashtra	01, 4TH FLOOR, KSHITIJ BLDG, OPP ANDHERI SPORTS CLUB, ANDHERI WEST, MUMBAI, MUMBAI CITY, Maharashtra	pioner,management	payoniyr,mainejment,praivet	401	01	kshitij,bldg,andheri,sports,club,andheri,west,mumbai,mumbai,city,maharashtra	kshitij,bldg,andheri,sports,club,andheri,west,mumbai,mumbai,city,maharashtra	3	True
S1-141069090	S3-325788135	True	Trimurti Traders Ltd	Belolum	758 Anna Salai, Chennai, Tamil Nadu	58 Ana Salai, Chennai, TN	trimurti,traders	belolum	758	58	anna,salai,chennai,tamil,nadu	ana,salai,chennai	2	True
S1-278770318	S2-99917216	True	Urban Exports Private Limited	अर्बन एक्सपोर्ट्स प्राइवेट लिमिटेड	Mr. Yogendra Kumar Mishra, Karhgar Panja, Bihar, Rohtas, Bihar	ROHTAS, BIHAR, NO 33 MR. YOGENDRA KUMAR MISHRA, बिहार	urban,exports	arbn,eksports,praivet		33	yogendra,kumar,mishra,karhgar,panja,bihar,rohtas,bihar	rohtas,bihar,yogendra,kumar,mishra	5	True
S1-278770318	S3-343070671	True	Urban Exports Private Limited	अर्बन एक्सपोर्ट्स प्राइवेट लिमिटेड	Mr. Yogendra Kumar Mishra, Karhgar Panja, Bihar, Rohtas, Bihar	Bihar, BR, Rohtas, No. B3/881 Mr. Yogendra Kumar Mishra	urban,exports	arbn,eksports,praivet		881	yogendra,kumar,mishra,karhgar,panja,bihar,rohtas,bihar	bihar,rohtas,yogendra,kumar,mishra	5	True
S1-278770318	S3-684797741	True	Urban Exports Private Limited	Zephtavo	Mr. Yogendra Kumar Mishra, Karhgar Panja, Bihar, Rohtas, Bihar	Mr. Yogendra Kumar Mishra, Karhgar Panja, Bihar, Rohtas, Bihar	urban,exports	zephtavo			yogendra,kumar,mishra,karhgar,panja,bihar,rohtas,bihar	yogendra,kumar,mishra,karhgar,panja,bihar,rohtas,bihar	5	True
S1-716292708	S2-677442114	True	WBS Centre Private Limited	wbscentre.com	C/O Hanif Sk Jolonga, Narayanpur, Malda, West Bengal	C/O HANIF SK JOLONGA, NARAYANPUR, MALDA, West Bengal	wbs	wbscentre,com			hanif,jolonga,narayanpur,malda,west,bengal	hanif,jolonga,narayanpur,malda,west,bengal	2	True
S1-405947121	S2-904651974	True	Green Finance Private Limited	గ్రీన్ ఫైనాన్స్ ప్రైవేట్ లిమిటెడ్	Pn9/2Gaiabuilding, Sector2, Hudatechnoenclavhiteccity, Shaikpet, Hyderabad, Telangana	SHAIKPET, HYDERABAD, Telangana, PN9/2GAIABUILDING	gren,finance	grin,phainans,praivet			hudatechnoenclavhiteccity,shaikpet,hyderabad,telangana	shaikpet,hyderabad,telangana	6	True
S1-405947121	S2-476209538	True	Green Finance Private Limited	గ్రీన్ ఫైనాన్స్ ప్రైవేట్ లిమిటెడ్	Pn9/2Gaiabuilding, Sector2, Hudatechnoenclavhiteccity, Shaikpet, Hyderabad, Telangana	PN9/2GAIABUILDING, SHAIKPET, HYDERABAD, Telangana	gren,finance	grin,phainans,praivet			hudatechnoenclavhiteccity,shaikpet,hyderabad,telangana	shaikpet,hyderabad,telangana	6	True
S1-405947121	S2-110728138	True	Green Finance Private Limited	గ్రీన్ ఫైనాన్స్ ప్రైవేట్ లిమిటెడ్	Pn9/2Gaiabuilding, Sector2, Hudatechnoenclavhiteccity, Shaikpet, Hyderabad, Telangana	PN9/2GAIABUILDING, Telangana, SHAIKPET, HYDERABAD	gren,finance	grin,phainans,praivet			hudatechnoenclavhiteccity,shaikpet,hyderabad,telangana	telangana,shaikpet,hyderabad	6	True
S1-405947121	S3-46583366	True	Green Finance Private Limited	గ్రీన్ ఫైనాన్స్ ప్రైవేట్ లిమిటెడ్	Pn9/2Gaiabuilding, Sector2, Hudatechnoenclavhiteccity, Shaikpet, Hyderabad, Telangana	Pn/2gaiabuilding, Sector2, Hudatechnoenclavhiteccity, Shaikpet, Hyderabad, TG	gren,finance	grin,phainans,praivet			hudatechnoenclavhiteccity,shaikpet,hyderabad,telangana	hudatechnoenclavhiteccity,shaikpet,hyderabad	6	True
S1-920877411	S2-79621771	True	Urban Products Private Limited	अर्बन प्रोडक्ट्स प्राइवेट लिमिटेड	C/O Vimi Rath, Jhod Ke Pass Ujoli Kgbass, Kishan Garh Bass, Alwar, Rajasthan	#258 C/O VIMI RATH, JHOD KE PASS UJOLI KGBASS, KISHAN GARH BASS, ALWAR, Rajasthan	urban,products	arbn,prodkts,praivet		258	vimi,rath,jhod,pass,ujoli,kgbass,kishan,garh,bass,alwar,rajasthan	vimi,rath,jhod,pass,ujoli,kgbass,kishan,garh,bass,alwar,rajasthan	3	True
S1-401079927	S2-90957716	True	Modern Technologies Private Limited	मॉडर्न टेक्नोलॉजीज प्राइवेट लिमिटेड	North West Delhi, E-890 Saraswati Vihar, Delhi, First Floor	E-90 SARASWATI VIHAR, DELHI, NORTH WEST DELHI, Delhi	modern	drn,teknol,jij,praivet	890	90	north,west,delhi,saraswati,vihar,delhi,first	saraswati,vihar,delhi,north,west,delhi,delhi	2	False
S1-401079927	S3-556011455	True	Modern Technologies Private Limited	M0dern Technologies Private (Limited)	North West Delhi, E-890 Saraswati Vihar, Delhi, First Floor	E-89 Saraswati Vihar, First Floor, North West Delhi, Delhi, दिल्ली	modern	m0dern	890	89	north,west,delhi,saraswati,vihar,delhi,first	saraswati,vihar,first,north,west,delhi,delhi	2	False
S1-982958390	S2-705572919	True	Prathyusha India Private Limited	Shri prathyushaindia.com	C/O- Vishal Kumar Gupta, Majan Basti, Singrauli, Madhya Pradesh	C/O- VISHAL KUMAR GUPTA, MAJAN BASTI, SINGRAULI, Madhya Pradesh	prathyusha,india	shri,prathyushaindia,com			vishal,kumar,gupta,majan,basti,singrauli,madhya,pradesh	vishal,kumar,gupta,majan,basti,singrauli,madhya,pradesh	6	True
S1-551483246	S2-824736590	True	Aab Pension	aabpension.com	Uttar Pradesh, Agra, Baipur Sikandra, Care Of Santvir Singh, Sadar	Uttar Pradesh, CARE OF SANTVIR SINGH, BAIPUR SIKANDRA, SADAR, N/A	aab,pension	abpension,com			uttar,pradesh,agra,baipur,sikandra,care,santvir,singh,sadar	uttar,pradesh,care,santvir,singh,baipur,sikandra,sadar	4	True
S1-524784352	S2-838022893	True	Balaji Enterprises Private Limited	பாலாஜி எண்டர்பிரைசஸ் பிரைவேட் லிமிடெட்	Old No. 11A, New No. 62A, S.S.I. Road, Teynampet, Chennai, Tamil Nadu	OLD NO. 11A, CHENNAI, ALWARPET, Tamil Nadu	balaji	palaji,entrpiraichs,piraivet,limitet			old,new,teynampet,chennai,tamil,nadu	old,chennai,alwarpet,tamil,nadu	4	True
S1-208388003	S2-252529620	True	Good International Private Limited	গুড ইন্টারন্যাশনাল প্রাইভেট লিমিটেড	C/O Alok Kumar Roy, Ground Floor Vill- Patrabakhra, P O- Joykrishnapur, Bankura, West Bengal	C/O ALOK KUMAR ROY, GROUND FLOOR VILL- PATRABAKHRA, P O- JOYKRISHNAPUR, BANKURA, পশ্চিমবঙ্গ	god,international	gud,intarnyashnal,praibhet			alok,kumar,roy,ground,vill,patrabakhra,joykrishnapur,bankura,west,bengal	alok,kumar,roy,ground,vill,patrabakhra,joykrishnapur,bankura	4	True
S1-808273352	S2-634807555	True	Innovative Products LLP	इनोवेटिव प्रोडक्ट्स एलएलपी	Wework Seawoods Grand Central, Thane, 10Th Floor, Tower 1, Sector 40, Seawoods Railway Station, Nerul Node, Navi Mumbai, Maharashtra, Thane	WWORK SEAWOODS GRAND CENTRAL, THANE, Maharashtra	innovative,products	inovetiv,prodkts,elelpi	1,40		wework,seawoods,grand,central,thane,tower,sector,seawoods,railway,station,nerul,node,navi,mumbai,maharashtra,thane	wwork,seawoods,grand,central,thane,maharashtra	7	True
S1-808273352	S2-133364596	True	Innovative Products LLP	इनोवेटिव प्रोडक्ट्स एलएलपी	Wework Seawoods Grand Central, Thane, 10Th Floor, Tower 1, Sector 40, Seawoods Railway Station, Nerul Node, Navi Mumbai, Maharashtra, Thane	Maharashtra, WEWORK SEAWOODS GRAND CENTRAL, THANE	innovative,products	inovetiv,prodkts,elelpi	1,40		wework,seawoods,grand,central,thane,tower,sector,seawoods,railway,station,nerul,node,navi,mumbai,maharashtra,thane	maharashtra,wework,seawoods,grand,central,thane	7	True
S1-93569156	S3-830733302	True	Sai Estate Limited	@Saiestate	1103 20Th Cross 14Th Main Road 3Rd Sector Hsr Layout, Bangalore, Karnataka	# 20Th Cross 14Th Main Road 3Rd Sector Hsr Layout, Bangalore, KA	sai,estate	saiestate	1103		cross,main,sector,hsr,layout,bangalore,karnataka	cross,main,sector,hsr,layout,bangalore	3	True
S1-451307235	S3-464235548	True	Iqra Tech Private Limited	Arcpyra	Dhruv, Himmatbahaddarparisar, Tarabaipark, Kolhapur, Maharashtra	Kolhapur, Himmatbahaddarparisar, Tarabaipark, Dhruv, Kolhapur, Maharashtra	iqra,tech	arcpyra			dhruv,himmatbahaddarparisar,tarabaipark,kolhapur,maharashtra	kolhapur,himmatbahaddarparisar,tarabaipark,dhruv,kolhapur,maharashtra	4	True
S1-224449128	S2-416089307	True	Lakshmi Future Construction Limited	ലക്ഷ്മി ഫ്യൂച്ചർ കൺസ്ട്രക്ഷൻ ലിമിറ്റഡ്	Mazhuvancheril, Kattappana, Udumbanchola, Idukki, Kerala	MAZHUVANCHERIL, KATTAPPANA, IDUKKI, കേരളം	lakshmi,future,construction	lkshmi,phyuchch,strksh,limirrrrd			mazhuvancheril,kattappana,udumbanchola,idukki,kerala	mazhuvancheril,kattappana,idukki	3	True
S1-224449128	S3-437092715	True	Lakshmi Future Construction Limited	ലക്ഷ്മി ഫ്യൂച്ചർ കൺസ്ട്രക്ഷൻ ലിമിറ്റഡ്	Mazhuvancheril, Kattappana, Udumbanchola, Idukki, Kerala	Mazhvancheril, Kattappana, Udumbanchola, Idukki, KL	lakshmi,future,construction	lkshmi,phyuchch,strksh,limirrrrd			mazhuvancheril,kattappana,udumbanchola,idukki,kerala	mazhvancheril,kattappana,udumbanchola,idukki	3	True
S1-668808000	S3-602748911	True	Real Products Private Limited	रियल प्रोडक्ट्स प्राइवेट लिमिटेड	Flat No. 804, 8Th Floor, Junior Mig, Vijay Stambh, Huzur, Bhopal, Madhya Pradesh	#8-04, 8Th Floor, Junior Mig, Vijay Stambh, Huzur, Bhopal, MP	real,products	riyl,prodkts,praivet	804	8,04	flat,junior,mig,vijay,stambh,huzur,bhopal,madhya,pradesh	junior,mig,vijay,stambh,huzur,bhopal	3	True
S1-668808000	S3-995848915	True	Real Products Private Limited	रियल प्रोडक्ट्स प्राइवेट लिमिटेड	Flat No. 804, 8Th Floor, Junior Mig, Vijay Stambh, Huzur, Bhopal, Madhya Pradesh	941, 8Th Floor, Junior Mig, Vijay Stambh, Huzur, Bhopal, मध्य प्रदेश	real,products	riyl,prodkts,praivet	804	941	flat,junior,mig,vijay,stambh,huzur,bhopal,madhya,pradesh	junior,mig,vijay,stambh,huzur,bhopal	3	True
S1-752000918	S3-767577710	True	Prime Agro Private Limited	प्राइम एग्रो प्राइवेट लिमिटेड	23/E, 9 Akar Kothari Compound, Chitalsar, Manpada, Thane, Maharashtra	MH, 0023/E, Manpada, Thane	prime,agro	praim,egro,praivet	23,9	0023	akar,kothari,compound,chitalsar,manpada,thane,maharashtra	manpada,thane	5	True
S1-987572415	S2-337656134	True	My Foundation Private Limited	মাই ফাউন্ডেশন প্রাইভেট লিমিটেড	Po: Jamuria Bazar Jamuria Bazar, Jamuria, Bardhaman, West Bengal	PLOT 977 PO: JAMURIA BAZAR JAMURIA BAZAR, JAMURIA, BARDHAMAN, পশ্চিমবঙ্গ	foundation	mai,phaundeshn,praibhet		977	jamuria,bazar,jamuria,bazar,jamuria,bardhaman,west,bengal	plot,jamuria,bazar,jamuria,bazar,jamuria,bardhaman	6	True
S1-987572415	S2-431665322	True	My Foundation Private Limited	মাই ফাউন্ডেশন প্রাইভেট লিমিটেড	Po: Jamuria Bazar Jamuria Bazar, Jamuria, Bardhaman, West Bengal	PLOT 977 PO: JAMURIA BAZAR JAMURIA BAZAR, BARDHAMAN, JAMURIA, পশ্চিমবঙ্গ	foundation	mai,phaundeshn,praibhet		977	jamuria,bazar,jamuria,bazar,jamuria,bardhaman,west,bengal	plot,jamuria,bazar,jamuria,bazar,bardhaman,jamuria	6	True
S1-987572415	S3-750717184	True	My Foundation Private Limited	মাই ফাউন্ডেশন প্রাইভেট লিমিটেড	Po: Jamuria Bazar Jamuria Bazar, Jamuria, Bardhaman, West Bengal	Po: Jamuria Bazar Jamuria Bazar, Jamuria, Bardhaman, WB	foundation	mai,phaundeshn,praibhet			jamuria,bazar,jamuria,bazar,jamuria,bardhaman,west,bengal	jamuria,bazar,jamuria,bazar,jamuria,bardhaman	6	True
S1-905035675	S2-388273635	True	Universal Care Private Limited	ইউনিভার্সাল কেয়ার প্রাইভেট লিমিটেড	25B Camac Street, 2Nd Floor Flat 2E, Kolkata, Kolkata, Howrah, West Bengal	H.NO 25B CAMAC STREET, KOLKATA, HOWRAH, পশ্চিমবঙ্গ	universal,care	iunibharsal,key,praibhet			camac,flat,kolkata,kolkata,howrah,west,bengal	camac,kolkata,howrah	7	True
S1-377666711	S2-757276356	True	Shree Impex Pvt Ltd	শ্রী ইম্পেক্স প্রাইভেট লিমিটেড	Alankar Apartment 58A, Pudoopukur Road, Kolkata, Howrah, West Bengal	ALANNAR APARTMENT 58A, PUDOOPUKUR ROAD, KOLKATA, West Bengal	shre,impex	shri,impeks,praibhet			alankar,pudoopukur,kolkata,howrah,west,bengal	alannar,pudoopukur,kolkata,west,bengal	2	True
S1-838751351	S2-380925845	True	Lakshmi Agro Pvt Ltd	लक्ष्मी एग्रो प्रा. लि.	C/O, Haripal Gautam, Ved Vihar, Near Medecal, Saharanpur, Saharanpur, Uttar Pradesh	C/O, HARIPAL GAUTAM, VED VIHAR, NEAR MEDECAL, SAHARANPUR, SAHARANPUR, उत्तर प्रदेश	lakshmi,agro	lkshmi,egro,pra			haripal,gautam,ved,vihar,medecal,saharanpur,saharanpur,uttar,pradesh	haripal,gautam,ved,vihar,medecal,saharanpur,saharanpur	3	True
S1-747248158	S3-656627944	True	Supreme Trading Private Limited	Smt supremetradingprivate.com	Jaipur, Rajasthan, 21A, Jaipur, Burmese Colony, Opposite Shankar Park, A, Gra Road	Jaipur, Block G-669 21A, Raja Park, Burmese Colony, Opposite Shankar Park, A, Gra Road, RJ	supreme,trading	smt,supremetradingprivate,com		669	jaipur,rajasthan,jaipur,burmese,colony,opposite,shankar,park,gra	jaipur,block,raja,park,burmese,colony,opposite,shankar,park,gra	5	True
S1-940441447	S3-113826464	True	Panchajanya Metaverse Private Limited	PM	Kanaka Complex, Challakere Chitradurga, Challakere, Chitradurga, Karnataka	Kanaka Complex, Challakere Chitradurga, Challakere, Chitradurga, Karnataka	panchajanya,metaverse				kanaka,complex,challakere,chitradurga,challakere,chitradurga,karnataka	kanaka,complex,challakere,chitradurga,challakere,chitradurga,karnataka	3	True
S1-364845156	S2-590884013	True	Vijay It LLP	விஜய் ஐடி எல்எல்பி	Kancheepuram, Tamil Nadu, 67A, Ottakuthar Street, Mamallannagar	KANCHEEPURAM, KAMMAVARPALAYAM, OTTAKUTHAR STREET, Tamil Nadu, 67A	vijay	vijy,aiti,elelpi			kancheepuram,tamil,nadu,ottakuthar,mamallannagar	kancheepuram,kammavarpalayam,ottakuthar,tamil,nadu	6	True
S1-364845156	S2-236097272	True	Vijay It LLP	விஜய் ஐடி எல்எல்பி	Kancheepuram, Tamil Nadu, 67A, Ottakuthar Street, Mamallannagar	67A, OTTAKUTHAR STREET, KANCHEEPURAM, KAMMAVARPALAYAM, Tamil Nadu	vijay	vijy,aiti,elelpi			kancheepuram,tamil,nadu,ottakuthar,mamallannagar	ottakuthar,kancheepuram,kammavarpalayam,tamil,nadu	6	True
S1-364845156	S3-947124347	True	Vijay It LLP	@vijayit	Kancheepuram, Tamil Nadu, 67A, Ottakuthar Street, Mamallannagar	Mamallannagar, Kancheepuram, 67A, TN	vijay	vijayit			kancheepuram,tamil,nadu,ottakuthar,mamallannagar	mamallannagar,kancheepuram	6	True
S1-364845156	S3-661424255	True	Vijay It LLP	விஜய் ஐடி எல்எல்பி	Kancheepuram, Tamil Nadu, 67A, Ottakuthar Street, Mamallannagar	67A, Mamallannagar, Kancheepuram, TN	vijay	vijy,aiti,elelpi			kancheepuram,tamil,nadu,ottakuthar,mamallannagar	mamallannagar,kancheepuram	6	True
S1-364845156	S3-290045474	True	Vijay It LLP	விஜய் ஐடி எல்எல்பி	Kancheepuram, Tamil Nadu, 67A, Ottakuthar Street, Mamallannagar	67A, Ottakuthar Street, Mamallannagar, Kancheepuram, TN	vijay	vijy,aiti,elelpi			kancheepuram,tamil,nadu,ottakuthar,mamallannagar	ottakuthar,mamallannagar,kancheepuram	6	True
S1-532088238	S3-287682633	True	Sanshi & Co	Sdasci + Co	No 45, Old No18, Annamalai Nagar, 1St Street West Mambalam, Chennai City Corporation, Chennai, Tamil Nadu	No 0045, Old No18, Annamalai Nagar, 1St Street West Mambalam, Chennai, Chennai City Corporation, TN	sanshi	sdasci	45	0045	old,annamalai,nagar,west,mambalam,chennai,city,corporation,chennai,tamil,nadu	old,annamalai,nagar,west,mambalam,chennai,chennai,city,corporation	4	True
S1-995912421	S3-352889067	True	Hotel Consultancy Private Limited	@hotelconsultancy	Vill Anora, Sadabad, Mathura, Uttar Pradesh	Vill Anora, Sadabad, Mathura, UP	hotel,consultancy	hotelconsultancy			vill,anora,sadabad,mathura,uttar,pradesh	vill,anora,sadabad,mathura	4	True
S1-125740741	S3-499738976	True	Jrv Traders Private Limited	#jrvtraders	302, Green Field Apartmentsno>3, Prime Street, Richmond Town, Bangalore-25, Bangalore, Karnataka	00302, Bangalore, KA	jrv,traders	jrvtraders	302,3,25	00302	green,field,apartmentsno,prime,richmond,town,bangalore,bangalore,karnataka	bangalore	4	True
S1-821816693	S3-180493773	True	Digital Consultancy	डिजिटल कंसल्टेंसी	Maharashtra, Plot No 3 Radhakrushna, Colony, Jalgaon	Plot No 003 Radhakrushna, Jalgaon, MH	digital,consultancy	dijitl,knsltensi	3	003	maharashtra,plot,radhakrushna,colony,jalgaon	plot,radhakrushna,jalgaon	7	True
S1-295415850	S2-645483267	True	Hotel Polytechnic Private Limited	Zetaverafaye	Plotno.8A, Survey No.184P, Sai Prithvi Enclave, Serilingampally, K.V.Rangareddy, Telangana	PLOTNO.8A, K.V.RANGAREDDY, Telangana	hotel,polytechnic	zetaverafaye			plotno,survey,sai,prithvi,enclave,serilingampally,rangareddy,telangana	plotno,rangareddy,telangana	3	True
S1-434152732	S3-931114439	True	Projects Manokamna Flavours Private Limited	Onyxxyloflux	C/O Md Naushad, Vill-, Damodarpur (Ct) Blk-Kanti, Bandra, Muzaffarpur, Bihar	C/O Md Naushad, Vill-, Damodarpur (Ct) Blk-Kanti, Bandra, Muzaffarpur, Bihar	projects,manokamna,flavours	onyxxyloflux			naushad,vill,damodarpur,blk,kanti,bandra,muzaffarpur,bihar	naushad,vill,damodarpur,blk,kanti,bandra,muzaffarpur,bihar	6	True
S1-997239128	S2-869602330	True	Perfect It Private Limited	परफेक्ट आईटी प्राइवेट लिमिटेड	C/O Gordhan Ram Gav Jayal Gordhan Ram Gav Jayal, Nagaur, Rajasthan	C/O GORDHAN RAM GAV JAYAL GORDHAN RAM GAV JAYAL, NAGAUR, Rajasthan	perfect	prphekt,aiti,praivet			gordhan,ram,gav,jayal,gordhan,ram,gav,jayal,nagaur,rajasthan	gordhan,ram,gav,jayal,gordhan,ram,gav,jayal,nagaur,rajasthan	6	True
S1-997239128	S3-623065706	True	Perfect It Private Limited	परफेक्ट आईटी प्राइवेट लिमिटेड	C/O Gordhan Ram Gav Jayal Gordhan Ram Gav Jayal, Nagaur, Rajasthan	Nagaur, C/o Gordhan Ram Gav Jayal Gordhan Ram Gav Jayal, RJ	perfect	prphekt,aiti,praivet			gordhan,ram,gav,jayal,gordhan,ram,gav,jayal,nagaur,rajasthan	nagaur,gordhan,ram,gav,jayal,gordhan,ram,gav,jayal	6	True
S1-682706632	S3-28940537	True	Balaji Brothers Ltd	@balajibrothers	25B First Floor The Almeria, Sector 84, Gurgaon, Haryana	#25B First Floor The Almeria, Gurgaon, Gurugram, HR	balaji,brothers	balajibrothers	84		first,the,almeria,sector,gurgaon,haryana	first,the,almeria,gurgaon,gurugram	2	True
S1-995678222	S3-902496337	True	TRY Visual LLP	tryvisual.com	A-200, Ganga Nagar, Mawana Road, Near Sd Mall, Meerut, Uttar Pradesh	A-00, Ganga Nagar, Mawana Road, Near Sd Mall, Meerut, UP	try,visual	tryvisual,com	200	00	ganga,nagar,mawana,mall,meerut,uttar,pradesh	ganga,nagar,mawana,mall,meerut	4	True
S1-968027374	S2-318077001	True	Jay Estate Private Limited	জয় এস্টেট প্রাইভেট লিমিটেড	Mondal Ganthi Bamangachhi, Barasaat, Parganas North, West Bengal	MONDAL GANTHI BAMANGACHHI, BARASAAT, PARGANAS NORTH, পশ্চিমবঙ্গ	jay,estate	estet,praibhet			mondal,ganthi,bamangachhi,barasaat,parganas,north,west,bengal	mondal,ganthi,bamangachhi,barasaat,parganas,north	7	True
S1-968027374	S2-979686015	True	Jay Estate Private Limited	জয় এস্টেট প্রাইভেট লিমিটেড	Mondal Ganthi Bamangachhi, Barasaat, Parganas North, West Bengal	MONDAL GANTHI BAMANGACHHI, BARASAAT, PARGANAS NORTH, West Bengal	jay,estate	estet,praibhet			mondal,ganthi,bamangachhi,barasaat,parganas,north,west,bengal	mondal,ganthi,bamangachhi,barasaat,parganas,north,west,bengal	7	True
S1-968027374	S3-187565390	True	Jay Estate Private Limited	jayestateprivate.com	Mondal Ganthi Bamangachhi, Barasaat, Parganas North, West Bengal	Mondal Ganthi Bamangachhi, Parganas North, Barasaat, WB	jay,estate	jayestateprivate,com			mondal,ganthi,bamangachhi,barasaat,parganas,north,west,bengal	mondal,ganthi,bamangachhi,parganas,north,barasaat	7	True
S1-832544932	S2-84219315	True	Gautam Buddha Nagar Gems LLP	nagarbuddha.com	Gaur City Mall Office, Space C 01 Bgh 01 Sec 4, Gautam Buddha Nagar, Uttar Pradesh	HN 928 GAUR CITY MAL OFFICE, GAUTAM BUDDHA NAGAR, Uttar Pradesh	gautam,buddha,nagar,gems	nagarbuddha,com	01,01,4	928	gaur,city,mall,office,space,bgh,sec,gautam,buddha,nagar,uttar,pradesh	gaur,city,mal,office,gautam,buddha,nagar,uttar,pradesh	5	True
S1-832544932	S2-675568411	True	Gautam Buddha Nagar Gems LLP	Miragild - 3844817074	Gaur City Mall Office, Space C 01 Bgh 01 Sec 4, Gautam Buddha Nagar, Uttar Pradesh	HN 928 GAUR CITY MALL OFFICE, GAUTAM BUDDHA NAGAR, Uttar Pradesh	gautam,buddha,nagar,gems	miragild,3844817074	01,01,4	928	gaur,city,mall,office,space,bgh,sec,gautam,buddha,nagar,uttar,pradesh	gaur,city,mall,office,gautam,buddha,nagar,uttar,pradesh	5	True
S1-606104698	S3-111297978	False	XF Agricultural Pvt. Ltd.	XF Pvt. Ltd. Ltd. Center	1/104, Rashmi Hetal Iii, Near Ramdev Park, Mira Road East, Thane, Maharashtra		agricultural	pvt,center	1,104		rashmi,hetal,iii,ramdev,park,mira,east,thane,maharashtra		5	True
S1-211743104	S3-887332597	True	Fortune Consultants Private Limited	फॉर्च्यून कंसल्टेंट्स प्राइवेट लिमिटेड	Mumbai, Gr Floor Dharm Jyot Bldg96 Kazi Sayed Street Masjid Bunder, Mumbai, Maharashtra	Gr Floor Dharm Jyot Bldg96 Kazi Sayed Street Masjid Bunder, Mumbai, MH	fortune,consultants	rchyun,knsltents,praivet			mumbai,dharm,jyot,kazi,sayed,masjid,bunder,mumbai,maharashtra	dharm,jyot,kazi,sayed,masjid,bunder,mumbai	3	True
S1-539956591	S3-743329544	True	Ashirwad Controls Group	Wexwexxylox	C/O Saralabai Bhagwan Deshmukh Vandemataram Nagar, Kukana, Tal. Newasa, Ahmednagar, Maharashtra	C/O Saralabai Bhagwan Deshmukh Vandemataram Nagar, Kukana, Tal. Newasa, Ahmednagar, Maharashtra	ashirwad,controls	wexwexxylox			saralabai,bhagwan,deshmukh,vandemataram,nagar,kukana,tal,newasa,ahmednagar,maharashtra	saralabai,bhagwan,deshmukh,vandemataram,nagar,kukana,tal,newasa,ahmednagar,maharashtra	4	True
S1-158464239	S2-131328223	True	International Ventures Private Limited	इंटरनेशनल वेंचर्स प्राइवेट लिमिटेड	Alam Gunj Shakka Toli Po Gulzar Bagh, Patna City, Patna, Bihar	ALAM GUNJ SHAKKA TOLI PO GULZAR BAGH, PATNA CITY, PATNA, Bihar	international,ventures	intrneshnl,venchrs,praivet			alam,gunj,shakka,toli,gulzar,bagh,patna,city,patna,bihar	alam,gunj,shakka,toli,gulzar,bagh,patna,city,patna,bihar	6	True
S1-158464239	S2-93399379	True	International Ventures Private Limited	इंटरनेशनल वेंचर्स प्राइवेट लिमिटेड	Alam Gunj Shakka Toli Po Gulzar Bagh, Patna City, Patna, Bihar	ALAM GUNJ SHAKKA TOLI PO GULZAR BAGH, PATNA CITY, PATNA, बिहार	international,ventures	intrneshnl,venchrs,praivet			alam,gunj,shakka,toli,gulzar,bagh,patna,city,patna,bihar	alam,gunj,shakka,toli,gulzar,bagh,patna,city,patna	6	True
S1-158464239	S2-373464753	True	International Ventures Private Limited	इंटरनेशनल वेंचर्स प्राइवेट लिमिटेड	Alam Gunj Shakka Toli Po Gulzar Bagh, Patna City, Patna, Bihar	ALAM GUNJ SHAKKA TOLI PO GULZAR BAGH, PATNA, Bihar	international,ventures	intrneshnl,venchrs,praivet			alam,gunj,shakka,toli,gulzar,bagh,patna,city,patna,bihar	alam,gunj,shakka,toli,gulzar,bagh,patna,bihar	6	True
S1-732350504	S2-8131699	True	Big International	பிக் இன்டர்நேஷனல்	G2, Anu Homes 6 1St Cross, 6 Th Street, Dr Subburayan Nagar, Kodambakkam, Chennai, Tamil Nadu	G2, CHENNAI, Tamil Nadu	big,international	pik,inntrneshnnl	6,6		anu,homes,cross,subburayan,nagar,kodambakkam,chennai,tamil,nadu	chennai,tamil,nadu	5	True
S1-714204357	S2-126919293	True	Life Software	लाइफ सॉफ्टवेयर	C\O Rajendra Achutrao Futune At Neknoor Tq & Dist Beed, Beed, Bid, Maharashtra	C\O RAJENDRA ACHUTRAO FUTUNE AT NEKNOOR TQ & DIST BEED, BEED, BID, Maharashtra	life,software	laiph,phtveyr			rajendra,achutrao,futune,neknoor,and,dist,beed,beed,bid,maharashtra	rajendra,achutrao,futune,neknoor,and,dist,beed,beed,bid,maharashtra	4	True
S1-714204357	S2-394071887	True	Life Software	लाइफ सॉफ्टवेयर	C\O Rajendra Achutrao Futune At Neknoor Tq & Dist Beed, Beed, Bid, Maharashtra	C\O RAJENDRA ACHUTRAO FUTUNE AT NEKNOOR TQ & DIST BEED, BEED, BID, महाराष्ट्र	life,software	laiph,phtveyr			rajendra,achutrao,futune,neknoor,and,dist,beed,beed,bid,maharashtra	rajendra,achutrao,futune,neknoor,and,dist,beed,beed,bid	4	True
S1-714204357	S2-83253477	True	Life Software	@lifesoftware	C\O Rajendra Achutrao Futune At Neknoor Tq & Dist Beed, Beed, Bid, Maharashtra	C\O RAJENDRA ACHUTRAO FUTUNE AT NEKNOOR TQ & DIST BEED, BEED, Maharashtra	life,software	lifesoftware			rajendra,achutrao,futune,neknoor,and,dist,beed,beed,bid,maharashtra	rajendra,achutrao,futune,neknoor,and,dist,beed,beed,maharashtra	4	True
S1-748196217	S2-323742948	True	Shakti Builders Private Limited	शक्ति बिल्डर्स प्राइवेट लिमिटेड	Phaseii, Phase Ii, New Delhi, Delhi	PHASEII, NEW DELHI, PHASE II, Delhi	shakti,builders	shkti,bildrs,praivet			phaseii,phase,new,delhi,delhi	phaseii,new,delhi,phase,delhi	4	True
S1-748196217	S3-1434454	True	Shakti Builders Private Limited	शक्ति बिल्डर्स प्राइवेट लिमिटेड	Phaseii, Phase Ii, New Delhi, Delhi	Phaseii, E Eh, New Delhi, DL	shakti,builders	shkti,bildrs,praivet			phaseii,phase,new,delhi,delhi	phaseii,new,delhi	4	True
S1-237962532	S3-534745984	True	Sree Technologies	SREE TECHNOLOGIES	Esquire Centre, No:9, B-Block, Ground Floor M G Road, Bangalore, Karnataka	#446. Esquire Centre, Bangalore, KA	sre	sree	9	446	esquire,centre,block,ground,bangalore,karnataka	esquire,centre,bangalore	5	True
S1-83774781	S2-903310891	True	Shakti Consultants Private Limited	শক্তি কনসালট্যান্টস প্রাইভেট লিমিটেড	2Nd Mile Sevoke Roadp O Dist-Darjeeling, Siliguri Pin, Darjeeling, West Bengal	NO 2ND MILE SEVOKE ROADP O DIST-DARJEELING, <NULL>, SILIGURI PIN, DARJEELING, West Bengal	shakti,consultants	shkti,knsaltyants,praibhet			mile,sevoke,roadp,dist,darjeeling,siliguri,pin,darjeeling,west,bengal	mile,sevoke,roadp,dist,darjeeling,siliguri,pin,darjeeling,west,bengal	4	True
S1-83774781	S3-817027655	True	Shakti Consultants Private Limited	শক্তি কনসালট্যান্টস প্রাইভেট লিমিটেড	2Nd Mile Sevoke Roadp O Dist-Darjeeling, Siliguri Pin, Darjeeling, West Bengal	2Nd Mile Sevoke Roadp O Dist-darjeeling, Darjeeling, WB, Siliguri Pin	shakti,consultants	shkti,knsaltyants,praibhet			mile,sevoke,roadp,dist,darjeeling,siliguri,pin,darjeeling,west,bengal	mile,sevoke,roadp,dist,darjeeling,darjeeling,siliguri,pin	4	True
S1-83774781	S3-853005806	True	Shakti Consultants Private Limited	শক্তি কনসালট্যান্টস প্রাইভেট লিমিটেড	2Nd Mile Sevoke Roadp O Dist-Darjeeling, Siliguri Pin, Darjeeling, West Bengal	2Nd Mile Sevoke Roadp O Dist-darjeeling, Siliguri Pin, Darjeeling, WB	shakti,consultants	shkti,knsaltyants,praibhet			mile,sevoke,roadp,dist,darjeeling,siliguri,pin,darjeeling,west,bengal	mile,sevoke,roadp,dist,darjeeling,siliguri,pin,darjeeling	4	True
S1-697559337	S2-304462154	True	Real Developers Private Limited	ரியல் டெவலப்பர்ஸ் பிரைவேட் லிமிடெட்	24A/68A, Ground Floor, Vembuli Amman Koil Street, Saidapet, Kanchipuram, Tamil Nadu	SAIDAPET, KANCHIPURAM, தமிழ்நாடு, GROUND FLOOR, VEMBULI AMMAN KOIL STREET, BLOBK C-254 24A/68A	real,developers	riyl,tevlpprs,piraivet,limitet		254	ground,vembuli,amman,koil,saidapet,kanchipuram,tamil,nadu	saidapet,kanchipuram,ground,vembuli,amman,koil,blobk	3	True
S1-628776852	S3-966036106	True	Udaipur Services Private Limited	Deltanex	C/O Lal Singh Jhala Badundiya, Gogunda, Udaipur, Rajasthan	C/O Lal Singh Jhala Badundiya, Gogunda, Udaipur, Rajasthan	udaipur	deltanex			lal,singh,jhala,badundiya,gogunda,udaipur,rajasthan	lal,singh,jhala,badundiya,gogunda,udaipur,rajasthan	5	True
S1-396858972	S2-195334144	True	Seven Ventures Private Limited	सेवन वेंचर्स Private Limited	Madhya Pradesh, Sidhi, C/O. Premkanta Indane, Singrauli, Panjreh, Morwa	C/O. PRELKANTA INDANE, SINGRAULI, SIDHI, मध्य प्रदेश	seven,ventures	sevn,venchrs			madhya,pradesh,sidhi,premkanta,indane,singrauli,panjreh,morwa	prelkanta,indane,singrauli,sidhi	4	True
S1-396858972	S2-686961562	True	Seven Ventures Private Limited	सेवन वेंचर्स प्राइवेट लिमिटेड	Madhya Pradesh, Sidhi, C/O. Premkanta Indane, Singrauli, Panjreh, Morwa	C/O. PREMKANTA INDANE, SIDHI, SINGRAULI, Madhya Pradesh	seven,ventures	sevn,venchrs,praivet			madhya,pradesh,sidhi,premkanta,indane,singrauli,panjreh,morwa	premkanta,indane,sidhi,singrauli,madhya,pradesh	4	True
S1-46700578	S3-920131277	True	Sree Consulting Pvt Ltd	श्री कंसल्टिंग प्रा. लि.	78, Ladli Bhawan, Kedarnath Road Darya Ganj, New Delhi, Delhi	078, Kedarnath Road Darya Ganj, New Delhi, DL	sre,consulting	shri,knslting,pra	78	078	ladli,bhawan,kedarnath,darya,ganj,new,delhi,delhi	kedarnath,darya,ganj,new,delhi	7	True
S1-935063553	S2-751753008	True	Sunrise Best Foundation Private Limited	சன்ரைஸ் பெஸ்ட் ஃபவுண்டேஷன் பிரைவேட் லிமிடெட்	48 Peters Road Royapettah, Madras-, Chennai, Tamil Nadu	NO 50 PETERS ROAD ROYAPETTAH, CHENNAI, MADRAS-, Tamil Nadu	sunrise,best,foundation	chnnrais,pest,hpvunteshnn,piraivet,limitet	48	50	peters,royapettah,madras,chennai,tamil,nadu	peters,royapettah,chennai,madras,tamil,nadu	4	True
S1-382999845	S2-542287549	True	Uh Industries Ltd	uhindustries.com	23 Hauz Khas Village 3Rd Floor, New Delhi, Delhi	H.NO 2-3 HAUZ KHAS VILLAGE 3RD FLOOR, Delhi, NEW DELHI	industries	uhindustries,com	23	2,3	hauz,khas,village,new,delhi,delhi	hauz,khas,village,delhi,new,delhi	4	True
S1-647230448	S2-818724312	True	DH Global Pvt Ltd	DH PVT LTD SERVICES	C/O Mushfique Ahmed Khanl, Lotas Tiles, Near Near, Nagpur, Maharashtra	C/O MUSHFIQUE AHMED KHANL, LOTAS TILES, NEAR NEAR, NAGPUR, महाराष्ट्र	global	services			mushfique,ahmed,khanl,lotas,tiles,nagpur,maharashtra	mushfique,ahmed,khanl,lotas,tiles,nagpur	4	True
S1-357032828	S3-500839673	True	Jd Services Pvt Ltd	Pvt Jd Serivilces Ltd	Madhya Pradesh, Gopadvanas, Prem Nagar, C/O Bansh Bahadur Singh, Sidhi	C/o Bansh Bahadur Singh, Gopadvanas, Sidhi, मध्य प्रदेश	services	serivilces			madhya,pradesh,gopadvanas,prem,nagar,bansh,bahadur,singh,sidhi	bansh,bahadur,singh,gopadvanas,sidhi	5	True
S1-357032828	S3-21429627	True	Jd Services Pvt Ltd	Sri Jd Sevices Pvt Ltd	Madhya Pradesh, Gopadvanas, Prem Nagar, C/O Bansh Bahadur Singh, Sidhi	C/o Bansh Bahadur Singh, Sidhi, MP	services	sri,sevices			madhya,pradesh,gopadvanas,prem,nagar,bansh,bahadur,singh,sidhi	bansh,bahadur,singh,sidhi	5	True
S1-621701755	S2-951861418	True	Ma Instruments Pvt Ltd	Mr mainstruments.com	No.284, 3Rd Cross, Kirloskar L/O, Bangalore, Karnataka	NO.28, BANGALORE, Karnataka	instruments	mainstruments,com	284	28	cross,kirloskar,bangalore,karnataka	bangalore,karnataka	4	True
S1-406149953	S2-153145772	True	Harshi & Co	Hoari & Co	House Asset No. 8897, Prusty Colony, Housing Board, Po: Berhampur, Ps: Bada B, Azar, Berhampur, Khordha, Orissa, 1St Room	H.NO 8ST ROOM, GAJAPATI, KHORDHA, Odisha	harshi	hoari	8897		house,asset,prusty,colony,housing,board,berhampur,bada,azar,berhampur,khordha,orissa,room	room,gajapati,khordha,odisha	3	True
S1-52774444	S3-857145701	True	SMP Tours Pvt Ltd	Novimira	Delhi, South Delhi, Flt No. 609A, 6Th Flr B-E, International Trade Tower, New Delhi	Flt No. 609A, 6Th Flr B-E, International Trade Tower, New Delhi, South Delhi, Delhi	smp,tours	novimira			delhi,south,delhi,flt,flr,international,trade,tower,new,delhi	flt,flr,international,trade,tower,new,delhi,south,delhi,delhi	5	True
S1-668241420	S2-162051094	True	Raj Consultants Private Limited	rajconsultants.com	C/O Raosaheb Satagonda Patil, S.No.2008/B, Kadage Mala., Jaysingpur, Kolhapur, Maharashtra	C/O RAOSAHEB SATAGONDA PATIL, S.NO.2007/B, KADAGE MALA., JAYSINGPUR, Maharashtra	raj,consultants	rajconsultants,com	2008	2007	raosaheb,satagonda,patil,kadage,mala,jaysingpur,kolhapur,maharashtra	raosaheb,satagonda,patil,kadage,mala,jaysingpur,maharashtra	4	True
S1-543498628	S2-266787998	True	United Real Software Private Limited	ইউনাইটেড রিয়েল সফটওয়্যার প্রাইভেট লিমিটেড	Pursurah Hooghly, West Bengal	#382/8 PURSURAH HOOGHLY, PURSURAH HOOGHLY, <NULL>, West Bengal	united,real,software	iunaited,riy,sphtoy,yar,praibhet		382,8	pursurah,hooghly,west,bengal	pursurah,hooghly,pursurah,hooghly,west,bengal	5	True
S1-301051159	S2-199720785	True	Silver Technologies Private Limited	സിൽവർ ടെക്നോളജീസ് പ്രൈവറ്റ് ലിമിറ്റഡ്	Ist Floor, C.C.31/38A(1), Amberipadam Road, Ernakulam, Kerala	DOOR NO #223 IST FLOOR, ERNAKULAM, കേരളം, ERNAKULAM	silver	teknolljis,praivrrrr,limirrrrd	31,1	223	ist,amberipadam,ernakulam,kerala	door,ist,ernakulam,ernakulam	3	True
S1-234755863	S2-211359524	True	Sree Foods Private Limited	श्री फूड्स प्राइवेट लिमिटेड	927, Bijalpur, Ab Road Indore, Indore, Madhya Pradesh	27, BIJALPUR, AB ROAD INDORE, INDORE, Madhya Pradesh	sre,fods	shri,phuds,praivet	927	27	bijalpur,indore,indore,madhya,pradesh	bijalpur,indore,indore,madhya,pradesh	3	True
S1-309727141	S3-348916951	True	HB Services Private Limited	hbservices.com	41/A Nazir Lane (Kidderpore), Kolkata, Howrah, West Bengal	Door No 4-1/A Nazir Lane (Kidderpore), Kolkata, Howrah, পশ্চিমবঙ্গ	services	hbservices,com	41	4,1	nazir,kidderpore,kolkata,howrah,west,bengal	door,nazir,kidderpore,kolkata,howrah	3	True
S1-834307496	S3-671937301	True	Institute Law Private Limited	Caloectolyra	Near Industrial Area, Madanganj, Kishangarh, Ajmer, Rajasthan	Near Industrial Area, Madanganj, Kishangarh, Ajmer, Rajasthan	institute,law	caloectolyra			industrial,area,madanganj,kishangarh,ajmer,rajasthan	industrial,area,madanganj,kishangarh,ajmer,rajasthan	6	True
S1-71915141	S3-500898053	True	Sky Foods Pvt Ltd	સ્કાય ફૂડ્સ પ્રા. લિ.	At Ranipura Po. Samlaya, Savli, Land Survey No 52 5P1, Gujarat, Vadodara	Land Survey No 0052 5P1, At Ranipura Po. Samlaya, Savli, NULL, GJ	sky,fods	skay,phuds,pra	52	0052	ranipura,samlaya,savli,land,survey,gujarat,vadodara	land,survey,ranipura,samlaya,savli	4	True
S1-988524107	S2-247876955	True	Steel Buildcon Private Limited	Sri steelbuildcon.com	Vimalalayam, S E Thazhava S.R.P Market P O, Kollam, Kerala	VIMALALAYAM, S E THAZHAVA S.R.P MARKET P O, KOLLAM, Kerala	stel,buildcon	sri,stelbuildcon,com			vimalalayam,thazhava,blvdp,market,kollam,kerala	vimalalayam,thazhava,blvdp,market,kollam,kerala	2	True
S1-446028840	S2-570196098	True	Rhine Hotels Limited	Shri rhinehotelscom	C/O Ram Shanker Mishra, Amethi, Antoo Road, Amethi, Sultanpur, Uttar Pradesh	उत्तर प्रदेश, C/O RAM SHANKER MISHRA, AMETHI, ANTOO ROAD, AMETHI	rhine,hotels	shri,rhinehotelscom			ram,shanker,mishra,amethi,antoo,amethi,sultanpur,uttar,pradesh	ram,shanker,mishra,amethi,antoo,amethi	3	True
S1-155289791	S2-150135955	True	Anand Properties Private Limited	ಆನಂದ್ ಪ್ರಾಪರ್ಟೀಸ್ ಪ್ರೈವೇಟ್ ಲಿಮಿಟೆಡ್	Sadguru Nilaya Near Raghavendra Matt Kallare, C/O Shashikala Naik, Karnataka, Puttur, Dakshina Kannada	C/O SHASHIKALA NAIK, PUTTUR, DAKSHINA KANNADA, Karnataka	anand,properties	annd,praprtis,praivet			sadguru,nilaya,raghavendra,matt,kallare,shashikala,naik,karnataka,puttur,dakshina,kannada	shashikala,naik,puttur,dakshina,kannada,karnataka	5	True
S1-155289791	S2-540222916	True	Anand Properties Private Limited	ಆನಂದ್ ಪ್ರಾಪರ್ಟೀಸ್ ಪ್ರೈವೇಟ್ ಲಿಮಿಟೆಡ್	Sadguru Nilaya Near Raghavendra Matt Kallare, C/O Shashikala Naik, Karnataka, Puttur, Dakshina Kannada	C/O SHASHIKALA NAKI, SADGURU NILAYA NEAR RAGHAVENDRA MATT KALLARE, DAKSHINA KANNADA, Karnataka	anand,properties	annd,praprtis,praivet			sadguru,nilaya,raghavendra,matt,kallare,shashikala,naik,karnataka,puttur,dakshina,kannada	shashikala,naki,sadguru,nilaya,raghavendra,matt,kallare,dakshina,kannada,karnataka	5	True
S1-155289791	S3-575876198	True	Anand Properties Private Limited	ಆನಂದ್ ಪ್ರಾಪರ್ಟೀಸ್ ಪ್ರೈವೇಟ್ ಲಿಮಿಟೆಡ್	Sadguru Nilaya Near Raghavendra Matt Kallare, C/O Shashikala Naik, Karnataka, Puttur, Dakshina Kannada	C/o Shashikala Naik, Puttur, Dakshina Kannada, KA	anand,properties	annd,praprtis,praivet			sadguru,nilaya,raghavendra,matt,kallare,shashikala,naik,karnataka,puttur,dakshina,kannada	shashikala,naik,puttur,dakshina,kannada	5	True
S1-3332954	S2-19008799	True	Pinkcity Servicesprivate (India) Private Limited	DELTAPYRA	71 Seth Narayandas Layout Tatabad, Coimbatore, Tamil Nadu	H.NO G-225 SETH NARAYANDAS LAYOUT TATABAD, COIMBATORE, Tamil Nadu, COIMBATORE	pinkcity,servicesprivate,india	deltapyra	71	225	seth,narayandas,layout,tatabad,coimbatore,tamil,nadu	seth,narayandas,layout,tatabad,coimbatore,tamil,nadu,coimbatore	6	True
S1-839248277	S3-389683752	True	United Products Private Limited	यूनाइटेड प्रोडक्ट्स Private Limited	Xv/2039, Mezzanine Floor, Chuna Mandi Paharganj, New Delhi, Central Delhi, Delhi	Delhi, Mezzanine Floor, Chuna Mandi Paharganj, NULL, Xv/203, दिल्ली	united,products	yunaited,prodkts	2039	203	mezzanine,chuna,mandi,paharganj,new,delhi,central,delhi,delhi	delhi,mezzanine,chuna,mandi,paharganj	3	True
S1-839835247	S2-51782798	True	Vision Projects Limited	ವಿಷನ್ ಪ್ರಾಜೆಕ್ಟ್ಸ್ ಲಿಮಿಟೆಡ್	Second Floor Kalra Central, No .63 Chiranjeevi Layout, 1St Main Road, Bangalore North, Bangalore, Karnataka	SECOND FLOOR KALRA CENTRAL, BANGALORE, Karnataka	vision,projects	vishn,prajekts	63		second,kalra,central,chiranjeevi,layout,main,bangalore,north,bangalore,karnataka	second,kalra,central,bangalore,karnataka	4	True
S1-839835247	S2-987614028	True	Vision Projects Limited	ವಿಷನ್ ಪ್ರಾಜೆಕ್ಟ್ಸ್ ಲಿಮಿಟೆಡ್	Second Floor Kalra Central, No .63 Chiranjeevi Layout, 1St Main Road, Bangalore North, Bangalore, Karnataka	SECOND FLOOR KALRA CENTRAL, BANGALORE, Karnataka	vision,projects	vishn,prajekts	63		second,kalra,central,chiranjeevi,layout,main,bangalore,north,bangalore,karnataka	second,kalra,central,bangalore,karnataka	4	True
S1-279683456	S2-30288341	True	Real Black It Limited	রিয়েল ব্ল্যাক আইটি লিমিটেড	5Th-Fr, Fl-501, Uttar Podrah, Jorapukur, Dhar, Chunavati, Howrah, West Bengal	PLOT #44 5TH-FR, CHUNAVATI, HOWRAH, West Bengal	real,black	riy,blyak,aiti	501	44	uttar,podrah,jorapukur,dhar,chunavati,howrah,west,bengal	plot,chunavati,howrah,west,bengal	2	True
S1-89228178	S2-541461317	True	High Maa Hospitality	हाई मां हॉस्पिटैलिटी	C/O Tirupati Narayan, Kshirsagar, Laxmi Nivas, Nanded, Maharashtra	C/O TIRUPATI NARAYAN, NANDED, KSHIRSAGAR, LAXMI NIVAS, NANDED, Maharashtra	high,hospitality	hai,man,spitailiti			tirupati,narayan,kshirsagar,laxmi,nivas,nanded,maharashtra	tirupati,narayan,nanded,kshirsagar,laxmi,nivas,nanded,maharashtra	2	True
S1-742236239	S2-68357510	True	Surge (India) Food Private Limited	sifood.com	Pathankot, Village Tharial Block- Sujanpur, Po- Madhopur, Tehsil, Gurdaspur, Punjab, C/O Jagdish Raj	C/O JAGDISH RAJ, PATHANKOT, GURDASPUR, Punjab	surge,india,fod	sifod,com			pathankot,village,tharial,block,sujanpur,madhopur,tehsil,gurdaspur,punjab,jagdish,raj	jagdish,raj,pathankot,gurdaspur,punjab	5	True
S1-580314276	S2-123549860	True	Lakshmi Agro Private Limited	লক্ষ্মী অ্যাগ্রো প্রাইভেট লিমিটেড	Avani Height59A Chowringhee Road Bhawanipur, Kolkata, Calcutta, West Bengal	AVANI HEIGHT59A CHOWRINGHEE ROAD BHAWANIPUR, CALCUTTA, West Bengal	lakshmi,agro	lkshmi,ayagro,praibhet			avani,chowringhee,bhawanipur,kolkata,calcutta,west,bengal	avani,chowringhee,bhawanipur,calcutta,west,bengal	5	True
S1-580314276	S2-146655180	True	Lakshmi Agro Private Limited	লক্ষ্মী অ্যাগ্রো প্রাইভেট লিমিটেড	Avani Height59A Chowringhee Road Bhawanipur, Kolkata, Calcutta, West Bengal	AVANI HEIGHT59A CHOWRINGHEE ROAD BHAWANIPUR, CALCUTTA, পশ্চিমবঙ্গ	lakshmi,agro	lkshmi,ayagro,praibhet			avani,chowringhee,bhawanipur,kolkata,calcutta,west,bengal	avani,chowringhee,bhawanipur,calcutta	5	True
S1-745923829	S2-254368464	True	Seven Black Impex Pvt Ltd	સેવન બ્લેક ઇમ્પેક્સ પ્રા. લિ.	Prajapati Vas, At Post - Kujad, Daskroi, Ahmedabad, Gujarat	PRAJAPATI VAS, DASKROI, AHMEDABAD, Gujarat	seven,black,impex	sevn,blek,impeks,pra			prajapati,vas,post,kujad,daskroi,ahmedabad,gujarat	prajapati,vas,daskroi,ahmedabad,gujarat	2	True
S1-166735390	S2-201575884	True	Great Foods	ग्रेट फूड्स	C/O Dharmendra Gupta, Plot No 13, Sec 112, Flat 16, Sahil Srushti, Kandwa, Chikhali, Pune, Maharashtra	C/O DHARMENDRA GUPTA, PUNE, Maharashtra	great,fods	gret,phuds	13,112,16		dharmendra,gupta,plot,sec,flat,sahil,srushti,kandwa,chikhali,pune,maharashtra	dharmendra,gupta,pune,maharashtra	5	True
S1-356976992	S2-828309959	True	Aditya Constructions Private Limited	ஆதித்யா கன்ஸ்ட்ரக்ஷன்ஸ் பிரைவேட் லிமிடெட்	Kamalam Villa, Old No.4, New No.7, Chandrabagh Avenue, 1St Street, Chennai, Tamil Nadu	KAMALAM VILLA, CHENNAI, தமிழ்நாடு	aditya,constructions	atitya,knnstrkshnns,piraivet,limitet	4,7		kamalam,villa,old,new,chandrabagh,chennai,tamil,nadu	kamalam,villa,chennai	5	True
S1-356976992	S3-431660752	True	Aditya Constructions Private Limited	ஆதித்யா கன்ஸ்ட்ரக்ஷன்ஸ் பிரைவேட் லிமிடெட்	Kamalam Villa, Old No.4, New No.7, Chandrabagh Avenue, 1St Street, Chennai, Tamil Nadu	No. #900 Kamalam Villa, Chennai, TN	aditya,constructions	atitya,knnstrkshnns,piraivet,limitet	4,7	900	kamalam,villa,old,new,chandrabagh,chennai,tamil,nadu	kamalam,villa,chennai	5	True
S1-868023277	S2-328672999	True	Lakshmi International Pvt Ltd	लक्ष्मी इंटरनेशनल प्रा. लि.	C/O Dhanraji Devi, 1Ratanpura Ratanpura, Gola, Gorakhpur, Uttar Pradesh	C/O DHANRAJI DEVI, 1RATANPURA RATANPURA, GOLA, GORAKHPUR, Uttar Pradesh	lakshmi,international	lkshmi,intrneshnl,pra			dhanraji,devi,ratanpura,gola,gorakhpur,uttar,pradesh	dhanraji,devi,ratanpura,gola,gorakhpur,uttar,pradesh	4	True
S1-868023277	S3-896698717	True	Lakshmi International Pvt Ltd	लक्ष्मी इंटरनेशनल प्रा. लि.	C/O Dhanraji Devi, 1Ratanpura Ratanpura, Gola, Gorakhpur, Uttar Pradesh	C/o Dhanraji Devi, 1Ratanpura Ratanpura, Gorakhpur, Gola, UP	lakshmi,international	lkshmi,intrneshnl,pra			dhanraji,devi,ratanpura,gola,gorakhpur,uttar,pradesh	dhanraji,devi,ratanpura,gorakhpur,gola	4	True
S1-325340972	S2-174364340	True	Seven Media Private Limited	सेवन मीडिया प्राइवेट लिमिटेड	Houseno1 Koleshwari Colony Nr Shantigram Vidyamandir Brahmanpada Shantingr, Ulhasnagar, Thane, Maharashtra	PLOT 539 HOUSENO1 KOLESHWARI COLONY NR SHANTIGRAM VIDYAMANDIR BRAHMANPADA SHANTINGR, ULHASNAGAR, THANE, Maharashtra	seven,media	sevn,midiya,praivet		539	koleshwari,colony,shantigram,vidyamandir,brahmanpada,shantingr,ulhasnagar,thane,maharashtra	plot,koleshwari,colony,shantigram,vidyamandir,brahmanpada,shantingr,ulhasnagar,thane,maharashtra	5	True
S1-856021113	S2-593843185	True	Best Projects Limited	ബെസ്റ്റ് പ്രോജക്ട്സ് ലിമിറ്റഡ്	C/O Franclin Desayose, 2706/8, Alby Cottage, Thennoorkonam, Kottapuram P.O., Thiruvananthapuram, Neyyattinkara, Thiruvananthapuram, Trivandrum, Kerala	C/O FRANCLIN DESAYOSE, THIRUVANANTHAPURAM, VIZHINJAM, Kerala	best,projects	besrrrr,projkts,limirrrrd	2706,8		franclin,desayose,alby,cottage,thennoorkonam,kottapuram,thiruvananthapuram,neyyattinkara,thiruvananthapuram,trivandrum,kerala	franclin,desayose,thiruvananthapuram,vizhinjam,kerala	6	True
S1-856021113	S3-585551714	True	Best Projects Limited	ബെസ്റ്റ് പ്രോജക്ട്സ് ലിമിറ്റഡ്	C/O Franclin Desayose, 2706/8, Alby Cottage, Thennoorkonam, Kottapuram P.O., Thiruvananthapuram, Neyyattinkara, Thiruvananthapuram, Trivandrum, Kerala	C/o Franclin Desayose, Thiruvananthapuram, Trivandrum, കേരളം	best,projects	besrrrr,projkts,limirrrrd	2706,8		franclin,desayose,alby,cottage,thennoorkonam,kottapuram,thiruvananthapuram,neyyattinkara,thiruvananthapuram,trivandrum,kerala	franclin,desayose,thiruvananthapuram,trivandrum	6	True
S1-769231331	S2-509572214	True	Innovative Care Private Limited	इनोवेटिव केयर प्राइवेट लिमिटेड	Isf Centre, Basement Ajmera Hotel, Near Tonk Phatak, Tonk Road, Jaipur, Rajasthan	ISF CENTRE, BASEMENT AJMERA HOTEL, NEAR TONK PHATAK, TONK ROAD, JAIPUR, Rajasthan	innovative,care	inovetiv,keyr,praivet			isf,centre,basement,ajmera,hotel,tonk,phatak,tonk,jaipur,rajasthan	isf,centre,basement,ajmera,hotel,tonk,phatak,tonk,jaipur,rajasthan	3	True
S1-769231331	S3-605422797	True	Innovative Care Private Limited	IC	Isf Centre, Basement Ajmera Hotel, Near Tonk Phatak, Tonk Road, Jaipur, Rajasthan	Isf Centre, Basement Ajmera Hotel, Near Tonk Phatak, Tonk Road, Jaipur, Rajasthan	innovative,care				isf,centre,basement,ajmera,hotel,tonk,phatak,tonk,jaipur,rajasthan	isf,centre,basement,ajmera,hotel,tonk,phatak,tonk,jaipur,rajasthan	3	True
S1-26238122	S2-752781480	True	Apex Software Limited	ఏపెక్స్ సాఫ్ట్‌వేర్ లిమిటెడ్	Flat No 401, Telangana, Iv Floor, J S R V Plaza M.C.H No. 7-1-397/104, Sanjeeva Reddy Na, Gar, Hyderabad	HYDERABAD, Telangana, FLAT NO 00401	apex,software	epeks,sapht,ver	401,7,1,397,104	00401	flat,telangana,plaza,sanjeeva,reddy,gar,hyderabad	hyderabad,telangana,flat	4	True
S1-789069666	S3-596595682	True	Shivam Infra Pvt Ltd	Zetafluxbelo	C/O Sivakumar Subramania2432, 16Th 'B' Main Road, Hal 2Nd Stage, Bangalore., Karnataka	C/o Sivakumar Subramania24l2, Hal 2Nd Stage, ಕರ್ನಾಟಕ	shivam,infra	zetafluxbelo			sivakumar,main,hal,stage,bangalore,karnataka	sivakumar,hal,stage	2	True
S1-38855375	S2-350709340	True	Jay Trading Private Limited	জয় ট্রেডিং প্রাইভেট লিমিটেড	Dakshin Dinajpur, West Bengal, Najrul Islam, Vill.-Nurullakuri, P.O.-Basoil, P.S.-Kushmandi, Dinajpur, C/O	DOOR NO G-67 C/O, NAJRUL ISLAM, VILL.-NURULLAKURI, P.O.-BASOIL, P.S.-KUSHMANDI, DINAJPUR, DINAJPUR DAKSHIN, West Bengal	jay,trading	tredin,praibhet		67	dakshin,dinajpur,west,bengal,najrul,islam,vill,nurullakuri,basoil,kushmandi,dinajpur	door,najrul,islam,vill,nurullakuri,basoil,kushmandi,dinajpur,dinajpur,dakshin,west,bengal	3	False
S1-38855375	S3-819432208	True	Jay Trading Private Limited	জয় ট্রেডিং প্রাইভেট লিমিটেড	Dakshin Dinajpur, West Bengal, Najrul Islam, Vill.-Nurullakuri, P.O.-Basoil, P.S.-Kushmandi, Dinajpur, C/O	C/o, Najrul Islam, Vill.-nurullakuri, P.o.-basoil, P.s.-kushmandi, Dinajpur, Dakshin Dinajpur, পশ্চিমবঙ্গ	jay,trading	tredin,praibhet			dakshin,dinajpur,west,bengal,najrul,islam,vill,nurullakuri,basoil,kushmandi,dinajpur	najrul,islam,vill,nurullakuri,basoil,kushmandi,dinajpur,dakshin,dinajpur	3	False
S1-38855375	S3-479011166	True	Jay Trading Private Limited	jaytrading.com	Dakshin Dinajpur, West Bengal, Najrul Islam, Vill.-Nurullakuri, P.O.-Basoil, P.S.-Kushmandi, Dinajpur, C/O	C/o, Najrul Islam, Vill.-nurullakuri, P.o.-basoil, P.s.-kushmandi, Dinajpur, Dakshin Dinajpur, WB	jay,trading	jaytrading,com			dakshin,dinajpur,west,bengal,najrul,islam,vill,nurullakuri,basoil,kushmandi,dinajpur	najrul,islam,vill,nurullakuri,basoil,kushmandi,dinajpur,dakshin,dinajpur	3	False
S1-633137129	S2-246455547	True	Jai Hospitality Limited	जय हॉस्पिटैलिटी लिमिटेड	Uttar Pradesh, Jaitpur Mudia, Budaun, C/O Yadram, Badaun	C/O YADRAM, JAITPUR MUDIA, BUDAUN, BADAUN, उत्तर प्रदेश	jai,hospitality	spitailiti			uttar,pradesh,jaitpur,mudia,budaun,yadram,badaun	yadram,jaitpur,mudia,budaun,badaun	4	True
S1-730528537	S2-792696280	True	Kaverora Estates Private Limited	Miraevoveo	3Rd Floor, Nana Shankar Sheth Smruti, Jagannath Shankarsheth Marg, Thakurdwar, Kalbadevi, 41A, Mumbai City, Maharashtra, Mumbai	41A, 3RD FLOOR, NANA SHANKAR SHETH SMRUTI, JAGANNATH SHANKARSHETH MARG, THAKURDWAR, KALBADEVI, MUMBAI CITY, MUMBAI, Maharashtra	kaverora,estates	miraevoveo			nana,shankar,sheth,smruti,jagannath,shankarsheth,marg,thakurdwar,kalbadevi,mumbai,city,maharashtra,mumbai	nana,shankar,sheth,smruti,jagannath,shankarsheth,marg,thakurdwar,kalbadevi,mumbai,city,mumbai,maharashtra	3	True
S1-245996797	S3-732550203	True	One Infotech	ಒನ್ ಇನ್‌ಫೋಟೆಕ್	Sai Pratham, No.48, Banjara Orchards Kanakagiri Kalkere, Near Om Shakthi Temp, Le, Bangalore, Karnataka	Sai Pratham, Bangalore, KA	one,infotech	photek	48		sai,pratham,banjara,orchards,kanakagiri,kalkere,shakthi,temp,bangalore,karnataka	sai,pratham,bangalore	2	False
S1-245996797	S3-90296956	True	One Infotech	ಒನ್ ಇನ್‌ಫೋಟೆಕ್	Sai Pratham, No.48, Banjara Orchards Kanakagiri Kalkere, Near Om Shakthi Temp, Le, Bangalore, Karnataka	Sai Pratham, Bangalore, KA	one,infotech	photek	48		sai,pratham,banjara,orchards,kanakagiri,kalkere,shakthi,temp,bangalore,karnataka	sai,pratham,bangalore	2	False
S1-828933415	S2-43349838	True	First Industries Private Limited	ಫಸ್ಟ್ ಇಂಡಸ್ಟ್ರೀಸ್ ಪ್ರೈವೇಟ್ ಲಿಮಿಟೆಡ್	C/O. Kasturi, Dn05/43, Kasturi Nivasa, Jodukatte, Miyar, Karkala, Udupi, Karnataka	SOUTH KARNATAKA REGION, Karnataka, C/O. KASTURI	first	phst,indstris,praivet	43		kasturi,kasturi,nivasa,jodukatte,miyar,karkala,udupi,karnataka	south,karnataka,region,karnataka,kasturi	6	True
S1-828933415	S2-160257780	True	First Industries Private Limited	ಫಸ್ಟ್ ಇಂಡಸ್ಟ್ರೀಸ್ ಪ್ರೈವೇಟ್ ಲಿಮಿಟೆಡ್	C/O. Kasturi, Dn05/43, Kasturi Nivasa, Jodukatte, Miyar, Karkala, Udupi, Karnataka	C/O. KASTURI, SOUTH KARNATAKA REGION, Karnataka	first	phst,indstris,praivet	43		kasturi,kasturi,nivasa,jodukatte,miyar,karkala,udupi,karnataka	kasturi,south,karnataka,region,karnataka	6	True
S1-828933415	S2-51486369	True	First Industries Private Limited	ಫಸ್ಟ್ ಇಂಡಸ್ಟ್ರೀಸ್ ಪ್ರೈವೇಟ್ ಲಿಮಿಟೆಡ್	C/O. Kasturi, Dn05/43, Kasturi Nivasa, Jodukatte, Miyar, Karkala, Udupi, Karnataka	C/O. KASTURI, SOUTH KARNATAKA REGION, Karnataka	first	phst,indstris,praivet	43		kasturi,kasturi,nivasa,jodukatte,miyar,karkala,udupi,karnataka	kasturi,south,karnataka,region,karnataka	6	True
S1-414692978	S2-206929370	True	One Jay Builders Private Limited	वन जय बिल्डर्स प्राइवेट लिमिटेड	Plot No. 128, 9-10, Dividing Road, Sector-10, Faridabad, Haryana	PLOT NO. 28, FARIDABAD, Haryana	one,jay,builders	bildrs,praivet	128,9,10,10	28	plot,dividing,sector,faridabad,haryana	plot,faridabad,haryana	4	True
S1-414692978	S3-271232745	True	One Jay Builders Private Limited	वन जय बिल्डर्स प्राइवेट लिमिटेड	Plot No. 128, 9-10, Dividing Road, Sector-10, Faridabad, Haryana	Door No 12, Faridabad, HR	one,jay,builders	bildrs,praivet	128,9,10,10	12	plot,dividing,sector,faridabad,haryana	door,faridabad	4	True
S1-414692978	S3-852474912	True	One Jay Builders Private Limited	वन जय बिल्डर्स प्राइवेट लिमिटेड	Plot No. 128, 9-10, Dividing Road, Sector-10, Faridabad, Haryana	No 12, Faridabad, HR	one,jay,builders	bildrs,praivet	128,9,10,10	12	plot,dividing,sector,faridabad,haryana	faridabad	4	True
S1-274785679	S3-731106082	True	Pioneer Finance Private Limited	पायोनियर फाइनेंस प्राइवेट लिमिटेड	204 Shyamkamal Bulding Atejpal Road Opp Ville Parle (E), Mumbai, Maharashtra	20 Shyamkamal Bulding Atejpal Road Opp Ville Parle (E), Mumbai, MH	pioner,finance	payoniyr,phainens,praivet	204	20	shyamkamal,bulding,atejpal,ville,parle,mumbai,maharashtra	shyamkamal,bulding,atejpal,ville,parle,mumbai	2	True
S1-28452587	S2-889897568	True	Jay Power Private Limited	जय पावर प्राइवेट लिमिटेड	Ground Floor, Dream Mansion Apartment B-10 Vijay Nagar, Rukunpura, Patna, Bihar	GROUND FLOOR, PATNA, RUKUNPURA, बिहार	jay,power	pavr,praivet	10		ground,dream,mansion,vijay,nagar,rukunpura,patna,bihar	ground,patna,rukunpura	3	True
S1-28452587	S2-797663819	True	Jay Power Private Limited	जय पावर प्राइवेट लिमिटेड	Ground Floor, Dream Mansion Apartment B-10 Vijay Nagar, Rukunpura, Patna, Bihar	GROUND FLOOR, RUKUNPURA, PATNA, बिहार	jay,power	pavr,praivet	10		ground,dream,mansion,vijay,nagar,rukunpura,patna,bihar	ground,rukunpura,patna	3	True
S1-70723113	S3-499958897	True	Innovative It Private Limited	ઇનોવેટિવ આઈટી પ્રાઇવેટ લિમિટેડ	Patel Chmr, Near Real Plaza, First Floor Shop No. 3, Village:Lalpar, Taluka:Morvi, Rajkot, Gujarat	Rajkot, Patel Chmr, GJ, Rajkot	innovative	inovetiv,aiti,praivet	3		patel,chmr,real,plaza,first,shop,village,lalpar,taluka,morvi,rajkot,gujarat	rajkot,patel,chmr,rajkot	6	True
S1-70723113	S3-362009859	True	Innovative It Private Limited	ઇનોવેટિવ આઈટી પ્રાઇવેટ લિમિટેડ	Patel Chmr, Near Real Plaza, First Floor Shop No. 3, Village:Lalpar, Taluka:Morvi, Rajkot, Gujarat	Patel Chmr, Rajkot, ગુજરાત	innovative	inovetiv,aiti,praivet	3		patel,chmr,real,plaza,first,shop,village,lalpar,taluka,morvi,rajkot,gujarat	patel,chmr,rajkot	6	True
S1-70723113	S3-982292659	True	Innovative It Private Limited	ઇનોવેટિવ આઈટી પ્રાઇવેટ લિમિટેડ	Patel Chmr, Near Real Plaza, First Floor Shop No. 3, Village:Lalpar, Taluka:Morvi, Rajkot, Gujarat	Patel Chmr, Rajkot, GJ	innovative	inovetiv,aiti,praivet	3		patel,chmr,real,plaza,first,shop,village,lalpar,taluka,morvi,rajkot,gujarat	patel,chmr,rajkot	6	True
S1-19099893	S2-677906703	True	Ganganth Farms Limited	PYRASYN	Gat No 205, Kasurdi Kheba, Kasurdi Saswad Link Road, Bhor, Pune, Maharashtra	महाराष्ट्र, BHOR, GAT NO 05, PUNE, KASURDI KHEBA, KASURDI SASWAD LINK ROAD	ganganth,farms	pyrasyn	205	05	gat,kasurdi,kheba,kasurdi,saswad,link,bhor,pune,maharashtra	bhor,gat,pune,kasurdi,kheba,kasurdi,saswad,link	4	True
S1-869432099	S2-916658286	True	Hari Finance Pvt Ltd	हरि फाइनेंस प्रा. लि.	C/O Lifeline Polyclinic, Flat No 03 Chandan Apart., Palghar, Thane, Maharashtra	C/O LIFELINE POLYCLINIC, PALGHAR, THANE, Maharashtra	hari,finance	hri,phainens,pra	03		lifeline,polyclinic,flat,chandan,apart,palghar,thane,maharashtra	lifeline,polyclinic,palghar,thane,maharashtra	3	True
S1-869432099	S3-551146117	True	Hari Finance Pvt Ltd	हरि फाइनेंस प्रा. लि.	C/O Lifeline Polyclinic, Flat No 03 Chandan Apart., Palghar, Thane, Maharashtra	C/o Lifeline Polyclinic, Palghar, Thane, MH	hari,finance	hri,phainens,pra	03		lifeline,polyclinic,flat,chandan,apart,palghar,thane,maharashtra	lifeline,polyclinic,palghar,thane	3	True
S1-739868128	S2-755047361	True	Ss Systems Private Limited	ಎಸ್ಎಸ್ ಸಿಸ್ಟಮ್ಸ್ ಪ್ರೈವೇಟ್ ಲಿಮಿಟೆಡ್	Amaraja Jothi School Road, Kolar, Mulbagal, Near Sathyanarayana Swamy Temple, Karnataka	Karnataka, NEAR SATHYANARAYANA SWAMY TEMPLE, KOLAR, MULBAGAL	systems	eses,sistms,praivet			amaraja,jothi,school,kolar,mulbagal,sathyanarayana,swamy,temple,karnataka	karnataka,sathyanarayana,swamy,temple,kolar,mulbagal	3	True
S1-678358571	S2-835662079	True	Apparels Ventures Pvt Ltd	Shri apparelsventures.com	Bhullanpur Pac, Lakhanpur, Varanasi, Uttar Pradesh	BHULLANPUR PAC, LAKHANPUR, VARANASI, उत्तर प्रदेश	apparels,ventures	shri,apparelsventures,com			bhullanpur,pac,lakhanpur,varanasi,uttar,pradesh	bhullanpur,pac,lakhanpur,varanasi	4	True
S1-54920192	S3-278490837	True	Modern Global Private Limited	मॉडर्न ग्लोबल प्राइवेट लिमिटेड	H No.101 Blk-Kp Pankaj, Tower Pitampura, Delhi, North West Delhi, Delhi	Blk-kp Pankaj, Delhi, North West Delhi, DL	modern,global	drn,globl,praivet	101		blk,pankaj,tower,pitampura,delhi,north,west,delhi,delhi	blk,pankaj,delhi,north,west,delhi	7	True
S1-54920192	S3-299797541	True	Modern Global Private Limited	मॉडर्न ग्लोबल प्राइवेट लिमिटेड	H No.101 Blk-Kp Pankaj, Tower Pitampura, Delhi, North West Delhi, Delhi	Blk-kp Pankaj, Delhi, North West Delhi, DL	modern,global	drn,globl,praivet	101		blk,pankaj,tower,pitampura,delhi,north,west,delhi,delhi	blk,pankaj,delhi,north,west,delhi	7	True
S1-54920192	S3-301096429	True	Modern Global Private Limited	मॉडर्न ग्लोबल प्राइवेट लिमिटेड	H No.101 Blk-Kp Pankaj, Tower Pitampura, Delhi, North West Delhi, Delhi	Blk-kp Pankaj, Delhi, North West Delhi, दिल्ली	modern,global	drn,globl,praivet	101		blk,pankaj,tower,pitampura,delhi,north,west,delhi,delhi	blk,pankaj,delhi,north,west,delhi	7	True
S1-12940739	S2-517612913	True	Bright Premier Logistics Private Limited	బ్రైట్ ప్రీమియర్ లాజిస్టిక్స్ ప్రైవేట్ లిమిటెడ్	C501, Aparna Cyberlife, Kanchi Gachibowli Road, Nallagandla, Serilingampally, K.V.Rangareddy, Telangana	C##501, APARNA CYBERLIFE, KANCHI GACHIBOWLI ROAD, NALLAGANDLA, RANGA REDDY, K.V.RANGAREDDY, Telangana	bright,premier,logistics	brait,primiyr,lajistiks,praivet		501	aparna,cyberlife,kanchi,gachibowli,nallagandla,serilingampally,rangareddy,telangana	aparna,cyberlife,kanchi,gachibowli,nallagandla,ranga,reddy,rangareddy,telangana	4	True
S1-915158897	S2-975859703	True	Life Business	लाइफ बिजनेस	Mahaveer Marg, Sadar Bazar, Nimbahera, Chittorgarh, Rajasthan	MAHAVEER MARG, CHITTORGARH, Rajasthan	life,business	laiph,bijnes			mahaveer,marg,sadar,bazar,nimbahera,chittorgarh,rajasthan	mahaveer,marg,chittorgarh,rajasthan	2	False
S1-915158897	S3-611248645	True	Life Business	लाइफ बिजनेस	Mahaveer Marg, Sadar Bazar, Nimbahera, Chittorgarh, Rajasthan	Mahaveer Marg, Nimbahera, Chittorgarh, RJ	life,business	laiph,bijnes			mahaveer,marg,sadar,bazar,nimbahera,chittorgarh,rajasthan	mahaveer,marg,nimbahera,chittorgarh	2	False
S1-383694692	S2-709415198	True	Hari Industries Limited	हरि इंडस्ट्रीज लिमिटेड	Plot No. 24, Sect No - 19E Turbe, Navi Mumbai, Thane, Maharashtra	0024, SECT NO - 19E TURBE, NAVI MUMBAI, THANE, महाराष्ट्र	hari	hri,indstrij	24	0024	plot,sect,turbe,navi,mumbai,thane,maharashtra	sect,turbe,navi,mumbai,thane	3	True
S1-383694692	S2-247611707	True	Hari Industries Limited	हरि इंडस्ट्रीज लिमिटेड	Plot No. 24, Sect No - 19E Turbe, Navi Mumbai, Thane, Maharashtra	PLOT NO. 0024, SECT NO - 19E TURBE, NAVI MUMBAI, THANE, Maharashtra	hari	hri,indstrij	24	0024	plot,sect,turbe,navi,mumbai,thane,maharashtra	plot,sect,turbe,navi,mumbai,thane,maharashtra	3	True
S1-315887518	S3-587373298	True	Dream Products Private Limited	ड्रीम प्रोडक्ट्स प्राइवेट लिमिटेड	C/O Premnarayan Jaiswal Rani Kothi K Pas Guraiya Road, Chhindwara, Madhya Pradesh	MP, Chhindwara, Plot 781 C/o Premnarayan Jaiswal Rani Kothi K Pas Guraiya Road	dream,products	drim,prodkts,praivet		781	premnarayan,jaiswal,rani,kothi,pas,guraiya,chhindwara,madhya,pradesh	chhindwara,plot,premnarayan,jaiswal,rani,kothi,pas,guraiya	3	True
S1-44721051	S2-126204081	True	Khalilabad Shine Limited	kha1ilabadshine.com	Khalilabad, Station Road, Sant Kabir Nagar, Palika Market Sant Kabir Nagar, Uttar Pradesh	STATION ROAD, PALIKA MARKET SANT KABIR NAGAR, KHALILABAD, Uttar Pradesh	khalilabad,shine	kha1ilabadshine,com			khalilabad,station,sant,kabir,nagar,palika,market,sant,kabir,nagar,uttar,pradesh	station,palika,market,sant,kabir,nagar,khalilabad,uttar,pradesh	4	True
S1-318364307	S3-489944940	True	RFR Services Corporation	rfrservices.com	Fl-B, 1A Hari Bhabha Street, (Kidderpore) Lp- U.G, Kolkata, Kolkata, 1St-Fr, West Bengal, Howrah	#1St-Fr, Fl-b, 1A Hari Bhabha Street, (Kidderpore) Lp- U.g, Kolkata, Kolkata, Howrah, WB	rfr	rfrservices,com			hari,bhabha,kidderpore,kolkata,kolkata,west,bengal,howrah	hari,bhabha,kidderpore,kolkata,kolkata,howrah	3	True
S1-287407170	S2-116289412	True	Sudharma Cycle Limited	Zétasol	C/O Ramsangji Kanji, 13 Meghmangal Nagar Nr. Baba Wadi, Mandvi, Kachchh, Gujarat	C/O RAMSANGJI KANJI, MANDVI, KACHCHH, Gujarat	sudharma,cycle	zetasol	13		ramsangji,kanji,meghmangal,nagar,baba,wadi,mandvi,kachchh,gujarat	ramsangji,kanji,mandvi,kachchh,gujarat	5	True
S1-782774912	S2-114336055	True	Apex Lakshmi Technologies Private Limited	അപെക്സ് ലക്ഷ്മി ടെക്നോളജീസ് പ്രൈവറ്റ് ലിമിറ്റഡ്	Vyapara Bhavanmarket Road Changanacherry, Kottayam, Kerala	VYAPARA BHAVANMARKET ROAD CHANGANACHERRY, KOTTAYAM, Kerala	apex,lakshmi	apeks,lkshmi,teknolljis,praivrrrr,limirrrrd			vyapara,bhavanmarket,changanacherry,kottayam,kerala	vyapara,bhavanmarket,changanacherry,kottayam,kerala	3	True
S1-782774912	S3-888687407	True	Apex Lakshmi Technologies Private Limited	അപെക്സ് ലക്ഷ്മി ടെക്നോളജീസ് പ്രൈവറ്റ് ലിമിറ്റഡ്	Vyapara Bhavanmarket Road Changanacherry, Kottayam, Kerala	Vyapara Bhavanmarket Road Changanacherry, Kottayam, KL	apex,lakshmi	apeks,lkshmi,teknolljis,praivrrrr,limirrrrd			vyapara,bhavanmarket,changanacherry,kottayam,kerala	vyapara,bhavanmarket,changanacherry,kottayam	3	True
S1-181770021	S3-961731485	True	Chandraksh Services Private Limited	CS	C/O Prashant Kumar, Village Bakhtiarpur, Simri Bakhtiarpur, Saharsa, Bihar	C/O Prashant Kumar, Village Bakhtiarpur, Simri Bakhtiarpur, Saharsa, Bihar	chandraksh				prashant,kumar,village,bakhtiarpur,simri,bakhtiarpur,saharsa,bihar	prashant,kumar,village,bakhtiarpur,simri,bakhtiarpur,saharsa,bihar	5	True
S1-511073849	S2-166329257	True	North Logistics Private Limited	नॉर्थ लॉजिस्टिक्स प्राइवेट लिमिटेड	Pune, Near Gauri Aali Chowk, Nr Bhimale Sabagru, Ha, Maharashtra, Pune, Cts No. 432 Guruwar Peth	CTS NO. 32 GURUWAR PETH, NEAR GAURI AALI CHOWK, NR BHIMALE SABAGRU, HA, PUNE, महाराष्ट्र	north,logistics	rth,jistiks,praivet	432	32	pune,gauri,aali,chowk,bhimale,sabagru,maharashtra,pune,cts,guruwar,peth	cts,guruwar,peth,gauri,aali,chowk,bhimale,sabagru,pune	2	True
S1-62444142	S3-449199305	True	All Care Pvt Ltd	ऑल केयर प्रा. लि.	C/O Ashok Walunje, H No. 32, Gat No. 27/P, Mhada, Aurangabad, Maharashtra	C/o Ashok Walunje, Aurangabad, MH	all,care	keyr,pra	32,27		ashok,walunje,gat,mhada,aurangabad,maharashtra	ashok,walunje,aurangabad	3	True
S1-209262995	S2-175454520	True	VM Impex Private Limited	Halorizanyla	Unit 4B, Mumbai, 4Th Floor, Lodha Excelus, Apollo Mills Compound, N.M Joshi Marg, Mahalaxmi, Maharashtra, Mumbai	UNIT 4B, MUMBAI, महाराष्ट्र	impex	halorizanyla			mumbai,lodha,excelus,apollo,mills,compound,joshi,marg,mahalaxmi,maharashtra,mumbai	mumbai	4	True
S1-70555295	S3-465892092	True	White Industries Private Limited	ವೈಟ್ ಇಂಡಸ್ಟ್ರೀಸ್ ಪ್ರೈವೇಟ್ ಲಿಮಿಟೆಡ್	Plot 153B, Bommasandra Industrial Area, Phase Ii Anekal Taluk, Bangalore, Bangalore Rural, Karnataka	H.no 203 Plot 153B, Bommasandra Industrial Area, Phase Ii Anekal Taluk, Bangalore, Bangalore Rural, ಕರ್ನಾಟಕ	white	vait,indstris,praivet		203	plot,bommasandra,industrial,area,phase,anekal,taluk,bangalore,bangalore,rural,karnataka	plot,bommasandra,industrial,area,phase,anekal,taluk,bangalore,bangalore,rural	2	True
S1-180541154	S2-17699198	True	Kapil Nursing Home Clinic	KNHOME.COM	Rajasthan, Ajmer, Shri Ganesh Industrial Area, Ajmer, Gegal	SHRI GANESH INDUSTRIAL AREA, AJMER, राजस्थान	kapil,nursing,home,clinic	knhome,com			rajasthan,ajmer,shri,ganesh,industrial,area,ajmer,gegal	shri,ganesh,industrial,area,ajmer	3	True
S1-189641412	S3-649161476	True	Madhav Holdings	Malvh Holdings	21A, Navithan Thottam Velliankadu, Thennampalayam Extn, Tirupur, Coimbatore, Tamil Nadu	021A, Tirupur, TN	madhav	malvh			navithan,thottam,velliankadu,thennampalayam,extn,tirupur,coimbatore,tamil,nadu	tirupur	3	True
S1-980103851	S2-413668347	True	South Infra Private Limited	സൗത്ത് ഇൻഫ്ര പ്രൈവറ്റ് ലിമിറ്റഡ്	Alumkadavu P.O., Maruthurkulangara, Firdouse, Kerala, Kollam, Karunagappally	FIRDOUSE, ALUMKADAVU P.O., MARUTHURKULANGARA, KARUNAGAPPALLY, KOLLAM, കേരളം	south,infra	phr,praivrrrr,limirrrrd			alumkadavu,maruthurkulangara,firdouse,kerala,kollam,karunagappally	firdouse,alumkadavu,maruthurkulangara,karunagappally,kollam	6	True
S1-980103851	S2-738602755	True	South Infra Private Limited	സൗത്ത് ഇൻഫ്ര പ്രൈവറ്റ് ലിമിറ്റഡ്	Alumkadavu P.O., Maruthurkulangara, Firdouse, Kerala, Kollam, Karunagappally	FIDOUSE, ALUMKADAVU P.O., MARUTHURKULANGARA, KARUNAGAPPALLY, KOLLAM, Kerala	south,infra	phr,praivrrrr,limirrrrd			alumkadavu,maruthurkulangara,firdouse,kerala,kollam,karunagappally	fidouse,alumkadavu,maruthurkulangara,karunagappally,kollam,kerala	6	True
S1-980103851	S3-588751258	True	South Infra Private Limited	സൗത്ത് ഇൻഫ്ര പ്രൈവറ്റ് ലിമിറ്റഡ്	Alumkadavu P.O., Maruthurkulangara, Firdouse, Kerala, Kollam, Karunagappally	Firdouse, Alumkadavu P.o., Maruthurkulangara, Divreportingcircle, Karunagappally, KL	south,infra	phr,praivrrrr,limirrrrd			alumkadavu,maruthurkulangara,firdouse,kerala,kollam,karunagappally	firdouse,alumkadavu,maruthurkulangara,divreportingcircle,karunagappally	6	True
S1-162433474	S2-523017497	False	Green It Private Limited	GREEN IT PRIVTAE LIMITED	Office No 220 2Nd Floor, Global Business Park, Zirakpur, Mohali, Punjab		gren	green,privtae	220		office,global,business,park,zirakpur,mohali,punjab		5	True
S1-703937171	S3-447101697	True	New Delhi Services Pvt. Ltd.	newdelhiservicescom	Fc-51, Shivaji Enclave, Rajouri Garden, New Delhi, North East, Delhi	New Delhi, Fc-0051, North East, Shivaji Enclave, Rajouri Garden, DL	new,delhi	newdelhiservicescom	51	0051	shivaji,enclave,rajouri,garden,new,delhi,north,east,delhi	new,delhi,north,east,shivaji,enclave,rajouri,garden	4	True
S1-983505850	S2-722349696	True	Mm Home Pvt. Ltd.	MM PVT. LTD. CENTER	Adarsh Nagar Nr Balaji P. School, Haryana, Faridabad	ADARSH NAGAR NR BALAJI P. SCHOOL, FARIDABAD, Haryana	home	pvt,center			adarsh,nagar,balaji,school,haryana,faridabad	adarsh,nagar,balaji,school,faridabad,haryana	4	True
S1-983505850	S3-20984582	True	Mm Home Pvt. Ltd.	Veraquogild	Adarsh Nagar Nr Balaji P. School, Haryana, Faridabad	Adarsh Nagar Nr Balaji P. School, Faridabad, Palwal, HR	home	veraquogild			adarsh,nagar,balaji,school,haryana,faridabad	adarsh,nagar,balaji,school,faridabad,palwal	4	True
S1-915080416	S2-317612204	True	Sunrise Trading Private Limited	सनराइज ट्रेडिंग प्राइवेट लिमिटेड	21St Floor Astralia Supernova, Sector 94, Noida, Ghaziabad, Uttar Pradesh	21ST/9 FLOOR ASTRALIA SUPERNOLA, GAUTAM BUDDH NAGAR, GHAZIABAD, Uttar Pradesh	sunrise,trading	snraij,treding,praivet	94	9	astralia,supernova,sector,noida,ghaziabad,uttar,pradesh	astralia,supernola,gautam,buddh,nagar,ghaziabad,uttar,pradesh	4	True
S1-915080416	S2-216062230	True	Sunrise Trading Private Limited	सनराइज ट्रेडिंग प्राइवेट लिमिटेड	21St Floor Astralia Supernova, Sector 94, Noida, Ghaziabad, Uttar Pradesh	21ST/9 FLOOR ASTRALIA SUPERNOVA, GAUTAM BUDDH NAGAR, GHAZIABAD, उत्तर प्रदेश	sunrise,trading	snraij,treding,praivet	94	9	astralia,supernova,sector,noida,ghaziabad,uttar,pradesh	astralia,supernova,gautam,buddh,nagar,ghaziabad	4	True
S1-830610123	S2-357917405	True	Tech Logistics Private Limited	ടെക് ലോജിസ്റ്റിക്സ് പ്രൈവറ്റ് ലിമിറ്റഡ്	Ix 174A, Screl Avenue Kakanchery, Near Kinfra Techno Park, Kakanchery, Malappuram, Malapuram, Kerala	IX 174A, SCREL AVENUE KAKANCHERY, NEAR KINFRA TECHNO PARK, KAKANCHERY, MALAPPURAM, MALAPURAM, Kerala	tech,logistics	tek,lojisrrrriks,praivrrrr,limirrrrd			screl,kakanchery,kinfra,techno,park,kakanchery,malappuram,malapuram,kerala	screl,kakanchery,kinfra,techno,park,kakanchery,malappuram,malapuram,kerala	3	True
S1-830610123	S3-700707742	True	Tech Logistics Private Limited	ടെക് ലോജിസ്റ്റിക്സ് പ്രൈവറ്റ് ലിമിറ്റഡ്	Ix 174A, Screl Avenue Kakanchery, Near Kinfra Techno Park, Kakanchery, Malappuram, Malapuram, Kerala	Ix 0174A, Screl Avenue Kakanchery, Near Kinfra Techno Park, Kakanchery, Malapuram, Malappuram, KL	tech,logistics	tek,lojisrrrriks,praivrrrr,limirrrrd			screl,kakanchery,kinfra,techno,park,kakanchery,malappuram,malapuram,kerala	screl,kakanchery,kinfra,techno,park,kakanchery,malapuram,malappuram	3	True
S1-433962250	S2-309942998	True	Dream Tech Private Limited	ड्रीम टेक प्राइवेट लिमिटेड	D-19, Ground Floor Main Road, Kanti Nagar, Delhi, East Delhi, Delhi	D-17, GROUND FLOOR MAIN ROAD, KANTI NAGAR, EAST DELHI, DELHI	dream,tech	drim,tek,praivet	19	17	ground,main,kanti,nagar,delhi,east,delhi,delhi	ground,main,kanti,nagar,east,delhi,delhi	3	False
S1-433962250	S2-242420278	True	Dream Tech Private Limited	Novibrix	D-19, Ground Floor Main Road, Kanti Nagar, Delhi, East Delhi, Delhi	D-17, EAST DELHI, DELHI	dream,tech	novibrix	19	17	ground,main,kanti,nagar,delhi,east,delhi,delhi	east,delhi,delhi	3	False
S1-433962250	S2-170026373	True	Dream Tech Private Limited	ड्रीम टेक प्राइवेट लिमिटेड	D-19, Ground Floor Main Road, Kanti Nagar, Delhi, East Delhi, Delhi	GROUND FLOOR MAIN ROAD, KANTI NAGAR, EAST DELHI, D-17, Delhi	dream,tech	drim,tek,praivet	19	17	ground,main,kanti,nagar,delhi,east,delhi,delhi	ground,main,kanti,nagar,east,delhi,delhi	3	False
S1-916865561	S2-429482293	True	Innovative Global Private Limited	इनोवेटिव ग्लोबल प्राइवेट लिमिटेड	F-84B, 3Rd Floor, Street No. 4, Mangal Bajar Laxmi Nagar, Delhi, East Delhi, Delhi	F-84B, N/A, DELHI	innovative,global	inovetiv,globl,praivet	4		mangal,bajar,laxmi,nagar,delhi,east,delhi,delhi	delhi	5	True
S1-919399202	S2-101160439	True	Malad East Granite Private Limited	@maladeast	Office No. 101, Maharashtra, Malad East, Mumbai, Vaishno Heights, C Wing, First Floor	OFFICE NO. 10, VAISHNO HEIGHTS, C WING, FIRST FLOOR, MALAD EAST, Maharashtra	malad,east,granite	maladeast	101	10	office,maharashtra,malad,east,mumbai,vaishno,heights,wing,first	office,vaishno,heights,wing,first,malad,east,maharashtra	3	True
S1-69333104	S2-756485987	True	Tech Business	ടെക് ബിസിനസ്	Kottayi House, Perumanna (Po), Kozhikode, Kerala	KOTTAYI HOUSE, PERUMANNA (PO), KOZHIKODE, Kerala	tech,business	tek,bisins			kottayi,house,perumanna,kozhikode,kerala	kottayi,house,perumanna,kozhikode,kerala	4	True
S1-69333104	S3-882516070	True	Tech Business	ടെക് ബിസിനസ്	Kottayi House, Perumanna (Po), Kozhikode, Kerala	Kottayi House, Kozhikode, KL	tech,business	tek,bisins			kottayi,house,perumanna,kozhikode,kerala	kottayi,house,kozhikode	4	True
S1-319806222	S2-711972245	True	International Consulting Private Limited	इंटरनेशनल कंसल्टिंग प्राइवेट लिमिटेड	Shirin Manzil B Block4 Dinbai Petit Street, Mumbai, Maharashtra	SHIRIN MANZIL B BLOCK4 DINBAI PETIT STREET, MUMBAI, महाराष्ट्र	international,consulting	intrneshnl,knslting,praivet			shirin,manzil,dinbai,petit,mumbai,maharashtra	shirin,manzil,dinbai,petit,mumbai	4	True
S1-319806222	S2-468709697	True	International Consulting Private Limited	इंटरनेशनल कंसल्टिंग प्राइवेट लिमिटेड	Shirin Manzil B Block4 Dinbai Petit Street, Mumbai, Maharashtra	SHIRIN MANZIL B BLOCK4 DINBAI PETIT STREET, MUMBAI, महाराष्ट्र	international,consulting	intrneshnl,knslting,praivet			shirin,manzil,dinbai,petit,mumbai,maharashtra	shirin,manzil,dinbai,petit,mumbai	4	True
S1-89607014	S3-996766535	True	Phi Holdings	Brixecto	Sudipta Sarkar C/O-Lt. Sushil Sarkar Water Works, Complex 2Nd Floor, Kolkata, Kolkata, Howrah, West Bengal	Sudipta Sarkar C/O-Lt. Sushil Sarkar Water Works, Complex 2Nd Floor, Kolkata, Kolkata, Howrah, West Bengal	phi	brixecto			sudipta,sarkar,sushil,sarkar,water,works,complex,kolkata,kolkata,howrah,west,bengal	sudipta,sarkar,sushil,sarkar,water,works,complex,kolkata,kolkata,howrah,west,bengal	4	True
S1-158270214	S3-127881067	True	Antarctica Drums Private Limited	Xyloxylo+	Office No. 4I, 4Th Floor, Vijay Chambers, Tribhuwan Marg, Dreamland Cinema, Grant, Road, Mumbai, Mumbai City, Maharashtra	Office No. 4I, 4Th Floor, Vijay Chambers, Tribhuwan Marg, Dreamland Cinema, Grant, Road, Mumbai, Mumbai City, Maharashtra	antarctica,drums	xyloxylo			office,vijay,chambers,tribhuwan,marg,dreamland,cinema,grant,mumbai,mumbai,city,maharashtra	office,vijay,chambers,tribhuwan,marg,dreamland,cinema,grant,mumbai,mumbai,city,maharashtra	5	True
S1-977057041	S2-147898454	True	We Sangh	M/s Xylopyra	C/O Amandeep Singh, Delhi Road, Ramgarh, Alwar, Rajasthan	BLOCK F-371 C/O AMANDEEP SINGH, ALWAR, राजस्थान, NULL	sangh	xylopyra		371	amandeep,singh,delhi,ramgarh,alwar,rajasthan	block,amandeep,singh,alwar	2	True
S1-389818777	S2-458540027	True	Swastik Investments Limited	സ്വസ്തിക് ഇൻവെസ്റ്റ്മെന്റ്സ് ലിമിറ്റഡ്	Kerala, 560A/1St Floor Koippurathu Building Prayikkara Mavelikara Kerala, Alappuzha, Mavelikara	#00560A/1ST FLOOR KOIPPURATHU BUILDING PRAYIKKARA MAVELIKARA KERALA, MAVELIKARA, ALAPPUZHA, Kerala	swastik,investments	svstik,vesrrrrmenrrs,limirrrrd			kerala,koippurathu,building,prayikkara,mavelikara,kerala,alappuzha,mavelikara	koippurathu,building,prayikkara,mavelikara,kerala,mavelikara,alappuzha,kerala	4	True
S1-444456369	S2-546584876	True	Growth & Co Limited	Gnioaih + Co Limited	Dravid Farm Khasra No- 6499, Jaipur-Delhi Highway, Jaipur, Rajasthan	DRAVID FARM KHASRA NO- 649, JAIPUR-DELHI HIGHWAY, JAIPUR, DAUSA, Rajasthan	growth	gnioaih	6499	649	dravid,farm,khasra,jaipur,delhi,jaipur,rajasthan	dravid,farm,khasra,jaipur,delhi,jaipur,dausa,rajasthan	4	True
S1-301069017	S2-691579200	True	Amrit & Co	Afrgrmft & Co	Satna, In C/O Kaidilal Vishwakar, Raghurajnagar, Madhya Pradesh, Ma, Ward No. 37	IN C/O KAIDILAL VISHWAKAR, RAGHURAJNAGAR, SATNA, Madhya Pradesh	amrit	afrgrmft	37		satna,kaidilal,vishwakar,raghurajnagar,madhya,pradesh,ward	kaidilal,vishwakar,raghurajnagar,satna,madhya,pradesh	3	True
S1-461541923	S2-671416940	True	Good Producer	गुड प्रोड्यूसर	Rajasthan, Alwar, Upla Sonawa Near Scheme No.8, C/O Shambhu Singh Naruka, Alwar	C/O SHAMBHU SINGH NARUKA, ALWAR, राजस्थान	god,producer	gud,prodyusr	8		rajasthan,alwar,upla,sonawa,scheme,shambhu,singh,naruka,alwar	shambhu,singh,naruka,alwar	4	True
S1-831210601	S2-188843049	True	North Healthcare Private Limited	नॉर्थ हेल्थकेयर प्राइवेट लिमिटेड	Vill Koila Belwa, Tola, Koila Belwa Kalyanpur, Chakia, East Champaran, Bihar	VILL KOILA BELWA, CHAKIA, EAST CHAMPARAN, Bihar	north,healthcare	rth,helthkeyr,praivet			vill,koila,belwa,tola,koila,belwa,kalyanpur,chakia,east,champaran,bihar	vill,koila,belwa,chakia,east,champaran,bihar	7	True
S1-831210601	S2-783203286	True	North Healthcare Private Limited	नॉर्थ हेल्थकेयर प्राइवेट लिमिटेड	Vill Koila Belwa, Tola, Koila Belwa Kalyanpur, Chakia, East Champaran, Bihar	VILL KOILA BELWA, TOLA, KOILA BELWA KALYANPUR, EAST CHAMPARAN, CHAKIA, Bihar	north,healthcare	rth,helthkeyr,praivet			vill,koila,belwa,tola,koila,belwa,kalyanpur,chakia,east,champaran,bihar	vill,koila,belwa,tola,koila,belwa,kalyanpur,east,champaran,chakia,bihar	7	True
S1-831210601	S2-557332102	True	North Healthcare Private Limited	नॉर्थ हेल्थकेयर प्राइवेट लिमिटेड	Vill Koila Belwa, Tola, Koila Belwa Kalyanpur, Chakia, East Champaran, Bihar	VILL KOILA BELWA, TOLA, KOILA BELWA KALYANPUR, EAST CHAMPARAN, CHAKIA, Bihar	north,healthcare	rth,helthkeyr,praivet			vill,koila,belwa,tola,koila,belwa,kalyanpur,chakia,east,champaran,bihar	vill,koila,belwa,tola,koila,belwa,kalyanpur,east,champaran,chakia,bihar	7	True
S1-831210601	S3-459057880	True	North Healthcare Private Limited	नॉर्थ हेल्थकेयर Private Limited	Vill Koila Belwa, Tola, Koila Belwa Kalyanpur, Chakia, East Champaran, Bihar	Vill Koila Belwa, East Champaran, Chakia, BR	north,healthcare	rth,helthkeyr			vill,koila,belwa,tola,koila,belwa,kalyanpur,chakia,east,champaran,bihar	vill,koila,belwa,east,champaran,chakia	7	True
S1-831210601	S3-542670353	True	North Healthcare Private Limited	नॉर्थ हेल्थकेयर प्राइवेट लिमिटेड	Vill Koila Belwa, Tola, Koila Belwa Kalyanpur, Chakia, East Champaran, Bihar	Vill Koila Belwa, East Champaran, Chakia, BR	north,healthcare	rth,helthkeyr,praivet			vill,koila,belwa,tola,koila,belwa,kalyanpur,chakia,east,champaran,bihar	vill,koila,belwa,east,champaran,chakia	7	True
S1-959031597	S2-718880992	True	Classic Consulting Limited	क्लासिक कंसल्टिंग लिमिटेड	C/O-Bandu Raibhan Markad, Tq Georai, Gevrai, Beed, Maharashtra	DOOR NO 203 C/O-BANDU RAIBHAN MARKAD, TQ GEORAI, BEED, GEVRAI, Maharashtra	classic,consulting	klasik,knslting		203	bandu,raibhan,markad,georai,gevrai,beed,maharashtra	door,bandu,raibhan,markad,georai,beed,gevrai,maharashtra	4	True
S1-959031597	S3-607908825	True	Classic Consulting Limited	क्लासिक कंसल्टिंग लिमिटेड	C/O-Bandu Raibhan Markad, Tq Georai, Gevrai, Beed, Maharashtra	C/o-bandu Raibhan Markad, Beed, Gevrai, MH	classic,consulting	klasik,knslting			bandu,raibhan,markad,georai,gevrai,beed,maharashtra	bandu,raibhan,markad,beed,gevrai	4	True
S1-283654510	S3-803122329	True	High Healthcare Pvt Ltd	ಹೈ ಹೆಲ್ತ್‌ಕೇರ್ ಪ್ರೈವೇಟ್ ಲಿಮಿಟೆಡ್	Flat No. 705, S V Spring Woods, Kanakapura Main Road, Thalaghattapura, Bangalore South, Bangalore, Karnataka	No 05, Bangalore, Bangalore South, ಕರ್ನಾಟಕ	high,healthcare	hai,helt,ker,praivet	705	05	flat,spring,woods,kanakapura,main,thalaghattapura,bangalore,south,bangalore,karnataka	bangalore,bangalore,south	5	True
S1-283654510	S3-559739036	True	High Healthcare Pvt Ltd	ಹೈ ಹೆಲ್ತ್‌ಕೇರ್ ಪ್ರೈವೇಟ್ ಲಿಮಿಟೆಡ್	Flat No. 705, S V Spring Woods, Kanakapura Main Road, Thalaghattapura, Bangalore South, Bangalore, Karnataka	Flat No. 05, KA, Bangalore, Bangalore South	high,healthcare	hai,helt,ker,praivet	705	05	flat,spring,woods,kanakapura,main,thalaghattapura,bangalore,south,bangalore,karnataka	flat,bangalore,bangalore,south	5	True
S1-84958895	S2-269239647	True	Real It Pvt Ltd	ರಿಯಲ್ ಐಟಿ ಪ್ರೈವೇಟ್ ಲಿಮಿಟೆಡ್	C/O S B Avaradi, Kodi, Wad Rd Atpo Sattigeri, Saundatti, Belgaum, Karnataka	PLOT 352 C/O S B AVARADI, KODI, WAD RD ATPO SATTIGERI, SAUNDATTI, BELGAUM, Karnataka	real	riyl,aiti,praivet		352	avaradi,kodi,wad,atpo,sattigeri,saundatti,belgaum,karnataka	plot,avaradi,kodi,wad,atpo,sattigeri,saundatti,belgaum,karnataka	4	True
S1-436807107	S2-140104981	True	Bright Technologies Private Limited	ब्राइट टेक्नोलॉजीज प्राइवेट लिमिटेड	Anil Clinic Hospital Road, Udaipur, Rajasthan	ANIL CLINIC HOSPITAL ROAD, UDAIPUR, Rajasthan	bright	brait,teknol,jij,praivet			anil,clinic,hospital,udaipur,rajasthan	anil,clinic,hospital,udaipur,rajasthan	6	True
